# SARPBC zippy - Y up, meters
mtllib zippy.mtl
v -0.3791504 0.3525748 -0.336828
v -0.3798194 0.3439339 -0.3502432
v -0.3883618 0.3282653 -0.3536101
v 0.159043 0.4647739 -0.2823962
v 0.2185275 0.3851608 -0.3055702
v 0.2171731 0.3776127 -0.300307
v 0.1577498 0.4570178 -0.27689
v 0.09291735 0.5223376 -0.2653364
v 0.09118006 0.5149939 -0.2597698
v 0.02766573 0.5524808 -0.2477555
v 0.02591827 0.5449504 -0.2418133
v 0.08365043 0.5150341 -0.2307941
v 0.1488058 0.4596054 -0.2463243
v 0.2098984 0.3794728 -0.2693158
v 0.2409515 0.3128653 -0.2725264
v 0.2424492 0.3145548 -0.2789571
v 0.2438975 0.3170372 -0.3106304
v 0.02960117 0.5416676 -0.2217992
v 0.02987255 0.549545 -0.2166468
v 0.03124476 0.5479212 -0.2005528
v 0.06329347 0.5560502 -0.09599569
v 0.06503512 0.5634733 -0.09599324
v 0.06854664 0.5679177 -8.040034E-09
v 0.07591788 0.5684927 -8.041752E-09
v 0.06786701 0.558602 -8.030467E-09
v 0.06680553 0.5605047 -8.032242E-09
v 0.0670669 0.5480718 -0.08290029
v 0.06955256 0.5555807 -8.027661E-09
v 0.06686052 0.5483278 -0.08969789
v 0.0994833 0.5519691 -0.09814726
v 0.1021879 0.5557101 -8.032814E-09
v 0.1004529 0.5484039 -8.025133E-09
v 0.09339824 0.5572289 -0.09757336
v 0.09620467 0.5609707 -8.037241E-09
v 0.07249171 0.5639743 -0.09566431
v 0.03161922 0.5570598 -0.2169536
v 0.04459676 0.5567999 -0.2317495
v 0.03763917 0.5611631 -0.218713
v 0.02935328 0.5572769 -0.2422607
v 0.09291735 0.5223376 -0.2653364
v 0.09796473 0.525721 -0.2597991
v 0.159043 0.4647739 -0.2823962
v 0.1640086 0.4689416 -0.2780271
v 0.2185275 0.3851608 -0.3055702
v 0.1151749 0.5229661 -0.2432874
v 0.1840457 0.4634947 -0.2666121
v 0.2433552 0.3858844 -0.2909558
v 0.2241899 0.3891243 -0.301539
v 0.2704354 0.3135079 -0.2988276
v 0.2552572 0.3148381 -0.3104902
v 0.2481743 0.3835055 -0.286777
v 0.2708476 0.3153174 -0.2915584
v 0.1887714 0.4604407 -0.2618293
v 0.1188515 0.5204194 -0.2372415
v 0.05277335 0.5519672 -0.2256483
v 0.2468363 0.3764715 -0.2828098
v 0.1879029 0.4522164 -0.2614811
v 0.1171181 0.5131471 -0.2369944
v 0.05103038 0.5445213 -0.2251798
v 0.09774775 0.5446554 -0.09814712
v -0.7477268 0.2424838 -0.2026151
v -0.7745169 0.204383 -0.2102575
v -0.7745173 0.204383 -7.540995E-09
v -0.7524808 0.2405524 -7.58112E-09
v -0.7955944 0.1581858 -0.2156716
v -0.7955946 0.1581858 -7.490856E-09
v -0.7955943 0.1581858 0.26142
v -0.7955943 0.1581858 0.2156715
v -0.7987459 0.07639328 -0.01452463
v -0.7951255 0.01240874 -0.03458953
v -0.7942566 -0.005964725 8.529465E-08
v -0.7942564 -0.005964715 -0.2362192
v -0.7951252 0.01240875 -0.2151634
v -0.7984487 0.08269611 -0.2589691
v -0.7985746 0.08607824 -0.2450113
v -0.7955943 0.1581858 -0.26142
v -0.7962935 0.1397062 -0.2204465
v -0.7962936 0.1397063 -0.03008108
v -0.7984492 0.08269618 -7.413782E-09
v -0.4588476 -0.04148918 0.1681995
v -0.4585036 -0.01388602 0.3880994
v -0.4297529 -0.009840293 0.3881012
v -0.430097 -0.03744345 0.1682011
v -0.4199655 -0.1250732 0.17847
v -0.4196213 -0.1178589 0.3983701
v -0.4539398 -0.1165423 0.3983681
v -0.4542838 -0.1237566 0.178468
v -0.4124324 0.01020319 0.6095216
v -0.4297642 -0.009839563 0.5575243
v -0.4644059 0.06072393 0.5708882
v -0.4427543 0.07419322 0.6234829
v -0.5361195 0.1550426 0.5780855
v -0.5128977 0.1662922 0.6312587
v -0.6393784 0.2073829 0.5664179
v -0.6138216 0.217034 0.6200853
v -0.7994305 0.2161656 0.5427238
v -0.7709466 0.2251747 0.5967008
v -0.9372211 0.1691297 0.5260562
v -0.8990607 0.1805962 0.5804931
v -0.6393638 0.2073791 0.3192134
v -0.7994173 0.2161619 0.3052919
v -0.9372097 0.1691267 0.309162
v -0.4020828 -0.09079321 0.5992757
v -0.4196315 -0.1178582 0.5472555
v -0.4196213 -0.1178589 0.3983701
v -0.4297529 -0.009840293 0.3881012
v -0.4643923 0.0607203 0.3644924
v -0.5361044 0.1550386 0.3363051
v 0.4418011 0.3156649 -0.1849317
v 0.4796661 0.3163282 -7.847859E-09
v 0.4814306 0.3255231 -7.857489E-09
v 0.2690818 0.3065598 -0.2876859
v 0.4435657 0.3248598 -0.1849317
v 0.4885734 0.3257914 -7.858824E-09
v 0.5117807 0.3002598 -7.836509E-09
v 0.4738763 0.2992852 -0.180444
v 0.4756409 0.3084802 -0.180444
v 0.5135452 0.3094547 -7.846118E-09
v 0.4701877 0.3157424 -0.1794946
v 0.5078115 0.3165458 -7.852426E-09
v 0.4498737 0.3243561 -0.1871986
v 0.4696187 0.3045957 -0.1977823
v 0.4649234 0.3126759 -0.1955274
v 0.2768328 0.2994639 -0.3129613
v 0.2794474 0.2908099 -0.3166134
v 0.1233376 0.299988 -0.383266
v 0.1239133 0.2905061 -0.3870737
v 0.02124359 0.3034094 -0.3918658
v 0.02127993 0.2937783 -0.3955301
v -0.09500099 0.3068746 -0.4004656
v -0.09354609 0.3220186 -0.3871689
v -0.09550405 0.2970943 -0.4039865
v -0.2702934 0.3195563 -0.4076113
v -0.2586063 0.3360743 -0.3930173
v -0.2580996 0.3387818 -0.3861121
v -0.3610012 0.355314 -0.3442155
v -0.09441257 0.3244419 -0.3800019
v -0.2592109 0.3392172 -0.3587721
v -0.361152 0.3556419 -0.3190994
v -0.3690277 0.3537752 -0.3451042
v -0.3798194 0.3439339 -0.3502432
v -0.2720804 0.3094644 -0.4108635
v -0.09726857 0.2878994 -0.4039865
v -0.2736459 0.3002602 -0.4108635
v -0.3883618 0.3282653 -0.3536101
v -0.3791504 0.3525748 -0.336828
v -0.372695 0.355689 -0.3360008
v -0.3726248 0.3516343 -0.3163048
v -0.3774349 0.3481123 -0.3162018
v -0.3845994 0.3450074 -0.3160987
v -0.3876716 0.3444065 -0.3417403
v -0.3904447 0.3190627 -0.3547041
v -0.3946655 0.3404367 -0.3434939
v -0.3883539 0.3399 -0.3156193
v -0.3915006 0.3303879 -0.3133744
v -0.3946656 0.3404366 -0.302945
v 0.5995432 0.231871 -0.3143834
v 0.5351124 0.2643867 -0.2628674
v 0.6476623 0.2819253 -0.1623086
v 0.5951949 0.289539 -0.06831036
v 0.7252715 0.2517645 -0.07233306
v 0.7733162 0.1805991 -0.2182941
v 0.6082151 0.2038238 -0.3252409
v 0.8241436 0.09773641 -0.2620721
v 0.599368 0.2897123 -7.783798E-08
v 0.7275541 0.2516472 -9.27546E-08
v 0.5650974 0.2973035 -0.1296732
v 0.5351124 0.2643867 -0.2628674
v 0.4738763 0.2992852 -0.180444
v 0.4678543 0.2954009 -0.1977823
v 0.5117807 0.3002598 -7.836509E-09
v 0.9382724 0.02289836 -7.620568E-09
v 0.9478949 -0.05273537 -7.545222E-09
v 0.9490837 -0.05279135 -0.1272814
v 0.9400802 0.02281328 -0.1390005
v 0.8560169 -0.05917101 -0.2413563
v 0.8458084 0.01649035 -0.2510868
v 0.9189743 0.1040329 -0.1267078
v 0.8589594 0.166365 -0.08706568
v 0.9179 0.1040834 -7.699822E-09
v 0.8587663 0.166374 -7.753988E-09
v 0.8560169 -0.05917101 -0.2413563
v 0.8148484 -0.1242522 -0.2215104
v 0.5814195 0.0002581429 -0.2551993
v -0.8940815 0.1739086 0.5908886
v -0.9240932 0.1514862 0.5529314
v -0.8016106 0.1927986 0.569598
v -0.774919 0.2144057 0.6067683
v -0.6459311 0.1903908 0.5932919
v -0.6161807 0.2114558 0.6304563
v -0.5517666 0.137441 0.604959
v -0.51961 0.1567017 0.6429106
v -0.4870656 0.0533464 0.5977612
v -0.4533755 0.07042719 0.6361341
v -0.4585168 -0.01388518 0.5843966
v -0.4278377 0.006967201 0.6233907
v -0.4539517 -0.1165416 0.5741276
v -0.4227207 -0.089991 0.6143214
v -0.4297529 -0.009840293 0.3881012
v -0.4585036 -0.01388602 0.3880994
v -0.4870505 0.05334237 0.3644911
v -0.4643923 0.0607203 0.3644924
v -0.5517499 0.1374364 0.3363045
v -0.5361044 0.1550386 0.3363051
v -0.6459147 0.1903864 0.3192133
v -0.6393638 0.2073791 0.3192134
v -0.801596 0.1927947 0.3052921
v -0.7994173 0.2161619 0.3052919
v -0.92408 0.1514826 0.3091629
v -0.9372097 0.1691267 0.309162
v -0.8990607 0.1805962 0.5804931
v -0.8940815 0.1739086 0.5908886
v -0.774919 0.2144057 0.6067683
v -0.7709466 0.2251747 0.5967008
v -0.6161807 0.2114558 0.6304563
v -0.6138216 0.217034 0.6200853
v -0.51961 0.1567017 0.6429106
v -0.5128977 0.1662922 0.6312587
v -0.4533755 0.07042719 0.6361341
v -0.4427543 0.07419322 0.6234829
v -0.4278377 0.006967201 0.6233907
v -0.4124324 0.01020319 0.6095216
v -0.4227207 -0.089991 0.6143214
v -0.4020828 -0.09079321 0.5992757
v -0.4870656 0.0533464 0.5977612
v -0.4870505 0.05334237 0.3644911
v -0.4585036 -0.01388602 0.3880994
v -0.4585168 -0.01388518 0.5843966
v -0.4539398 -0.1165423 0.3983681
v -0.4539517 -0.1165416 0.5741276
v -0.4196315 -0.1178582 0.5472555
v -0.4196213 -0.1178589 0.3983701
v -0.9240932 0.1514862 0.5529314
v -0.9372211 0.1691297 0.5260562
v -0.9372097 0.1691267 0.309162
v -0.92408 0.1514826 0.3091629
v -0.801596 0.1927947 0.3052921
v -0.8016106 0.1927986 0.569598
v -0.6459147 0.1903864 0.3192133
v -0.6459311 0.1903908 0.5932919
v -0.5517499 0.1374364 0.3363045
v -0.5517666 0.137441 0.604959
v -0.3205497 -0.139014 0.2072408
v -0.6239106 -0.1211743 0.2072218
v -0.6210898 -0.08367179 0.207222
v -0.313707 -0.1020333 0.2072411
v -0.6202595 -0.04767752 0.2072221
v -0.3090054 -0.06633778 0.2072411
v -0.3090095 -0.06633741 0.2716517
v -0.6202636 -0.04767758 0.2716326
v -0.621094 -0.08367188 0.2716326
v -0.3137111 -0.102033 0.2716515
v -0.6239147 -0.1211743 0.2716323
v -0.3205539 -0.1390136 0.2716513
v -0.6239147 -0.1211743 0.2716323
v -0.6231652 -0.1112171 0.2626349
v -0.6231622 -0.1112171 0.2162194
v -0.6239106 -0.1211743 0.2072218
v -0.3205539 -0.1390136 0.2716513
v -0.3205497 -0.139014 0.2072408
v -0.683091 -0.1082359 0.2626311
v -0.6830879 -0.1082359 0.2162156
v -0.6231622 -0.1112171 0.2162194
v -0.4196213 -0.1178589 0.3983701
v -0.4199655 -0.1250732 0.17847
v -0.430097 -0.03744345 0.1682011
v -0.6239106 -0.1211743 0.2072218
v -0.6231622 -0.1112171 0.2162194
v -0.6210905 -0.08367181 0.2162195
v -0.6210898 -0.08367179 0.207222
v -0.6204904 -0.05766012 0.2162196
v -0.6202595 -0.04767752 0.2072221
v -0.6202595 -0.04767752 0.2072221
v -0.6204904 -0.05766012 0.2162196
v -0.6204934 -0.05766017 0.2626351
v -0.6202636 -0.04767758 0.2716326
v -0.3090054 -0.06633778 0.2072411
v -0.3090095 -0.06633741 0.2716517
v -0.7306013 -0.03559117 0.2162126
v -0.7306045 -0.03559122 0.2626281
v -0.7024062 -0.03699404 0.2626299
v -0.7024032 -0.03699399 0.2162144
v -0.6804191 -0.05467896 0.2626313
v -0.6804161 -0.05467892 0.2162158
v -0.6204904 -0.05766012 0.2162196
v -0.7067264 -0.1236509 0.216214
v -0.7067294 -0.123651 0.2626295
v -0.7349277 -0.1222482 0.2626277
v -0.7349247 -0.1222481 0.2162122
v -0.7569146 -0.1045633 0.2626263
v -0.7569118 -0.1045632 0.2162108
v -0.7642924 -0.0773513 0.2626259
v -0.7642894 -0.07735123 0.2162104
v -0.7542428 -0.05100632 0.2626266
v -0.7542397 -0.05100627 0.2162111
v -0.6231652 -0.1112171 0.2626349
v -0.6239147 -0.1211743 0.2716323
v -0.621094 -0.08367188 0.2716326
v -0.6210935 -0.08367186 0.2626351
v -0.6202636 -0.04767758 0.2716326
v -0.6204934 -0.05766017 0.2626351
v -0.6730413 -0.0818909 0.2626317
v -0.683091 -0.1082359 0.2626311
v -0.6804191 -0.05467896 0.2626313
v -0.6830879 -0.1082359 0.2162156
v -0.683091 -0.1082359 0.2626311
v -0.7067294 -0.123651 0.2626295
v -0.7067264 -0.1236509 0.216214
v -0.6804191 -0.05467896 0.2626313
v -0.6613573 -0.04224849 0.2626325
v -0.6503027 -0.0830221 0.2626332
v -0.6730413 -0.0818909 0.2626317
v -0.7642924 -0.0773513 0.2626259
v -0.787031 -0.07622008 0.2626245
v -0.7719729 -0.03674552 0.2626254
v -0.7542428 -0.05100632 0.2626266
v -0.7365536 -0.01364797 0.2626277
v -0.7306045 -0.03559122 0.2626281
v -0.6943022 -0.01574993 0.2626304
v -0.7024062 -0.03699404 0.2626299
v -0.6613573 -0.04224849 0.2626325
v -0.6804191 -0.05467896 0.2626313
v -0.6730413 -0.0818909 0.2626317
v -0.6503027 -0.0830221 0.2626332
v -0.6653609 -0.1224967 0.2626322
v -0.683091 -0.1082359 0.2626311
v -0.7007801 -0.1455943 0.2626299
v -0.7067294 -0.123651 0.2626295
v -0.7430314 -0.1434923 0.2626272
v -0.7349277 -0.1222482 0.2626277
v -0.7759764 -0.1169937 0.2626251
v -0.7569146 -0.1045633 0.2626263
v -0.6804161 -0.05467892 0.2162158
v -0.7306013 -0.03559117 0.2162126
v -0.7024032 -0.03699399 0.2162144
v -0.7542397 -0.05100627 0.2162111
v -0.7642894 -0.07735123 0.2162104
v -0.7569118 -0.1045632 0.2162108
v -0.7349247 -0.1222481 0.2162122
v -0.7067264 -0.1236509 0.216214
v -0.6830879 -0.1082359 0.2162156
v -0.6730383 -0.08189085 0.2162162
v -0.6231622 -0.1112171 0.2162194
v -0.6210905 -0.08367181 0.2162195
v -0.6204904 -0.05766012 0.2162196
v -0.7365536 -0.01364797 0.2626277
v -0.7365569 -0.01364802 0.313407
v -0.6943057 -0.01574998 0.3134097
v -0.6943022 -0.01574993 0.2626304
v -0.6613607 -0.04224854 0.3134118
v -0.6613573 -0.04224849 0.2626325
v -0.6503061 -0.08302215 0.3134124
v -0.6503027 -0.0830221 0.2626332
v -0.6653641 -0.1224967 0.3134114
v -0.6653609 -0.1224967 0.2626322
v -0.7007833 -0.1455943 0.3134091
v -0.7007801 -0.1455943 0.2626299
v -0.7007801 -0.1455943 0.2626299
v -0.7007833 -0.1455943 0.3134091
v -0.7430347 -0.1434923 0.3134064
v -0.7430314 -0.1434923 0.2626272
v -0.7759797 -0.1169938 0.3134044
v -0.7759764 -0.1169937 0.2626251
v -0.7870343 -0.07622013 0.3134037
v -0.787031 -0.07622008 0.2626245
v -0.771976 -0.03674557 0.3134047
v -0.7719729 -0.03674552 0.2626254
v -0.2510133 -0.1569994 0.3254561
v -0.2510109 -0.1569996 0.2872507
v -0.2206089 -0.136014 0.2872525
v -0.2206113 -0.1360138 0.3254578
v -0.2083716 -0.1011882 0.2872531
v -0.2083741 -0.101188 0.3254584
v -0.2189735 -0.06582448 0.2872522
v -0.2189759 -0.06582425 0.3254575
v -0.2483648 -0.04343047 0.2872502
v -0.2483672 -0.04343025 0.3254555
v -0.2853216 -0.0425598 0.3254532
v -0.2853191 -0.04256003 0.2872478
v -0.3157212 -0.06354558 0.287246
v -0.3157236 -0.06354536 0.3254514
v -0.3279584 -0.09837139 0.2872455
v -0.3279608 -0.09837117 0.3254508
v -0.3173565 -0.1337352 0.2872463
v -0.317359 -0.1337349 0.3254516
v -0.2879652 -0.1561292 0.2872483
v -0.2879677 -0.1561289 0.3254537
v -0.2083741 -0.101188 0.3254584
v -0.2189759 -0.06582425 0.3254575
v -0.2483672 -0.04343025 0.3254555
v -0.2853216 -0.0425598 0.3254532
v -0.3157236 -0.06354536 0.3254514
v -0.3279608 -0.09837117 0.3254508
v -0.317359 -0.1337349 0.3254516
v -0.2879677 -0.1561289 0.3254537
v -0.2510133 -0.1569994 0.3254561
v -0.2206113 -0.1360138 0.3254578
v -0.2038882 -0.1487539 0.2872536
v -0.2038822 -0.1487544 0.1922938
v -0.1873424 -0.101684 0.1922946
v -0.1873485 -0.1016834 0.2872544
v -0.2016718 -0.05388643 0.1922934
v -0.2016778 -0.05388587 0.2872532
v -0.3324418 -0.05080573 0.2872449
v -0.3324358 -0.05080629 0.192285
v -0.3489755 -0.09787676 0.1922843
v -0.3489815 -0.09787619 0.2872441
v -0.3346461 -0.1456743 0.1922854
v -0.3346522 -0.1456738 0.2872453
v -0.2949209 -0.175942 0.1922881
v -0.2949269 -0.1759414 0.287248
v -0.2449735 -0.1771185 0.1922913
v -0.2449795 -0.1771179 0.2872512
v 0.4212287 -0.01376771 0.4158037
v 0.4488996 -0.02337635 0.1894437
v 0.4218127 -0.0205732 0.1894453
v 0.4483157 -0.01657089 0.4158019
v 0.4096203 -0.1131321 0.4179395
v 0.4218127 -0.0205732 0.1894453
v 0.4102043 -0.1199375 0.1997143
v 0.4212287 -0.01376771 0.4158037
v 0.4417299 -0.1106703 0.4179375
v 0.4102043 -0.1199375 0.1997143
v 0.4423139 -0.1174757 0.1997123
v 0.4096203 -0.1131321 0.4179395
v 0.4483157 -0.01657089 0.4158019
v 0.4423139 -0.1174757 0.1997123
v 0.4488996 -0.02337635 0.1894437
v 0.4417299 -0.1106703 0.4179375
v 0.4417299 -0.1106703 0.4179375
v 0.4096297 -0.1131311 0.5466596
v 0.4096203 -0.1131321 0.4179395
v 0.4417412 -0.1106692 0.5735317
v 0.4483281 -0.01656969 0.5838007
v 0.4483157 -0.01657089 0.4158019
v 0.4771052 0.04080379 0.5971653
v 0.4770906 0.04080157 0.3921937
v 0.5337538 0.1047615 0.6043633
v 0.5337362 0.104759 0.3773949
v 0.6461815 0.1617861 0.5926961
v 0.6461642 0.1617837 0.3616941
v 0.7707894 0.1683473 0.5690022
v 0.7707741 0.1683451 0.3459052
v 0.86451 0.1399819 0.5523355
v 0.8644964 0.1399799 0.349776
v 0.8798062 0.1552437 0.3497751
v 0.8798181 0.1552454 0.5254604
v 0.7710864 0.1905367 0.345905
v 0.8798181 0.1552454 0.5254604
v 0.8798062 0.1552437 0.3497751
v 0.7710999 0.1905386 0.5421279
v 0.641324 0.1784231 0.3616942
v 0.6413394 0.1784252 0.5658221
v 0.5196833 0.1228902 0.3773955
v 0.5196989 0.1228924 0.5774897
v 0.456697 0.05003488 0.392195
v 0.45671 0.0500369 0.5702923
v 0.4212287 -0.01376771 0.4158037
v 0.4212395 -0.01376669 0.5569283
v 0.4096203 -0.1131321 0.4179395
v 0.4096297 -0.1131311 0.5466596
v 0.3922055 -0.08817698 0.5986799
v 0.4042728 0.004559055 0.6089258
v 0.4378606 0.06489538 0.6228872
v 0.4972269 0.135816 0.6306629
v 0.6163118 0.1900816 0.6194895
v 0.7430162 0.2018871 0.596105
v 0.8421283 0.1698818 0.5798973
v -0.430097 -0.03744345 0.1682011
v -0.4297529 -0.009840293 0.3881012
v -0.4196213 -0.1178589 0.3983701
v 0.6148601 -0.1246821 0.2284661
v 0.3080283 -0.1286913 0.2928956
v 0.3080242 -0.1286916 0.2284851
v 0.6148642 -0.1246821 0.2928765
v 0.613902 -0.1147001 0.2374637
v 0.613905 -0.1147001 0.2838791
v 0.6734976 -0.1104812 0.2374598
v 0.613902 -0.1147001 0.2374637
v 0.6735007 -0.1104812 0.2838753
v 0.6096565 -0.05096429 0.2928768
v 0.2964659 -0.0557049 0.2284855
v 0.29647 -0.05570453 0.2928959
v 0.6096524 -0.05096428 0.2284664
v 0.610099 -0.06098235 0.2838793
v 0.6100958 -0.06098233 0.2374639
v 0.6696944 -0.05676348 0.2838755
v 0.6100958 -0.06098233 0.2374639
v 0.6696914 -0.05676347 0.2374601
v 0.6912025 -0.0385577 0.2374587
v 0.6912057 -0.03855772 0.2838741
v 0.7192454 -0.03657252 0.2374569
v 0.7192484 -0.03657249 0.2838723
v 0.7431085 -0.05156615 0.2374554
v 0.7431116 -0.05156615 0.2838708
v 0.7536777 -0.07781156 0.2374547
v 0.7536805 -0.07781158 0.2838701
v 0.746915 -0.1052839 0.2374551
v 0.7469177 -0.1052839 0.2838705
v 0.7254039 -0.1234897 0.2374565
v 0.7254069 -0.1234897 0.2838719
v 0.697361 -0.1254749 0.2374583
v 0.697364 -0.1254749 0.2838737
v -0.4585036 -0.01388602 0.3880994
v -0.4588476 -0.04148918 0.1681995
v -0.4542838 -0.1237566 0.178468
v 0.697364 -0.1254749 0.2838737
v 0.6734976 -0.1104812 0.2374598
v 0.697361 -0.1254749 0.2374583
v 0.6735007 -0.1104812 0.2838753
v 0.6403185 -0.08583663 0.2838774
v 0.6696944 -0.05676348 0.2838755
v 0.6629321 -0.0842358 0.2838759
v 0.6504514 -0.04467285 0.2838767
v 0.2825411 -0.1657687 0.3084922
v 0.3048399 -0.1233896 0.3084906
v 0.2755916 -0.1458707 0.3084926
v 0.2328051 -0.1669371 0.3084954
v 0.2387937 -0.1467353 0.3084949
v 0.1918625 -0.1384424 0.3084979
v 0.2085018 -0.125653 0.3084967
v 0.1753519 -0.09116844 0.3084987
v 0.1962861 -0.09067662 0.3084973
v 0.1895798 -0.04317236 0.3084975
v 0.2068128 -0.05516599 0.3084965
v 0.2068128 -0.05516599 0.3084965
v 0.2291116 -0.01278696 0.3084948
v 0.236061 -0.03268488 0.3084945
v 0.2788475 -0.0116185 0.3084916
v 0.2728589 -0.03182038 0.3084921
v 0.3197901 -0.04011324 0.3084891
v 0.3031509 -0.05290265 0.3084903
v 0.3363007 -0.08738719 0.3084884
v 0.3153666 -0.08787901 0.3084897
v 0.3220729 -0.1353833 0.3084895
v 0.4490941 -0.02435777 -0.1719643
v 0.4485101 -0.0175524 -0.4060563
v 0.4214232 -0.01474926 -0.406058
v 0.4220072 -0.02155461 -0.1719659
v 0.4220072 -0.02155461 -0.1719659
v 0.4214232 -0.01474926 -0.406058
v 0.4098147 -0.1141136 -0.4075598
v 0.4103988 -0.1209189 -0.1822349
v 0.4103988 -0.1209189 -0.1822349
v 0.4098147 -0.1141136 -0.4075598
v 0.4419244 -0.1116518 -0.4075578
v 0.4425083 -0.1184571 -0.1822328
v 0.4425083 -0.1184571 -0.1822328
v 0.4419244 -0.1116518 -0.4075578
v 0.4485101 -0.0175524 -0.4060563
v 0.4490941 -0.02435777 -0.1719643
v 0.4044673 0.003577452 -0.598546
v 0.421434 -0.01474829 -0.5465486
v 0.456904 0.04894354 -0.5599126
v 0.438053 0.06335729 -0.6125075
v 0.5215614 0.122608 -0.5671101
v 0.4973784 0.1355251 -0.6202832
v 0.6432737 0.1796539 -0.5554424
v 0.6163415 0.1913031 -0.6091099
v 0.7719962 0.1916666 -0.5317485
v 0.7417756 0.203007 -0.5857255
v 0.8822345 0.1562668 -0.5150809
v 0.8416771 0.1708925 -0.5695179
v 0.643257 0.1796517 -0.3519486
v 0.7719817 0.1916648 -0.3355256
v 0.8822215 0.1562652 -0.3393959
v 0.3924001 -0.08915857 -0.5883001
v 0.4098243 -0.1141127 -0.5362798
v 0.4098147 -0.1141136 -0.4075598
v 0.4214232 -0.01474926 -0.406058
v 0.4568905 0.04877964 -0.3824493
v 0.5215445 0.1226059 -0.3676502
v -0.4542838 -0.1237566 0.178468
v -0.4539398 -0.1165423 0.3983681
v -0.4585036 -0.01388602 0.3880994
v 0.8354321 0.1651057 -0.5799134
v 0.8657676 0.1409989 -0.5419561
v 0.7716683 0.1694752 -0.5586228
v 0.7448826 0.192481 -0.595793
v 0.6484883 0.1630161 -0.5823165
v 0.6182814 0.1858203 -0.6194809
v 0.536689 0.104481 -0.5939836
v 0.5036305 0.1258309 -0.631935
v 0.4772967 0.03899362 -0.5867857
v 0.4475809 0.05843345 -0.6251587
v 0.4485226 -0.0175513 -0.573421
v 0.4190199 0.001065993 -0.6124151
v 0.4419357 -0.1116507 -0.5631519
v 0.4117091 -0.08766816 -0.6033458
v 0.4214232 -0.01474926 -0.406058
v 0.4485101 -0.0175524 -0.4060563
v 0.4772823 0.03906723 -0.382448
v 0.4568905 0.04877964 -0.3824493
v 0.5366701 0.1044787 -0.3676494
v 0.5215445 0.1226059 -0.3676502
v 0.6484697 0.1630138 -0.3519486
v 0.643257 0.1796517 -0.3519486
v 0.771652 0.1694732 -0.3355259
v 0.7719817 0.1916648 -0.3355256
v 0.8657528 0.1409971 -0.3393969
v 0.8822215 0.1562652 -0.3393959
v 0.8416771 0.1708925 -0.5695179
v 0.8354321 0.1651057 -0.5799134
v 0.7448826 0.192481 -0.595793
v 0.7417756 0.203007 -0.5857255
v 0.6182814 0.1858203 -0.6194809
v 0.6163415 0.1913031 -0.6091099
v 0.5036305 0.1258309 -0.631935
v 0.4973784 0.1355251 -0.6202832
v 0.4475809 0.05843345 -0.6251587
v 0.438053 0.06335729 -0.6125075
v 0.4190199 0.001065993 -0.6124151
v 0.4044673 0.003577452 -0.598546
v 0.4117091 -0.08766816 -0.6033458
v 0.3924001 -0.08915857 -0.5883001
v 0.4772967 0.03899362 -0.5867857
v 0.4772823 0.03906723 -0.382448
v 0.4485101 -0.0175524 -0.4060563
v 0.4485226 -0.0175513 -0.573421
v 0.4419244 -0.1116518 -0.4075578
v 0.4419357 -0.1116507 -0.5631519
v 0.4098243 -0.1141127 -0.5362798
v 0.4098147 -0.1141136 -0.4075598
v 0.8657676 0.1409989 -0.5419561
v 0.8822345 0.1562668 -0.5150809
v 0.8822215 0.1562652 -0.3393959
v 0.8657528 0.1409971 -0.3393969
v 0.771652 0.1694732 -0.3355259
v 0.7716683 0.1694752 -0.5586228
v 0.6484697 0.1630138 -0.3519486
v 0.6484883 0.1630161 -0.5823165
v 0.5366701 0.1044787 -0.3676494
v 0.536689 0.104481 -0.5939836
v 0.3068 -0.128713 -0.2110056
v 0.6163117 -0.1246934 -0.2109866
v 0.612701 -0.08709776 -0.2109868
v 0.2999543 -0.09157407 -0.2110058
v 0.611104 -0.05097565 -0.2109869
v 0.2952417 -0.05572624 -0.2110059
v 0.2952458 -0.05572591 -0.2754164
v 0.6111082 -0.05097568 -0.2753974
v 0.6127051 -0.0870978 -0.2753972
v 0.2999583 -0.09157375 -0.2754163
v 0.6163158 -0.1246934 -0.275397
v 0.3068042 -0.1287127 -0.275416
v 0.6163158 -0.1246934 -0.275397
v 0.6153566 -0.1147115 -0.2663996
v 0.6153536 -0.1147115 -0.2199841
v 0.6163117 -0.1246934 -0.2109866
v 0.3068042 -0.1287127 -0.275416
v 0.3068 -0.128713 -0.2110056
v 0.6749521 -0.1104926 -0.2663957
v 0.6749492 -0.1104926 -0.2199803
v 0.6153536 -0.1147115 -0.2199841
v -0.4196315 -0.1178582 0.5472555
v -0.4020828 -0.09079321 0.5992757
v -0.4227207 -0.089991 0.6143214
v 0.6163117 -0.1246934 -0.2109866
v 0.6153536 -0.1147115 -0.2199841
v 0.6127015 -0.08709778 -0.2199843
v 0.612701 -0.08709776 -0.2109868
v 0.6115475 -0.0609937 -0.2199844
v 0.611104 -0.05097565 -0.2109869
v 0.611104 -0.05097565 -0.2109869
v 0.6115475 -0.0609937 -0.2199844
v 0.6115505 -0.06099372 -0.2663998
v 0.6111082 -0.05097568 -0.2753974
v 0.2952417 -0.05572624 -0.2110059
v 0.2952458 -0.05572591 -0.2754164
v 0.7206969 -0.03658388 -0.2199773
v 0.7207 -0.03658388 -0.2663928
v 0.6926572 -0.0385691 -0.2663946
v 0.692654 -0.03856906 -0.2199792
v 0.6711461 -0.05677486 -0.266396
v 0.671143 -0.05677485 -0.2199805
v 0.6115475 -0.0609937 -0.2199844
v 0.6988125 -0.1254863 -0.2199787
v 0.6988156 -0.1254863 -0.2663942
v 0.7268584 -0.123501 -0.2663924
v 0.7268555 -0.123501 -0.2199769
v 0.7483693 -0.1052953 -0.266391
v 0.7483665 -0.1052953 -0.2199756
v 0.7551322 -0.07782295 -0.2663905
v 0.7551292 -0.07782292 -0.2199751
v 0.7445633 -0.05157753 -0.2663912
v 0.7445603 -0.05157752 -0.2199758
v 0.6127015 -0.08709778 -0.2199843
v 0.6643804 -0.08424716 -0.2199809
v 0.671143 -0.05677485 -0.2199805
v 0.6115475 -0.0609937 -0.2199844
v 0.6153536 -0.1147115 -0.2199841
v 0.6749492 -0.1104926 -0.2199803
v 0.6988125 -0.1254863 -0.2199787
v 0.7268555 -0.123501 -0.2199769
v 0.7483665 -0.1052953 -0.2199756
v 0.7551292 -0.07782292 -0.2199751
v 0.7445603 -0.05157752 -0.2199758
v 0.7206969 -0.03658388 -0.2199773
v 0.692654 -0.03856906 -0.2199792
v 0.6749492 -0.1104926 -0.2199803
v 0.6749521 -0.1104926 -0.2663957
v 0.6988156 -0.1254863 -0.2663942
v 0.6988125 -0.1254863 -0.2199787
v 0.6711461 -0.05677486 -0.266396
v 0.6519032 -0.04468426 -0.2663972
v 0.6417702 -0.08584802 -0.2663979
v 0.6643835 -0.08424719 -0.2663964
v 0.7551322 -0.07782295 -0.2663905
v 0.7777452 -0.07622211 -0.2663891
v 0.7619092 -0.03689674 -0.2663901
v 0.7445633 -0.05157753 -0.2663912
v 0.7261533 -0.01443068 -0.2663925
v 0.7207 -0.03658388 -0.2663928
v 0.6841344 -0.01740525 -0.2663952
v 0.6926572 -0.0385691 -0.2663946
v 0.6519032 -0.04468426 -0.2663972
v 0.6711461 -0.05677486 -0.266396
v 0.6643835 -0.08424719 -0.2663964
v 0.6417702 -0.08584802 -0.2663979
v 0.6576059 -0.1251734 -0.2663968
v 0.6749521 -0.1104926 -0.2663957
v 0.6933624 -0.1476395 -0.2663945
v 0.6988156 -0.1254863 -0.2663942
v 0.7353809 -0.1446649 -0.2663918
v 0.7268584 -0.123501 -0.2663924
v 0.7676123 -0.1173859 -0.2663897
v 0.7483693 -0.1052953 -0.266391
v 0.7261533 -0.01443068 -0.2663925
v 0.7261565 -0.01443069 -0.3171718
v 0.6841379 -0.01740528 -0.3171745
v 0.6841344 -0.01740525 -0.2663952
v 0.6519064 -0.04468426 -0.3171765
v 0.6519032 -0.04468426 -0.2663972
v 0.6417733 -0.08584803 -0.3171771
v 0.6417702 -0.08584802 -0.2663979
v 0.6576092 -0.1251735 -0.3171761
v 0.6576059 -0.1251734 -0.2663968
v 0.6933655 -0.1476395 -0.3171738
v 0.6933624 -0.1476395 -0.2663945
v 0.6933624 -0.1476395 -0.2663945
v 0.6933655 -0.1476395 -0.3171738
v 0.7353842 -0.1446649 -0.3171711
v 0.7353809 -0.1446649 -0.2663918
v 0.7676155 -0.1173859 -0.317169
v 0.7676123 -0.1173859 -0.2663897
v 0.7777487 -0.07622214 -0.3171684
v 0.7777452 -0.07622211 -0.2663891
v 0.7619126 -0.03689675 -0.3171695
v 0.7619092 -0.03689674 -0.2663901
v 0.2375721 -0.1467564 -0.3292207
v 0.2375696 -0.1467566 -0.2910154
v 0.2072776 -0.1256744 -0.2910172
v 0.2072801 -0.1256741 -0.3292226
v 0.195062 -0.09069799 -0.2910178
v 0.1950644 -0.0906978 -0.3292231
v 0.2055887 -0.05518738 -0.291017
v 0.2055911 -0.05518718 -0.3292223
v 0.2348369 -0.03270627 -0.2910149
v 0.2348393 -0.03270607 -0.3292203
v 0.2716373 -0.03184156 -0.329218
v 0.2716348 -0.03184176 -0.2910126
v 0.3019268 -0.05292403 -0.2910108
v 0.3019293 -0.05292383 -0.3292162
v 0.3141424 -0.08790039 -0.2910102
v 0.3141449 -0.08790018 -0.3292155
v 0.3036157 -0.123411 -0.291011
v 0.3036181 -0.1234108 -0.3292164
v 0.2743675 -0.1458921 -0.291013
v 0.2743699 -0.1458919 -0.3292184
v 0.2743615 -0.1458926 -0.1960532
v 0.2813109 -0.1657906 -0.1960528
v 0.3208427 -0.1354052 -0.1960501
v 0.3036097 -0.1234115 -0.1960512
v 0.3350706 -0.08740906 -0.196049
v 0.3141364 -0.08790088 -0.1960503
v 0.31856 -0.04013514 -0.1960498
v 0.3019208 -0.05292454 -0.1960509
v 0.2776174 -0.01164041 -0.1960523
v 0.2716288 -0.03184227 -0.1960527
v 0.2348309 -0.03270677 -0.1960551
v 0.2278814 -0.01280888 -0.1960555
v 0.1883497 -0.04319425 -0.1960581
v 0.2055826 -0.05518788 -0.1960571
v 0.1741218 -0.09119032 -0.1960593
v 0.195056 -0.09069851 -0.196058
v 0.1906324 -0.1384643 -0.1960585
v 0.2072716 -0.1256749 -0.1960573
v 0.231575 -0.166959 -0.196056
v 0.2375636 -0.1467571 -0.1960555
v 0.1950644 -0.0906978 -0.3292231
v 0.2348393 -0.03270607 -0.3292203
v 0.2716373 -0.03184156 -0.329218
v 0.3019293 -0.05292383 -0.3292162
v 0.3141449 -0.08790018 -0.3292155
v 0.3036181 -0.1234108 -0.3292164
v 0.2743699 -0.1458919 -0.3292184
v 0.2375721 -0.1467564 -0.3292207
v 0.2072801 -0.1256741 -0.3292226
v 0.1906385 -0.1384638 -0.2910183
v 0.1906324 -0.1384643 -0.1960585
v 0.1741218 -0.09119032 -0.1960593
v 0.1741278 -0.09118982 -0.2910191
v 0.1883497 -0.04319425 -0.1960581
v 0.1883557 -0.04319375 -0.291018
v 0.318566 -0.04013462 -0.2910096
v 0.31856 -0.04013514 -0.1960498
v 0.3350706 -0.08740906 -0.196049
v 0.3350767 -0.08740856 -0.2910088
v 0.3208427 -0.1354052 -0.1960501
v 0.3208488 -0.1354046 -0.29101
v 0.2813109 -0.1657906 -0.1960528
v 0.281317 -0.16579 -0.2910127
v 0.231575 -0.166959 -0.196056
v 0.231581 -0.1669585 -0.2910158
v 0.7603608 0.03304996 0.6365967
v 0.7114041 0.04297052 0.6365967
v 0.7114424 0.02461243 0.6166884
v 0.6695145 0.01634668 0.6166884
v 0.6624884 0.03332714 0.6365967
v 0.6340048 -0.007429924 0.6166884
v 0.6210603 0.005587874 0.6365967
v 0.6097497 -0.04045622 0.6166884
v 0.5934269 -0.03602428 0.6365967
v 0.6020634 -0.08522583 0.6166884
v 0.5837954 -0.08517406 0.6365967
v 0.6104947 -0.1274015 0.6166884
v 0.5936318 -0.1343791 0.6365967
v 0.6343293 -0.1632037 0.6166884
v 0.6214388 -0.1761482 0.6365967
v 0.6699385 -0.1871816 0.6166884
v 0.6629829 -0.2041225 0.6365967
v 0.7119013 -0.195685 0.6166884
v 0.7119395 -0.2140431 0.6365967
v 0.7538292 -0.1874192 0.6166883
v 0.7608554 -0.2043997 0.6365966
v 0.7893389 -0.1636427 0.6166883
v 0.8022835 -0.1766604 0.6365966
v 0.8130246 -0.1279752 0.6166883
v 0.8299167 -0.1350483 0.6365966
v 0.8212802 -0.0858467 0.6166884
v 0.8395484 -0.08589845 0.6365967
v 0.812849 -0.043671 0.6166884
v 0.8297119 -0.03669345 0.6365967
v 0.7890144 -0.007868929 0.6166884
v 0.8019049 0.005075664 0.6365967
v 0.7534052 0.01610905 0.6166884
v -0.4227207 -0.089991 0.6143214
v -0.4539517 -0.1165416 0.5741276
v -0.4196315 -0.1178582 0.5472555
v -0.6252426 -0.1759811 0.6473289
v -0.5973959 -0.1335077 0.6473289
v -0.6145765 -0.1265008 0.6257809
v -0.6064014 -0.08369482 0.6257809
v -0.5878583 -0.08356729 0.6473289
v -0.6151646 -0.04100519 0.6257809
v -0.5980819 -0.03376275 0.6473289
v -0.6368459 -0.005406203 0.6257809
v -0.6265102 0.008323593 0.6473289
v -0.6757931 0.01903524 0.6257809
v -0.6688151 0.03628445 0.6473289
v -0.7184283 0.02724548 0.6257809
v -0.7185563 0.04586305 0.6473289
v -0.7609467 0.01844958 0.6257809
v -0.7681611 0.03560117 0.6473289
v -0.7968751 -0.006013365 0.6257808
v -0.8100775 0.007061071 0.6473288
v -0.8207437 -0.04241912 0.6257808
v -0.8379242 -0.03541229 0.6473288
v -0.8289188 -0.08522521 0.6257808
v -0.8474618 -0.08535274 0.6473288
v -0.8201557 -0.1279148 0.6257808
v -0.8372382 -0.1351573 0.6473288
v -0.7957886 -0.1639888 0.6257808
v -0.80881 -0.1772436 0.6473288
v -0.7595271 -0.1879552 0.6257809
v -0.7665049 -0.2052045 0.6473289
v -0.7168918 -0.1961655 0.6257809
v -0.7167638 -0.2147831 0.6473289
v -0.6743734 -0.1873696 0.6257809
v -0.667159 -0.2045212 0.6473289
v -0.6384451 -0.1629066 0.6257809
v -0.9240932 0.1514862 0.5529314
v -0.8940815 0.1739086 0.5908886
v -0.8990607 0.1805962 0.5804931
v -0.4297528 -0.009840259 -0.3877016
v -0.4588476 -0.04148913 -0.1677999
v -0.430097 -0.03744339 -0.1678015
v -0.4585036 -0.01388598 -0.3876998
v -0.4539397 -0.1165423 -0.3979685
v -0.4199654 -0.1250731 -0.1780704
v -0.4542837 -0.1237566 -0.1780684
v -0.4196213 -0.1178589 -0.3979705
v -0.4539397 -0.1165423 -0.3979685
v -0.4196315 -0.1178582 -0.5468559
v -0.4196213 -0.1178589 -0.3979705
v -0.4539517 -0.1165416 -0.573728
v -0.4585168 -0.01388516 -0.583997
v -0.4585036 -0.01388598 -0.3876998
v -0.4870655 0.05334644 -0.5973616
v -0.4870504 0.05334241 -0.3640915
v -0.5517666 0.137441 -0.6045595
v -0.5517498 0.1374365 -0.335905
v -0.6459309 0.1903908 -0.5928924
v -0.6459146 0.1903865 -0.3188137
v -0.8016031 0.1941195 -0.5691984
v -0.8015884 0.1941157 -0.3048925
v -0.9240855 0.1543844 -0.5525318
v -0.9240723 0.1543809 -0.3087633
v -0.9372019 0.172025 -0.3087624
v -0.9372134 0.172028 -0.5256566
v -0.7994097 0.2174828 -0.3048923
v -0.9372134 0.172028 -0.5256566
v -0.9372019 0.172025 -0.3087624
v -0.799423 0.2174865 -0.5423241
v -0.6393637 0.2073791 -0.3188138
v -0.6393782 0.207383 -0.5660183
v -0.5361044 0.1550387 -0.3359056
v -0.5361195 0.1550426 -0.577686
v -0.4643923 0.06072035 -0.3640929
v -0.4644058 0.06072397 -0.5704886
v -0.4297528 -0.009840259 -0.3877016
v -0.4297642 -0.009839539 -0.5571247
v -0.4196213 -0.1178589 -0.3979705
v -0.4196315 -0.1178582 -0.5468559
v -0.4020828 -0.09079321 -0.5988761
v -0.4124323 0.01020321 -0.609122
v -0.4427543 0.07419325 -0.6230834
v -0.5128976 0.1662923 -0.6308591
v -0.6138216 0.217034 -0.6196857
v -0.770939 0.2264957 -0.5963011
v -0.8990531 0.1834944 -0.5800935
v -0.8990607 0.1805962 0.5804931
v -0.9372211 0.1691297 0.5260562
v -0.9240932 0.1514862 0.5529314
v -0.6239104 -0.1211742 -0.2068222
v -0.3205539 -0.1390136 -0.2712517
v -0.3205497 -0.1390139 -0.2068412
v -0.6239146 -0.1211743 -0.2712327
v -0.6231622 -0.111217 -0.2158198
v -0.6231652 -0.1112171 -0.2622353
v -0.6830879 -0.1082358 -0.2158159
v -0.6231622 -0.111217 -0.2158198
v -0.6830909 -0.1082359 -0.2622314
v -0.6202635 -0.04767754 -0.271233
v -0.3090054 -0.06633773 -0.2068416
v -0.3090095 -0.06633736 -0.2712521
v -0.6202594 -0.04767747 -0.2068225
v -0.6204933 -0.05766012 -0.2622355
v -0.6204903 -0.05766007 -0.21582
v -0.6804189 -0.05467892 -0.2622316
v -0.6204903 -0.05766007 -0.21582
v -0.6804159 -0.05467887 -0.2158162
v -0.7024031 -0.03699394 -0.2158148
v -0.7024062 -0.036994 -0.2622303
v -0.7306012 -0.03559112 -0.215813
v -0.7306043 -0.03559117 -0.2622285
v -0.7542396 -0.05100622 -0.2158114
v -0.7542426 -0.05100628 -0.2622269
v -0.7642894 -0.07735119 -0.2158108
v -0.7642924 -0.07735126 -0.2622263
v -0.7569117 -0.1045632 -0.2158112
v -0.7569145 -0.1045632 -0.2622267
v -0.7349246 -0.1222481 -0.2158126
v -0.7349276 -0.1222482 -0.2622281
v -0.7067263 -0.1236509 -0.2158144
v -0.7067292 -0.123651 -0.2622299
v -0.4588476 -0.04148918 0.1681995
v -0.430097 -0.03744345 0.1682011
v -0.4199655 -0.1250732 0.17847
v -0.2949269 -0.1759414 -0.2868484
v -0.3173565 -0.1337351 -0.2868467
v -0.2879652 -0.1561291 -0.2868488
v -0.2449795 -0.1771179 -0.2868516
v -0.2510109 -0.1569996 -0.2868511
v -0.2038882 -0.1487539 -0.2868541
v -0.2206088 -0.136014 -0.2868529
v -0.1873485 -0.1016834 -0.2868548
v -0.2083716 -0.1011882 -0.2868535
v -0.2016778 -0.05388582 -0.2868536
v -0.2189735 -0.06582443 -0.2868526
v -0.2189735 -0.06582443 -0.2868526
v -0.2414031 -0.02361816 -0.2868509
v -0.2483648 -0.04343042 -0.2868506
v -0.2913505 -0.02244167 -0.2868478
v -0.2853191 -0.04255998 -0.2868482
v -0.3324418 -0.05080569 -0.2868453
v -0.3157212 -0.06354554 -0.2868464
v -0.3489815 -0.09787615 -0.2868445
v -0.3279583 -0.09837136 -0.2868459
v -0.3346521 -0.1456737 -0.2868457
v -0.2578899 -0.1416011 0.1379149
v -0.2686872 0.01481378 0.1379148
v -0.2686872 0.01481378 -0.1379148
v -0.2578899 -0.1416011 -0.1379148
v 0.2657962 -0.1452844 -0.1379148
v 0.2723259 -0.0107568 -0.1379148
v 0.2723258 -0.0107568 0.1379148
v 0.2657961 -0.1452844 0.1379148
v 0.2657962 -0.1452844 -0.1379148
v 0.2657961 -0.1452844 0.1379148
v -0.2578899 -0.1416011 0.1379149
v -0.2578899 -0.1416011 -0.1379148
v -0.3281618 0.5388607 -7.949421E-09
v -0.326108 0.5263792 -7.937078E-09
v -0.3261125 0.5114506 0.1560857
v -0.3282764 0.5237563 0.1580449
v -0.3260174 0.4919168 0.2336156
v -0.3289249 0.50392 0.2363119
v -0.4609439 0.482722 -7.871985E-09
v -0.4559474 0.4711682 -7.86102E-09
v -0.4539081 0.4567419 0.1598042
v -0.458185 0.4679724 0.1627997
v -0.4283433 0.4251552 0.2411359
v -0.433743 0.4350953 0.2462886
v -0.3931546 0.5161078 -7.916314E-09
v -0.3894462 0.5040347 -7.904615E-09
v -0.3847275 0.4878911 0.1560828
v -0.3886674 0.4995284 0.1585572
v -0.3687937 0.4642359 0.2370279
v -0.3744445 0.474672 0.2408678
v -0.5380573 0.4333897 -7.810009E-09
v -0.5319042 0.4225039 -7.799887E-09
v -0.5271512 0.4259509 0.171389
v -0.5309388 0.4370498 0.1741849
v -0.4682033 0.3950412 0.2589715
v -0.4722774 0.4045534 0.2658024
v -0.3282764 0.5237563 0.1580449
v -0.3289249 0.50392 0.2363119
v -0.263734 0.5100483 0.230514
v -0.2542962 0.5270185 0.1540668
v -0.3281618 0.5388607 -7.949421E-09
v -0.25541 0.5411533 -7.962966E-09
v -0.4199655 -0.1250732 0.17847
v -0.4542838 -0.1237566 0.178468
v -0.4588476 -0.04148918 0.1681995
v -0.458185 0.4679724 0.1627997
v -0.433743 0.4350953 0.2462886
v -0.3687937 0.4642359 0.2370279
v -0.3847275 0.4878911 0.1560828
v -0.4609439 0.482722 -7.871985E-09
v -0.3894462 0.5040347 -7.904615E-09
v -0.2189735 -0.06582448 0.2872522
v -0.2016778 -0.05388587 0.2872532
v -0.2414031 -0.02361822 0.2872505
v -0.2483648 -0.04343047 0.2872502
v -0.2913505 -0.02244172 0.2872473
v -0.2853191 -0.04256003 0.2872478
v -0.3324418 -0.05080573 0.2872449
v -0.3157212 -0.06354558 0.287246
v -0.3489815 -0.09787619 0.2872441
v -0.3279584 -0.09837139 0.2872455
v -0.3346522 -0.1456738 0.2872453
v -0.3173565 -0.1337352 0.2872463
v -0.2949269 -0.1759414 0.287248
v -0.2879652 -0.1561292 0.2872483
v -0.2449795 -0.1771179 0.2872512
v -0.2510109 -0.1569996 0.2872507
v -0.2038882 -0.1487539 0.2872536
v -0.2206089 -0.136014 0.2872525
v -0.1873485 -0.1016834 0.2872544
v -0.2083716 -0.1011882 0.2872531
v -0.2189735 -0.06582448 0.2872522
v 0.4096297 -0.1131311 0.5466596
v 0.4115147 -0.08668657 0.6137255
v 0.3922055 -0.08817698 0.5986799
v -0.326108 0.5263792 -7.937078E-09
v -0.3931546 0.5161078 -7.916314E-09
v -0.3886674 0.4995284 0.1585572
v -0.3261125 0.5114506 0.1560857
v -0.3744445 0.474672 0.2408678
v -0.3260174 0.4919168 0.2336156
v 0.9984326 -0.1531347 0.2460849
v 1.01379 -0.1491708 0.2477892
v 1.007149 -0.1399705 0.260788
v 0.9976974 -0.1424053 0.2598704
v 1.038164 -0.151114 0.1801818
v 1.038985 -0.1510638 0.1710408
v 1.052474 -0.1395615 0.1698707
v 1.051121 -0.1399635 0.184644
v 1.020994 -0.1519846 0.2292086
v 1.033921 -0.1406049 0.2326943
v 1.025216 -0.138991 0.2507629
v 1.003277 -0.1565718 0.2268483
v 0.9642227 -0.1597558 0.2202593
v 0.9560795 -0.1558688 0.2399972
v 0.9534923 -0.1441406 0.2549128
v 1.019672 -0.1560752 0.1746532
v 1.024624 -0.1523382 0.159091
v 1.034479 -0.1514709 0.1640251
v 0.9931952 -0.1596667 0.1615003
v 1.00193 -0.155886 0.146313
v 1.009417 -0.1446017 0.1387096
v 1.029818 -0.1412911 0.1509208
v 1.045381 -0.1400031 0.1586442
v 0.4115147 -0.08668657 0.6137255
v 0.4096297 -0.1131311 0.5466596
v 0.4417412 -0.1106692 0.5735317
v 1.060141 -0.1215683 0.1711429
v 1.058544 -0.1226235 0.1880398
v 1.051121 -0.1399635 0.184644
v 1.052474 -0.1395615 0.1698707
v 1.052377 -0.1216717 0.1585106
v 1.045381 -0.1400031 0.1586442
v 1.033921 -0.1406049 0.2326943
v 1.042059 -0.1224327 0.2373056
v 1.069782 -0.07329842 0.1949493
v 1.071001 -0.07306217 0.1768373
v 1.063349 -0.07432874 0.1639272
v 1.063883 -0.06451942 0.1648078
v 1.059979 -0.05902973 0.1643247
v 1.06553 -0.04860754 0.1775534
v 1.071823 -0.05738637 0.178308
v 1.070646 -0.05569902 0.1967194
v 1.054477 -0.07597212 0.2510217
v 1.045954 -0.07533083 0.2674231
v 1.03273 -0.1225943 0.2550068
v 1.025216 -0.138991 0.2507629
v 1.063479 -0.0458316 0.195905
v 1.055313 -0.05901729 0.2559719
v 1.047705 -0.05917131 0.2699139
v 1.046806 -0.04935778 0.2586577
v 1.04204 -0.04972558 0.2671326
v 0.86451 0.1399819 0.5523355
v 0.8421283 0.1698818 0.5798973
v 0.8363226 0.1640967 0.5902928
v 0.9208332 -0.04701 0.2878175
v 0.9289545 -0.03726034 0.2807775
v 0.9246013 -0.0378599 0.2794545
v 0.9191871 -0.04435967 0.2841478
v 0.9202479 -0.03845945 0.2781315
v 0.9175408 -0.04170934 0.2804781
v 0.9127119 -0.05675967 0.2948576
v 0.9137728 -0.05085945 0.2888412
v 0.9148337 -0.04495922 0.2828248
v 0.9158945 -0.039059 0.2768084
v 0.9229551 -0.03520956 0.2757848
v 0.9300154 -0.03136012 0.2747611
v 0.9370759 -0.02751067 0.2737375
v 0.8421283 0.1698818 0.5798973
v 0.86451 0.1399819 0.5523355
v 0.8798181 0.1552454 0.5254604
v 0.8894691 -0.1497253 0.2432501
v 0.8881389 -0.1392177 0.2569635
v 0.8850459 -0.1381645 0.2505796
v 0.8859327 -0.1451695 0.2414374
v 0.8819529 -0.1371112 0.2441957
v 0.8823963 -0.1406138 0.2396246
v 0.8907992 -0.1602329 0.2295367
v 0.8868194 -0.1521746 0.2322951
v 0.8828396 -0.1441163 0.2350535
v 0.8788598 -0.136058 0.2378118
v 0.8815095 -0.1336087 0.2487669
v 0.8841591 -0.1311594 0.2597219
v 0.8868088 -0.1287101 0.2706769
v 0.4417412 -0.1106692 0.5735317
v 0.4188254 0.00204761 0.6227949
v 0.4115147 -0.08668657 0.6137255
v 0.4483281 -0.01656969 0.5838007
v 0.4473897 0.06027807 0.6355383
v 0.4771052 0.04080379 0.5971653
v 0.5030349 0.1261201 0.6423147
v 0.5337538 0.1047615 0.6043633
v 0.6181135 0.1845983 0.6298605
v 0.6461815 0.1617861 0.5926961
v 0.7459009 0.1913602 0.6061724
v 0.7707894 0.1683473 0.5690022
v 0.8363226 0.1640967 0.5902928
v 0.86451 0.1399819 0.5523355
v 0.4488996 -0.02337635 0.1894437
v 0.4102043 -0.1199375 0.1997143
v 0.4218127 -0.0205732 0.1894453
v 1.052153 -0.04671934 0.1745813
v 1.028805 -0.05048005 0.1642481
v 1.022566 -0.04731528 0.1809647
v 1.048282 -0.04369617 0.1925065
v 1.06553 -0.04860754 0.1775534
v 1.059979 -0.05902973 0.1643247
v 1.051668 -0.05785333 0.1624855
v 1.030305 -0.06138491 0.1527108
v 0.9903974 -0.04995047 0.2530998
v 1.028957 -0.0469936 0.259079
v 0.9804686 -0.05492633 0.2716449
v 1.022864 -0.05124792 0.2741707
v 1.03407 -0.05035531 0.2723143
v 1.04204 -0.04972558 0.2671326
v 1.046806 -0.04935778 0.2586577
v 1.063479 -0.0458316 0.195905
v 0.4102043 -0.1199375 0.1997143
v 0.4488996 -0.02337635 0.1894437
v 0.4423139 -0.1174757 0.1997123
v 0.5548757 0.2250863 0.3653296
v 0.5561588 0.2358723 0.3530771
v 0.5355268 0.2468024 0.3482432
v 0.5295801 0.2384869 0.3594031
v 0.5248248 0.2631895 0.3340018
v 0.514171 0.2620816 0.3388978
v 0.5281407 0.2787744 0.3157926
v 0.5194301 0.2867991 0.3100182
v 0.544208 0.2876041 0.3005709
v 0.5409905 0.2986476 0.2895923
v 0.5668892 0.286306 0.2941509
v 0.5681725 0.297092 0.2818984
v 0.5875214 0.2753759 0.2989848
v 0.593468 0.2836914 0.287825
v 0.5982233 0.2589888 0.3132263
v 0.6088771 0.2600967 0.3083303
v 0.5949074 0.2434039 0.3314355
v 0.6036181 0.2353792 0.3372099
v 0.5788402 0.2345743 0.3466572
v 0.5820577 0.2235307 0.3576358
v 0.5281407 0.2787744 0.3157926
v 0.5695869 0.3464381 0.3877959
v 0.5780364 0.3521231 0.3663938
v 0.544208 0.2876041 0.3005709
v 0.5922545 0.3442917 0.3490793
v 0.5668892 0.286306 0.2941509
v 0.6068102 0.3259355 0.3424656
v 0.5875214 0.2753759 0.2989848
v 0.6161439 0.3040659 0.3490793
v 0.5982233 0.2589888 0.3132263
v 0.6505275 0.3789656 0.4039638
v 0.6505275 0.3789656 0.3787527
v 0.6498341 0.3642481 0.3583564
v 0.6487122 0.3404346 0.3505658
v 0.6475904 0.3166211 0.3583564
v 0.6468969 0.3019035 0.3787526
v 0.6166903 0.2870362 0.3663937
v 0.5949074 0.2434039 0.3314355
v 0.8644964 0.1399799 0.349776
v 0.7710864 0.1905367 0.345905
v 0.8798062 0.1552437 0.3497751
v 0.7707741 0.1683451 0.3459052
v 0.641324 0.1784231 0.3616942
v 0.6461642 0.1617837 0.3616941
v 0.5196833 0.1228902 0.3773955
v 0.5337362 0.104759 0.3773949
v 0.456697 0.05003488 0.392195
v 0.4770906 0.04080157 0.3921937
v 0.4212287 -0.01376771 0.4158037
v 0.4483157 -0.01657089 0.4158019
v 0.4115147 -0.08668657 0.6137255
v 0.4042728 0.004559055 0.6089258
v 0.3922055 -0.08817698 0.5986799
v 0.4188254 0.00204761 0.6227949
v 0.4378606 0.06489538 0.6228872
v 0.4473897 0.06027807 0.6355383
v 0.4972269 0.135816 0.6306629
v 0.5030349 0.1261201 0.6423147
v 0.6163118 0.1900816 0.6194895
v 0.6181135 0.1845983 0.6298605
v 0.7430162 0.2018871 0.596105
v 0.7459009 0.1913602 0.6061724
v 0.8421283 0.1698818 0.5798973
v 0.8363226 0.1640967 0.5902928
v 0.6096524 -0.05096428 0.2284664
v 0.3011784 -0.09155273 0.2284854
v 0.2964659 -0.0557049 0.2284855
v 0.6112494 -0.08708641 0.2284663
v 0.3080242 -0.1286916 0.2284851
v 0.6148601 -0.1246821 0.2284661
v 0.6148642 -0.1246821 0.2928765
v 0.3011824 -0.09155237 0.2928958
v 0.3080283 -0.1286913 0.2928956
v 0.6112534 -0.08708642 0.2928768
v 0.29647 -0.05570453 0.2928959
v 0.6096565 -0.05096429 0.2928768
v 0.6100958 -0.06098233 0.2374639
v 0.6112494 -0.08708641 0.2284663
v 0.6096524 -0.05096428 0.2284664
v 0.6112499 -0.08708642 0.2374638
v 0.6148601 -0.1246821 0.2284661
v 0.613902 -0.1147001 0.2374637
v 0.610099 -0.06098235 0.2838793
v 0.6629321 -0.0842358 0.2838759
v 0.6696944 -0.05676348 0.2838755
v 0.6112529 -0.08708642 0.2838793
v 0.6735007 -0.1104812 0.2838753
v 0.6096565 -0.05096429 0.2928768
v 0.6112534 -0.08708642 0.2928768
v 0.613905 -0.1147001 0.2838791
v 0.6148642 -0.1246821 0.2928765
v 0.7661608 -0.1173745 0.2838693
v 0.7254069 -0.1234897 0.2838719
v 0.7469177 -0.1052839 0.2838705
v 0.7339293 -0.1446535 0.2838714
v 0.697364 -0.1254749 0.2838737
v 0.6919104 -0.1476281 0.2838741
v 0.6735007 -0.1104812 0.2838753
v 0.6561545 -0.1251621 0.2838764
v 0.6629321 -0.0842358 0.2838759
v 0.6403185 -0.08583663 0.2838774
v 0.6504514 -0.04467285 0.2838767
v 0.6912057 -0.03855772 0.2838741
v 0.6696944 -0.05676348 0.2838755
v 0.6826829 -0.01739387 0.2838746
v 0.7192484 -0.03657249 0.2838723
v 0.7247017 -0.0144193 0.2838719
v 0.7431116 -0.05156615 0.2838708
v 0.7604578 -0.03688534 0.2838696
v 0.7536805 -0.07781158 0.2838701
v 0.7762938 -0.07621072 0.2838686
v 0.6696914 -0.05676347 0.2374601
v 0.6912025 -0.0385577 0.2374587
v 0.7192454 -0.03657252 0.2374569
v 0.7431085 -0.05156615 0.2374554
v 0.7536777 -0.07781156 0.2374547
v 0.746915 -0.1052839 0.2374551
v 0.7254039 -0.1234897 0.2374565
v 0.697361 -0.1254749 0.2374583
v 0.6734976 -0.1104812 0.2374598
v 0.6629288 -0.0842358 0.2374605
v 0.613902 -0.1147001 0.2374637
v 0.6112499 -0.08708642 0.2374638
v 0.6100958 -0.06098233 0.2374639
v 0.7247048 -0.01441927 0.3346513
v 0.7604578 -0.03688534 0.2838696
v 0.7247017 -0.0144193 0.2838719
v 0.760461 -0.03688532 0.334649
v 0.7762938 -0.07621072 0.2838686
v 0.776297 -0.07621071 0.3346479
v 0.7661608 -0.1173745 0.2838693
v 0.766164 -0.1173745 0.3346485
v 0.7339293 -0.1446535 0.2838714
v 0.7339324 -0.1446535 0.3346506
v 0.6919104 -0.1476281 0.2838741
v 0.6919139 -0.1476281 0.3346533
v 0.6919139 -0.1476281 0.3346533
v 0.6561545 -0.1251621 0.2838764
v 0.6919104 -0.1476281 0.2838741
v 0.6561577 -0.1251621 0.3346556
v 0.6403185 -0.08583663 0.2838774
v 0.6403218 -0.08583663 0.3346567
v 0.6504514 -0.04467285 0.2838767
v 0.6504549 -0.04467286 0.334656
v 0.6826829 -0.01739387 0.2838746
v 0.6826861 -0.01739386 0.3346539
v 0.2755916 -0.1458707 0.3084926
v 0.3048423 -0.1233894 0.3466959
v 0.2755941 -0.1458706 0.3466979
v 0.3048399 -0.1233896 0.3084906
v 0.3153689 -0.08787878 0.346695
v 0.3153666 -0.08787901 0.3084897
v 0.3031534 -0.05290243 0.3466956
v 0.3031509 -0.05290265 0.3084903
v 0.2728614 -0.03182016 0.3466974
v 0.2728589 -0.03182038 0.3084921
v 0.236061 -0.03268488 0.3084945
v 0.2068152 -0.05516578 0.3467018
v 0.2360634 -0.03268467 0.3466998
v 0.2068128 -0.05516599 0.3084965
v 0.1962885 -0.0906764 0.3467026
v 0.1962861 -0.09067662 0.3084973
v 0.2085042 -0.1256528 0.3467021
v 0.2085018 -0.125653 0.3084967
v 0.2387962 -0.1467351 0.3467003
v 0.2387937 -0.1467353 0.3084949
v 0.2327991 -0.1669377 0.2135356
v 0.2084957 -0.1256536 0.2135369
v 0.2387878 -0.1467358 0.2135351
v 0.1918565 -0.1384429 0.2135381
v 0.19628 -0.09067716 0.2135375
v 0.1753459 -0.09116898 0.2135389
v 0.2068068 -0.05516654 0.2135366
v 0.1895738 -0.0431729 0.2135377
v 0.236055 -0.03268542 0.2135347
v 0.2291056 -0.0127875 0.213535
v 0.2788415 -0.01161906 0.2135318
v 0.3031449 -0.05290319 0.2135305
v 0.2728529 -0.03182091 0.2135323
v 0.3197841 -0.04011379 0.2135293
v 0.3153605 -0.08787954 0.2135299
v 0.3362946 -0.08738773 0.2135286
v 0.3048339 -0.1233902 0.2135308
v 0.3220669 -0.1353838 0.2135297
v 0.2755856 -0.1458713 0.2135327
v 0.282535 -0.1657692 0.2135324
v 0.1962885 -0.0906764 0.3467026
v 0.2085042 -0.1256528 0.3467021
v 0.2387962 -0.1467351 0.3467003
v 0.2755941 -0.1458706 0.3466979
v 0.3048423 -0.1233894 0.3466959
v 0.3153689 -0.08787878 0.346695
v 0.3031534 -0.05290243 0.3466956
v 0.2728614 -0.03182016 0.3466974
v 0.2360634 -0.03268467 0.3466998
v 0.2068152 -0.05516578 0.3467018
v 0.5949074 0.2434039 0.3314355
v 0.6166903 0.2870362 0.3663937
v 0.6082408 0.2813513 0.3877958
v 0.5788402 0.2345743 0.3466572
v 0.5940227 0.2891825 0.4051104
v 0.5561588 0.2358723 0.3530771
v 0.579467 0.3075387 0.411724
v 0.5355268 0.2468024 0.3482432
v 0.5701333 0.3294084 0.4051105
v 0.5248248 0.2631895 0.3340018
v 0.6468969 0.3019035 0.3787526
v 0.6468969 0.3019035 0.4039638
v 0.6475904 0.316621 0.4243599
v 0.6487124 0.3404345 0.4321505
v 0.6498342 0.3642479 0.4243599
v 0.6475904 0.316621 0.4243599
v 0.6718397 0.2932707 0.4550684
v 0.6740056 0.3392428 0.4701084
v 0.6487124 0.3404345 0.4321505
v 0.6761715 0.385215 0.4550684
v 0.6498342 0.3642479 0.4243599
v 0.67751 0.4136275 0.4156933
v 0.6505275 0.3789656 0.4039638
v 0.6775099 0.4136275 0.367023
v 0.6505275 0.3789656 0.3787527
v 0.6761712 0.3852152 0.327648
v 0.6498341 0.3642481 0.3583564
v 0.6740054 0.3392429 0.312608
v 0.6487122 0.3404346 0.3505658
v 0.6718395 0.2932708 0.327648
v 0.6475904 0.3166211 0.3583564
v 0.6705009 0.2648584 0.367023
v 0.6468969 0.3019035 0.3787526
v 0.6705009 0.2648584 0.4156933
v 0.6468969 0.3019035 0.4039638
v 0.7353345 0.3766729 0.3356055
v 0.7453204 0.3762025 0.3356055
v 0.7464917 0.4010662 0.3700626
v 0.7365058 0.4015366 0.3700625
v 0.7365059 0.4015366 0.4126537
v 0.7464919 0.4010662 0.4126538
v 0.7453208 0.3762024 0.4471109
v 0.7353348 0.3766729 0.4471108
v 0.7353348 0.3766729 0.4471108
v 0.7453208 0.3762024 0.4471109
v 0.7434254 0.3359723 0.4602723
v 0.7334394 0.3364427 0.4602722
v 0.7334394 0.3364427 0.4602722
v 0.7434254 0.3359723 0.4602723
v 0.74153 0.2957422 0.4471109
v 0.731544 0.2962126 0.4471108
v 0.731544 0.2962126 0.4471108
v 0.74153 0.2957422 0.4471109
v 0.7403584 0.2708786 0.4126538
v 0.7303724 0.271349 0.4126537
v 0.7303723 0.271349 0.3700625
v 0.7403582 0.2708786 0.3700626
v 0.7415298 0.2957422 0.3356055
v 0.7315438 0.2962127 0.3356055
v 0.7315438 0.2962127 0.3356055
v 0.7415298 0.2957422 0.3356055
v 0.7434251 0.3359724 0.322444
v 0.7334391 0.3364429 0.3224439
v 0.7334391 0.3364429 0.3224439
v 0.7434251 0.3359724 0.322444
v 0.7453204 0.3762025 0.3356055
v 0.7353345 0.3766729 0.3356055
v 0.7453208 0.3762024 0.4471109
v 0.7455913 0.3819444 0.4550684
v 0.7434254 0.3359723 0.4701082
v 0.7434254 0.3359723 0.4602723
v 0.7412595 0.2900001 0.4550684
v 0.74153 0.2957422 0.4471109
v 0.74153 0.2957422 0.4471109
v 0.7412595 0.2900001 0.4550684
v 0.7399206 0.2615878 0.4156933
v 0.7403584 0.2708786 0.4126538
v 0.7434251 0.3359724 0.322444
v 0.7434252 0.3359724 0.3126079
v 0.745591 0.3819446 0.327648
v 0.7453204 0.3762025 0.3356055
v 0.7469295 0.410357 0.367023
v 0.7464917 0.4010662 0.3700626
v 0.6761715 0.385215 0.4550684
v 0.7455913 0.3819444 0.4550684
v 0.7469296 0.410357 0.4156933
v 0.67751 0.4136275 0.4156933
v 0.7469295 0.410357 0.367023
v 0.6775099 0.4136275 0.367023
v 0.745591 0.3819446 0.327648
v 0.6761712 0.3852152 0.327648
v 0.7434252 0.3359724 0.3126079
v 0.6740054 0.3392429 0.312608
v 0.7412592 0.2900002 0.327648
v 0.6718395 0.2932708 0.327648
v 0.6718395 0.2932708 0.327648
v 0.7412592 0.2900002 0.327648
v 0.7399206 0.2615878 0.367023
v 0.6705009 0.2648584 0.367023
v 0.7399206 0.2615878 0.4156933
v 0.6705009 0.2648584 0.4156933
v 0.7412595 0.2900001 0.4550684
v 0.6718397 0.2932707 0.4550684
v 0.7434254 0.3359723 0.4701082
v 0.6740056 0.3392428 0.4701084
v 0.7602417 0.3354518 0.3907195
v 0.756003 0.315792 0.3685611
v 0.7565055 0.3264562 0.3623617
v 0.7570824 0.3387029 0.3610657
v 0.7576342 0.3504143 0.364897
v 0.7580653 0.3595654 0.3731934
v 0.7583014 0.364574 0.3845201
v 0.7583013 0.364574 0.396919
v 0.7580654 0.3595654 0.4082457
v 0.7576343 0.3504143 0.4165421
v 0.7570825 0.3387029 0.4203734
v 0.7565055 0.3264562 0.4190774
v 0.750087 0.3889722 0.4020463
v 0.749656 0.3798209 0.4227413
v 0.750087 0.3889722 0.3793928
v 0.7496558 0.3798211 0.3586977
v 0.748868 0.3631011 0.3435394
v 0.74786 0.3417034 0.3365391
v 0.7308474 0.2734381 0.3623615
v 0.7316447 0.2903625 0.338907
v 0.7458878 0.299843 0.3502338
v 0.7468058 0.3193277 0.3389071
v 0.7328194 0.3152984 0.3244113
v 0.7341687 0.3439342 0.3213809
v 0.7354588 0.3713184 0.3303397
v 0.7364669 0.3927162 0.3497387
v 0.7452648 0.2866184 0.3685611
v 0.7556621 0.308554 0.3785917
v 0.7450445 0.2819407 0.3907195
v 0.7555415 0.3059937 0.3907196
v 0.7560031 0.315792 0.4128781
v 0.7556621 0.308554 0.4028474
v 0.7452648 0.2866184 0.4128781
v 0.7308472 0.2734381 0.4190774
v 0.7305652 0.2674516 0.3907194
v 0.745888 0.299843 0.4312052
v 0.746806 0.3193276 0.4425319
v 0.7478603 0.3417032 0.4448999
v 0.7488683 0.3631009 0.4378996
v 0.7370187 0.4044276 0.3762237
v 0.7370187 0.4044276 0.4052152
v 0.7364671 0.3927161 0.4317002
v 0.7354589 0.3713183 0.4510992
v 0.7341688 0.3439341 0.4600581
v 0.7328197 0.3152983 0.4570276
v 0.7316449 0.2903625 0.4425319
v -0.8527738 0.2900635 0.1675547
v -0.8441231 0.2914849 0.1610657
v -0.8433579 0.2813246 -7.608563E-09
v -0.8521756 0.2791253 -7.604961E-09
v -0.6354079 0.3664006 0.09812497
v -0.7523677 0.3261435 0.1197292
v -0.594694 0.4096704 0.09247584
v -0.5861529 0.4071772 0.08496784
v -0.8521756 0.2791253 -7.604961E-09
v -0.9367573 0.2519054 -7.564277E-09
v -0.8671519 0.2842858 0.2630815
v -0.8527738 0.2900635 0.1675547
v -0.7454224 0.3354449 0.2110929
v -0.7525502 0.329069 0.1246632
v -0.5899242 0.4160667 0.1729331
v -0.594694 0.4096704 0.09247584
v -0.9396771 0.2453633 -7.557154E-09
v -0.7563284 0.2378589 -7.577808E-09
v -0.7504824 0.2402588 0.249182
v -0.869565 0.2772381 0.2693481
v -0.5807506 0.4132516 0.1777326
v -0.5899242 0.4160667 0.1729331
v -0.7454224 0.3354449 0.2110929
v -0.7433997 0.3333452 0.215945
v -0.8671519 0.2842858 0.2630815
v -0.869565 0.2772381 0.2693481
v -0.6619899 0.3386922 0.2183426
v -0.5727829 0.4049129 0.178847
v -0.7504824 0.2402588 0.249182
v -0.0434235 -0.1056375 0.5921126
v -0.07084536 -0.1034172 0.615809
v -0.07466276 -0.1216945 0.6117908
v -0.04724091 -0.1239147 0.5880942
v -0.07298207 -0.1406668 0.6170382
v -0.04556021 -0.1428871 0.5933418
v -0.04556021 -0.1428871 0.5933418
v -0.07298207 -0.1406668 0.6170382
v -0.06644528 -0.1530349 0.6295399
v -0.03902341 -0.1552551 0.6058435
v -0.05757459 -0.1540945 0.6444811
v -0.03015272 -0.1563148 0.6207846
v -0.04974283 -0.1434853 0.656186
v -0.02232102 -0.1457056 0.6324896
v -0.02232102 -0.1457056 0.6324896
v -0.04974283 -0.1434853 0.656186
v -0.04592536 -0.1252081 0.6602043
v -0.01850355 -0.1274283 0.6365079
v -0.04760613 -0.1062357 0.6549568
v -0.02018432 -0.108456 0.6312603
v -0.02018432 -0.108456 0.6312603
v -0.04760613 -0.1062357 0.6549568
v -0.05414295 -0.09386762 0.642455
v -0.0267211 -0.09608788 0.6187586
v -0.06301358 -0.09280798 0.627514
v -0.03559173 -0.09502823 0.6038176
v -0.07084536 -0.1034172 0.615809
v -0.0434235 -0.1056375 0.5921126
v -0.06644528 -0.1530349 0.6295399
v -0.06853973 -0.161454 0.6271283
v -0.05685679 -0.1628495 0.6468062
v -0.05757459 -0.1540945 0.6444811
v -0.04648531 -0.1487999 0.6623068
v -0.04974283 -0.1434853 0.656186
v -0.0415648 -0.1252416 0.6674861
v -0.04592536 -0.1252081 0.6602043
v -0.04368886 -0.1012655 0.6608548
v -0.04760613 -0.1062357 0.6549568
v -0.05204849 -0.08544856 0.6448668
v -0.05414295 -0.09386762 0.642455
v -0.06373134 -0.08405298 0.6251891
v -0.06301358 -0.09280798 0.627514
v -0.07410286 -0.09810262 0.6096882
v -0.07084536 -0.1034172 0.615809
v -0.0790233 -0.1216609 0.6045088
v -0.07466276 -0.1216945 0.6117908
v -0.07689933 -0.1456371 0.6111404
v -0.07298207 -0.1406668 0.6170382
v -0.07410286 -0.09810262 0.6096882
v -0.01398974 -0.1061526 0.5550247
v -0.02064535 -0.1297428 0.5526083
v -0.0790233 -0.1216609 0.6045088
v -0.01582658 -0.1536695 0.5577733
v -0.07689933 -0.1456371 0.6111404
v -0.001337062 -0.169374 0.5686193
v -0.06853973 -0.161454 0.6271283
v 0.01773261 -0.1706342 0.5812769
v -0.05685679 -0.1628495 0.6468062
v 0.0337904 -0.1564803 0.590668
v -0.04648531 -0.1487999 0.6623068
v -0.04648531 -0.1487999 0.6623068
v 0.0337904 -0.1564803 0.590668
v 0.04044606 -0.1328903 0.5930843
v -0.0415648 -0.1252416 0.6674861
v 0.03562723 -0.1089635 0.5879195
v -0.04368886 -0.1012655 0.6608548
v 0.02113766 -0.09325897 0.5770736
v -0.05204849 -0.08544856 0.6448668
v 0.002068141 -0.09199878 0.564416
v -0.06373134 -0.08405298 0.6251891
v -0.001337062 -0.169374 0.5686193
v 0.004063697 -0.1620108 0.5656062
v 0.0189236 -0.1629928 0.5754697
v 0.01773261 -0.1706342 0.5812769
v 0.03137527 -0.1520174 0.5827518
v 0.0337904 -0.1564803 0.590668
v 0.03666267 -0.133277 0.5846714
v 0.04044606 -0.1328903 0.5930843
v 0.03276614 -0.1139297 0.580495
v 0.03562723 -0.1089635 0.5879195
v 0.02117403 -0.1013655 0.5718179
v 0.02113766 -0.09325897 0.5770736
v 0.006314184 -0.1003835 0.5619546
v 0.002068141 -0.09199878 0.564416
v -0.006137538 -0.1113588 0.5546724
v -0.01398974 -0.1061526 0.5550247
v -0.0114249 -0.1300993 0.5527527
v -0.02064535 -0.1297428 0.5526083
v -0.007528424 -0.1494466 0.5569292
v -0.01582658 -0.1536695 0.5577733
v 0.006314184 -0.1003835 0.5619546
v 0.02180854 -0.1025015 0.5383908
v 0.009356821 -0.1134769 0.5311087
v -0.006137538 -0.1113588 0.5546724
v 0.004069475 -0.1322173 0.5291891
v -0.0114249 -0.1300993 0.5527527
v 0.007965971 -0.1515647 0.5333655
v -0.007528424 -0.1494466 0.5569292
v 0.01955809 -0.1641288 0.5420426
v 0.004063697 -0.1620108 0.5656062
v 0.03290494 -0.1043167 0.5159248
v 0.01909822 -0.1153168 0.5117878
v 0.01351418 -0.1340627 0.5112072
v 0.01828569 -0.153394 0.5144051
v 0.03159022 -0.1659268 0.5201597
v 0.04834599 -0.1668741 0.5262733
v 0.03441802 -0.1651108 0.5519059
v 0.0189236 -0.1629928 0.5754697
v 0.3220669 -0.1353838 0.2135297
v 0.3363007 -0.08738719 0.3084884
v 0.3220729 -0.1353833 0.3084895
v 0.3362946 -0.08738773 0.2135286
v 0.3197901 -0.04011324 0.3084891
v 0.3197841 -0.04011379 0.2135293
v 0.1895738 -0.0431729 0.2135377
v 0.1753519 -0.09116844 0.3084987
v 0.1895798 -0.04317236 0.3084975
v 0.1753459 -0.09116898 0.2135389
v 0.1918625 -0.1384424 0.3084979
v 0.1918565 -0.1384429 0.2135381
v 0.2328051 -0.1669371 0.3084954
v 0.2327991 -0.1669377 0.2135356
v 0.2825411 -0.1657687 0.3084922
v 0.282535 -0.1657692 0.2135324
v 0.7603501 0.03312826 -0.6191738
v 0.7114317 0.02469073 -0.5992655
v 0.7113935 0.04304881 -0.6191738
v 0.6695039 0.01642498 -0.5992655
v 0.6624777 0.03340542 -0.6191738
v 0.6339942 -0.007351627 -0.5992655
v 0.6210496 0.005666141 -0.6191738
v 0.6097391 -0.04037793 -0.5992655
v 0.5934163 -0.03594601 -0.6191737
v 0.6020529 -0.08514753 -0.5992655
v 0.5837848 -0.08509579 -0.6191737
v 0.6104841 -0.1273232 -0.5992654
v 0.5936213 -0.1343008 -0.6191737
v 0.6343187 -0.1631253 -0.5992654
v 0.6214283 -0.1760699 -0.6191736
v 0.669928 -0.1871032 -0.5992653
v 0.6629724 -0.2040441 -0.6191736
v 0.7118908 -0.1956066 -0.5992653
v 0.711929 -0.2139647 -0.6191736
v 0.7538186 -0.1873408 -0.5992653
v 0.7608449 -0.2043213 -0.6191736
v 0.7893284 -0.1635643 -0.5992653
v 0.8022729 -0.176582 -0.6191736
v 0.813014 -0.1278968 -0.5992653
v 0.8299062 -0.1349699 -0.6191736
v 0.8212697 -0.08576833 -0.5992655
v 0.8395377 -0.08582008 -0.6191737
v 0.8128384 -0.04359264 -0.5992655
v 0.8297013 -0.0366151 -0.6191737
v 0.7890038 -0.007790585 -0.5992655
v 0.8018943 0.00515399 -0.6191737
v 0.7533946 0.01618737 -0.5992655
v 0.4098243 -0.1141127 -0.5362798
v 0.3924001 -0.08915857 -0.5883001
v 0.4117091 -0.08766816 -0.6033458
v 0.0189236 -0.1629928 0.5754697
v 0.03441802 -0.1651108 0.5519059
v 0.04686971 -0.1541355 0.5591881
v 0.03137527 -0.1520174 0.5827518
v 0.0521571 -0.1353951 0.5611076
v 0.03666267 -0.133277 0.5846714
v 0.04826055 -0.1160477 0.5569313
v 0.03276614 -0.1139297 0.580495
v 0.03666843 -0.1034835 0.5482543
v 0.02117403 -0.1013655 0.5718179
v 0.04834599 -0.1668741 0.5262733
v 0.06215269 -0.1558739 0.5304105
v 0.06773672 -0.137128 0.530991
v 0.06296517 -0.1177967 0.5277932
v 0.04966058 -0.1052639 0.5220383
v 0.03290494 -0.1043167 0.5159248
v 0.02820745 -0.1121828 0.3822153
v 0.01464261 -0.1241658 0.3841639
v 0.01909822 -0.1153168 0.5117878
v 0.009826334 -0.1430494 0.3822724
v 0.01351418 -0.1340627 0.5112072
v 0.01559826 -0.1616207 0.3772632
v 0.01828569 -0.153394 0.5144051
v 0.02975371 -0.1727859 0.3710498
v 0.03159022 -0.1659268 0.5201597
v 0.04688584 -0.1722804 0.3660054
v 0.04834599 -0.1668741 0.5262733
v 0.04834599 -0.1668741 0.5262733
v 0.04688584 -0.1722804 0.3660054
v 0.06045066 -0.1602973 0.3640568
v 0.06215269 -0.1558739 0.5304105
v 0.06526697 -0.1414137 0.3659483
v 0.06773672 -0.137128 0.530991
v 0.05949501 -0.1228425 0.3709574
v 0.06296517 -0.1177967 0.5277932
v 0.04533954 -0.1116773 0.3771708
v 0.04966058 -0.1052639 0.5220383
v 0.02820745 -0.1121828 0.3822153
v 0.02457418 -0.1023344 0.3736632
v 0.008517062 -0.1092208 0.3698201
v 0.01464261 -0.1241658 0.3841639
v -0.0009009889 -0.1192721 0.3569764
v 0.009826334 -0.1430494 0.3822724
v -8.253694E-05 -0.1286492 0.3400376
v 0.01559826 -0.1616207 0.3772632
v 0.01065974 -0.1337702 0.325474
v 0.02975371 -0.1727859 0.3710498
v 0.02722267 -0.1326791 0.3188483
v 0.04688584 -0.1722804 0.3660054
v 0.04688584 -0.1722804 0.3660054
v 0.02722267 -0.1326791 0.3188483
v 0.04327981 -0.1257927 0.3226913
v 0.06045066 -0.1602973 0.3640568
v 0.05269786 -0.1157414 0.3355351
v 0.06526697 -0.1414137 0.3659483
v 0.05187943 -0.1063644 0.3524738
v 0.05949501 -0.1228425 0.3709574
v 0.04113713 -0.1012434 0.3670374
v 0.04533954 -0.1116773 0.3771708
v -0.03559173 -0.09502823 0.6038176
v -0.0434235 -0.1056375 0.5921126
v -0.04724091 -0.1239147 0.5880942
v -0.04556021 -0.1428871 0.5933418
v -0.03902341 -0.1552551 0.6058435
v -0.03015272 -0.1563148 0.6207846
v -0.02232102 -0.1457056 0.6324896
v -0.01850355 -0.1274283 0.6365079
v -0.02018432 -0.108456 0.6312603
v -0.0267211 -0.09608788 0.6187586
v 0.02457418 -0.1023344 0.3736632
v 0.003306233 -0.02714307 0.3729941
v -0.01278084 -0.0312954 0.3668865
v 0.008517062 -0.1092208 0.3698201
v -0.02228093 -0.03385358 0.3522252
v -0.0009009889 -0.1192721 0.3569764
v -0.02156532 -0.03384047 0.3346108
v -8.253694E-05 -0.1286492 0.3400376
v -0.01090737 -0.03126107 0.3207711
v 0.01065974 -0.1337702 0.325474
v 0.005621953 -0.02710062 0.3159925
v 0.02722267 -0.1326791 0.3188483
v 0.02722267 -0.1326791 0.3188483
v 0.005621953 -0.02710062 0.3159925
v 0.02170905 -0.02294829 0.3221003
v 0.04327981 -0.1257927 0.3226913
v 0.03120915 -0.02039012 0.3367613
v 0.05269786 -0.1157414 0.3355351
v 0.03049356 -0.02040323 0.3543758
v 0.05187943 -0.1063644 0.3524738
v 0.0198356 -0.02298263 0.3682155
v 0.04113713 -0.1012434 0.3670374
v -0.159933 -0.1132727 0.5937939
v -0.1873548 -0.1110524 0.6174904
v -0.1911723 -0.1293297 0.6134721
v -0.1637504 -0.1315499 0.5897755
v -0.1894915 -0.148302 0.6187196
v -0.1620697 -0.1505223 0.5950232
v -0.1620697 -0.1505223 0.5950232
v -0.1894915 -0.148302 0.6187196
v -0.1829547 -0.1606701 0.6312212
v -0.1555329 -0.1628904 0.6075249
v -0.1740841 -0.1617298 0.6461624
v -0.1466622 -0.16395 0.622466
v -0.1662523 -0.1511205 0.6578673
v -0.1388305 -0.1533408 0.6341709
v -0.1388305 -0.1533408 0.6341709
v -0.1662523 -0.1511205 0.6578673
v -0.1624349 -0.1328432 0.6618856
v -0.135013 -0.1350635 0.6381892
v -0.1641156 -0.1138709 0.6566381
v -0.1366938 -0.1160912 0.6329417
v -0.1366938 -0.1160912 0.6329417
v -0.1641156 -0.1138709 0.6566381
v -0.1706524 -0.1015028 0.6441363
v -0.1432306 -0.1037231 0.6204399
v -0.1795231 -0.1004432 0.6291953
v -0.1521012 -0.1026634 0.605499
v -0.1873548 -0.1110524 0.6174904
v -0.159933 -0.1132727 0.5937939
v -0.1829547 -0.1606701 0.6312212
v -0.1850493 -0.1690892 0.6288096
v -0.1733663 -0.1704847 0.6484875
v -0.1740841 -0.1617298 0.6461624
v -0.1629948 -0.1564351 0.6639881
v -0.1662523 -0.1511205 0.6578673
v -0.1580743 -0.1328768 0.6691674
v -0.1624349 -0.1328432 0.6618856
v -0.1601984 -0.1089007 0.6625361
v -0.1641156 -0.1138709 0.6566381
v -0.168558 -0.09308376 0.6465482
v -0.1706524 -0.1015028 0.6441363
v -0.1802408 -0.09168817 0.6268704
v -0.1795231 -0.1004432 0.6291953
v -0.1906123 -0.1057378 0.6113696
v -0.1873548 -0.1110524 0.6174904
v -0.1955328 -0.1292961 0.6061901
v -0.1911723 -0.1293297 0.6134721
v -0.1934088 -0.1532722 0.6128218
v -0.1894915 -0.148302 0.6187196
v -0.1906123 -0.1057378 0.6113696
v -0.1304992 -0.1137878 0.556706
v -0.1371548 -0.1373779 0.5542896
v -0.1955328 -0.1292961 0.6061901
v -0.1323361 -0.1613047 0.5594546
v -0.1934088 -0.1532722 0.6128218
v -0.1178466 -0.1770093 0.5703006
v -0.1850493 -0.1690892 0.6288096
v -0.0987769 -0.1782694 0.5829582
v -0.1733663 -0.1704847 0.6484875
v -0.08271912 -0.1641155 0.5923494
v -0.1629948 -0.1564351 0.6639881
v -0.1629948 -0.1564351 0.6639881
v -0.08271912 -0.1641155 0.5923494
v -0.07606345 -0.1405254 0.5947657
v -0.1580743 -0.1328768 0.6691674
v -0.08088228 -0.1165987 0.5896008
v -0.1601984 -0.1089007 0.6625361
v -0.09537186 -0.1008942 0.578755
v -0.168558 -0.09308376 0.6465482
v -0.1144414 -0.09963396 0.5660974
v -0.1802408 -0.09168817 0.6268704
v -0.1178466 -0.1770093 0.5703006
v -0.1124458 -0.169646 0.5672876
v -0.0975859 -0.170628 0.5771511
v -0.0987769 -0.1782694 0.5829582
v -0.08513424 -0.1596526 0.5844331
v -0.08271912 -0.1641155 0.5923494
v -0.07984684 -0.1409122 0.5863528
v -0.07606345 -0.1405254 0.5947657
v -0.08374337 -0.1215649 0.5821764
v -0.08088228 -0.1165987 0.5896008
v -0.09533547 -0.1090007 0.5734993
v -0.09537186 -0.1008942 0.578755
v -0.1101953 -0.1080187 0.5636359
v -0.1144414 -0.09963396 0.5660974
v -0.122647 -0.118994 0.5563537
v -0.1304992 -0.1137878 0.556706
v -0.1279344 -0.1377344 0.554434
v -0.1371548 -0.1373779 0.5542896
v -0.1240379 -0.1570818 0.5586106
v -0.1323361 -0.1613047 0.5594546
v -0.1101953 -0.1080187 0.5636359
v -0.09470095 -0.1101367 0.5400722
v -0.1071527 -0.1211121 0.53279
v -0.122647 -0.118994 0.5563537
v -0.11244 -0.1398525 0.5308704
v -0.1279344 -0.1377344 0.554434
v -0.1085435 -0.1591998 0.5350469
v -0.1240379 -0.1570818 0.5586106
v -0.09695143 -0.171764 0.5437239
v -0.1124458 -0.169646 0.5672876
v -0.08360456 -0.1119519 0.5176062
v -0.09741127 -0.122952 0.5134691
v -0.1029953 -0.1416979 0.5128885
v -0.09822379 -0.1610292 0.5160865
v -0.08491928 -0.173562 0.5218411
v -0.06816351 -0.1745093 0.5279547
v -0.08209147 -0.172746 0.5535873
v -0.0975859 -0.170628 0.5771511
v 0.4117091 -0.08766816 -0.6033458
v 0.4419357 -0.1116507 -0.5631519
v 0.4098243 -0.1141127 -0.5362798
v -0.0975859 -0.170628 0.5771511
v -0.08209147 -0.172746 0.5535873
v -0.06963982 -0.1617707 0.5608695
v -0.08513424 -0.1596526 0.5844331
v -0.06435242 -0.1430302 0.562789
v -0.07984684 -0.1409122 0.5863528
v -0.06824895 -0.1236829 0.5586126
v -0.08374337 -0.1215649 0.5821764
v -0.07984108 -0.1111187 0.5499356
v -0.09533547 -0.1090007 0.5734993
v -0.06816351 -0.1745093 0.5279547
v -0.05435682 -0.1635091 0.5320919
v -0.04877279 -0.1447632 0.5326723
v -0.05354434 -0.1254319 0.5294745
v -0.06684893 -0.1128991 0.5237197
v -0.08360456 -0.1119519 0.5176062
v -0.08830207 -0.1198179 0.3838967
v -0.1018669 -0.131801 0.3858452
v -0.09741127 -0.122952 0.5134691
v -0.1066832 -0.1506847 0.3839537
v -0.1029953 -0.1416979 0.5128885
v -0.1009113 -0.1692559 0.3789446
v -0.09822379 -0.1610292 0.5160865
v -0.0867558 -0.1804211 0.3727312
v -0.08491928 -0.173562 0.5218411
v -0.06962367 -0.1799157 0.3676867
v -0.06816351 -0.1745093 0.5279547
v -0.06816351 -0.1745093 0.5279547
v -0.06962367 -0.1799157 0.3676867
v -0.05605884 -0.1679326 0.3657382
v -0.05435682 -0.1635091 0.5320919
v -0.05124253 -0.149049 0.3676296
v -0.04877279 -0.1447632 0.5326723
v -0.05701449 -0.1304777 0.3726387
v -0.05354434 -0.1254319 0.5294745
v -0.07116996 -0.1193125 0.3788522
v -0.06684893 -0.1128991 0.5237197
v -0.08830207 -0.1198179 0.3838967
v -0.09193534 -0.1099696 0.3753446
v -0.1079925 -0.116856 0.3715015
v -0.1018669 -0.131801 0.3858452
v -0.1174105 -0.1269073 0.3586577
v -0.1066832 -0.1506847 0.3839537
v -0.116592 -0.1362844 0.3417189
v -0.1009113 -0.1692559 0.3789446
v -0.1058498 -0.1414053 0.3271553
v -0.0867558 -0.1804211 0.3727312
v -0.08928683 -0.1403143 0.3205296
v -0.06962367 -0.1799157 0.3676867
v -0.06962367 -0.1799157 0.3676867
v -0.08928683 -0.1403143 0.3205296
v -0.07322969 -0.1334279 0.3243726
v -0.05605884 -0.1679326 0.3657382
v -0.06381164 -0.1233766 0.3372165
v -0.05124253 -0.149049 0.3676296
v -0.06463006 -0.1139996 0.3541552
v -0.05701449 -0.1304777 0.3726387
v -0.07537238 -0.1088786 0.3687188
v -0.07116996 -0.1193125 0.3788522
v -0.09193534 -0.1099696 0.3753446
v -0.1132033 -0.03477827 0.3746755
v -0.1292903 -0.0389306 0.3685678
v -0.1079925 -0.116856 0.3715015
v -0.1387904 -0.04148878 0.3539066
v -0.1174105 -0.1269073 0.3586577
v -0.1380748 -0.04147568 0.3362922
v -0.116592 -0.1362844 0.3417189
v -0.1274169 -0.03889627 0.3224525
v -0.1058498 -0.1414053 0.3271553
v -0.1108875 -0.03473582 0.3176739
v -0.08928683 -0.1403143 0.3205296
v -0.08928683 -0.1403143 0.3205296
v -0.1108875 -0.03473582 0.3176739
v -0.09480045 -0.03058349 0.3237816
v -0.07322969 -0.1334279 0.3243726
v -0.08530035 -0.02802532 0.3384427
v -0.06381164 -0.1233766 0.3372165
v -0.08601595 -0.02803843 0.3560572
v -0.06463006 -0.1139996 0.3541552
v -0.09667393 -0.03061783 0.3698969
v -0.07537238 -0.1088786 0.3687188
v -0.8204753 0.07019603 0.05485991
v -0.8194151 0.08571813 0.06151471
v -0.9193942 0.08404924 0.06129851
v -0.9204546 0.06852713 0.05464372
v -0.8194151 0.08571813 0.06151471
v -0.8193297 0.08571543 0.1895742
v -0.9193088 0.08404651 0.189358
v -0.9193942 0.08404924 0.06129851
v -0.8193297 0.08571543 0.1895742
v -0.8211933 0.06886362 0.1995658
v -0.9211727 0.06719474 0.1993496
v -0.9193088 0.08404651 0.189358
v -0.8211933 0.06886362 0.1995658
v -0.8190182 0.05142346 0.1908191
v -0.9189974 0.04975456 0.1906029
v -0.9211727 0.06719474 0.1993496
v -0.8190182 0.05142346 0.1908191
v -0.8190598 0.05142035 0.06499343
v -0.9190391 0.04975146 0.06477723
v -0.9189974 0.04975456 0.1906029
v -0.8190598 0.05142035 0.06499343
v -0.8204753 0.07019603 0.05485991
v -0.9204546 0.06852713 0.05464372
v -0.9190391 0.04975146 0.06477723
v -0.9116119 0.06742462 0.04134173
v -0.9103089 0.09690203 0.0539585
v -0.7749516 0.1068289 0.04978812
v -0.7763545 0.06896994 0.03358982
v -0.9103089 0.09690203 0.0539585
v -0.9102507 0.09690128 0.1956176
v -0.7749098 0.1068291 0.1996065
v -0.7749516 0.1068289 0.04978812
v -0.9102507 0.09690128 0.1956176
v -0.9123059 0.06740189 0.2130637
v -0.7770426 0.06973469 0.2215325
v -0.7749098 0.1068291 0.1996065
v -0.9123059 0.06740189 0.2130637
v -0.9097825 0.03614414 0.1974464
v -0.7743365 0.03017754 0.2017857
v -0.7770426 0.06973469 0.2215325
v -0.844782 0.07170884 0.02020795
v -0.7987459 0.07639326 0.01452461
v -0.7951255 0.01240873 0.03458952
v -0.8415098 0.01515854 0.04027285
v -0.7951252 0.01240875 0.2151634
v -0.8415105 0.01515837 0.2110695
v -0.7985745 0.08607822 0.2450112
v -0.8453405 0.06828251 0.2347045
v -0.7962934 0.1397062 0.2204465
v -0.8426247 0.1275449 0.2145086
v -0.7962935 0.1397063 0.03008107
v -0.8426316 0.1275448 0.0357644
v -0.7987459 0.07639326 0.01452461
v -0.844782 0.07170884 0.02020795
v -0.7985745 0.08607822 0.2450112
v -0.7984487 0.08269611 0.2589691
v -0.7955943 0.1581858 0.26142
v -0.7962934 0.1397062 0.2204465
v -0.7951252 0.01240875 0.2151634
v -0.7942563 -0.005964713 0.2362193
v -0.7951255 0.01240873 0.03458952
v -0.7942566 -0.005964725 8.529465E-08
v -0.7987459 0.07639326 0.01452461
v -0.7984492 0.08269618 -7.413782E-09
v -0.7962935 0.1397063 0.03008107
v -0.7955946 0.1581858 -7.490856E-09
v -0.7745169 0.204383 0.2102575
v -0.7745173 0.204383 -7.540995E-09
v -0.7955943 0.1581858 0.2156715
v -0.7477267 0.2424838 0.2026151
v -0.7524808 0.2405524 -7.58112E-09
v 0.8657676 0.1409989 -0.5419561
v 0.8354321 0.1651057 -0.5799134
v 0.8416771 0.1708925 -0.5695179
v -0.8193297 0.08571543 0.1895742
v -0.8194151 0.08571813 0.06151471
v -0.8204753 0.07019603 0.05485991
v -0.8211933 0.06886362 0.1995658
v -0.8190598 0.05142035 0.06499343
v -0.8190182 0.05142346 0.1908191
v 0.985164 -0.03489456 0.2691432
v 1.029798 -0.04498734 0.1649721
v 1.034276 -0.03941404 0.1556069
v 1.036 -0.03059541 0.152869
v 1.03568 -0.03929278 0.1489227
v 1.007516 -0.1597359 0.1018328
v 1.034106 -0.04609435 -7.565228E-09
v 1.035198 -0.0462239 0.1208066
v 1.03442 -0.04999499 0.1375112
v 1.031709 -0.06126364 0.1460266
v 1.035412 -0.04450227 0.1382352
v 1.035198 -0.0462239 0.1208066
v 1.034106 -0.04609435 -7.565228E-09
v 1.034313 -0.03032683 -7.581266E-09
v 1.002542 -0.1653652 0.1358368
v 1.009417 -0.1446017 0.1387096
v 1.00193 -0.155886 0.146313
v 1.011008 -0.1446094 0.1320798
v 1.015657 -0.1258136 0.1386901
v 1.027065 -0.08002987 0.1463529
v 1.030305 -0.06138491 0.1527108
v 1.028805 -0.05048005 0.1642481
v 1.008295 -0.1559168 0.1197941
v 1.006576 -0.1611077 0.1190759
v 1.008441 -0.1601026 -7.445463E-09
v 1.001734 -0.1731256 -7.43125E-09
v 1.004134 -0.1653729 0.1292071
v 1.000189 -0.1725315 0.1322263
v 1.000211 -0.1610769 0.1455948
v 0.9931952 -0.1596667 0.1615003
v 0.9452353 -0.1381242 0.2718522
v 0.9564611 -0.1245712 0.2650061
v 0.9650438 -0.08948994 0.2764791
v 0.9425028 -0.1572397 0.2619419
v 0.9534923 -0.1441406 0.2549128
v 0.9452486 -0.1687089 0.2470758
v 0.9560795 -0.1558688 0.2399972
v 0.9534725 -0.1725319 0.2272539
v 0.9642227 -0.1597558 0.2202593
v 1.022566 -0.04731528 0.1809647
v 0.9903974 -0.04995047 0.2530998
v 0.9754941 -0.03978659 0.2876451
v 0.9804686 -0.05492633 0.2716449
v 0.9673117 -0.05270127 0.2955128
v 0.9720175 -0.06810615 0.279438
v 0.9606169 -0.07363862 0.2927463
v 1.034313 -0.03032683 -7.581266E-09
v 0.9883707 -0.02916481 -7.575409E-09
v 0.9900149 -0.02964144 0.1528691
v 1.036 -0.03059541 0.152869
v 0.9370759 -0.02751067 0.2737375
v 0.985164 -0.03489456 0.2691432
v 0.9289545 -0.03726034 0.2807775
v 0.9754941 -0.03978659 0.2876451
v 0.9754941 -0.03978659 0.2876451
v 0.9289545 -0.03726034 0.2807775
v 0.9208332 -0.04701 0.2878175
v 0.9673117 -0.05270127 0.2955128
v 0.9127119 -0.05675967 0.2948576
v 0.9606169 -0.07363862 0.2927463
v 0.8868088 -0.1287101 0.2706769
v 0.9452353 -0.1381242 0.2718522
v 0.8881389 -0.1392177 0.2569635
v 0.9425028 -0.1572397 0.2619419
v 0.9425028 -0.1572397 0.2619419
v 0.8881389 -0.1392177 0.2569635
v 0.8894691 -0.1497253 0.2432501
v 0.9452486 -0.1687089 0.2470758
v 0.8907992 -0.1602329 0.2295367
v 0.9534725 -0.1725319 0.2272539
v 0.9366153 -0.1659994 0.1322263
v 1.000189 -0.1725315 0.1322263
v 0.9380824 -0.1667818 -7.427887E-09
v 1.001734 -0.1731256 -7.43125E-09
v 0.9063631 -0.05434127 0.2413563
v 0.9158945 -0.039059 0.2768084
v 0.9229551 -0.03520956 0.2757848
v 0.9300154 -0.03136012 0.2747611
v 0.9370759 -0.02751067 0.2737375
v 0.9900149 -0.02964144 0.1528691
v 0.8808071 -0.1201581 0.2215103
v 0.9127119 -0.05675967 0.2948576
v 0.9137728 -0.05085945 0.2888412
v 0.9148337 -0.04495922 0.2828248
v 0.9158945 -0.039059 0.2768084
v 0.8808071 -0.1201581 0.2215103
v 0.8788598 -0.136058 0.2378118
v 0.8815095 -0.1336087 0.2487669
v 0.8841591 -0.1311594 0.2597219
v 0.8868088 -0.1287101 0.2706769
v 0.9127119 -0.05675967 0.2948576
v 0.9297036 -0.1425934 0.1133608
v 0.8907992 -0.1602329 0.2295367
v 0.8868194 -0.1521746 0.2322951
v 0.8828396 -0.1441163 0.2350535
v 0.8788598 -0.136058 0.2378118
v 0.2438975 0.3170372 0.3106303
v 0.2424492 0.3145547 0.2789571
v 0.0969862 0.3180217 0.3279591
v 0.09830479 0.3175642 0.3657316
v 0.007711009 0.321426 0.3344686
v 0.009021389 0.3209812 0.3728667
v -0.09572303 0.3248868 0.3409781
v -0.09441257 0.3244419 0.3800019
v -0.259211 0.3392172 0.358772
v -0.2580996 0.3387818 0.386112
v -0.3611519 0.3556419 0.3190993
v -0.3610012 0.3553139 0.3442155
v 0.1002046 0.31545 0.3732078
v 0.2552572 0.3148381 0.3104901
v 0.01040457 0.3187124 0.3801883
v -0.09354607 0.3220186 0.3871689
v -0.2586063 0.3360743 0.3930172
v -0.3690276 0.3537751 0.3451041
v 0.1233376 0.299988 0.3832659
v 0.02124358 0.3034094 0.3918658
v -0.09500098 0.3068746 0.4004655
v -0.2702934 0.3195562 0.4076113
v -0.3798193 0.3439339 0.3502432
v -0.372695 0.355689 0.3360007
v -0.3791503 0.3525747 0.336828
v 0.1239133 0.290506 0.3870736
v 0.02127993 0.2937783 0.3955301
v -0.09550403 0.2970943 0.4039865
v -0.2720804 0.3094644 0.4108634
v -0.3883617 0.3282653 0.35361
v -0.2736459 0.3002602 0.4108634
v -0.09726856 0.2878994 0.4039865
v 0.0195154 0.2845835 0.3955301
v 0.1221488 0.2813113 0.3870736
v 0.2776829 0.281615 0.3166133
v 0.2794474 0.2908099 0.3166133
v 0.4678543 0.2954008 0.1977822
v -0.3876716 0.3444064 0.3417403
v 0.2768328 0.2994639 0.3129613
v 0.4696186 0.3045957 0.1977822
v -0.3726247 0.3516343 0.3163048
v -0.3774348 0.3481123 0.3162017
v -0.3845994 0.3450074 0.3160987
v -0.3946655 0.3404367 0.3434939
v -0.3904447 0.3190627 0.354704
v -0.3883538 0.3399 0.3156193
v -0.3915007 0.3303879 0.3133743
v -0.3946656 0.3404366 0.3029449
v 0.08334185 -0.08284466 0.5435544
v 0.09348725 -0.09323896 -7.37249E-09
v 0.2469225 -0.0856579 -7.403819E-09
v 0.2393529 -0.06320131 0.5037287
v 0.4209178 -0.01584652 -7.501502E-09
v 0.4198621 0.007869563 0.3562535
v 0.5596563 -0.01322774 -7.279072E-08
v 0.5814195 0.0002581382 0.2551992
v 0.8153892 -0.1152825 -1.025143E-07
v 0.8148484 -0.1242522 0.2215102
v 0.8984762 -0.1483239 0.1133608
v 0.8981469 -0.1483084 -7.440539E-09
v 0.8416771 0.1708925 -0.5695179
v 0.8822345 0.1562668 -0.5150809
v 0.8657676 0.1409989 -0.5419561
v 0.3450745 0.2576965 0.3620618
v 0.1918186 0.244762 0.4318777
v 0.2546332 0.1942716 0.4983738
v 0.4040171 0.2082594 0.3982669
v 0.2594203 0.1243421 0.5205392
v 0.4423851 0.1577872 0.4118839
v 0.04652829 0.2495681 0.4723246
v 0.0195154 0.2845835 0.3955301
v 0.1221488 0.2813113 0.3870736
v 0.2776829 0.281615 0.3166133
v 0.4678543 0.2954008 0.1977822
v 0.5351124 0.2643866 0.2628673
v 0.5995431 0.2318709 0.3143833
v 0.608215 0.2038237 0.3252408
v -0.1045077 0.1414879 0.5487397
v 0.07745631 0.132915 0.5680426
v 0.07634079 0.1954366 0.5441132
v -0.1019516 0.1966016 0.5258605
v -0.09876205 0.2543743 0.4572223
v -0.09726856 0.2878994 0.4039865
v -0.1118238 -0.0135731 0.5718679
v -0.1060379 -0.0830097 0.5270178
v 0.08334185 -0.08284466 0.5435544
v -0.341686 0.04025004 0.4994954
v -0.1082467 0.06143874 0.5670434
v -0.3354173 0.09849977 0.5050822
v -0.3232854 0.1690475 0.4954415
v -0.3067106 0.2326159 0.4765759
v -0.2941183 0.2658687 0.4504224
v -0.404056 0.2873619 0.3580287
v -0.4221281 0.2426753 0.3528935
v -0.43196 0.1738899 0.3545217
v -0.4311457 0.1108808 0.3439453
v -0.531749 0.3168866 0.2911546
v -0.5535899 0.2465301 0.2904164
v -0.5712041 0.185289 0.2728231
v -0.5875136 0.127245 0.2694447
v -0.6042242 0.05519556 0.261456
v -0.4259899 0.05033227 0.3294235
v -0.7467184 0.2428935 0.245594
v -0.7745168 0.204383 0.2531125
v -0.7955943 0.1581858 0.26142
v -0.7984487 0.08269611 0.2589691
v -0.6204289 -0.005833907 0.2488831
v -0.4235645 -0.01562465 0.2885325
v -0.3454496 -0.02752525 0.4651698
v -0.7942563 -0.005964713 0.2362193
v -0.2736459 0.3002602 0.4108634
v -0.3904447 0.3190627 0.354704
v -0.3946655 0.3404367 0.3434939
v -0.4909752 0.3748457 0.2655262
v -0.5727829 0.4049129 0.178847
v -0.6619899 0.3386922 0.2183426
v 0.6476624 0.2819253 0.1623085
v 0.5351124 0.2643866 0.2628673
v 0.5995431 0.2318709 0.3143833
v 0.5650975 0.2973035 0.1296731
v 0.5951949 0.289539 0.06831023
v 0.7252715 0.2517645 0.07233291
v 0.7733161 0.1805991 0.2182941
v 0.8589594 0.166365 0.08706566
v 0.9189742 0.1040329 0.1267078
v 0.8241435 0.09773641 0.2620721
v 0.94008 0.02281328 0.1390005
v 0.8458083 0.01649035 0.2510867
v 0.8560168 -0.05917101 0.2413563
v 0.9490836 -0.05279135 0.1272814
v 0.9179 0.1040834 -7.699822E-09
v 0.8587663 0.166374 -7.753988E-09
v 0.9382724 0.02289836 -7.620568E-09
v 0.9478949 -0.05273537 -7.545222E-09
v 0.608215 0.2038237 0.3252408
v 0.4738762 0.2992852 0.180444
v 0.4678543 0.2954008 0.1977822
v 0.5117807 0.3002598 -7.836509E-09
v 0.599368 0.2897123 -7.783798E-08
v 0.7275541 0.2516472 -9.27546E-08
v 0.4490941 -0.02435777 -0.1719643
v 0.4220072 -0.02155461 -0.1719659
v 0.4103988 -0.1209189 -0.1822349
v 0.5036801 0.2717621 0.2094351
v 0.5036802 0.2717621 -0.2094351
v 0.247042 0.3183423 -0.2725265
v 0.2470419 0.3183423 0.2725265
v -0.3915006 0.3303879 -0.3133744
v -0.3946656 0.3404366 -0.302945
v -0.4145748 0.4034706 -0.2473919
v -0.4172257 0.4118634 -0.2399952
v -0.361152 0.3556419 -0.3190994
v -0.3845994 0.3450074 -0.3160987
v -0.3883539 0.3399 -0.3156193
v -0.3915006 0.3303879 -0.3133744
v -0.4172257 0.4118634 -0.2399952
v -0.4231569 0.4448286 -6.193738E-08
v -0.4172257 0.4118634 0.239995
v -0.3946656 0.3404366 0.3029449
v -0.3915007 0.3303879 0.3133743
v -0.3883538 0.3399 0.3156193
v -0.3845994 0.3450074 0.3160987
v -0.3774348 0.3481123 0.3162017
v -0.3726247 0.3516343 0.3163048
v -0.3611519 0.3556419 0.3190993
v -0.2592109 0.3392172 -0.3587721
v -0.259211 0.3392172 0.358772
v -0.09575729 0.3366694 -0.3409781
v -0.09575743 0.3366694 0.3409781
v 0.00767675 0.3332085 -0.3344686
v 0.007676595 0.3332085 0.3344686
v 0.1111108 0.3297478 -0.3279591
v 0.1111106 0.3297478 0.3279592
v 0.2485397 0.3200318 -0.2789572
v 0.247042 0.3183423 -0.2725265
v 0.2470419 0.3183423 0.2725265
v 0.2485397 0.3200318 0.2789573
v -0.361152 0.3556419 -0.3190994
v -0.3726248 0.3516343 -0.3163048
v -0.3774349 0.3481123 -0.3162018
v -0.3845994 0.3450074 -0.3160987
v -0.3282764 0.5237563 -0.1580449
v -0.3289249 0.50392 -0.2363119
v -0.3260174 0.4919168 -0.2336156
v -0.3261125 0.5114506 -0.1560857
v -0.3281618 0.5388607 -7.949421E-09
v -0.326108 0.5263792 -7.937078E-09
v 0.4103988 -0.1209189 -0.1822349
v 0.4425083 -0.1184571 -0.1822328
v 0.4490941 -0.02435777 -0.1719643
v -0.458185 0.4679724 -0.1627997
v -0.4337431 0.4350953 -0.2462886
v -0.4283433 0.4251553 -0.241136
v -0.4539081 0.456742 -0.1598042
v -0.4609439 0.482722 -7.871985E-09
v -0.4559474 0.4711682 -7.86102E-09
v 0.6111082 -0.05097568 -0.2753974
v 0.6115505 -0.06099372 -0.2663998
v 0.6127045 -0.08709779 -0.2663997
v 0.6127051 -0.0870978 -0.2753972
v 0.6153566 -0.1147115 -0.2663996
v 0.6749521 -0.1104926 -0.2663957
v 0.6643835 -0.08424719 -0.2663964
v 0.6711461 -0.05677486 -0.266396
v 0.6163158 -0.1246934 -0.275397
v -0.3886675 0.4995285 -0.1585572
v -0.3744445 0.474672 -0.2408678
v -0.3687937 0.4642359 -0.2370279
v -0.3847276 0.4878911 -0.1560828
v -0.3931546 0.5161078 -7.916314E-09
v -0.3894462 0.5040347 -7.904615E-09
v 0.2055887 -0.05518738 -0.291017
v 0.1883557 -0.04319375 -0.291018
v 0.2278875 -0.01280837 -0.2910153
v 0.2348369 -0.03270627 -0.2910149
v 0.2776234 -0.01163991 -0.2910121
v 0.2716348 -0.03184176 -0.2910126
v 0.318566 -0.04013462 -0.2910096
v 0.3019268 -0.05292403 -0.2910108
v 0.3350767 -0.08740856 -0.2910088
v 0.3141424 -0.08790039 -0.2910102
v 0.3208488 -0.1354046 -0.29101
v 0.3036157 -0.123411 -0.291011
v 0.281317 -0.16579 -0.2910127
v 0.2743675 -0.1458921 -0.291013
v 0.231581 -0.1669585 -0.2910158
v 0.2375696 -0.1467566 -0.2910154
v 0.1906385 -0.1384638 -0.2910183
v 0.2072776 -0.1256744 -0.2910172
v 0.1741278 -0.09118982 -0.2910191
v 0.195062 -0.09069799 -0.2910178
v 0.2055887 -0.05518738 -0.291017
v 0.1950644 -0.0906978 -0.3292231
v 0.2055911 -0.05518718 -0.3292223
v 0.2348393 -0.03270607 -0.3292203
v 0.9984327 -0.1531347 -0.2460849
v 0.9976974 -0.1424053 -0.2598704
v 1.00715 -0.1399705 -0.260788
v 1.013791 -0.1491708 -0.2477892
v 1.038164 -0.151114 -0.1801818
v 1.051121 -0.1399635 -0.1846441
v 1.052474 -0.1395615 -0.1698708
v 1.020994 -0.1519846 -0.2292086
v 1.033921 -0.1406049 -0.2326943
v 1.025216 -0.1389911 -0.2507629
v 1.003277 -0.1565718 -0.2268484
v 0.9642228 -0.1597559 -0.2202593
v 0.9560796 -0.1558689 -0.2399972
v 0.9534924 -0.1441406 -0.2549128
v 0.9931952 -0.1596667 -0.1615003
v 1.019672 -0.1560752 -0.1746532
v 1.038985 -0.1510638 -0.1710408
v 1.034479 -0.1514709 -0.1640251
v 1.024624 -0.1523382 -0.159091
v 1.00193 -0.1558861 -0.146313
v 1.009417 -0.1446017 -0.1387096
v 1.029818 -0.1412911 -0.1509208
v 1.045381 -0.1400031 -0.1586443
v -0.62567 -0.1764352 -0.6417215
v -0.6146393 -0.1271238 -0.6201735
v -0.5974692 -0.1342351 -0.6417215
v -0.6061513 -0.08445662 -0.6201735
v -0.5875665 -0.08445662 -0.6417215
v -0.6146394 -0.04178932 -0.6201735
v -0.5974692 -0.03467812 -0.6417215
v -0.6361231 -0.006110272 -0.6201735
v -0.62567 0.007522049 -0.6417215
v -0.6749874 0.01855129 -0.6201735
v -0.6678753 0.03571929 -0.6417215
v -0.71766 0.02703834 -0.6201735
v -0.7176599 0.04562082 -0.6417215
v -0.7603325 0.01855128 -0.6201735
v -0.7674445 0.03571926 -0.6417215
v -0.7965085 -0.005617781 -0.6201735
v -0.8096499 0.00752202 -0.6417215
v -0.8206805 -0.04178936 -0.6201735
v -0.8378506 -0.03467814 -0.6417215
v -0.8291687 -0.08445664 -0.6201735
v -0.8477534 -0.08445664 -0.6417215
v -0.8206805 -0.1271239 -0.6201735
v -0.8378506 -0.1342351 -0.6417215
v -0.7965085 -0.1632955 -0.6201735
v -0.8096499 -0.1764353 -0.6417215
v -0.7603325 -0.1874645 -0.6201735
v -0.7674446 -0.2046325 -0.6417215
v -0.71766 -0.1959516 -0.6201735
v -0.71766 -0.2145341 -0.6417215
v -0.6749875 -0.1874645 -0.6201735
v -0.6678753 -0.2046325 -0.6417215
v -0.6388114 -0.1632954 -0.6201735
v -0.4196213 -0.1178589 -0.3979705
v -0.430097 -0.03744339 -0.1678015
v -0.4199654 -0.1250731 -0.1780704
v 0.9191871 -0.04435967 -0.2841479
v 0.9175408 -0.04170934 -0.2804781
v 0.9202479 -0.03845945 -0.2781315
v 0.9246013 -0.03785989 -0.2794545
v 0.9229551 -0.03520956 -0.2757848
v 0.9300154 -0.03136012 -0.2747612
v 0.9158946 -0.03905901 -0.2768084
v 0.9148337 -0.04495923 -0.2828248
v 0.9137728 -0.05085945 -0.2888412
v 0.9127119 -0.05675967 -0.2948576
v 0.9208333 -0.04701001 -0.2878175
v 0.9289546 -0.03726034 -0.2807775
v 0.9370759 -0.02751067 -0.2737375
v -0.430097 -0.03744339 -0.1678015
v -0.4196213 -0.1178589 -0.3979705
v -0.4297528 -0.009840259 -0.3877016
v 0.8859327 -0.1451695 -0.2414374
v 0.8823964 -0.1406138 -0.2396246
v 0.8819529 -0.1371112 -0.2441957
v 0.885046 -0.1381645 -0.2505797
v 0.8815095 -0.1336087 -0.2487669
v 0.8841591 -0.1311594 -0.2597219
v 0.8788598 -0.136058 -0.2378118
v 0.8828397 -0.1441163 -0.2350535
v 0.8868195 -0.1521746 -0.2322951
v 0.8907993 -0.1602329 -0.2295368
v 0.8894692 -0.1497253 -0.2432502
v 0.888139 -0.1392177 -0.2569636
v 0.8868089 -0.1287101 -0.270677
v -0.4585036 -0.01388598 -0.3876998
v -0.4542837 -0.1237566 -0.1780684
v -0.4588476 -0.04148913 -0.1677999
v 1.052154 -0.04671934 -0.1745813
v 1.048282 -0.04369617 -0.1925065
v 1.022566 -0.04731528 -0.1809647
v 1.028805 -0.05048005 -0.1642481
v 1.06553 -0.04860754 -0.1775534
v 1.059979 -0.05902974 -0.1643248
v 1.051668 -0.05785334 -0.1624855
v 1.030305 -0.06138492 -0.1527108
v 0.9903975 -0.04995047 -0.2530998
v 1.028957 -0.0469936 -0.2590791
v 0.9804688 -0.05492633 -0.2716449
v 1.022864 -0.05124792 -0.2741707
v 1.034071 -0.05035532 -0.2723143
v 1.04204 -0.04972558 -0.2671326
v 1.046806 -0.04935779 -0.2586577
v 1.063479 -0.0458316 -0.1959051
v -0.4542837 -0.1237566 -0.1780684
v -0.4585036 -0.01388598 -0.3876998
v -0.4539397 -0.1165423 -0.3979685
v 1.060141 -0.1215683 -0.171143
v 1.052474 -0.1395615 -0.1698708
v 1.051121 -0.1399635 -0.1846441
v 1.052377 -0.1216717 -0.1585106
v 1.071001 -0.07306217 -0.1768373
v 1.063349 -0.07432875 -0.1639273
v 1.071823 -0.05738637 -0.178308
v 1.063883 -0.06451943 -0.1648079
v 1.045381 -0.1400031 -0.1586443
v 1.070646 -0.05569902 -0.1967194
v 1.063479 -0.0458316 -0.1959051
v 1.06553 -0.04860754 -0.1775534
v 1.059979 -0.05902974 -0.1643248
v 1.069782 -0.07329842 -0.1949493
v 1.058544 -0.1226235 -0.1880398
v 1.042059 -0.1224327 -0.2373056
v 1.054477 -0.07597212 -0.2510218
v 1.055313 -0.05901729 -0.2559719
v 1.046806 -0.04935779 -0.2586577
v 1.047705 -0.05917132 -0.269914
v 1.04204 -0.04972558 -0.2671326
v 1.045954 -0.07533083 -0.2674231
v 1.03273 -0.1225943 -0.2550068
v 1.033921 -0.1406049 -0.2326943
v 1.025216 -0.1389911 -0.2507629
v -0.3853575 0.4843242 -0.1560828
v -0.3900765 0.5005726 -8.055937E-09
v -0.3190419 0.5255921 -8.092306E-09
v -0.4565777 0.4677061 -8.012344E-09
v -0.4545382 0.453175 -0.1598043
v -0.3694237 0.460669 -0.237028
v -0.4283431 0.4250504 -0.241136
v -0.3182124 0.5102888 -0.1560857
v -0.2542962 0.5270187 -0.1540668
v -0.25541 0.5411533 -7.962966E-09
v -0.3766774 0.4089061 -0.2801148
v -0.3946655 0.3404367 -0.3434939
v -0.4909752 0.3748458 -0.2655262
v -0.5727829 0.4049129 -0.178847
v -0.5738689 0.3996021 -0.08355973
v -0.4565777 0.4677061 -8.012344E-09
v -0.5748212 0.394945 -7.765285E-09
v -0.25541 0.5411533 -7.962966E-09
v -0.06843878 0.5617906 -8.012708E-09
v 0.07130361 0.5632746 -8.035745E-09
v 0.06229552 0.5553328 -0.1355625
v -0.07853348 0.5583218 -0.143953
v -0.2637337 0.5099434 -0.2305141
v -0.3266474 0.4883499 -0.2336157
v -0.3370293 0.452694 -0.2671855
v 0.04555928 0.552504 -0.2021282
v -0.09750319 0.5492139 -0.2145464
v -0.2551787 0.4894053 -0.2546212
v -0.32308 0.4684116 -0.263302
v 0.03991742 0.5427918 -0.2397243
v -0.09873695 0.5330008 -0.2430228
v -0.4196315 -0.1178582 -0.5468559
v -0.4227206 -0.089991 -0.6139218
v -0.4020828 -0.09079321 -0.5988761
v -0.2544462 0.4886878 -0.2186036
v -0.2546266 0.4814563 -0.2452054
v -0.08962227 0.5245376 -0.2357333
v -0.08815449 0.5234843 -0.2043298
v 0.04769026 0.5407696 -0.1900558
v 0.07605998 0.5510706 -8.024081E-09
v -0.07071456 0.5339921 -7.984136E-09
v -0.2612526 0.5014859 -7.92179E-09
v -0.3216581 0.463088 -0.2215617
v -0.3328551 0.4791336 -7.888053E-09
v -0.3480245 0.4675982 -7.874003E-09
v 0.04647473 0.5366505 -0.2338317
v -0.4332438 0.3953876 -0.2500144
v -0.394475 0.3400044 -0.3025419
v -0.372041 0.4055723 -0.2701295
v -0.3911123 0.4158444 -0.2322671
v -0.4390802 0.4327987 -7.82464E-09
v -0.3954889 0.4343744 -7.832956E-09
v -0.3378083 0.4513554 -0.2215609
v -0.3166443 0.4666541 -0.2518759
v -0.3331499 0.4492808 -0.2591653
v 1.035017 -0.0601735 -0.2783
v 1.034071 -0.05035532 -0.2723143
v 1.04204 -0.04972558 -0.2671326
v 1.047705 -0.05917132 -0.269914
v 1.031796 -0.07644819 -0.2770362
v 1.045954 -0.07533083 -0.2674231
v 1.03273 -0.1225943 -0.2550068
v 1.019068 -0.1232446 -0.2653067
v 1.025216 -0.1389911 -0.2507629
v 1.014266 -0.133584 -0.2625998
v 1.013791 -0.1491708 -0.2477892
v 1.00715 -0.1399705 -0.260788
v 1.017214 -0.06202479 -0.2810982
v 1.022864 -0.05124792 -0.2741707
v 1.012004 -0.0793242 -0.2798615
v 1.001071 -0.1243837 -0.268205
v 0.9976974 -0.1424053 -0.2598704
v 0.9534924 -0.1441406 -0.2549128
v 0.9564613 -0.1245713 -0.2650061
v 0.9650438 -0.08948994 -0.2764791
v 0.9720175 -0.06810615 -0.279438
v 0.9804688 -0.05492633 -0.2716449
v 0.5548757 0.2250863 -0.3653297
v 0.5295801 0.2384869 -0.3594031
v 0.5355268 0.2468024 -0.3482432
v 0.5248248 0.2631895 -0.3340018
v 0.5141711 0.2620816 -0.3388978
v 0.5281408 0.2787744 -0.3157926
v 0.5194301 0.2867991 -0.3100182
v 0.544208 0.2876041 -0.3005709
v 0.5409905 0.2986477 -0.2895923
v 0.5668893 0.286306 -0.2941509
v 0.5681726 0.297092 -0.2818985
v 0.5875214 0.275376 -0.2989849
v 0.5934681 0.2836914 -0.287825
v 0.5982234 0.2589888 -0.3132263
v 0.6088771 0.2600967 -0.3083303
v 0.5949075 0.2434039 -0.3314355
v 0.6036181 0.2353792 -0.3372099
v 0.5788403 0.2345743 -0.3466572
v 0.5820577 0.2235307 -0.3576358
v 0.5561588 0.2358723 -0.3530772
v -0.4227206 -0.089991 -0.6139218
v -0.4196315 -0.1178582 -0.5468559
v -0.4539517 -0.1165416 -0.573728
v 0.5982234 0.2589888 -0.3132263
v 0.5949075 0.2434039 -0.3314355
v 0.6166903 0.2870362 -0.3663938
v 0.616144 0.3040659 -0.3490794
v 0.646897 0.3019035 -0.3787527
v 0.6475904 0.3166211 -0.3583565
v 0.6068103 0.3259356 -0.3424658
v 0.6487122 0.3404347 -0.3505659
v 0.5922546 0.3442918 -0.3490794
v 0.6498341 0.3642481 -0.3583565
v 0.5780365 0.3521231 -0.3663938
v 0.6505277 0.3789656 -0.3787529
v 0.5875214 0.275376 -0.2989849
v 0.5668893 0.286306 -0.2941509
v 0.544208 0.2876041 -0.3005709
v 0.5281408 0.2787744 -0.3157926
v 0.5695869 0.3464381 -0.3877959
v 0.5248248 0.2631895 -0.3340018
v 0.5701333 0.3294084 -0.4051105
v 0.6505275 0.3789656 -0.403964
v 0.6498342 0.364248 -0.4243601
v 0.579467 0.3075388 -0.411724
v 0.6487124 0.3404345 -0.4321506
v 0.5940228 0.2891826 -0.4051106
v 0.6475904 0.316621 -0.4243601
v 0.6082408 0.2813513 -0.387796
v 0.646897 0.3019035 -0.403964
v 0.6166903 0.2870362 -0.3663938
v 0.646897 0.3019035 -0.3787527
v 0.5355268 0.2468024 -0.3482432
v 0.5561588 0.2358723 -0.3530772
v 0.5788403 0.2345743 -0.3466572
v 0.5949075 0.2434039 -0.3314355
v -0.9240855 0.1543844 -0.5525318
v -0.8990531 0.1834944 -0.5800935
v -0.8940739 0.1768069 -0.590489
v 0.6475904 0.316621 -0.4243601
v 0.6487124 0.3404345 -0.4321506
v 0.6740056 0.3392428 -0.4701084
v 0.6761715 0.3852151 -0.4550685
v 0.6498342 0.364248 -0.4243601
v 0.6775101 0.4136276 -0.4156933
v 0.6505275 0.3789656 -0.403964
v 0.6775101 0.4136276 -0.367023
v 0.6505277 0.3789656 -0.3787529
v 0.6761714 0.3852152 -0.327648
v 0.6498341 0.3642481 -0.3583565
v 0.6740056 0.3392431 -0.3126081
v 0.6487122 0.3404347 -0.3505659
v 0.6718397 0.2932708 -0.327648
v 0.6475904 0.3166211 -0.3583565
v 0.6705011 0.2648584 -0.367023
v 0.646897 0.3019035 -0.3787527
v 0.6705011 0.2648584 -0.4156933
v 0.646897 0.3019035 -0.403964
v 0.6718397 0.2932707 -0.4550685
v -0.8990531 0.1834944 -0.5800935
v -0.9240855 0.1543844 -0.5525318
v -0.9372134 0.172028 -0.5256566
v 0.7353345 0.3766731 -0.3356056
v 0.7365059 0.4015367 -0.3700627
v 0.7464919 0.4010662 -0.3700626
v 0.7453205 0.3762026 -0.3356055
v 0.7353348 0.3766729 -0.4471109
v 0.7334394 0.3364427 -0.4602723
v 0.7434254 0.3359723 -0.4602723
v 0.7453208 0.3762025 -0.4471109
v 0.7334394 0.3364427 -0.4602723
v 0.7315442 0.2962126 -0.4471109
v 0.7415301 0.2957422 -0.4471109
v 0.7434254 0.3359723 -0.4602723
v 0.7315442 0.2962126 -0.4471109
v 0.7303724 0.2713491 -0.4126539
v 0.7403584 0.2708786 -0.4126538
v 0.7415301 0.2957422 -0.4471109
v 0.7303724 0.2713491 -0.3700627
v 0.7315438 0.2962126 -0.3356056
v 0.7415298 0.2957422 -0.3356055
v 0.7403584 0.2708786 -0.3700626
v 0.7315438 0.2962126 -0.3356056
v 0.7334391 0.3364429 -0.3224441
v 0.7434252 0.3359725 -0.322444
v 0.7415298 0.2957422 -0.3356055
v 0.7334391 0.3364429 -0.3224441
v 0.7353345 0.3766731 -0.3356056
v 0.7453205 0.3762026 -0.3356055
v 0.7434252 0.3359725 -0.322444
v 0.746492 0.4010662 -0.4126538
v 0.7453208 0.3762025 -0.4471109
v 0.7455913 0.3819445 -0.4550684
v 0.7469297 0.410357 -0.4156933
v 0.7464919 0.4010662 -0.3700626
v 0.7415301 0.2957422 -0.4471109
v 0.7403584 0.2708786 -0.4126538
v 0.7399206 0.2615878 -0.4156933
v 0.7412596 0.2900002 -0.4550684
v 0.7434254 0.3359723 -0.4701082
v 0.7434254 0.3359723 -0.4602723
v 0.7453208 0.3762025 -0.4471109
v 0.7455913 0.3819445 -0.4550684
v -0.7955943 0.1581858 -0.26142
v -0.7955944 0.1581858 -0.2156716
v -0.7745169 0.204383 -0.2102575
v -0.7745168 0.204383 -0.2531125
v -0.7477268 0.2424838 -0.2026151
v -0.7467185 0.2428936 -0.245594
v -0.852774 0.2900636 -0.1675548
v -0.8521756 0.2791253 -7.604961E-09
v -0.8433579 0.2813246 -7.608563E-09
v -0.8441231 0.291485 -0.1610658
v -0.635408 0.3664007 -0.09812498
v -0.5861529 0.4071773 -0.08496784
v -0.594694 0.4096704 -0.09247586
v -0.7523678 0.3261436 -0.1197292
v -0.7525504 0.329069 -0.1246632
v -0.594694 0.4096704 -0.09247586
v -0.5899242 0.4160668 -0.1729331
v -0.7454224 0.3354449 -0.2110929
v -0.852774 0.2900636 -0.1675548
v -0.867152 0.2842858 -0.2630815
v -0.8521756 0.2791253 -7.604961E-09
v -0.9367573 0.2519054 -7.564277E-09
v -0.4539517 -0.1165416 -0.573728
v -0.4278377 0.00696722 -0.6229911
v -0.4227206 -0.089991 -0.6139218
v -0.4585168 -0.01388516 -0.583997
v -0.4533755 0.07042722 -0.6357346
v -0.4870655 0.05334644 -0.5973616
v -0.51961 0.1567017 -0.642511
v -0.5517666 0.137441 -0.6045595
v -0.6161807 0.2114559 -0.6300567
v -0.6459309 0.1903908 -0.5928924
v -0.7749114 0.2157267 -0.6063687
v -0.8016031 0.1941195 -0.5691984
v -0.8940739 0.1768069 -0.590489
v -0.9240855 0.1543844 -0.5525318
v -0.4588476 -0.04148913 -0.1677999
v -0.4199654 -0.1250731 -0.1780704
v -0.430097 -0.03744339 -0.1678015
v -0.9396771 0.2453633 -7.557154E-09
v -0.869565 0.2772381 -0.2693481
v -0.7504824 0.2402588 -0.249182
v -0.7563284 0.2378589 -7.577808E-09
v -0.66199 0.3386923 -0.2183426
v -0.7504824 0.2402588 -0.249182
v -0.869565 0.2772381 -0.2693481
v -0.7433998 0.3333453 -0.215945
v -0.867152 0.2842858 -0.2630815
v -0.7454224 0.3354449 -0.2110929
v -0.5807507 0.4132517 -0.1777326
v -0.5727829 0.4049129 -0.178847
v -0.5899242 0.4160668 -0.1729331
v -0.6244677 0.3699885 -7.732315E-09
v -0.5748212 0.394945 -7.765285E-09
v -0.5738689 0.3996021 -0.08355973
v -0.635408 0.3664007 -0.09812498
v -0.7459071 0.3206658 -7.663488E-09
v -0.7523678 0.3261436 -0.1197292
v -0.8441231 0.291485 -0.1610658
v -0.8433579 0.2813246 -7.608563E-09
v -0.09572305 0.3248868 -0.3409781
v 0.007711007 0.321426 -0.3344686
v 0.009021387 0.3209812 -0.3728668
v 0.09830479 0.3175642 -0.3657316
v 0.09698621 0.3180217 -0.3279591
v 0.2438975 0.3170372 -0.3106304
v 0.2424492 0.3145548 -0.2789571
v 0.1002046 0.31545 -0.3732078
v 0.01040457 0.3187124 -0.3801884
v -0.03559173 -0.09502824 -0.6038176
v -0.0267211 -0.09608788 -0.6187586
v -0.02018432 -0.108456 -0.6312604
v -0.01850355 -0.1274283 -0.6365079
v -0.02232102 -0.1457056 -0.6324896
v -0.03015272 -0.1563148 -0.6207846
v -0.03902342 -0.1552552 -0.6058435
v -0.04556023 -0.1428871 -0.5933418
v -0.04724091 -0.1239147 -0.5880942
v -0.0434235 -0.1056375 -0.5921126
v -0.1637504 -0.1315499 -0.5897755
v -0.1620697 -0.1505223 -0.5950232
v -0.1894916 -0.148302 -0.6187196
v -0.1911723 -0.1293297 -0.6134722
v -0.159933 -0.1132727 -0.5937939
v -0.1873548 -0.1110524 -0.6174904
v -0.4199654 -0.1250731 -0.1780704
v -0.4588476 -0.04148913 -0.1677999
v -0.4542837 -0.1237566 -0.1780684
v -0.1466622 -0.16395 -0.622466
v -0.1388305 -0.1533408 -0.6341709
v -0.1662523 -0.1511205 -0.6578674
v -0.1740841 -0.1617298 -0.6461624
v -0.1555329 -0.1628904 -0.6075249
v -0.1829548 -0.1606701 -0.6312214
v -0.1620697 -0.1505223 -0.5950232
v -0.1894916 -0.148302 -0.6187196
v -0.9240723 0.1543809 -0.3087633
v -0.7994097 0.2174828 -0.3048923
v -0.9372019 0.172025 -0.3087624
v -0.8015884 0.1941157 -0.3048925
v -0.6393637 0.2073791 -0.3188138
v -0.6459146 0.1903865 -0.3188137
v -0.5361044 0.1550387 -0.3359056
v -0.5517498 0.1374365 -0.335905
v -0.4643923 0.06072035 -0.3640929
v -0.4870504 0.05334241 -0.3640915
v -0.4297528 -0.009840259 -0.3877016
v -0.4585036 -0.01388598 -0.3876998
v -0.4227206 -0.089991 -0.6139218
v -0.4124323 0.01020321 -0.609122
v -0.4020828 -0.09079321 -0.5988761
v -0.4278377 0.00696722 -0.6229911
v -0.4427543 0.07419325 -0.6230834
v -0.4533755 0.07042722 -0.6357346
v -0.5128976 0.1662923 -0.6308591
v -0.51961 0.1567017 -0.642511
v -0.6138216 0.217034 -0.6196857
v -0.6161807 0.2114559 -0.6300567
v -0.770939 0.2264957 -0.5963011
v -0.7749114 0.2157267 -0.6063687
v -0.8990531 0.1834944 -0.5800935
v -0.8940739 0.1768069 -0.590489
v -0.6202594 -0.04767747 -0.2068225
v -0.313707 -0.1020333 -0.2068415
v -0.3090054 -0.06633773 -0.2068416
v -0.6210898 -0.08367176 -0.2068224
v -0.3205497 -0.1390139 -0.2068412
v -0.6239104 -0.1211742 -0.2068222
v -0.6239146 -0.1211743 -0.2712327
v -0.313711 -0.1020329 -0.2712519
v -0.3205539 -0.1390136 -0.2712517
v -0.621094 -0.08367184 -0.2712329
v -0.3090095 -0.06633736 -0.2712521
v -0.6202635 -0.04767754 -0.271233
v -0.6204903 -0.05766007 -0.21582
v -0.6210898 -0.08367176 -0.2068224
v -0.6202594 -0.04767747 -0.2068225
v -0.6210904 -0.08367177 -0.2158199
v -0.6239104 -0.1211742 -0.2068222
v -0.6231622 -0.111217 -0.2158198
v -0.6204933 -0.05766012 -0.2622355
v -0.6730412 -0.08189087 -0.2622321
v -0.6804189 -0.05467892 -0.2622316
v -0.6210933 -0.08367182 -0.2622354
v -0.6830909 -0.1082359 -0.2622314
v -0.6202635 -0.04767754 -0.271233
v -0.621094 -0.08367184 -0.2712329
v -0.6231652 -0.1112171 -0.2622353
v -0.6239146 -0.1211743 -0.2712327
v -0.2449735 -0.1771184 -0.1918918
v -0.2206028 -0.1360146 -0.1918931
v -0.2510048 -0.1570001 -0.1918913
v -0.2038822 -0.1487544 -0.1918942
v -0.2083656 -0.1011887 -0.1918937
v -0.1873424 -0.1016839 -0.191895
v -0.2189674 -0.06582499 -0.1918928
v -0.2016718 -0.05388637 -0.1918938
v -0.2483587 -0.04343098 -0.1918908
v -0.2413971 -0.02361871 -0.1918911
v -0.2913444 -0.02244222 -0.1918879
v -0.3157151 -0.06354609 -0.1918866
v -0.2853131 -0.04256053 -0.1918884
v -0.3324358 -0.05080624 -0.1918855
v -0.3279523 -0.0983719 -0.191886
v -0.3489754 -0.09787671 -0.1918847
v -0.3173504 -0.1337357 -0.1918869
v -0.3346461 -0.1456743 -0.1918858
v -0.2879591 -0.1561297 -0.1918889
v -0.2949208 -0.175942 -0.1918886
v -0.2083741 -0.101188 -0.3250588
v -0.2206113 -0.1360138 -0.3250583
v -0.2510133 -0.1569993 -0.3250565
v -0.2879676 -0.1561289 -0.3250541
v -0.3173589 -0.1337349 -0.3250521
v -0.3279608 -0.09837113 -0.3250512
v -0.3157236 -0.06354532 -0.3250518
v -0.2853216 -0.04255976 -0.3250536
v -0.2483672 -0.04343021 -0.325056
v -0.2189759 -0.06582421 -0.325058
v -0.1350131 -0.1350635 -0.6381892
v -0.1366938 -0.1160912 -0.6329417
v -0.1641157 -0.1138709 -0.6566381
v -0.1624349 -0.1328433 -0.6618857
v -0.1388305 -0.1533408 -0.6341709
v -0.1662523 -0.1511205 -0.6578674
v -0.3346461 -0.1456743 -0.1918858
v -0.3489815 -0.09787615 -0.2868445
v -0.3346521 -0.1456737 -0.2868457
v -0.3489754 -0.09787671 -0.1918847
v -0.3324418 -0.05080569 -0.2868453
v -0.3324358 -0.05080624 -0.1918855
v -0.2016718 -0.05388637 -0.1918938
v -0.1873485 -0.1016834 -0.2868548
v -0.2016778 -0.05388582 -0.2868536
v -0.1873424 -0.1016839 -0.191895
v -0.2038882 -0.1487539 -0.2868541
v -0.2038822 -0.1487544 -0.1918942
v -0.2449795 -0.1771179 -0.2868516
v -0.2449735 -0.1771184 -0.1918918
v -0.2949269 -0.1759414 -0.2868484
v -0.2949208 -0.175942 -0.1918886
v 0.2723259 -0.0107568 -0.1379148
v 0.2657962 -0.1452844 -0.1379148
v -0.2578899 -0.1416011 -0.1379148
v -0.1829548 -0.1606701 -0.6312214
v -0.1740841 -0.1617298 -0.6461624
v -0.1733663 -0.1704848 -0.6484875
v -0.1629948 -0.1564351 -0.6639882
v -0.1662523 -0.1511205 -0.6578674
v -0.1580743 -0.1328768 -0.6691675
v -0.1624349 -0.1328433 -0.6618857
v -0.1601984 -0.1089007 -0.6625361
v -0.1641157 -0.1138709 -0.6566381
v -0.168558 -0.09308376 -0.6465482
v -0.1706524 -0.1015028 -0.6441363
v -0.1802409 -0.09168817 -0.6268705
v -0.1795231 -0.1004432 -0.6291955
v -0.1906124 -0.1057379 -0.6113697
v -0.1873548 -0.1110524 -0.6174904
v -0.1955328 -0.1292962 -0.6061902
v -0.1911723 -0.1293297 -0.6134722
v -0.1934088 -0.1532723 -0.6128218
v -0.1894916 -0.148302 -0.6187196
v -0.1850493 -0.1690892 -0.6288097
v -0.2578899 -0.1416011 -0.1379148
v -0.2686872 0.01481378 -0.1379148
v 0.2723259 -0.0107568 -0.1379148
v -0.1178466 -0.1770093 -0.5703006
v -0.09877691 -0.1782694 -0.5829583
v -0.09758592 -0.170628 -0.5771511
v -0.08513425 -0.1596527 -0.5844332
v -0.08271912 -0.1641156 -0.5923495
v -0.07984684 -0.1409122 -0.5863528
v -0.07606346 -0.1405255 -0.5947658
v -0.08374339 -0.1215649 -0.5821764
v -0.08088229 -0.1165987 -0.5896009
v -0.09533548 -0.1090007 -0.5734994
v -0.09537186 -0.1008942 -0.578755
v -0.1101953 -0.1080187 -0.563636
v -0.1144414 -0.09963398 -0.5660974
v -0.1226471 -0.118994 -0.5563537
v -0.1304992 -0.1137879 -0.5567061
v -0.1279344 -0.1377345 -0.5544341
v -0.1371549 -0.137378 -0.5542897
v -0.1240379 -0.1570818 -0.5586106
v -0.1323361 -0.1613047 -0.5594546
v -0.1124458 -0.169646 -0.5672877
v -0.2139904 -0.134581 0.2218877
v -0.2468595 -0.1575543 0.2218877
v -0.2468595 -0.1575543 -0.2140807
v -0.2139904 -0.134581 -0.2140807
v -0.2000107 -0.09556234 0.2218877
v -0.2000107 -0.09556232 -0.2223068
v -0.2102601 -0.05540217 0.2218877
v -0.2102601 -0.05540215 -0.2140807
v -0.3128963 -0.05056667 0.2218878
v -0.2800272 -0.02759333 0.2218877
v -0.2800272 -0.02759331 -0.2140807
v -0.3221662 -0.05012992 -0.222258
v -0.326876 -0.08958534 0.2218878
v -0.326876 -0.08958532 -0.2140807
v -0.3166267 -0.1297455 0.2218877
v -0.3258965 -0.1293088 -0.214032
v -0.2860631 -0.1557073 0.2218877
v -0.2860631 -0.1557073 -0.2140807
v 0.3200981 -0.0956848 0.2433916
v 0.3061184 -0.1347034 0.2433917
v 0.3061184 -0.1347034 -0.2295055
v 0.3200981 -0.09568477 -0.2295055
v 0.3098487 -0.05552463 0.2433917
v 0.3098487 -0.05552461 -0.2295054
v 0.1932328 -0.08970781 0.2433917
v 0.2072125 -0.05068914 0.2433917
v 0.2072125 -0.05068912 -0.2295054
v 0.1932328 -0.08970777 -0.2295054
v 0.2034822 -0.129868 0.2433916
v 0.2034822 -0.1298679 -0.2295055
v 0.2340457 -0.1558298 0.2433916
v 0.2340457 -0.1558298 -0.2295055
v 0.2732493 -0.1576768 0.2433917
v 0.2732493 -0.1576768 -0.2295055
v -0.3260174 0.4919168 0.2336156
v -0.263734 0.5100483 0.230514
v -0.3289249 0.50392 0.2363119
v -0.1124458 -0.169646 -0.5672877
v -0.09758592 -0.170628 -0.5771511
v -0.08209148 -0.172746 -0.5535873
v -0.09695143 -0.171764 -0.543724
v -0.06816351 -0.1745093 -0.5279548
v -0.08491929 -0.173562 -0.5218412
v -0.1085436 -0.1591999 -0.5350469
v -0.0982238 -0.1610292 -0.5160865
v -0.11244 -0.1398525 -0.5308705
v -0.1029953 -0.1416979 -0.5128886
v -0.1071527 -0.1211121 -0.5327901
v -0.0974113 -0.122952 -0.5134692
v -0.1240379 -0.1570818 -0.5586106
v -0.1279344 -0.1377345 -0.5544341
v -0.1226471 -0.118994 -0.5563537
v -0.1101953 -0.1080187 -0.563636
v -0.09470096 -0.1101367 -0.5400723
v -0.09533548 -0.1090007 -0.5734994
v -0.07984108 -0.1111188 -0.5499357
v -0.08360457 -0.1119519 -0.5176063
v -0.06684893 -0.1128991 -0.5237198
v -0.06824895 -0.1236829 -0.5586128
v -0.05354435 -0.1254319 -0.5294745
v -0.06435242 -0.1430303 -0.5627891
v -0.0487728 -0.1447632 -0.5326723
v -0.06963982 -0.1617707 -0.5608695
v -0.05435683 -0.1635091 -0.5320919
v -0.08209148 -0.172746 -0.5535873
v -0.06816351 -0.1745093 -0.5279548
v -0.08374339 -0.1215649 -0.5821764
v -0.07984684 -0.1409122 -0.5863528
v -0.08513425 -0.1596527 -0.5844332
v -0.09758592 -0.170628 -0.5771511
v -0.4283433 0.4251552 0.2411359
v -0.3687937 0.4642359 0.2370279
v -0.433743 0.4350953 0.2462886
v -0.1521012 -0.1026634 -0.605499
v -0.1432306 -0.1037231 -0.6204399
v -0.1366938 -0.1160912 -0.6329417
v -0.1350131 -0.1350635 -0.6381892
v -0.1388305 -0.1533408 -0.6341709
v -0.1466622 -0.16395 -0.622466
v -0.1555329 -0.1628904 -0.6075249
v -0.1620697 -0.1505223 -0.5950232
v -0.1637504 -0.1315499 -0.5897755
v -0.159933 -0.1132727 -0.5937939
v -0.8204755 0.07019603 -0.05485993
v -0.9204547 0.06852713 -0.05464373
v -0.9193943 0.08404926 -0.06129853
v -0.8194153 0.08571815 -0.06151473
v -0.8194153 0.08571815 -0.06151473
v -0.9193943 0.08404926 -0.06129853
v -0.9193089 0.08404651 -0.189358
v -0.8193298 0.08571543 -0.1895742
v -0.8193298 0.08571543 -0.1895742
v -0.9193089 0.08404651 -0.189358
v -0.9211728 0.06719475 -0.1993496
v -0.8211935 0.06886362 -0.1995659
v -0.8211935 0.06886362 -0.1995659
v -0.9211728 0.06719475 -0.1993496
v -0.9189975 0.04975457 -0.1906029
v -0.8190183 0.05142347 -0.1908191
v -0.8190183 0.05142347 -0.1908191
v -0.9189975 0.04975457 -0.1906029
v -0.9190392 0.04975147 -0.06477724
v -0.8190599 0.05142035 -0.06499343
v -0.8190599 0.05142035 -0.06499343
v -0.9190392 0.04975147 -0.06477724
v -0.9204547 0.06852713 -0.05464373
v -0.8204755 0.07019603 -0.05485993
v -0.911612 0.06742463 -0.04134174
v -0.7763545 0.06896995 -0.03358983
v -0.7749517 0.1068289 -0.04978814
v -0.9103089 0.09690204 -0.05395852
v -0.9103089 0.09690204 -0.05395852
v -0.7749517 0.1068289 -0.04978814
v -0.77491 0.1068291 -0.1996065
v -0.9102508 0.0969013 -0.1956176
v -0.9102508 0.0969013 -0.1956176
v -0.77491 0.1068291 -0.1996065
v -0.7770427 0.06973469 -0.2215325
v -0.912306 0.06740191 -0.2130637
v -0.912306 0.06740191 -0.2130637
v -0.7770427 0.06973469 -0.2215325
v -0.7743365 0.03017755 -0.2017857
v -0.9097826 0.03614415 -0.1974464
v -0.8211935 0.06886362 -0.1995659
v -0.8190183 0.05142347 -0.1908191
v -0.8190599 0.05142035 -0.06499343
v -0.8204755 0.07019603 -0.05485993
v -0.8193298 0.08571543 -0.1895742
v -0.8194153 0.08571815 -0.06151473
v -0.3687937 0.4642359 0.2370279
v -0.3260174 0.4919168 0.2336156
v -0.3744445 0.474672 0.2408678
v 0.9851641 -0.03489457 -0.2691432
v 1.036 -0.03059541 -0.1528691
v 1.034276 -0.03941404 -0.1556069
v 1.029798 -0.04498734 -0.1649721
v 1.03568 -0.03929278 -0.1489227
v 1.034313 -0.03032683 -7.581266E-09
v 1.034106 -0.04609435 -7.565228E-09
v 1.022566 -0.04731528 -0.1809647
v 1.028805 -0.05048005 -0.1642481
v 1.030305 -0.06138492 -0.1527108
v 1.031709 -0.06126365 -0.1460266
v 1.027065 -0.08002987 -0.1463529
v 1.007516 -0.1597359 -0.1018329
v 1.015657 -0.1258136 -0.1386901
v 1.001734 -0.1731256 -7.43125E-09
v 1.004134 -0.1653729 -0.1292071
v 1.006576 -0.1611077 -0.1190759
v 1.008441 -0.1601026 -7.445463E-09
v 1.035198 -0.0462239 -0.1208066
v 1.035413 -0.04450228 -0.1382352
v 1.03442 -0.04999499 -0.1375112
v 1.00019 -0.1725316 -0.1322263
v 1.002543 -0.1653652 -0.1358368
v 1.008295 -0.1559168 -0.1197941
v 1.011008 -0.1446094 -0.1320799
v 1.009417 -0.1446017 -0.1387096
v 1.00193 -0.1558861 -0.146313
v 1.000211 -0.1610769 -0.1455948
v 0.9931952 -0.1596667 -0.1615003
v 0.9642228 -0.1597559 -0.2202593
v 0.9534726 -0.1725319 -0.2272539
v 0.9560796 -0.1558689 -0.2399972
v 0.9452487 -0.1687089 -0.2470758
v 0.9534924 -0.1441406 -0.2549128
v 0.942503 -0.1572397 -0.2619419
v 0.9564613 -0.1245713 -0.2650061
v 0.9452354 -0.1381242 -0.2718522
v 0.9650438 -0.08948994 -0.2764791
v 0.9606171 -0.07363862 -0.2927463
v 0.9720175 -0.06810615 -0.279438
v 0.9673117 -0.05270127 -0.2955128
v 0.9804688 -0.05492633 -0.2716449
v 0.9754941 -0.03978658 -0.2876451
v 0.9903975 -0.04995047 -0.2530998
v 1.00019 -0.1725316 -0.1322263
v 1.001734 -0.1731256 -7.43125E-09
v 0.9380824 -0.1667818 -7.427887E-09
v 0.9366154 -0.1659994 -0.1322264
v 0.9534726 -0.1725319 -0.2272539
v 0.8907993 -0.1602329 -0.2295368
v 0.9452487 -0.1687089 -0.2470758
v 0.8894692 -0.1497253 -0.2432502
v 0.942503 -0.1572397 -0.2619419
v 0.888139 -0.1392177 -0.2569636
v -0.4283433 0.4251552 0.2411359
v -0.4722774 0.4045534 0.2658024
v -0.4682033 0.3950412 0.2589715
v 0.9063632 -0.05434127 -0.2413563
v 0.9900149 -0.02964144 -0.1528691
v 0.9370759 -0.02751067 -0.2737375
v 0.9300154 -0.03136012 -0.2747612
v 0.9229551 -0.03520956 -0.2757848
v 0.9158946 -0.03905901 -0.2768084
v 0.8808072 -0.1201581 -0.2215103
v 0.9127119 -0.05675967 -0.2948576
v 0.8868089 -0.1287101 -0.270677
v 0.8841591 -0.1311594 -0.2597219
v 0.8815095 -0.1336087 -0.2487669
v 0.8788598 -0.136058 -0.2378118
v 0.8808072 -0.1201581 -0.2215103
v 0.9158946 -0.03905901 -0.2768084
v 0.9148337 -0.04495923 -0.2828248
v 0.9137728 -0.05085945 -0.2888412
v 0.9127119 -0.05675967 -0.2948576
v 0.9297037 -0.1425934 -0.1133608
v 0.8788598 -0.136058 -0.2378118
v 0.8828397 -0.1441163 -0.2350535
v 0.8868195 -0.1521746 -0.2322951
v 0.8907993 -0.1602329 -0.2295368
v -0.7067292 -0.123651 -0.2622299
v -0.6830879 -0.1082358 -0.2158159
v -0.7067263 -0.1236509 -0.2158144
v -0.6830909 -0.1082359 -0.2622314
v -0.6503026 -0.08302207 -0.2622336
v -0.6804189 -0.05467892 -0.2622316
v -0.6730412 -0.08189087 -0.2622321
v -0.6613573 -0.04224845 -0.2622329
v 0.7415298 0.2957422 -0.3356055
v 0.7434252 0.3359725 -0.322444
v 0.7434252 0.3359725 -0.312608
v 0.7412593 0.2900002 -0.327648
v 0.7434252 0.3359725 -0.322444
v 0.7453205 0.3762026 -0.3356055
v 0.745591 0.3819447 -0.327648
v 0.7434252 0.3359725 -0.312608
v -0.4565777 0.4677061 -8.012344E-09
v -0.4545382 0.4531749 0.1598043
v -0.3853575 0.4843241 0.1560828
v -0.3900765 0.5005726 -8.055937E-09
v -0.3190419 0.5255921 -8.092306E-09
v -0.2542962 0.5270186 0.1540668
v -0.25541 0.5411533 -7.962966E-09
v -0.3182124 0.5102888 0.1560857
v -0.3694237 0.4606689 0.2370279
v -0.428343 0.4250503 0.241136
v -0.4565777 0.4677061 -8.012344E-09
v -0.5748212 0.394945 -7.765285E-09
v -0.5738688 0.3996021 0.08355972
v -0.5727829 0.4049129 0.178847
v -0.4909752 0.3748457 0.2655262
v -0.3946655 0.3404367 0.3434939
v -0.3766774 0.408906 0.2801148
v -0.3370292 0.452694 0.2671855
v -0.3266475 0.4883498 0.2336156
v -0.32308 0.4684116 0.263302
v -0.2551787 0.4894052 0.2546211
v -0.2637337 0.5099434 0.2305141
v -0.09750317 0.5492138 0.2145464
v -0.07853346 0.5583218 0.143953
v 0.04555928 0.552504 0.2021281
v 0.06229551 0.5553327 0.1355624
v -0.09873694 0.5330008 0.2430228
v 0.03991741 0.5427917 0.2397243
v -0.06843878 0.5617906 -8.012708E-09
v 0.07130361 0.5632746 -8.035745E-09
v -0.25541 0.5411533 -7.962966E-09
v -0.3766774 0.408906 0.2801148
v -0.3946655 0.3404367 0.3434939
v -0.394475 0.3400044 0.3030226
v -0.372041 0.4055722 0.2701295
v -0.3331498 0.4492807 0.2591653
v -0.3370292 0.452694 0.2671855
v -0.32308 0.4684116 0.263302
v -0.3166443 0.4666541 0.2518758
v -0.2546266 0.4814563 0.2452054
v -0.2551787 0.4894052 0.2546211
v -0.09873694 0.5330008 0.2430228
v -0.08962227 0.5245376 0.2357333
v 0.04647473 0.5366504 0.2338316
v 0.03991741 0.5427917 0.2397243
v -0.372041 0.4055722 0.2701295
v -0.394475 0.3400044 0.3030226
v -0.4332438 0.3953876 0.2500144
v -0.3911123 0.4158444 0.232267
v -0.4390802 0.4327987 -7.82464E-09
v -0.3954889 0.4343744 -7.832956E-09
v -0.3480245 0.4675982 -7.874003E-09
v -0.3378083 0.4513554 0.2215609
v -0.3216581 0.4630879 0.2215616
v -0.3166443 0.4666541 0.2518758
v -0.2544462 0.4886878 0.2186036
v -0.2546266 0.4814563 0.2452054
v -0.3331498 0.4492807 0.2591653
v -0.08962227 0.5245376 0.2357333
v -0.08815447 0.5234842 0.2043297
v 0.04769026 0.5407696 0.1900558
v 0.07605998 0.5510706 -8.024081E-09
v -0.07071456 0.5339921 -7.984136E-09
v -0.2612526 0.5014859 -7.92179E-09
v -0.3328551 0.4791336 -7.888053E-09
v 0.04647473 0.5366504 0.2338316
v 0.07591788 0.5684927 -8.041752E-09
v 0.06854664 0.5679177 -8.040034E-09
v 0.06503511 0.5634733 0.09599322
v 0.06329347 0.5560502 0.09599567
v 0.06680553 0.5605047 -8.032242E-09
v 0.06786701 0.558602 -8.030467E-09
v 0.02987255 0.5495449 0.2166468
v 0.0670669 0.5480717 0.08290026
v 0.06955256 0.5555807 -8.027661E-09
v 0.06686052 0.5483278 0.08969787
v 0.03124476 0.5479211 0.2005528
v 0.02960116 0.5416676 0.2217992
v 0.02591827 0.5449503 0.2418133
v 0.08365043 0.5150341 0.230794
v 0.03161921 0.5570598 0.2169536
v 0.02766573 0.5524807 0.2477554
v 0.09118006 0.5149938 0.2597697
v 0.1488057 0.4596054 0.2463243
v 0.1577498 0.4570177 0.2768899
v 0.2098984 0.3794728 0.2693158
v 0.217173 0.3776127 0.300307
v 0.2409514 0.3128653 0.2725264
v 0.2424492 0.3145547 0.2789571
v 0.2185274 0.3851607 0.3055702
v 0.2438975 0.3170372 0.3106303
v 0.09291734 0.5223376 0.2653363
v 0.159043 0.4647738 0.2823961
v 0.02935327 0.5572768 0.2422606
v 0.09291734 0.5223376 0.2653363
v 0.03763917 0.5611631 0.2187129
v 0.04459676 0.5567999 0.2317494
v 0.07249171 0.5639742 0.09566431
v 0.09339824 0.5572289 0.09757333
v 0.0994833 0.551969 0.09814725
v 0.05277335 0.5519671 0.2256482
v 0.1151749 0.5229661 0.2432874
v 0.1188514 0.5204194 0.2372414
v 0.05103038 0.5445212 0.2251798
v 0.09774774 0.5446553 0.09814709
v 0.1004529 0.5484039 -8.025133E-09
v 0.1021879 0.5557101 -8.032814E-09
v 0.09620467 0.5609707 -8.037241E-09
v 0.4498737 0.3243561 0.1871985
v 0.4435656 0.3248597 0.1849317
v 0.2708476 0.3153173 0.2915584
v 0.2690818 0.3065598 0.2876859
v 0.2468363 0.3764715 0.2828098
v 0.2481743 0.3835054 0.286777
v 0.1879029 0.4522164 0.261481
v 0.1887714 0.4604406 0.2618293
v 0.1171181 0.5131471 0.2369944
v 0.1840457 0.4634946 0.2666121
v 0.2433552 0.3858843 0.2909558
v 0.2704354 0.3135078 0.2988276
v 0.4649234 0.3126758 0.1955274
v 0.4756408 0.3084801 0.180444
v 0.4701876 0.3157424 0.1794946
v 0.4738762 0.2992852 0.180444
v 0.5117807 0.3002598 -7.836509E-09
v 0.5135452 0.3094547 -7.846118E-09
v 0.5078115 0.3165458 -7.852426E-09
v 0.4885734 0.3257914 -7.858824E-09
v 0.4814306 0.3255231 -7.857489E-09
v 0.4418011 0.3156649 0.1849317
v 0.4796661 0.3163282 -7.847859E-09
v -0.4539081 0.4567419 0.1598042
v -0.4559474 0.4711682 -7.86102E-09
v -0.5380573 0.4333897 -7.810009E-09
v -0.5309388 0.4370498 0.1741849
v -0.4722774 0.4045534 0.2658024
v -0.4283433 0.4251552 0.2411359
v 0.07358394 -0.08743328 0.5904312
v 0.0461621 -0.08521303 0.6141276
v 0.04234466 -0.1034903 0.6101094
v 0.06976652 -0.1057105 0.5864128
v 0.04402535 -0.1224627 0.6153569
v 0.07144722 -0.1246829 0.5916605
v 0.07144722 -0.1246829 0.5916605
v 0.04402535 -0.1224627 0.6153569
v 0.05056218 -0.1348307 0.6278586
v 0.07798404 -0.137051 0.6041622
v 0.05943284 -0.1358903 0.6427997
v 0.08685473 -0.1381106 0.6191033
v 0.06726461 -0.1252811 0.6545047
v 0.09468642 -0.1275014 0.6308083
v 0.09468642 -0.1275014 0.6308083
v 0.06726461 -0.1252811 0.6545047
v 0.07108206 -0.1070039 0.658523
v 0.09850391 -0.1092241 0.6348265
v 0.06940129 -0.08803152 0.6532754
v 0.0968231 -0.09025177 0.629579
v -0.5309388 0.4370498 -0.174185
v -0.4722774 0.4045534 -0.2658024
v -0.4682034 0.3950413 -0.2589716
v -0.5271512 0.425951 -0.1713891
v -0.5380573 0.4333897 -7.810009E-09
v -0.5319042 0.4225039 -7.799887E-09
v 1.022864 -0.05124792 0.2741707
v 0.9804686 -0.05492633 0.2716449
v 0.9720175 -0.06810615 0.279438
v 1.03407 -0.05035531 0.2723143
v 1.017214 -0.06202478 0.2810982
v 0.9650438 -0.08948994 0.2764791
v 1.012004 -0.07932419 0.2798614
v 0.9564611 -0.1245712 0.2650061
v 1.035017 -0.0601735 0.2783
v 1.04204 -0.04972558 0.2671326
v 1.047705 -0.05917131 0.2699139
v 1.031796 -0.07644819 0.2770362
v 1.045954 -0.07533083 0.2674231
v 1.03273 -0.1225943 0.2550068
v 1.019068 -0.1232446 0.2653067
v 1.025216 -0.138991 0.2507629
v 1.014266 -0.133584 0.2625998
v 1.01379 -0.1491708 0.2477892
v 1.007149 -0.1399705 0.260788
v 1.001071 -0.1243837 0.268205
v 0.9976974 -0.1424053 0.2598704
v 0.9534923 -0.1441406 0.2549128
v -0.5380573 0.4333897 -7.810009E-09
v -0.4559474 0.4711682 -7.86102E-09
v -0.4539081 0.456742 -0.1598042
v -0.5309388 0.4370498 -0.174185
v -0.4722774 0.4045534 -0.2658024
v -0.4283433 0.4251553 -0.241136
v 1.035412 -0.04450227 0.1382352
v 1.03442 -0.04999499 0.1375112
v 1.035198 -0.0462239 0.1208066
v -0.3281618 0.5388607 -7.949421E-09
v -0.25541 0.5411533 -7.962966E-09
v -0.2542962 0.5270186 -0.1540668
v -0.3282764 0.5237563 -0.1580449
v -0.263734 0.5100483 -0.230514
v -0.3289249 0.50392 -0.2363119
v -0.4609439 0.482722 -7.871985E-09
v -0.3894462 0.5040347 -7.904615E-09
v -0.3847276 0.4878911 -0.1560828
v -0.458185 0.4679724 -0.1627997
v -0.3687937 0.4642359 -0.2370279
v -0.4337431 0.4350953 -0.2462886
v -0.5535899 0.2465302 -0.2904164
v -0.531749 0.3168867 -0.2911547
v -0.404056 0.287362 -0.3580287
v -0.4221281 0.2426753 -0.3528935
v -0.2941183 0.2658687 -0.4504225
v -0.3067106 0.2326159 -0.4765759
v -0.09876207 0.2543743 -0.4572224
v -0.1019516 0.1966016 -0.5258605
v 0.0465283 0.2495681 -0.4723247
v 0.07634079 0.1954366 -0.5441132
v 0.2546332 0.1942716 -0.4983739
v 0.2594203 0.1243421 -0.5205392
v 0.4040172 0.2082594 -0.3982669
v 0.4423852 0.1577872 -0.4118839
v 0.1918186 0.244762 -0.4318777
v 0.0195154 0.2845835 -0.3955301
v 0.3450746 0.2576965 -0.3620618
v 0.5351124 0.2643867 -0.2628674
v 0.5995432 0.231871 -0.3143834
v 0.6082151 0.2038238 -0.3252409
v 0.1221488 0.2813113 -0.3870737
v 0.277683 0.281615 -0.3166134
v 0.4678543 0.2954009 -0.1977823
v 0.6041879 0.144174 -0.2891794
v 0.8241436 0.09773641 -0.2620721
v 0.4261171 0.108618 -0.3898199
v 0.2621001 0.04399062 -0.5382717
v 0.07745632 0.132915 -0.5680426
v -0.1045077 0.1414879 -0.5487397
v -0.3232855 0.1690475 -0.4954415
v -0.5875136 0.127245 -0.2694447
v -0.5712041 0.185289 -0.2728232
v -0.43196 0.1738899 -0.3545217
v -0.4311458 0.1108808 -0.3439453
v -0.3354174 0.09849977 -0.5050822
v -0.1082467 0.06143875 -0.5670434
v 0.07692674 0.05271469 -0.5871865
v -0.7955943 0.1581858 -0.26142
v -0.7745168 0.204383 -0.2531125
v -0.7984487 0.08269611 -0.2589691
v -0.6042242 0.05519557 -0.261456
v -0.42599 0.05033228 -0.3294236
v -0.3416861 0.04025005 -0.4994954
v -0.1118238 -0.0135731 -0.571868
v -0.620429 -0.005833905 -0.248883
v -0.7942564 -0.005964715 -0.2362192
v -0.4235645 -0.01562465 -0.2885326
v -0.3454497 -0.02752525 -0.4651698
v -0.1060379 -0.0830097 -0.5270178
v 0.08334187 -0.08284466 -0.5435544
v 0.07195502 -0.008882939 -0.591914
v 0.2557339 -0.004192789 -0.5423462
v 0.4184103 0.0621855 -0.3878461
v 0.5839697 0.05438554 -0.2394461
v 0.2393529 -0.06320131 -0.5037288
v 0.4198622 0.007869571 -0.3562535
v 0.5814195 0.0002581429 -0.2551993
v 0.8560169 -0.05917101 -0.2413563
v 0.8458084 0.01649035 -0.2510868
v -0.5727829 0.4049129 -0.178847
v -0.4909752 0.3748458 -0.2655262
v -0.3946655 0.3404367 -0.3434939
v -0.3904447 0.3190627 -0.3547041
v -0.2736459 0.3002602 -0.4108635
v -0.09726857 0.2878994 -0.4039865
v -0.7467185 0.2428936 -0.245594
v -0.66199 0.3386923 -0.2183426
v 0.06976652 -0.1057105 -0.5864128
v 0.07144722 -0.1246829 -0.5916605
v 0.04402536 -0.1224627 -0.615357
v 0.04234467 -0.1034903 -0.6101094
v 0.07358394 -0.08743329 -0.5904312
v 0.0461621 -0.08521303 -0.6141277
v 0.7464919 0.4010662 0.4126538
v 0.7365059 0.4015366 0.4126537
v 0.7365058 0.4015366 0.3700625
v 0.08685473 -0.1381106 -0.6191033
v 0.09468644 -0.1275014 -0.6308083
v 0.06726462 -0.1252811 -0.6545048
v 0.05943285 -0.1358904 -0.6427997
v 0.07798404 -0.137051 -0.6041622
v 0.05056218 -0.1348307 -0.6278586
v 0.07144722 -0.1246829 -0.5916605
v 0.04402536 -0.1224627 -0.615357
v 0.7365058 0.4015366 0.3700625
v 0.7464917 0.4010662 0.3700626
v 0.7464919 0.4010662 0.4126538
v 0.09850392 -0.1092241 -0.6348265
v 0.09682311 -0.09025179 -0.6295791
v 0.0694013 -0.08803152 -0.6532755
v 0.07108206 -0.1070039 -0.658523
v 0.09468644 -0.1275014 -0.6308083
v 0.06726462 -0.1252811 -0.6545048
v 0.7403582 0.2708786 0.3700626
v 0.7303723 0.271349 0.3700625
v 0.7303724 0.271349 0.4126537
v 0.05056218 -0.1348307 -0.6278586
v 0.05943285 -0.1358904 -0.6427997
v 0.06015065 -0.1446454 -0.6451249
v 0.07052214 -0.1305957 -0.6606255
v 0.06726462 -0.1252811 -0.6545048
v 0.07544263 -0.1070374 -0.6658048
v 0.07108206 -0.1070039 -0.658523
v 0.07331858 -0.08306129 -0.6591735
v 0.0694013 -0.08803152 -0.6532755
v 0.06495894 -0.06724438 -0.6431855
v 0.0628645 -0.07566345 -0.6407737
v 0.05327609 -0.06584879 -0.6235077
v 0.05399387 -0.0746038 -0.6258327
v 0.04290458 -0.07989847 -0.608007
v 0.0461621 -0.08521303 -0.6141277
v 0.03798414 -0.1034568 -0.6028275
v 0.04234467 -0.1034903 -0.6101094
v 0.04010811 -0.1274329 -0.6094592
v 0.04402536 -0.1224627 -0.615357
v 0.0484677 -0.1432498 -0.625447
v 0.7303724 0.271349 0.4126537
v 0.7403584 0.2708786 0.4126538
v 0.7403582 0.2708786 0.3700626
v 0.1156704 -0.1511699 -0.566938
v 0.1347401 -0.1524301 -0.5795956
v 0.135931 -0.1447886 -0.5737884
v 0.1483827 -0.1338133 -0.5810705
v 0.1507978 -0.1382762 -0.5889868
v 0.1536701 -0.1150728 -0.5829901
v 0.1574535 -0.1146861 -0.5914031
v 0.1497736 -0.09572548 -0.5788137
v 0.1526347 -0.09075935 -0.5862382
v 0.1381814 -0.0831613 -0.5701367
v 0.1381451 -0.07505479 -0.5753923
v 0.1233216 -0.08217929 -0.5602733
v 0.1190756 -0.07379458 -0.5627347
v 0.1108699 -0.09315462 -0.552991
v 0.1030177 -0.08794847 -0.5533434
v 0.1055826 -0.1118951 -0.5510714
v 0.0963621 -0.1115386 -0.550927
v 0.109479 -0.1312424 -0.5552479
v 0.1011808 -0.1354653 -0.556092
v 0.1210711 -0.1438066 -0.563925
v 0.7464917 0.4010662 0.3700626
v 0.7469295 0.410357 0.367023
v 0.7469296 0.410357 0.4156933
v 0.1210711 -0.1438066 -0.563925
v 0.135931 -0.1447886 -0.5737884
v 0.1514254 -0.1469066 -0.5502247
v 0.1365655 -0.1459247 -0.5403613
v 0.1653535 -0.1486699 -0.524592
v 0.1485977 -0.1477226 -0.5184785
v 0.1249734 -0.1333605 -0.5316842
v 0.1352931 -0.1351899 -0.5127238
v 0.121077 -0.1140131 -0.5275078
v 0.1305216 -0.1158586 -0.5095258
v 0.1263643 -0.09527269 -0.5294273
v 0.1361057 -0.09711266 -0.5101064
v 0.109479 -0.1312424 -0.5552479
v 0.1055826 -0.1118951 -0.5510714
v 0.1108699 -0.09315462 -0.552991
v 0.1233216 -0.08217929 -0.5602733
v 0.138816 -0.08429736 -0.5367095
v 0.1381814 -0.0831613 -0.5701367
v 0.1536759 -0.08527937 -0.546573
v 0.1499124 -0.0861125 -0.5142435
v 0.166668 -0.08705977 -0.5203571
v 0.165268 -0.09784355 -0.55525
v 0.1799726 -0.09959255 -0.5261118
v 0.1691645 -0.1171909 -0.5594263
v 0.1847442 -0.1189239 -0.5293097
v 0.1638771 -0.1359313 -0.5575068
v 0.1791601 -0.1376697 -0.5287291
v 0.1514254 -0.1469066 -0.5502247
v 0.1653535 -0.1486699 -0.524592
v 0.1497736 -0.09572548 -0.5788137
v 0.1536701 -0.1150728 -0.5829901
v 0.1483827 -0.1338133 -0.5810705
v 0.135931 -0.1447886 -0.5737884
v 0.7469296 0.410357 0.4156933
v 0.7464919 0.4010662 0.4126538
v 0.7464917 0.4010662 0.3700626
v 0.7455913 0.3819444 0.4550684
v 0.7453208 0.3762024 0.4471109
v 0.08141575 -0.07682405 -0.6021363
v 0.09028633 -0.07788371 -0.6170772
v 0.09682311 -0.09025179 -0.6295791
v 0.09850392 -0.1092241 -0.6348265
v 0.09468644 -0.1275014 -0.6308083
v 0.08685473 -0.1381106 -0.6191033
v 0.07798404 -0.137051 -0.6041622
v 0.07144722 -0.1246829 -0.5916605
v 0.06976652 -0.1057105 -0.5864128
v 0.07358394 -0.08743329 -0.5904312
v -0.04724091 -0.1239147 -0.5880942
v -0.04556023 -0.1428871 -0.5933418
v -0.07298208 -0.1406668 -0.6170383
v -0.07466277 -0.1216945 -0.6117908
v -0.0434235 -0.1056375 -0.5921126
v -0.07084536 -0.1034172 -0.6158091
v 0.7399206 0.2615878 0.367023
v 0.7403582 0.2708786 0.3700626
v 0.7403584 0.2708786 0.4126538
v -0.03015272 -0.1563148 -0.6207846
v -0.02232102 -0.1457056 -0.6324896
v -0.04974284 -0.1434853 -0.656186
v -0.0575746 -0.1540946 -0.6444811
v -0.03902342 -0.1552552 -0.6058435
v -0.06644528 -0.1530349 -0.62954
v -0.04556023 -0.1428871 -0.5933418
v -0.07298208 -0.1406668 -0.6170383
v 0.7403584 0.2708786 0.4126538
v 0.7399206 0.2615878 0.4156933
v 0.7399206 0.2615878 0.367023
v -0.01850355 -0.1274283 -0.6365079
v -0.02018432 -0.108456 -0.6312604
v -0.04760613 -0.1062357 -0.6549568
v -0.04592537 -0.1252081 -0.6602043
v -0.02232102 -0.1457056 -0.6324896
v -0.04974284 -0.1434853 -0.656186
v 0.7412592 0.2900002 0.327648
v 0.7415298 0.2957422 0.3356055
v 0.7403582 0.2708786 0.3700626
v 0.0968231 -0.09025177 0.629579
v 0.06940129 -0.08803152 0.6532754
v 0.06286449 -0.07566344 0.6407736
v 0.09028632 -0.0778837 0.6170772
v 0.05399387 -0.0746038 0.6258327
v 0.08141574 -0.07682405 0.6021363
v 0.0461621 -0.08521303 0.6141276
v 0.07358394 -0.08743328 0.5904312
v 0.05056218 -0.1348307 0.6278586
v 0.0484677 -0.1432498 0.6254469
v 0.06015065 -0.1446453 0.6451248
v 0.05943284 -0.1358903 0.6427997
v 0.07052214 -0.1305957 0.6606255
v 0.06726461 -0.1252811 0.6545047
v 0.07544263 -0.1070374 0.6658047
v 0.07108206 -0.1070039 0.658523
v 0.07331858 -0.08306129 0.6591734
v 0.06940129 -0.08803152 0.6532754
v 0.06495893 -0.06724437 0.6431854
v 0.06286449 -0.07566344 0.6407736
v 0.05327608 -0.06584878 0.6235077
v 0.05399387 -0.0746038 0.6258327
v 0.04290457 -0.07989846 0.6080069
v 0.0461621 -0.08521303 0.6141276
v 0.03798414 -0.1034567 0.6028274
v 0.04234466 -0.1034903 0.6101094
v 0.0401081 -0.1274329 0.609459
v 0.04402535 -0.1224627 0.6153569
v 0.04290457 -0.07989846 0.6080069
v 0.1030177 -0.08794847 0.5533434
v 0.09636209 -0.1115386 0.550927
v 0.03798414 -0.1034567 0.6028274
v 0.1011808 -0.1354653 0.556092
v 0.0401081 -0.1274329 0.609459
v 0.1156704 -0.1511699 0.5669379
v 0.0484677 -0.1432498 0.6254469
v 0.13474 -0.15243 0.5795955
v 0.06015065 -0.1446453 0.6451248
v 0.1507978 -0.1382762 0.5889867
v 0.07052214 -0.1305957 0.6606255
v 0.07052214 -0.1305957 0.6606255
v 0.1507978 -0.1382762 0.5889867
v 0.1574535 -0.1146861 0.591403
v 0.07544263 -0.1070374 0.6658047
v 0.1526347 -0.09075935 0.5862381
v 0.07331858 -0.08306129 0.6591734
v 0.1381451 -0.07505479 0.5753922
v 0.06495893 -0.06724437 0.6431854
v 0.1190755 -0.07379458 0.5627347
v 0.05327608 -0.06584878 0.6235077
v 0.1156704 -0.1511699 0.5669379
v 0.1210711 -0.1438066 0.5639249
v 0.135931 -0.1447886 0.5737883
v 0.13474 -0.15243 0.5795955
v 0.1483827 -0.1338132 0.5810704
v 0.1507978 -0.1382762 0.5889867
v 0.1536701 -0.1150728 0.5829901
v 0.1574535 -0.1146861 0.591403
v 0.1497736 -0.09572548 0.5788137
v 0.1526347 -0.09075935 0.5862381
v 0.1381814 -0.08316129 0.5701366
v 0.1381451 -0.07505479 0.5753922
v 0.1233216 -0.08217929 0.5602733
v 0.1190755 -0.07379458 0.5627347
v 0.1108699 -0.09315462 0.552991
v 0.1030177 -0.08794847 0.5533434
v 0.1055825 -0.1118951 0.5510713
v 0.09636209 -0.1115386 0.550927
v 0.109479 -0.1312424 0.5552478
v 0.1011808 -0.1354653 0.556092
v 0.1233216 -0.08217929 0.5602733
v 0.138816 -0.08429735 0.5367095
v 0.1263643 -0.09527268 0.5294273
v 0.1108699 -0.09315462 0.552991
v 0.1210769 -0.1140131 0.5275078
v 0.1055825 -0.1118951 0.5510713
v 0.1249734 -0.1333605 0.5316842
v 0.109479 -0.1312424 0.5552478
v 0.1365655 -0.1459246 0.5403612
v 0.1210711 -0.1438066 0.5639249
v 0.1499124 -0.0861125 0.5142435
v 0.1361057 -0.09711266 0.5101064
v 0.1305216 -0.1158586 0.5095258
v 0.1352931 -0.1351898 0.5127237
v 0.1485977 -0.1477226 0.5184784
v 0.1653534 -0.1486699 0.524592
v 0.1514254 -0.1469066 0.5502245
v 0.135931 -0.1447886 0.5737883
v 0.7403582 0.2708786 0.3700626
v 0.7399206 0.2615878 0.367023
v 0.7412592 0.2900002 0.327648
v 0.135931 -0.1447886 0.5737883
v 0.1514254 -0.1469066 0.5502245
v 0.1638771 -0.1359313 0.5575068
v 0.1483827 -0.1338132 0.5810704
v 0.1691645 -0.1171909 0.5594263
v 0.1536701 -0.1150728 0.5829901
v 0.165268 -0.09784353 0.55525
v 0.1497736 -0.09572548 0.5788137
v 0.1536759 -0.08527936 0.5465729
v 0.1381814 -0.08316129 0.5701366
v 0.1653534 -0.1486699 0.524592
v 0.1791601 -0.1376697 0.5287291
v 0.1847441 -0.1189238 0.5293097
v 0.1799726 -0.09959255 0.5261118
v 0.166668 -0.08705975 0.5203571
v 0.1499124 -0.0861125 0.5142435
v 0.1452149 -0.09397858 0.3805339
v 0.13165 -0.1059617 0.3824825
v 0.1361057 -0.09711266 0.5101064
v 0.1268337 -0.1248453 0.380591
v 0.1305216 -0.1158586 0.5095258
v 0.1326057 -0.1434165 0.3755819
v 0.1352931 -0.1351898 0.5127237
v 0.1467611 -0.1545817 0.3693685
v 0.1485977 -0.1477226 0.5184784
v 0.1638932 -0.1540763 0.3643241
v 0.1653534 -0.1486699 0.524592
v 0.1653534 -0.1486699 0.524592
v 0.1638932 -0.1540763 0.3643241
v 0.1774581 -0.1420932 0.3623755
v 0.1791601 -0.1376697 0.5287291
v 0.1822744 -0.1232096 0.364267
v 0.1847441 -0.1189238 0.5293097
v 0.1765024 -0.1046383 0.369276
v 0.1799726 -0.09959255 0.5261118
v 0.1623469 -0.0934731 0.3754894
v 0.166668 -0.08705975 0.5203571
v 0.1452149 -0.09397858 0.3805339
v 0.1415816 -0.08413026 0.3719818
v 0.1255245 -0.09101661 0.3681388
v 0.13165 -0.1059617 0.3824825
v 0.1161064 -0.101068 0.355295
v 0.1268337 -0.1248453 0.380591
v 0.1169249 -0.110445 0.3383562
v 0.1326057 -0.1434165 0.3755819
v 0.1276672 -0.115566 0.3237926
v 0.1467611 -0.1545817 0.3693685
v 0.1442301 -0.1144749 0.317167
v 0.1638932 -0.1540763 0.3643241
v 0.1638932 -0.1540763 0.3643241
v 0.1442301 -0.1144749 0.317167
v 0.1602873 -0.1075886 0.3210099
v 0.1774581 -0.1420932 0.3623755
v 0.1697053 -0.09753723 0.3338538
v 0.1822744 -0.1232096 0.364267
v 0.1688869 -0.08816022 0.3507925
v 0.1765024 -0.1046383 0.369276
v 0.1581446 -0.08303921 0.3653561
v 0.1623469 -0.0934731 0.3754894
v 0.08141574 -0.07682405 0.6021363
v 0.07358394 -0.08743328 0.5904312
v 0.06976652 -0.1057105 0.5864128
v 0.07144722 -0.1246829 0.5916605
v 0.07798404 -0.137051 0.6041622
v 0.08685473 -0.1381106 0.6191033
v 0.09468642 -0.1275014 0.6308083
v 0.09850391 -0.1092241 0.6348265
v 0.0968231 -0.09025177 0.629579
v 0.09028632 -0.0778837 0.6170772
v -0.8426316 0.1275448 0.0357644
v -0.8448583 0.1106086 0.04855896
v -0.8448301 0.1106085 0.2011554
v -0.8426247 0.1275449 0.2145086
v -0.8469708 0.07124835 0.2219974
v -0.8453405 0.06828251 0.2347045
v -0.8438196 0.03177236 0.2018654
v -0.8415105 0.01515837 0.2110695
v -0.8438165 0.03177279 0.05306746
v -0.8415098 0.01515854 0.04027285
v -0.8463098 0.07159588 0.03300256
v -0.844782 0.07170884 0.02020795
v -0.8448583 0.1106086 0.04855896
v -0.8426316 0.1275448 0.0357644
v 1.035254 -0.122934 0.1501428
v 1.015657 -0.1258136 0.1386901
v 1.027065 -0.08002987 0.1463529
v 1.046827 -0.07709815 0.156219
v 1.030305 -0.06138491 0.1527108
v 1.051668 -0.05785333 0.1624855
v 1.059979 -0.05902973 0.1643247
v 1.063883 -0.06451942 0.1648078
v 1.063349 -0.07432874 0.1639272
v 1.052377 -0.1216717 0.1585106
v 1.045381 -0.1400031 0.1586442
v 1.029818 -0.1412911 0.1509208
v 1.009417 -0.1446017 0.1387096
v 0.7434252 0.3359724 0.3126079
v 0.7434251 0.3359724 0.322444
v 0.7415298 0.2957422 0.3356055
v -0.2449735 -0.1771185 0.1922913
v -0.2510048 -0.1570002 0.1922908
v -0.2206028 -0.1360146 0.1922926
v -0.2038822 -0.1487544 0.1922938
v -0.2083656 -0.1011888 0.1922932
v -0.1873424 -0.101684 0.1922946
v -0.2189674 -0.06582504 0.1922923
v -0.2016718 -0.05388643 0.1922934
v -0.2483588 -0.04343103 0.1922903
v -0.2413971 -0.02361877 0.1922907
v -0.2913444 -0.02244228 0.1922875
v -0.2853131 -0.04256058 0.192288
v -0.3157151 -0.06354614 0.1922862
v -0.3324358 -0.05080629 0.192285
v -0.3279523 -0.09837195 0.1922856
v -0.3489755 -0.09787676 0.1922843
v -0.3173505 -0.1337357 0.1922865
v -0.3346461 -0.1456743 0.1922854
v -0.2879592 -0.1561297 0.1922885
v -0.2949209 -0.175942 0.1922881
v -0.06644528 -0.1530349 -0.62954
v -0.0575746 -0.1540946 -0.6444811
v -0.0568568 -0.1628495 -0.6468062
v -0.04648531 -0.1487999 -0.6623068
v -0.04974284 -0.1434853 -0.656186
v -0.0415648 -0.1252416 -0.6674861
v -0.04592537 -0.1252081 -0.6602043
v -0.04368887 -0.1012655 -0.6608548
v -0.04760613 -0.1062357 -0.6549568
v -0.0520485 -0.08544857 -0.6448668
v -0.05414296 -0.09386764 -0.642455
v -0.06373136 -0.08405298 -0.6251891
v -0.06301358 -0.09280798 -0.6275141
v -0.07410288 -0.09810264 -0.6096883
v -0.07084536 -0.1034172 -0.6158091
v -0.07902331 -0.1216609 -0.6045089
v -0.07466277 -0.1216945 -0.6117908
v -0.07689933 -0.1456371 -0.6111405
v -0.07298208 -0.1406668 -0.6170383
v -0.06853974 -0.161454 -0.6271284
v 0.7415298 0.2957422 0.3356055
v 0.7412592 0.2900002 0.327648
v 0.7434252 0.3359724 0.3126079
v -0.001337061 -0.1693741 -0.5686193
v 0.01773261 -0.1706342 -0.5812769
v 0.0189236 -0.1629928 -0.5754697
v 0.03137527 -0.1520175 -0.5827518
v 0.0337904 -0.1564804 -0.5906681
v 0.03666267 -0.133277 -0.5846714
v 0.04044607 -0.1328903 -0.5930844
v 0.03276614 -0.1139297 -0.5804951
v 0.03562723 -0.1089635 -0.5879195
v 0.02117403 -0.1013655 -0.571818
v 0.02113766 -0.09325897 -0.5770736
v 0.006314185 -0.1003835 -0.5619546
v 0.002068141 -0.09199878 -0.5644161
v -0.006137538 -0.1113588 -0.5546724
v -0.01398974 -0.1061527 -0.5550247
v -0.0114249 -0.1300993 -0.5527527
v -0.02064536 -0.1297428 -0.5526084
v -0.007528427 -0.1494466 -0.5569292
v -0.01582658 -0.1536695 -0.5577733
v 0.004063698 -0.1620108 -0.5656063
v -0.7745168 0.204383 0.2531125
v -0.7467184 0.2428935 0.245594
v -0.7477267 0.2424838 0.2026151
v -0.7745169 0.204383 0.2102575
v -0.7955943 0.1581858 0.26142
v -0.7955943 0.1581858 0.2156715
v -0.594694 0.4096704 0.09247584
v -0.5899242 0.4160667 0.1729331
v -0.5807506 0.4132516 0.1777326
v 0.5409905 0.2986476 0.2895923
v 0.5320118 0.2361496 0.2393355
v 0.5104513 0.2243011 0.2597614
v 0.5194301 0.2867991 0.3100182
v 0.5051923 0.1995836 0.288641
v 0.514171 0.2620816 0.3388978
v 0.5206014 0.1759889 0.3091463
v 0.5295801 0.2384869 0.3594031
v 0.5458969 0.1625883 0.3150728
v 0.5548757 0.2250863 0.3653296
v 0.573079 0.1610327 0.3073789
v 0.5820577 0.2235307 0.3576358
v 0.5820577 0.2235307 0.3576358
v 0.573079 0.1610327 0.3073789
v 0.5946394 0.1728812 0.2869531
v 0.6036181 0.2353792 0.3372099
v 0.5998984 0.1975987 0.2580735
v 0.6088771 0.2600967 0.3083303
v 0.5844893 0.2211934 0.2375681
v 0.593468 0.2836914 0.287825
v 0.5591937 0.234594 0.2316416
v 0.5681725 0.297092 0.2818984
v 0.1203136 -0.008938891 0.3713128
v 0.1415816 -0.08413026 0.3719818
v 0.1581446 -0.08303921 0.3653561
v 0.136843 -0.004778447 0.3665342
v 0.1688869 -0.08816022 0.3507925
v 0.147501 -0.002199049 0.3526944
v 0.1697053 -0.09753723 0.3338538
v 0.1482166 -0.002185934 0.33508
v 0.1602873 -0.1075886 0.3210099
v 0.1387165 -0.004744117 0.3204189
v 0.1442301 -0.1144749 0.317167
v 0.1226294 -0.008896444 0.3143111
v 0.1226294 -0.008896444 0.3143111
v 0.1442301 -0.1144749 0.317167
v 0.1276672 -0.115566 0.3237926
v 0.1061001 -0.01305689 0.3190898
v 0.1169249 -0.110445 0.3383562
v 0.0954421 -0.0156363 0.3329295
v 0.1161064 -0.101068 0.355295
v 0.0947265 -0.0156494 0.3505439
v 0.1255245 -0.09101661 0.3681388
v 0.1042266 -0.01309122 0.3652051
v 0.004063698 -0.1620108 -0.5656063
v 0.0189236 -0.1629928 -0.5754697
v 0.03441802 -0.1651108 -0.551906
v 0.01955809 -0.1641289 -0.5420426
v 0.048346 -0.1668741 -0.5262734
v 0.03159022 -0.1659268 -0.5201598
v 0.007965971 -0.1515647 -0.5333655
v 0.01828569 -0.153394 -0.5144051
v 0.004069474 -0.1322173 -0.5291891
v 0.01351418 -0.1340628 -0.5112072
v 0.00935682 -0.1134769 -0.5311087
v 0.01909822 -0.1153168 -0.5117878
v -0.007528427 -0.1494466 -0.5569292
v -0.0114249 -0.1300993 -0.5527527
v -0.006137538 -0.1113588 -0.5546724
v 0.006314185 -0.1003835 -0.5619546
v 0.02180854 -0.1025015 -0.5383909
v 0.02117403 -0.1013655 -0.571818
v 0.03666843 -0.1034835 -0.5482543
v 0.03290494 -0.1043167 -0.5159249
v 0.04966059 -0.1052639 -0.5220384
v 0.04826055 -0.1160477 -0.5569314
v 0.06296517 -0.1177967 -0.5277932
v 0.0521571 -0.1353951 -0.5611077
v 0.06773672 -0.137128 -0.530991
v 0.04686971 -0.1541355 -0.5591881
v 0.06215269 -0.1558739 -0.5304105
v 0.03441802 -0.1651108 -0.551906
v 0.048346 -0.1668741 -0.5262734
v 0.03276614 -0.1139297 -0.5804951
v 0.03666267 -0.133277 -0.5846714
v 0.03137527 -0.1520175 -0.5827518
v 0.0189236 -0.1629928 -0.5754697
v -0.5807506 0.4132516 0.1777326
v -0.5861529 0.4071772 0.08496784
v -0.594694 0.4096704 0.09247584
v 0.7602417 0.3354518 -0.3907196
v 0.7560033 0.3157921 -0.4128782
v 0.7565055 0.3264564 -0.4190775
v 0.7556621 0.308554 -0.4028475
v 0.7555415 0.3059937 -0.3907197
v 0.7556621 0.308554 -0.3785918
v 0.7560032 0.3157921 -0.3685611
v 0.7565055 0.3264563 -0.3623618
v 0.7570826 0.338703 -0.3610657
v 0.7576343 0.3504143 -0.3648971
v 0.7580655 0.3595655 -0.3731935
v 0.7583014 0.3645741 -0.3845202
v 0.7583014 0.3645741 -0.396919
v 0.7580655 0.3595655 -0.4082458
v 0.750087 0.3889722 -0.3793928
v 0.7496559 0.3798211 -0.3586977
v 0.7488682 0.3631011 -0.3435394
v 0.74786 0.3417034 -0.3365391
v 0.7468058 0.3193277 -0.3389071
v 0.7458879 0.299843 -0.3502338
v 0.7364671 0.3927163 -0.3497388
v 0.735459 0.3713185 -0.3303399
v 0.7341688 0.3439342 -0.3213811
v 0.7328197 0.3152983 -0.3244115
v 0.7316447 0.2903625 -0.3389072
v 0.7308475 0.2734381 -0.3623617
v 0.7452649 0.2866185 -0.3685611
v 0.7450445 0.2819407 -0.3907195
v 0.7452648 0.2866185 -0.4128781
v 0.7458881 0.299843 -0.4312052
v 0.7468063 0.3193276 -0.4425319
v 0.7305654 0.2674516 -0.3907196
v 0.7308474 0.2734382 -0.4190775
v 0.7316449 0.2903625 -0.442532
v 0.7328199 0.3152984 -0.4570277
v 0.7341689 0.3439341 -0.4600582
v 0.7478603 0.3417033 -0.4448999
v 0.7576343 0.3504143 -0.4165422
v 0.7488684 0.363101 -0.4378996
v 0.7496561 0.379821 -0.4227413
v 0.7570826 0.338703 -0.4203735
v 0.750087 0.3889722 -0.4020463
v 0.735459 0.3713184 -0.4510993
v 0.7364672 0.3927161 -0.4317003
v 0.7370187 0.4044276 -0.4052153
v 0.7370189 0.4044276 -0.3762239
v -0.5861529 0.4071772 0.08496784
v -0.5807506 0.4132516 0.1777326
v -0.5727829 0.4049129 0.178847
v 0.09796473 0.525721 0.259799
v 0.159043 0.4647738 0.2823961
v 0.1640086 0.4689416 0.278027
v 0.2185274 0.3851607 0.3055702
v 0.2241899 0.3891243 0.301539
v 0.0195154 0.2845835 -0.3955301
v 0.1221488 0.2813113 -0.3870737
v 0.277683 0.281615 -0.3166134
v 0.4678543 0.2954009 -0.1977823
v 0.04327982 -0.1257927 -0.3226914
v 0.02722267 -0.1326791 -0.3188483
v 0.04688584 -0.1722805 -0.3660055
v 0.06045067 -0.1602974 -0.3640568
v 0.05269787 -0.1157414 -0.3355352
v 0.06526698 -0.1414138 -0.3659483
v 0.05187943 -0.1063644 -0.3524739
v 0.05949502 -0.1228425 -0.3709574
v 0.04113714 -0.1012434 -0.3670375
v 0.04533954 -0.1116773 -0.3771709
v 0.02457418 -0.1023344 -0.3736632
v 0.02820745 -0.1121828 -0.3822154
v 0.008517062 -0.1092208 -0.3698202
v 0.01464261 -0.1241658 -0.3841639
v -0.0009009889 -0.1192721 -0.3569764
v 0.009826335 -0.1430495 -0.3822724
v -8.253753E-05 -0.1286492 -0.3400376
v 0.01559826 -0.1616207 -0.3772632
v 0.01065974 -0.1337702 -0.325474
v 0.02975372 -0.1727859 -0.3710499
v 0.02722267 -0.1326791 -0.3188483
v 0.04688584 -0.1722805 -0.3660055
v 0.03159022 -0.1659268 -0.5201598
v 0.048346 -0.1668741 -0.5262734
v 0.04688584 -0.1722805 -0.3660055
v 0.02975372 -0.1727859 -0.3710499
v 0.01828569 -0.153394 -0.5144051
v 0.01559826 -0.1616207 -0.3772632
v 0.01351418 -0.1340628 -0.5112072
v 0.009826335 -0.1430495 -0.3822724
v 0.01909822 -0.1153168 -0.5117878
v 0.01464261 -0.1241658 -0.3841639
v 0.03290494 -0.1043167 -0.5159249
v 0.02820745 -0.1121828 -0.3822154
v 0.04966059 -0.1052639 -0.5220384
v 0.04533954 -0.1116773 -0.3771709
v 0.06296517 -0.1177967 -0.5277932
v 0.05949502 -0.1228425 -0.3709574
v 0.06773672 -0.137128 -0.530991
v 0.06526698 -0.1414138 -0.3659483
v 0.06215269 -0.1558739 -0.5304105
v 0.06045067 -0.1602974 -0.3640568
v 0.048346 -0.1668741 -0.5262734
v 0.04688584 -0.1722805 -0.3660055
v 0.6740056 0.3392431 -0.3126081
v 0.6718397 0.2932708 -0.327648
v 0.7412593 0.2900002 -0.327648
v 0.7434252 0.3359725 -0.312608
v 0.6761714 0.3852152 -0.327648
v 0.745591 0.3819447 -0.327648
v 0.6775101 0.4136276 -0.367023
v 0.7469298 0.410357 -0.367023
v 0.6775101 0.4136276 -0.4156933
v 0.7469297 0.410357 -0.4156933
v 0.6761715 0.3852151 -0.4550685
v 0.7455913 0.3819445 -0.4550684
v 0.6740056 0.3392428 -0.4701084
v 0.7434254 0.3359723 -0.4701082
v 0.6718397 0.2932707 -0.4550685
v 0.7412596 0.2900002 -0.4550684
v 0.6705011 0.2648584 -0.4156933
v 0.7399206 0.2615878 -0.4156933
v 0.6705011 0.2648584 -0.367023
v 0.7399207 0.2615878 -0.367023
v 0.6718397 0.2932708 -0.327648
v 0.7412593 0.2900002 -0.327648
v -0.0568568 -0.1628495 -0.6468062
v -0.04648531 -0.1487999 -0.6623068
v 0.0337904 -0.1564804 -0.5906681
v 0.01773261 -0.1706342 -0.5812769
v -0.06853974 -0.161454 -0.6271284
v -0.001337061 -0.1693741 -0.5686193
v -0.07689933 -0.1456371 -0.6111405
v -0.01582658 -0.1536695 -0.5577733
v -0.07902331 -0.1216609 -0.6045089
v -0.02064536 -0.1297428 -0.5526084
v -0.07410288 -0.09810264 -0.6096883
v -0.01398974 -0.1061527 -0.5550247
v -0.06373136 -0.08405298 -0.6251891
v 0.002068141 -0.09199878 -0.5644161
v -0.0520485 -0.08544857 -0.6448668
v 0.02113766 -0.09325897 -0.5770736
v -0.04368887 -0.1012655 -0.6608548
v 0.03562723 -0.1089635 -0.5879195
v -0.0415648 -0.1252416 -0.6674861
v 0.04044607 -0.1328903 -0.5930844
v -0.04648531 -0.1487999 -0.6623068
v 0.0337904 -0.1564804 -0.5906681
v -0.2483648 -0.04343042 -0.2868506
v -0.2189759 -0.06582421 -0.325058
v -0.2483672 -0.04343021 -0.325056
v -0.2189735 -0.06582443 -0.2868526
v -0.2083741 -0.101188 -0.3250588
v -0.2083716 -0.1011882 -0.2868535
v -0.2206113 -0.1360138 -0.3250583
v -0.2206088 -0.136014 -0.2868529
v -0.2510133 -0.1569993 -0.3250565
v -0.2510109 -0.1569996 -0.2868511
v -0.2879676 -0.1561289 -0.3250541
v -0.2879652 -0.1561291 -0.2868488
v -0.3173589 -0.1337349 -0.3250521
v -0.3173565 -0.1337351 -0.2868467
v -0.3279608 -0.09837113 -0.3250512
v -0.3279583 -0.09837136 -0.2868459
v -0.3157236 -0.06354532 -0.3250518
v -0.3157212 -0.06354554 -0.2868464
v -0.2853216 -0.04255976 -0.3250536
v -0.2853191 -0.04255998 -0.2868482
v -0.7007832 -0.1455943 -0.3130095
v -0.6653608 -0.1224967 -0.2622325
v -0.70078 -0.1455942 -0.2622302
v -0.6653641 -0.1224967 -0.3130118
v -0.6503026 -0.08302207 -0.2622336
v -0.6503059 -0.08302213 -0.3130128
v -0.6613573 -0.04224845 -0.2622329
v -0.6613606 -0.04224851 -0.3130122
v -0.6943022 -0.01574988 -0.2622308
v -0.6943055 -0.01574994 -0.3130101
v -0.7365535 -0.01364792 -0.2622281
v -0.7365568 -0.01364798 -0.3130074
v -0.7719727 -0.03674548 -0.2622258
v -0.771976 -0.03674553 -0.3130051
v -0.7870309 -0.07622005 -0.2622248
v -0.7870342 -0.0762201 -0.3130041
v -0.7759762 -0.1169937 -0.2622255
v -0.7759795 -0.1169937 -0.3130047
v -0.7430312 -0.1434923 -0.2622275
v -0.7430345 -0.1434923 -0.3130068
v -0.70078 -0.1455942 -0.2622302
v -0.7007832 -0.1455943 -0.3130095
v -0.6804159 -0.05467887 -0.2158162
v -0.7024031 -0.03699394 -0.2158148
v -0.7306012 -0.03559112 -0.215813
v -0.7542396 -0.05100622 -0.2158114
v -0.7642894 -0.07735119 -0.2158108
v -0.7569117 -0.1045632 -0.2158112
v -0.7349246 -0.1222481 -0.2158126
v -0.7067263 -0.1236509 -0.2158144
v -0.6830879 -0.1082358 -0.2158159
v -0.6730382 -0.08189081 -0.2158166
v -0.6231622 -0.111217 -0.2158198
v -0.6210904 -0.08367177 -0.2158199
v -0.6204903 -0.05766007 -0.21582
v -0.6613573 -0.04224845 -0.2622329
v -0.7024062 -0.036994 -0.2622303
v -0.6804189 -0.05467892 -0.2622316
v -0.6943022 -0.01574988 -0.2622308
v -0.7306043 -0.03559117 -0.2622285
v -0.7365535 -0.01364792 -0.2622281
v -0.7542426 -0.05100628 -0.2622269
v -0.7719727 -0.03674548 -0.2622258
v -0.7642924 -0.07735126 -0.2622263
v -0.7870309 -0.07622005 -0.2622248
v -0.7569145 -0.1045632 -0.2622267
v -0.7759762 -0.1169937 -0.2622255
v -0.7349276 -0.1222482 -0.2622281
v -0.7430312 -0.1434923 -0.2622275
v -0.7067292 -0.123651 -0.2622299
v -0.70078 -0.1455942 -0.2622302
v -0.6830909 -0.1082359 -0.2622314
v -0.6653608 -0.1224967 -0.2622325
v -0.6730412 -0.08189087 -0.2622321
v -0.6503026 -0.08302207 -0.2622336
v -0.03559173 -0.09502824 -0.6038176
v -0.0434235 -0.1056375 -0.5921126
v -0.07084536 -0.1034172 -0.6158091
v -0.06301358 -0.09280798 -0.6275141
v -0.0267211 -0.09608788 -0.6187586
v -0.05414296 -0.09386764 -0.642455
v -0.02018432 -0.108456 -0.6312604
v -0.04760613 -0.1062357 -0.6549568
v 0.1276672 -0.115566 -0.3237927
v 0.1442301 -0.1144749 -0.317167
v 0.1226294 -0.008896442 -0.3143112
v 0.1061001 -0.01305689 -0.3190898
v 0.1169249 -0.110445 -0.3383563
v 0.09544211 -0.0156363 -0.3329295
v 0.1161065 -0.101068 -0.3552951
v 0.0947265 -0.0156494 -0.3505439
v 0.1255245 -0.09101663 -0.3681388
v 0.1042266 -0.01309122 -0.3652052
v 0.1415816 -0.08413026 -0.3719819
v 0.1203137 -0.008938889 -0.3713128
v 0.1581446 -0.08303921 -0.3653562
v 0.136843 -0.004778445 -0.3665342
v 0.1688869 -0.08816022 -0.3507925
v 0.147501 -0.002199049 -0.3526945
v 0.1697053 -0.09753723 -0.3338538
v 0.1482166 -0.002185931 -0.3350801
v 0.1602873 -0.1075886 -0.32101
v 0.1387165 -0.004744115 -0.3204189
v 0.1442301 -0.1144749 -0.317167
v 0.1226294 -0.008896442 -0.3143112
v 0.1467611 -0.1545817 -0.3693686
v 0.1638933 -0.1540763 -0.3643241
v 0.1442301 -0.1144749 -0.317167
v 0.1276672 -0.115566 -0.3237927
v 0.1326057 -0.1434165 -0.3755819
v 0.1169249 -0.110445 -0.3383563
v 0.1268338 -0.1248453 -0.3805911
v 0.1161065 -0.101068 -0.3552951
v 0.13165 -0.1059616 -0.3824826
v 0.1255245 -0.09101663 -0.3681388
v 0.1452149 -0.09397858 -0.380534
v 0.1415816 -0.08413026 -0.3719819
v 0.1623469 -0.09347311 -0.3754895
v 0.1581446 -0.08303921 -0.3653562
v 0.1765025 -0.1046383 -0.369276
v 0.1688869 -0.08816022 -0.3507925
v 0.1822744 -0.1232096 -0.364267
v 0.1697053 -0.09753723 -0.3338538
v 0.1774581 -0.1420932 -0.3623755
v 0.1602873 -0.1075886 -0.32101
v 0.1638933 -0.1540763 -0.3643241
v 0.1442301 -0.1144749 -0.317167
v 0.1485977 -0.1477226 -0.5184785
v 0.1653535 -0.1486699 -0.524592
v 0.1638933 -0.1540763 -0.3643241
v 0.1467611 -0.1545817 -0.3693686
v 0.1352931 -0.1351899 -0.5127238
v 0.1326057 -0.1434165 -0.3755819
v 0.1305216 -0.1158586 -0.5095258
v 0.1268338 -0.1248453 -0.3805911
v 0.1361057 -0.09711266 -0.5101064
v 0.13165 -0.1059616 -0.3824826
v 0.1499124 -0.0861125 -0.5142435
v 0.1452149 -0.09397858 -0.380534
v 0.166668 -0.08705977 -0.5203571
v 0.1623469 -0.09347311 -0.3754895
v 0.1799726 -0.09959255 -0.5261118
v 0.1765025 -0.1046383 -0.369276
v 0.1847442 -0.1189239 -0.5293097
v 0.1822744 -0.1232096 -0.364267
v 0.1791601 -0.1376697 -0.5287291
v 0.1774581 -0.1420932 -0.3623755
v 0.1653535 -0.1486699 -0.524592
v 0.1638933 -0.1540763 -0.3643241
v 0.06015065 -0.1446454 -0.6451249
v 0.07052214 -0.1305957 -0.6606255
v 0.1507978 -0.1382762 -0.5889868
v 0.1347401 -0.1524301 -0.5795956
v 0.0484677 -0.1432498 -0.625447
v 0.1156704 -0.1511699 -0.566938
v 0.04010811 -0.1274329 -0.6094592
v 0.1011808 -0.1354653 -0.556092
v 0.03798414 -0.1034568 -0.6028275
v 0.0963621 -0.1115386 -0.550927
v 0.04290458 -0.07989847 -0.608007
v 0.1030177 -0.08794847 -0.5533434
v 0.05327609 -0.06584879 -0.6235077
v 0.1190756 -0.07379458 -0.5627347
v 0.06495894 -0.06724438 -0.6431855
v 0.1381451 -0.07505479 -0.5753923
v 0.07331858 -0.08306129 -0.6591735
v 0.1526347 -0.09075935 -0.5862382
v 0.07544263 -0.1070374 -0.6658048
v 0.1574535 -0.1146861 -0.5914031
v 0.07052214 -0.1305957 -0.6606255
v 0.1507978 -0.1382762 -0.5889868
v 0.08141575 -0.07682405 -0.6021363
v 0.07358394 -0.08743329 -0.5904312
v 0.0461621 -0.08521303 -0.6141277
v 0.05399387 -0.0746038 -0.6258327
v 0.09028633 -0.07788371 -0.6170772
v 0.0628645 -0.07566345 -0.6407737
v 0.09682311 -0.09025179 -0.6295791
v 0.0694013 -0.08803152 -0.6532755
v 0.8148484 -0.1242522 -0.2215104
v 0.8984763 -0.1483239 -0.1133608
v 0.8981469 -0.1483084 -7.440539E-09
v 0.8153892 -0.1152825 -1.025143E-07
v 0.5814195 0.0002581429 -0.2551993
v 0.5596563 -0.01322774 -7.279072E-08
v 0.4198622 0.007869571 -0.3562535
v 0.4209178 -0.01584652 -7.501502E-09
v 0.2393529 -0.06320131 -0.5037288
v 0.2469225 -0.0856579 -7.403819E-09
v 0.08334187 -0.08284466 -0.5435544
v 0.09348725 -0.09323896 -7.37249E-09
v -0.1060379 -0.0830097 -0.5270178
v -0.05994799 -0.10082 -7.34116E-09
v -0.3454497 -0.02752525 -0.4651698
v -0.3367507 -0.02962304 -7.37082E-09
v -0.4235645 -0.01562465 -0.2885326
v -0.4505573 -0.01475616 -7.368365E-09
v -0.620429 -0.005833905 -0.248883
v -0.6221452 -0.005214187 6.51963E-08
v -0.7942566 -0.005964725 8.529465E-08
v -0.7942564 -0.005964715 -0.2362192
v -0.5727829 0.4049129 0.178847
v -0.5738688 0.3996021 0.08355972
v -0.5861529 0.4071772 0.08496784
v -0.3886675 0.4995285 -0.1585572
v -0.3931546 0.5161078 -7.916314E-09
v -0.326108 0.5263792 -7.937078E-09
v -0.3261125 0.5114506 -0.1560857
v -0.3744445 0.474672 -0.2408678
v -0.3260174 0.4919168 -0.2336156
v 0.2621001 0.0439906 0.5382716
v 0.4261171 0.108618 0.3898198
v 0.6041878 0.144174 0.2891794
v 0.8241435 0.09773641 0.2620721
v 0.8458083 0.01649035 0.2510867
v 0.5839697 0.05438553 0.2394461
v 0.8560168 -0.05917101 0.2413563
v 0.5814195 0.0002581382 0.2551992
v 0.4184103 0.06218549 0.387846
v 0.8148484 -0.1242522 0.2215102
v 0.2557339 -0.004192789 0.5423461
v 0.07692674 0.05271468 0.5871865
v 0.07195502 -0.008882941 0.591914
v 0.4198621 0.007869563 0.3562535
v 0.2393529 -0.06320131 0.5037287
v 0.9297037 -0.1425934 -0.1133608
v 0.9295093 -0.1425842 -7.451156E-09
v 0.8981469 -0.1483084 -7.440539E-09
v -0.7523677 0.3261435 0.1197292
v -0.7525502 0.329069 0.1246632
v -0.594694 0.4096704 0.09247584
v 0.8981469 -0.1483084 -7.440539E-09
v 0.8984763 -0.1483239 -0.1133608
v 0.9297037 -0.1425934 -0.1133608
v -0.8441231 0.2914849 0.1610657
v -0.8527738 0.2900635 0.1675547
v -0.7525502 0.329069 0.1246632
v 0.8808072 -0.1201581 -0.2215103
v 0.9297037 -0.1425934 -0.1133608
v 0.8984763 -0.1483239 -0.1133608
v -0.7525502 0.329069 0.1246632
v -0.7523677 0.3261435 0.1197292
v -0.8441231 0.2914849 0.1610657
v 0.8984763 -0.1483239 -0.1133608
v 0.8148484 -0.1242522 -0.2215104
v 0.8808072 -0.1201581 -0.2215103
v -0.869565 0.2772381 0.2693481
v -0.8671519 0.2842858 0.2630815
v -0.9367573 0.2519054 -7.564277E-09
v 0.9063632 -0.05434127 -0.2413563
v 0.8808072 -0.1201581 -0.2215103
v 0.8148484 -0.1242522 -0.2215104
v -0.9367573 0.2519054 -7.564277E-09
v -0.9396771 0.2453633 -7.557154E-09
v -0.869565 0.2772381 0.2693481
v 0.8148484 -0.1242522 -0.2215104
v 0.8560169 -0.05917101 -0.2413563
v 0.9063632 -0.05434127 -0.2413563
v -0.5861529 0.4071772 0.08496784
v -0.5738688 0.3996021 0.08355972
v -0.6354079 0.3664006 0.09812497
v 0.9580142 -0.05677469 -0.1272814
v 0.9063632 -0.05434127 -0.2413563
v 0.8560169 -0.05917101 -0.2413563
v -0.7459071 0.3206658 -7.663488E-09
v -0.8433579 0.2813246 -7.608563E-09
v -0.8441231 0.2914849 0.1610657
v -0.7523677 0.3261435 0.1197292
v -0.6354079 0.3664006 0.09812497
v -0.6244677 0.3699885 -7.732315E-09
v -0.5738688 0.3996021 0.08355972
v -0.5748212 0.394945 -7.765285E-09
v 0.8560169 -0.05917101 -0.2413563
v 0.9490837 -0.05279135 -0.1272814
v 0.9580142 -0.05677469 -0.1272814
v -0.1521012 -0.1026634 0.605499
v -0.1637504 -0.1315499 0.5897755
v -0.1620697 -0.1505223 0.5950232
v -0.1521012 -0.1026634 0.605499
v -0.159933 -0.1132727 0.5937939
v -0.1555329 -0.1628904 0.6075249
v -0.1466622 -0.16395 0.622466
v -0.1388305 -0.1533408 0.6341709
v -0.135013 -0.1350635 0.6381892
v -0.1366938 -0.1160912 0.6329417
v -0.1432306 -0.1037231 0.6204399
v -0.9191779 0.08669391 0.05983065
v -0.9203075 0.06838503 0.05198567
v -0.9204546 0.06852713 0.05464372
v 0.9573137 -0.05674173 -7.542595E-09
v 0.9580142 -0.05677469 -0.1272814
v 0.9490837 -0.05279135 -0.1272814
v -0.9204546 0.06852713 0.05464372
v -0.9193942 0.08404924 0.06129851
v -0.9191779 0.08669391 0.05983065
v 0.9490837 -0.05279135 -0.1272814
v 0.9478949 -0.05273537 -7.545222E-09
v 0.9573137 -0.05674173 -7.542595E-09
v -0.919098 0.0866917 0.1906104
v -0.9191779 0.08669391 0.05983065
v -0.9193942 0.08404924 0.06129851
v -0.9193088 0.08404651 0.189358
v -0.919098 0.0866917 0.1906104
v -0.9210166 0.06731375 0.202089
v -0.919098 0.0866917 0.1906104
v -0.9193088 0.08404651 0.189358
v 0.9366154 -0.1659994 -0.1322264
v 0.9380824 -0.1667818 -7.427887E-09
v 0.9295093 -0.1425842 -7.451156E-09
v -0.9193088 0.08404651 0.189358
v -0.9211727 0.06719474 0.1993496
v -0.9210166 0.06731375 0.202089
v 0.9295093 -0.1425842 -7.451156E-09
v 0.9297037 -0.1425934 -0.1133608
v 0.9366154 -0.1659994 -0.1322264
v -0.9187612 0.04711448 0.191972
v -0.9210166 0.06731375 0.202089
v -0.9211727 0.06719474 0.1993496
v 0.9297037 -0.1425934 -0.1133608
v 0.8808072 -0.1201581 -0.2215103
v 0.8788598 -0.136058 -0.2378118
v -0.9211727 0.06719474 0.1993496
v -0.9189974 0.04975456 0.1906029
v -0.9187612 0.04711448 0.191972
v 0.9297037 -0.1425934 -0.1133608
v 0.8907993 -0.1602329 -0.2295368
v 0.9366154 -0.1659994 -0.1322264
v -0.9187955 0.04711218 0.06346138
v -0.9187612 0.04711448 0.191972
v -0.9189974 0.04975456 0.1906029
v -0.9189974 0.04975456 0.1906029
v -0.9190391 0.04975146 0.06477723
v -0.9203075 0.06838503 0.05198567
v -0.9187955 0.04711218 0.06346138
v -0.9190391 0.04975146 0.06477723
v 0.8808072 -0.1201581 -0.2215103
v 0.9063632 -0.05434127 -0.2413563
v 0.9158946 -0.03905901 -0.2768084
v -0.9190391 0.04975146 0.06477723
v -0.9204546 0.06852713 0.05464372
v -0.9203075 0.06838503 0.05198567
v 0.9063632 -0.05434127 -0.2413563
v 0.9580142 -0.05677469 -0.1272814
v 0.9900149 -0.02964144 -0.1528691
v -0.9103089 0.09690203 0.0539585
v -0.9116119 0.06742462 0.04134173
v -0.9203075 0.06838503 0.05198567
v 0.9883707 -0.02916481 -7.575409E-09
v 0.9900149 -0.02964144 -0.1528691
v 0.9580142 -0.05677469 -0.1272814
v -0.9203075 0.06838503 0.05198567
v -0.9191779 0.08669391 0.05983065
v -0.9103089 0.09690203 0.0539585
v 0.9580142 -0.05677469 -0.1272814
v 0.9573137 -0.05674173 -7.542595E-09
v 0.9883707 -0.02916481 -7.575409E-09
v -0.9102507 0.09690128 0.1956176
v -0.9103089 0.09690203 0.0539585
v -0.9191779 0.08669391 0.05983065
v -0.919098 0.0866917 0.1906104
v -0.9102507 0.09690128 0.1956176
v -0.9123059 0.06740189 0.2130637
v -0.9102507 0.09690128 0.1956176
v -0.919098 0.0866917 0.1906104
v 0.9452354 -0.1381242 -0.2718522
v 0.942503 -0.1572397 -0.2619419
v 0.888139 -0.1392177 -0.2569636
v 0.8868089 -0.1287101 -0.270677
v 0.9606171 -0.07363862 -0.2927463
v 0.9127119 -0.05675967 -0.2948576
v 0.9673117 -0.05270127 -0.2955128
v 0.9208333 -0.04701001 -0.2878175
v 0.9754941 -0.03978658 -0.2876451
v 0.9289546 -0.03726034 -0.2807775
v 0.9851641 -0.03489457 -0.2691432
v 0.9754941 -0.03978658 -0.2876451
v 0.9289546 -0.03726034 -0.2807775
v 0.9370759 -0.02751067 -0.2737375
v 1.036 -0.03059541 -0.1528691
v 0.9900149 -0.02964144 -0.1528691
v 1.034313 -0.03032683 -7.581266E-09
v 0.9883707 -0.02916481 -7.575409E-09
v -0.7955946 0.1581858 -7.490856E-09
v -0.7955944 0.1581858 -0.2156716
v -0.7955943 0.1581858 -0.26142
v -0.919098 0.0866917 0.1906104
v -0.9210166 0.06731375 0.202089
v -0.9123059 0.06740189 0.2130637
v -0.8426316 0.1275448 -0.03576442
v -0.8447821 0.07170885 -0.02020797
v -0.7987459 0.07639328 -0.01452463
v -0.7962936 0.1397063 -0.03008108
v -0.8426248 0.1275449 -0.2145087
v -0.7962935 0.1397062 -0.2204465
v -0.8453405 0.06828253 -0.2347046
v -0.7985746 0.08607824 -0.2450113
v -0.8415105 0.01515837 -0.2110695
v -0.7951252 0.01240875 -0.2151634
v -0.8415099 0.01515854 -0.04027287
v -0.7951255 0.01240874 -0.03458953
v -0.8447821 0.07170885 -0.02020797
v -0.7987459 0.07639328 -0.01452463
v -0.8448302 0.1106085 -0.2011554
v -0.8448584 0.1106086 -0.04855898
v -0.8426316 0.1275448 -0.03576442
v -0.8426248 0.1275449 -0.2145087
v -0.8469709 0.07124836 -0.2219974
v -0.8453405 0.06828253 -0.2347046
v -0.8438196 0.03177236 -0.2018654
v -0.8415105 0.01515837 -0.2110695
v -0.8438165 0.03177279 -0.05306748
v -0.8415099 0.01515854 -0.04027287
v -0.8463099 0.07159588 -0.03300257
v -0.8447821 0.07170885 -0.02020797
v -0.8448584 0.1106086 -0.04855898
v -0.8426316 0.1275448 -0.03576442
v -0.9097936 0.03614387 -0.05819718
v -0.7743318 0.03017846 -0.05448279
v -0.7763545 0.06896995 -0.03358983
v -0.9097825 0.03614414 0.1974464
v -0.9123059 0.06740189 0.2130637
v -0.9210166 0.06731375 0.202089
v -0.7763545 0.06896995 -0.03358983
v -0.911612 0.06742463 -0.04134174
v -0.9097936 0.03614387 -0.05819718
v -0.9210166 0.06731375 0.202089
v -0.9187612 0.04711448 0.191972
v -0.9097825 0.03614414 0.1974464
v -0.9097826 0.03614415 -0.1974464
v -0.7743365 0.03017755 -0.2017857
v -0.7743318 0.03017846 -0.05448279
v -0.9097934 0.03614387 0.05819717
v -0.9097825 0.03614414 0.1974464
v -0.9187612 0.04711448 0.191972
v -0.9187955 0.04711218 0.06346138
v -0.9097934 0.03614387 0.05819717
v -0.9116119 0.06742462 0.04134173
v -0.9097934 0.03614387 0.05819717
v -0.9187955 0.04711218 0.06346138
v -0.7743318 0.03017846 -0.05448279
v -0.9097936 0.03614387 -0.05819718
v -0.9097826 0.03614415 -0.1974464
v -0.9187955 0.04711218 0.06346138
v -0.9203075 0.06838503 0.05198567
v -0.9116119 0.06742462 0.04134173
v -0.9187956 0.04711218 -0.06346139
v -0.9097936 0.03614387 -0.05819718
v -0.911612 0.06742463 -0.04134174
v -0.7743317 0.03017846 0.05448277
v -0.7743365 0.03017754 0.2017857
v -0.9097825 0.03614414 0.1974464
v -0.911612 0.06742463 -0.04134174
v -0.9203075 0.06838503 -0.05198569
v -0.9187956 0.04711218 -0.06346139
v -0.9097825 0.03614414 0.1974464
v -0.9097934 0.03614387 0.05819717
v -0.7743317 0.03017846 0.05448277
v -0.9187614 0.04711449 -0.191972
v -0.9097826 0.03614415 -0.1974464
v -0.9097936 0.03614387 -0.05819718
v -0.9097936 0.03614387 -0.05819718
v -0.9187956 0.04711218 -0.06346139
v -0.9210167 0.06731375 -0.202089
v -0.912306 0.06740191 -0.2130637
v -0.9097826 0.03614415 -0.1974464
v -0.7763545 0.06896994 0.03358982
v -0.7743317 0.03017846 0.05448277
v -0.9097934 0.03614387 0.05819717
v -0.9097826 0.03614415 -0.1974464
v -0.9187614 0.04711449 -0.191972
v -0.9210167 0.06731375 -0.202089
v -0.9097934 0.03614387 0.05819717
v -0.9116119 0.06742462 0.04134173
v -0.7763545 0.06896994 0.03358982
v -0.9190981 0.08669172 -0.1906104
v -0.9102508 0.0969013 -0.1956176
v -0.912306 0.06740191 -0.2130637
v 0.9580142 -0.05677469 0.1272814
v 0.9900149 -0.02964144 0.1528691
v 0.9883707 -0.02916481 -7.575409E-09
v -0.912306 0.06740191 -0.2130637
v -0.9210167 0.06731375 -0.202089
v -0.9190981 0.08669172 -0.1906104
v 0.9883707 -0.02916481 -7.575409E-09
v 0.9573137 -0.05674173 -7.542595E-09
v 0.9580142 -0.05677469 0.1272814
v -0.919178 0.08669391 -0.05983067
v -0.9103089 0.09690204 -0.05395852
v -0.9102508 0.0969013 -0.1956176
v -0.9102508 0.0969013 -0.1956176
v -0.9190981 0.08669172 -0.1906104
v -0.9203075 0.06838503 -0.05198569
v -0.911612 0.06742463 -0.04134174
v -0.9103089 0.09690204 -0.05395852
v 0.9063631 -0.05434127 0.2413563
v 0.9900149 -0.02964144 0.1528691
v 0.9580142 -0.05677469 0.1272814
v -0.9103089 0.09690204 -0.05395852
v -0.919178 0.08669391 -0.05983067
v -0.9203075 0.06838503 -0.05198569
v 0.8808071 -0.1201581 0.2215103
v 0.9158945 -0.039059 0.2768084
v 0.9063631 -0.05434127 0.2413563
v -0.9190392 0.04975147 -0.06477724
v -0.9187956 0.04711218 -0.06346139
v -0.9203075 0.06838503 -0.05198569
v 0.9297036 -0.1425934 0.1133608
v 0.8788598 -0.136058 0.2378118
v 0.8808071 -0.1201581 0.2215103
v -0.9203075 0.06838503 -0.05198569
v -0.9204547 0.06852713 -0.05464373
v -0.9190392 0.04975147 -0.06477724
v 0.9297036 -0.1425934 0.1133608
v 0.9366153 -0.1659994 0.1322263
v 0.8907992 -0.1602329 0.2295367
v -0.9189975 0.04975457 -0.1906029
v -0.9187614 0.04711449 -0.191972
v -0.9187956 0.04711218 -0.06346139
v -0.9190392 0.04975147 -0.06477724
v -0.9189975 0.04975457 -0.1906029
v -0.9211728 0.06719475 -0.1993496
v -0.9210167 0.06731375 -0.202089
v -0.9187614 0.04711449 -0.191972
v 0.9295093 -0.1425842 -7.451156E-09
v 0.9380824 -0.1667818 -7.427887E-09
v 0.9366153 -0.1659994 0.1322263
v -0.9187614 0.04711449 -0.191972
v -0.9189975 0.04975457 -0.1906029
v -0.9211728 0.06719475 -0.1993496
v 0.9366153 -0.1659994 0.1322263
v 0.9297036 -0.1425934 0.1133608
v 0.9295093 -0.1425842 -7.451156E-09
v -0.9193089 0.08404651 -0.189358
v -0.9190981 0.08669172 -0.1906104
v -0.9210167 0.06731375 -0.202089
v 0.9490836 -0.05279135 0.1272814
v 0.9580142 -0.05677469 0.1272814
v 0.9573137 -0.05674173 -7.542595E-09
v -0.9210167 0.06731375 -0.202089
v -0.9211728 0.06719475 -0.1993496
v -0.9193089 0.08404651 -0.189358
v 0.9573137 -0.05674173 -7.542595E-09
v 0.9478949 -0.05273537 -7.545222E-09
v 0.9490836 -0.05279135 0.1272814
v -0.9193943 0.08404926 -0.06129853
v -0.919178 0.08669391 -0.05983067
v -0.9190981 0.08669172 -0.1906104
v -0.9190981 0.08669172 -0.1906104
v -0.9193089 0.08404651 -0.189358
v -0.9204547 0.06852713 -0.05464373
v -0.9203075 0.06838503 -0.05198569
v -0.919178 0.08669391 -0.05983067
v 0.8560168 -0.05917101 0.2413563
v 0.9063631 -0.05434127 0.2413563
v 0.9580142 -0.05677469 0.1272814
v -0.919178 0.08669391 -0.05983067
v -0.9193943 0.08404926 -0.06129853
v -0.9204547 0.06852713 -0.05464373
v 0.9580142 -0.05677469 0.1272814
v 0.9490836 -0.05279135 0.1272814
v 0.8560168 -0.05917101 0.2413563
v -0.1058498 -0.1414054 -0.3271554
v -0.08928684 -0.1403143 -0.3205297
v -0.1108876 -0.03473582 -0.3176739
v -0.1274169 -0.03889627 -0.3224525
v -0.116592 -0.1362844 -0.341719
v -0.1380748 -0.04147568 -0.3362922
v -0.1174105 -0.1269073 -0.3586577
v -0.1387904 -0.04148878 -0.3539066
v -0.1079925 -0.116856 -0.3715015
v -0.1292904 -0.0389306 -0.3685679
v -0.09193534 -0.1099697 -0.3753446
v -0.1132033 -0.03477827 -0.3746755
v -0.07537238 -0.1088786 -0.3687189
v -0.09667394 -0.03061783 -0.3698969
v -0.06463007 -0.1139996 -0.3541553
v -0.08601595 -0.02803843 -0.3560572
v -0.06381164 -0.1233766 -0.3372166
v -0.08530036 -0.02802532 -0.3384427
v -0.07322969 -0.133428 -0.3243727
v -0.09480046 -0.0305835 -0.3237817
v -0.08928684 -0.1403143 -0.3205297
v -0.1108876 -0.03473582 -0.3176739
v -0.0867558 -0.1804211 -0.3727312
v -0.06962368 -0.1799157 -0.3676868
v -0.08928684 -0.1403143 -0.3205297
v -0.1058498 -0.1414054 -0.3271554
v -0.1009113 -0.1692559 -0.3789446
v -0.116592 -0.1362844 -0.341719
v -0.1066832 -0.1506847 -0.3839538
v -0.1174105 -0.1269073 -0.3586577
v -0.1018669 -0.1318011 -0.3858452
v -0.1079925 -0.116856 -0.3715015
v -0.08830208 -0.119818 -0.3838967
v -0.09193534 -0.1099697 -0.3753446
v -0.07116996 -0.1193125 -0.3788522
v -0.07537238 -0.1088786 -0.3687189
v -0.0570145 -0.1304777 -0.3726388
v -0.06463007 -0.1139996 -0.3541553
v -0.05124254 -0.149049 -0.3676296
v -0.06381164 -0.1233766 -0.3372166
v -0.05605885 -0.1679326 -0.3657382
v -0.07322969 -0.133428 -0.3243727
v -0.06962368 -0.1799157 -0.3676868
v -0.08928684 -0.1403143 -0.3205297
v -0.08491929 -0.173562 -0.5218412
v -0.06816351 -0.1745093 -0.5279548
v -0.06962368 -0.1799157 -0.3676868
v -0.0867558 -0.1804211 -0.3727312
v -0.0982238 -0.1610292 -0.5160865
v -0.1009113 -0.1692559 -0.3789446
v -0.1029953 -0.1416979 -0.5128886
v -0.1066832 -0.1506847 -0.3839538
v -0.0974113 -0.122952 -0.5134692
v -0.1018669 -0.1318011 -0.3858452
v -0.08360457 -0.1119519 -0.5176063
v -0.08830208 -0.119818 -0.3838967
v -0.06684893 -0.1128991 -0.5237198
v -0.07116996 -0.1193125 -0.3788522
v -0.05354435 -0.1254319 -0.5294745
v -0.0570145 -0.1304777 -0.3726388
v -0.0487728 -0.1447632 -0.5326723
v -0.05124254 -0.149049 -0.3676296
v -0.05435683 -0.1635091 -0.5320919
v -0.05605885 -0.1679326 -0.3657382
v -0.06816351 -0.1745093 -0.5279548
v -0.06962368 -0.1799157 -0.3676868
v -0.1733663 -0.1704848 -0.6484875
v -0.1629948 -0.1564351 -0.6639882
v -0.08271912 -0.1641156 -0.5923495
v -0.09877691 -0.1782694 -0.5829583
v -0.1850493 -0.1690892 -0.6288097
v -0.1178466 -0.1770093 -0.5703006
v -0.1934088 -0.1532723 -0.6128218
v -0.1323361 -0.1613047 -0.5594546
v -0.1955328 -0.1292962 -0.6061902
v -0.1371549 -0.137378 -0.5542897
v -0.1906124 -0.1057379 -0.6113697
v -0.1304992 -0.1137879 -0.5567061
v -0.1802409 -0.09168817 -0.6268705
v -0.1144414 -0.09963398 -0.5660974
v -0.168558 -0.09308376 -0.6465482
v -0.09537186 -0.1008942 -0.578755
v -0.1601984 -0.1089007 -0.6625361
v -0.08088229 -0.1165987 -0.5896009
v -0.1580743 -0.1328768 -0.6691675
v -0.07606346 -0.1405255 -0.5947658
v -0.1629948 -0.1564351 -0.6639882
v -0.08271912 -0.1641156 -0.5923495
v -0.1521012 -0.1026634 -0.605499
v -0.159933 -0.1132727 -0.5937939
v -0.1873548 -0.1110524 -0.6174904
v -0.1795231 -0.1004432 -0.6291955
v -0.1432306 -0.1037231 -0.6204399
v -0.1706524 -0.1015028 -0.6441363
v -0.1366938 -0.1160912 -0.6329417
v -0.1641157 -0.1138709 -0.6566381
v 0.01065974 -0.1337702 -0.325474
v 0.02722267 -0.1326791 -0.3188483
v 0.005621954 -0.02710063 -0.3159925
v -0.01090738 -0.03126107 -0.3207712
v -8.253753E-05 -0.1286492 -0.3400376
v -0.02156532 -0.03384047 -0.3346108
v -0.0009009889 -0.1192721 -0.3569764
v -0.02228093 -0.03385358 -0.3522253
v 0.008517062 -0.1092208 -0.3698202
v -0.01278084 -0.0312954 -0.3668865
v 0.02457418 -0.1023344 -0.3736632
v 0.003306233 -0.02714307 -0.3729942
v 0.04113714 -0.1012434 -0.3670375
v 0.0198356 -0.02298263 -0.3682156
v 0.05187943 -0.1063644 -0.3524739
v 0.03049356 -0.02040323 -0.3543758
v 0.05269787 -0.1157414 -0.3355352
v 0.03120916 -0.02039012 -0.3367614
v 0.04327982 -0.1257927 -0.3226914
v 0.02170905 -0.02294829 -0.3221003
v 0.02722267 -0.1326791 -0.3188483
v 0.005621954 -0.02710063 -0.3159925
v -0.5861529 0.4071773 -0.08496784
v -0.635408 0.3664007 -0.09812498
v -0.5738689 0.3996021 -0.08355973
v 0.8148484 -0.1242522 0.2215102
v 0.8808071 -0.1201581 0.2215103
v 0.9063631 -0.05434127 0.2413563
v -0.9367573 0.2519054 -7.564277E-09
v -0.867152 0.2842858 -0.2630815
v -0.869565 0.2772381 -0.2693481
v 0.9063631 -0.05434127 0.2413563
v 0.8560168 -0.05917101 0.2413563
v 0.8148484 -0.1242522 0.2215102
v -0.869565 0.2772381 -0.2693481
v -0.9396771 0.2453633 -7.557154E-09
v -0.9367573 0.2519054 -7.564277E-09
v 0.8984762 -0.1483239 0.1133608
v 0.9297036 -0.1425934 0.1133608
v 0.8808071 -0.1201581 0.2215103
v -0.7525504 0.329069 -0.1246632
v -0.852774 0.2900636 -0.1675548
v -0.8441231 0.291485 -0.1610658
v 0.8808071 -0.1201581 0.2215103
v 0.8148484 -0.1242522 0.2215102
v 0.8984762 -0.1483239 0.1133608
v -0.8441231 0.291485 -0.1610658
v -0.7523678 0.3261436 -0.1197292
v -0.7525504 0.329069 -0.1246632
v 0.8981469 -0.1483084 -7.440539E-09
v 0.9295093 -0.1425842 -7.451156E-09
v 0.9297036 -0.1425934 0.1133608
v -0.7523678 0.3261436 -0.1197292
v -0.594694 0.4096704 -0.09247586
v -0.7525504 0.329069 -0.1246632
v 0.9297036 -0.1425934 0.1133608
v 0.8984762 -0.1483239 0.1133608
v 0.8981469 -0.1483084 -7.440539E-09
v -0.5727829 0.4049129 -0.178847
v -0.5807507 0.4132517 -0.1777326
v -0.5861529 0.4071773 -0.08496784
v -0.3883617 0.3282653 0.35361
v -0.3798193 0.3439339 0.3502432
v -0.3791503 0.3525747 0.336828
v -0.5861529 0.4071773 -0.08496784
v -0.5738689 0.3996021 -0.08355973
v -0.5727829 0.4049129 -0.178847
v -0.6204289 -0.005833907 0.2488831
v -0.7942563 -0.005964713 0.2362193
v -0.7942566 -0.005964725 8.529465E-08
v -0.6221452 -0.005214187 6.51963E-08
v -0.4505573 -0.01475616 -7.368365E-09
v -0.4235645 -0.01562465 0.2885325
v -0.3367507 -0.02962304 -7.37082E-09
v -0.3454496 -0.02752525 0.4651698
v -0.05994799 -0.10082 -7.34116E-09
v -0.1060379 -0.0830097 0.5270178
v -0.5807507 0.4132517 -0.1777326
v -0.5899242 0.4160668 -0.1729331
v -0.594694 0.4096704 -0.09247586
v -0.3260174 0.4919168 -0.2336156
v -0.3289249 0.50392 -0.2363119
v -0.263734 0.5100483 -0.230514
v -0.594694 0.4096704 -0.09247586
v -0.5861529 0.4071773 -0.08496784
v -0.5807507 0.4132517 -0.1777326
v -0.4283433 0.4251553 -0.241136
v -0.4337431 0.4350953 -0.2462886
v -0.3687937 0.4642359 -0.2370279
v 0.7403584 0.2708786 -0.3700626
v 0.7415298 0.2957422 -0.3356055
v 0.7412593 0.2900002 -0.327648
v -0.3687937 0.4642359 -0.2370279
v -0.3744445 0.474672 -0.2408678
v -0.3260174 0.4919168 -0.2336156
v 0.7412593 0.2900002 -0.327648
v 0.7399207 0.2615878 -0.367023
v 0.7403584 0.2708786 -0.3700626
v -0.4283433 0.4251553 -0.241136
v -0.4682034 0.3950413 -0.2589716
v -0.4722774 0.4045534 -0.2658024
v 0.7403584 0.2708786 -0.4126538
v 0.7403584 0.2708786 -0.3700626
v 0.7399207 0.2615878 -0.367023
v -0.09873695 0.5330008 -0.2430228
v 0.03991742 0.5427918 -0.2397243
v 0.04647473 0.5366505 -0.2338317
v -0.08962227 0.5245376 -0.2357333
v -0.2546266 0.4814563 -0.2452054
v -0.2551787 0.4894053 -0.2546212
v -0.32308 0.4684116 -0.263302
v -0.3166443 0.4666541 -0.2518759
v -0.3331499 0.4492808 -0.2591653
v -0.3370293 0.452694 -0.2671855
v -0.3766774 0.4089061 -0.2801148
v -0.372041 0.4055723 -0.2701295
v -0.394475 0.3400044 -0.3025419
v -0.3946655 0.3404367 -0.3434939
v 0.7399207 0.2615878 -0.367023
v 0.7399206 0.2615878 -0.4156933
v 0.7403584 0.2708786 -0.4126538
v 1.027065 -0.08002987 -0.1463529
v 1.015657 -0.1258136 -0.1386901
v 1.035254 -0.122934 -0.1501428
v 1.046827 -0.07709815 -0.1562191
v 1.030305 -0.06138492 -0.1527108
v 1.051668 -0.05785334 -0.1624855
v 1.059979 -0.05902974 -0.1643248
v 1.063883 -0.06451943 -0.1648079
v 1.063349 -0.07432875 -0.1639273
v 1.052377 -0.1216717 -0.1585106
v 1.045381 -0.1400031 -0.1586443
v 1.029818 -0.1412911 -0.1509208
v 1.009417 -0.1446017 -0.1387096
v 0.5104513 0.2243011 -0.2597614
v 0.5320118 0.2361497 -0.2393356
v 0.5409905 0.2986477 -0.2895923
v 0.5194301 0.2867991 -0.3100182
v 0.5051923 0.1995836 -0.288641
v 0.5141711 0.2620816 -0.3388978
v 0.5206015 0.175989 -0.3091463
v 0.5295801 0.2384869 -0.3594031
v 0.5458969 0.1625883 -0.3150729
v 0.5548757 0.2250863 -0.3653297
v 0.573079 0.1610328 -0.307379
v 0.5820577 0.2235307 -0.3576358
v 0.5946395 0.1728813 -0.2869531
v 0.573079 0.1610328 -0.307379
v 0.5820577 0.2235307 -0.3576358
v 0.6036181 0.2353792 -0.3372099
v 0.5998984 0.1975987 -0.2580735
v 0.6088771 0.2600967 -0.3083303
v 0.5844894 0.2211934 -0.2375682
v 0.5934681 0.2836914 -0.287825
v 0.5591938 0.234594 -0.2316417
v 0.5681726 0.297092 -0.2818985
v 0.746492 0.4010662 -0.4126538
v 0.7464919 0.4010662 -0.3700626
v 0.7365059 0.4015367 -0.3700627
v 0.7434254 0.3359723 -0.4602723
v 0.7415301 0.2957422 -0.4471109
v 0.7412596 0.2900002 -0.4550684
v 0.7365059 0.4015367 -0.3700627
v 0.736506 0.4015366 -0.4126539
v 0.746492 0.4010662 -0.4126538
v 0.7469297 0.410357 -0.4156933
v 0.7469298 0.410357 -0.367023
v 0.7464919 0.4010662 -0.3700626
v 0.7453205 0.3762026 -0.3356055
v 0.7469298 0.410357 -0.367023
v 0.745591 0.3819447 -0.327648
v 0.7453205 0.3762026 -0.3356055
v 0.7453208 0.3762025 -0.4471109
v 0.746492 0.4010662 -0.4126538
v 0.736506 0.4015366 -0.4126539
v 0.7353348 0.3766729 -0.4471109
v 0.7453208 0.3762025 -0.4471109
v 0.7403584 0.2708786 -0.3700626
v 0.7403584 0.2708786 -0.4126538
v 0.7303724 0.2713491 -0.4126539
v 0.7303724 0.2713491 -0.4126539
v 0.7303724 0.2713491 -0.3700627
v 0.7403584 0.2708786 -0.3700626
v 0.09774774 0.5446553 0.09814709
v 0.05103038 0.5445212 0.2251798
v 0.1171181 0.5131471 0.2369944
v 0.1004529 0.5484039 -8.025133E-09
v 0.160397 0.5153493 0.1120348
v 0.1879029 0.4522164 0.261481
v 0.1171181 0.5131471 -0.2369944
v 0.05103038 0.5445213 -0.2251798
v 0.09774775 0.5446554 -0.09814712
v 0.1603971 0.5153494 -0.1120349
v 0.1550222 0.524415 -8.009176E-09
v 0.2716818 0.4442677 0.1371111
v 0.2468363 0.3764715 0.2828098
v 0.3605234 0.3733715 0.1746113
v 0.2690818 0.3065598 0.2876859
v 0.2716818 0.4442678 -0.1371111
v 0.2726161 0.4549475 -7.956745E-09
v 0.3792995 0.3896713 -7.906894E-09
v 0.3605235 0.3733715 -0.1746113
v 0.4418011 0.3156649 0.1849317
v 0.4796661 0.3163282 -7.847859E-09
v 0.4418011 0.3156649 -0.1849317
v 0.2690818 0.3065598 -0.2876859
v 0.2468363 0.3764715 -0.2828098
v 0.1879029 0.4522164 -0.2614811
v -0.1073768 0.527395 -0.2338762
v -0.02322087 0.5362569 -0.2379003
v 0.02340643 0.4778269 -0.2735799
v -0.0868417 0.458977 -0.2884128
v 0.06493721 0.3984355 -0.3189647
v -0.2546266 0.4814563 -0.2452054
v 0.2793803 0.2921612 -0.2946226
v 0.1054923 0.2937136 -0.3643494
v 0.196649 0.4171183 -0.2809125
v 0.1131792 0.5035433 -0.2534682
v 0.04310907 0.5434314 -0.2339321
v -0.06719612 0.3024725 -0.3829113
v -0.07972905 0.3922053 -0.3410034
v -0.2419282 0.3886727 -0.3394393
v -0.2343424 0.4398547 -0.2935082
v -0.268858 0.3231032 -0.3893588
v -0.397028 0.3361878 -0.3303924
v -0.3951643 0.3711306 -0.3024544
v -0.3740099 0.4127814 -0.269503
v -0.3252181 0.4653884 -0.2513691
v 0.1131792 0.5035431 0.2534682
v 0.04310907 0.5434314 0.233932
v -0.02322086 0.5362569 0.2379002
v 0.1966489 0.4171183 0.2809125
v 0.02340643 0.4778269 0.2735799
v -0.1073768 0.5273949 0.2338762
v -0.08684169 0.4589769 0.2884128
v -0.2546266 0.4814563 0.2452054
v -0.2343424 0.4398547 0.2935081
v -0.3252181 0.4653884 0.2513691
v -0.3740098 0.4127814 0.269503
v -0.2419282 0.3886727 0.3394393
v -0.3951643 0.3711305 0.3024543
v -0.268858 0.3231031 0.3893588
v -0.397028 0.3361878 0.3303924
v -0.06719611 0.3024725 0.3829112
v -0.07972904 0.3922053 0.3410034
v 0.1054923 0.2937136 0.3643493
v 0.0649372 0.3984355 0.3189646
v 0.2793803 0.2921612 0.2946226
v -0.7460205 -0.1534437 -0.6304181
v -0.7869287 -0.184646 -0.6217951
v -0.7762756 -0.1765205 -0.6240406
v 0.7067297 0.02455129 -0.6025981
v 0.6724614 0.01766288 -0.6024318
v 0.6719546 0.02895661 -0.6007636
v 0.7026971 0.03501727 -0.6007636
v 0.828767 -0.111127 -0.6007636
v 0.7849863 -0.08546629 -0.6087304
v 0.8337846 -0.08552206 -0.6007636
v 0.7390222 -0.05818146 -0.6143941
v 0.7980337 0.0008780002 -0.6007636
v 0.7120319 0.01078968 -0.6050104
v 0.7120831 0.03686766 -0.6007636
v 0.8244427 -0.038791 -0.6007636
v 0.7585782 0.02744584 -0.6007636
v 0.8131012 -0.1216446 -0.6025666
v 0.8173659 -0.1044446 -0.6028382
v 0.8246373 -0.1322008 -0.6007636
v 0.8184285 -0.1415504 -0.6007636
v 0.8063301 -0.1395297 -0.6026231
v 0.7580374 -0.1314639 -0.6100462
v 0.7983933 -0.1717208 -0.6007635
v 0.7121149 -0.1296099 -0.6134453
v 0.7590482 -0.1980654 -0.6007634
v 0.7125917 -0.207224 -0.6007634
v 0.6397677 -0.1800734 -0.6007635
v 0.6660964 -0.1978022 -0.6007634
v 0.718846 -0.1250355 -0.6137369
v 0.6262815 0.001364403 -0.6007636
v 0.6656266 0.0277091 -0.6007636
v 0.6754287 -0.04846384 -0.6121991
v 0.6767033 -0.07190978 -0.6139899
v 0.5985388 -0.03886417 -0.6007636
v 0.5908902 -0.08483425 -0.6007636
v 0.6658699 -0.08517423 -0.6131048
v 0.6002321 -0.1315653 -0.6007636
v 0.6205307 -0.1419059 -0.6024787
v 0.6132124 -0.1510631 -0.6007636
v 0.6266411 -0.1712344 -0.6007636
v 0.6357871 -0.1620186 -0.6029006
v 0.6500057 -0.1729322 -0.6025581
v 0.693176 0.01644878 -0.6123623
v 0.7021874 0.01725204 -0.6124436
v 0.7056293 0.008324442 -0.6143991
v 0.7118387 -0.08542538 -0.6296304
v 0.7335371 -0.06290629 -0.6243498
v 0.7815962 -0.09146387 -0.6182462
v 0.806633 -0.119629 -0.6126478
v 0.8095462 -0.1078559 -0.6127988
v 0.801999 -0.1318829 -0.612716
v 0.7591755 -0.1247422 -0.619633
v 0.7172832 -0.1179298 -0.6239657
v 0.7081962 -0.1240448 -0.6232851
v 0.6500956 -0.1645434 -0.6128401
v 0.6405916 -0.1572356 -0.6130078
v 0.6822379 -0.0481335 -0.6218599
v 0.6795289 0.01258011 -0.6125595
v 0.6835957 -0.0742319 -0.6242354
v 0.671118 -0.08959645 -0.6228896
v 0.6291405 -0.1421563 -0.612753
v 0.6097391 -0.04037793 -0.5992655
v 0.7118908 -0.1956066 -0.5992653
v 0.669928 -0.1871032 -0.5992653
v 0.6343187 -0.1631253 -0.5992654
v 0.6104841 -0.1273232 -0.5992654
v 0.6020529 -0.08514753 -0.5992655
v 0.7114317 0.02469073 -0.5992655
v 0.6339942 -0.007351627 -0.5992655
v 0.6695039 0.01642498 -0.5992655
v 0.7533946 0.01618737 -0.5992655
v 0.7890038 -0.007790585 -0.5992655
v 0.8128384 -0.04359264 -0.5992655
v 0.8212697 -0.08576833 -0.5992655
v 0.813014 -0.1278968 -0.5992653
v 0.7893284 -0.1635643 -0.5992653
v 0.7538186 -0.1873408 -0.5992653
v -0.9355512 -0.08445662 -0.4801115
v -0.9237012 -0.1697912 -0.5124335
v -0.9189652 -0.1678297 -0.4801115
v -0.9189652 -0.001083498 -0.4370155
v -0.9355512 -0.08445662 -0.4370155
v -0.9189653 -0.1678297 -0.4370155
v -0.9237012 -0.1697912 -0.4046935
v -0.8717323 -0.23851 -0.4370155
v -0.875357 -0.2421343 -0.4046935
v -0.9406773 -0.08445662 -0.4046935
v -0.9237012 0.0008779335 -0.4046935
v -0.875357 0.07322107 -0.4046935
v -0.9237012 -0.1697912 -0.3615975
v -0.875357 -0.2421343 -0.3615975
v -0.9406773 -0.08445662 -0.3615975
v -0.9237012 0.0008779335 -0.3615975
v -0.875357 0.07322107 -0.3615975
v -0.803005 0.1215592 -0.3615975
v -0.906531 -0.1626799 -0.3185015
v -0.8622156 -0.2289945 -0.3185015
v -0.9220925 -0.08445662 -0.3185015
v -0.906531 -0.006233273 -0.3185015
v -0.8622156 0.06008127 -0.3185015
v -0.795893 0.1043912 -0.3185015
v -0.71766 0.1199508 -0.3185015
v -0.6125286 0.02066188 -0.2754056
v -0.6394269 0.1043912 -0.3185015
v -0.6607631 0.05288727 -0.2754055
v -0.7176599 0.06420334 -0.2754056
v -0.7745566 0.05288727 -0.2754056
v -0.8227913 0.02066187 -0.2754056
v -0.8550208 -0.02756691 -0.2754055
v -0.6342766 0.1168239 -0.4370156
v -0.71766 0.1385333 -0.4046935
v -0.6323149 0.1215592 -0.4046935
v -0.5599629 0.07322111 -0.4046935
v -0.5599628 0.07322111 -0.3615975
v -0.6323149 0.1215592 -0.3615975
v -0.5731043 0.0600813 -0.3185015
v -0.71766 0.1385333 -0.3615975
v -0.803005 0.1215592 -0.4046935
v -0.5635876 0.06959685 -0.4370156
v -0.6342766 0.1168239 -0.4801115
v -0.5116189 0.0008779621 -0.4046936
v -0.5116189 0.0008779621 -0.3615976
v -0.5287889 -0.006233239 -0.3185016
v -0.5802992 -0.02756689 -0.2754056
v -0.897946 -0.009788894 -0.6147865
v -0.8477534 -0.08445664 -0.6417215
v -0.9128001 -0.08445663 -0.6147865
v -0.9237012 0.0008779335 -0.5555295
v -0.875357 0.07322107 -0.5555295
v -0.875357 0.07322107 -0.5124335
v -0.803005 0.1215592 -0.5124335
v -0.8010433 0.1168239 -0.4801115
v -0.71766 0.1334078 -0.4801115
v -0.71766 0.1334078 -0.4370155
v -0.897946 -0.1591244 -0.6147865
v -0.9406773 -0.08445662 -0.5555295
v -0.923701 0.0008779335 -0.5124335
v -0.8717324 0.0695968 -0.4801115
v -0.8010434 0.1168239 -0.4370155
v -0.8556449 -0.2224246 -0.6147865
v -0.9237012 -0.1697912 -0.5555295
v -0.9406773 -0.08445662 -0.5124335
v -0.9189652 -0.001083498 -0.4801115
v -0.8717324 0.06959683 -0.4370155
v -0.875357 -0.2421343 -0.5555295
v -0.875357 -0.2421343 -0.5124335
v -0.803005 -0.2904724 -0.5555295
v -0.803005 -0.2904724 -0.5124335
v -0.71766 -0.3074465 -0.5555295
v -0.7176599 -0.3074465 -0.5124335
v -0.6323149 -0.2904724 -0.5555295
v -0.6323149 -0.2904724 -0.5124335
v -0.5599628 -0.2421343 -0.5555295
v -0.5599628 -0.2421343 -0.5124335
v -0.5116187 -0.1697911 -0.5555295
v -0.7923369 -0.2647205 -0.6147864
v -0.71766 -0.2795728 -0.6147865
v -0.6429831 -0.2647204 -0.6147865
v -0.579675 -0.2224246 -0.6147865
v -0.537374 -0.1591243 -0.6147866
v -0.4946426 -0.08445662 -0.5555295
v -0.5373739 -0.009788851 -0.6147866
v -0.5116188 0.0008779621 -0.5555295
v -0.5225198 -0.08445662 -0.6147866
v -0.5974692 -0.03467812 -0.6417215
v -0.5875665 -0.08445662 -0.6417215
v -0.5974692 -0.1342351 -0.6417215
v -0.62567 -0.1764352 -0.6417215
v -0.6678753 -0.2046325 -0.6417215
v -0.71766 -0.2145341 -0.6417215
v -0.7674446 -0.2046325 -0.6417215
v -0.8096499 -0.1764353 -0.6417215
v -0.8378506 -0.1342351 -0.6417215
v -0.5163547 -0.001083469 -0.4370156
v -0.5635876 0.06959685 -0.4801115
v -0.6323149 0.1215592 -0.5124335
v -0.71766 0.1385333 -0.5124335
v -0.803005 0.1215592 -0.5555295
v -0.8556449 0.05351136 -0.6147865
v -0.8378506 -0.03467814 -0.6417215
v -0.5163547 -0.00108346 -0.4801116
v -0.5599629 0.0732211 -0.5124335
v -0.6323149 0.1215592 -0.5555295
v -0.71766 0.1385333 -0.5555295
v -0.7923369 0.09580721 -0.6147865
v -0.8096499 0.00752202 -0.6417215
v -0.5116188 0.0008779621 -0.5124336
v -0.5599629 0.0732211 -0.5555295
v -0.6429831 0.09580722 -0.6147865
v -0.7176599 0.1106596 -0.6147865
v -0.7674445 0.03571926 -0.6417215
v -0.5116188 0.0008779621 -0.5555295
v -0.5796751 0.0535114 -0.6147865
v -0.6678753 0.03571929 -0.6417215
v -0.7176599 0.04562082 -0.6417215
v -0.5373739 -0.009788851 -0.6147866
v -0.62567 0.007522049 -0.6417215
v -0.5974692 -0.03467812 -0.6417215
v 0.6754287 -0.04846384 -0.6121991
v 0.6835957 -0.0742319 -0.6242354
v 0.6767033 -0.07190978 -0.6139899
v 0.7067403 0.02447298 0.6200211
v 0.7027077 0.03493897 0.6181865
v 0.6719652 0.02887833 0.6181866
v 0.672472 0.01758458 0.6198547
v 0.8287776 -0.1112054 0.6181865
v 0.8337952 -0.08560043 0.6181865
v 0.7849969 -0.08554464 0.6261533
v 0.7390328 -0.0582598 0.631817
v 0.7980443 0.0007996655 0.6181865
v 0.7120425 0.01071137 0.6224333
v 0.7120937 0.03678935 0.6181865
v 0.7585889 0.02736752 0.6181865
v 0.8244534 -0.03886935 0.6181865
v 0.8131118 -0.1217229 0.6199896
v 0.8063407 -0.1396081 0.6200461
v 0.8184391 -0.1416288 0.6181865
v 0.8246479 -0.1322792 0.6181865
v 0.8173764 -0.104523 0.6202611
v 0.6397783 -0.1801517 0.6181865
v 0.666107 -0.1978805 0.6181865
v 0.7126022 -0.2073023 0.6181865
v 0.7121254 -0.1296883 0.6308683
v 0.7590588 -0.1981438 0.6181865
v 0.7984039 -0.1717992 0.6181865
v 0.7580481 -0.1315422 0.6274692
v 0.7188565 -0.1251138 0.6311599
v 0.6500162 -0.1730106 0.6199812
v 0.6357977 -0.1620969 0.6203236
v 0.6266516 -0.1713127 0.6181865
v 0.6205413 -0.1419842 0.6199018
v 0.613223 -0.1511414 0.6181865
v 0.6002427 -0.1316436 0.6181865
v 0.6658804 -0.08525255 0.6305279
v 0.5909008 -0.08491255 0.6181867
v 0.6767138 -0.07198808 0.6314129
v 0.5985494 -0.03894245 0.6181866
v 0.626292 0.001286125 0.6181866
v 0.6754394 -0.04854215 0.629622
v 0.6656373 0.02763082 0.6181866
v 0.6835957 -0.0742319 -0.6242354
v 0.6754287 -0.04846384 -0.6121991
v 0.6822379 -0.0481335 -0.6218599
v -0.6129233 -0.1220024 0.6293881
v -0.6016072 -0.1222056 0.6274024
v -0.5956131 -0.09081916 0.6274024
v -0.6063657 -0.08696546 0.629208
v -0.6278026 -0.1217351 0.631999
v -0.6034373 -0.1317882 0.6274025
v -0.669693 -0.1992313 0.6274025
v -0.7025333 -0.1207891 0.6421555
v -0.764044 -0.1998803 0.6274024
v -0.7454816 -0.153772 0.6360254
v -0.7860831 -0.1853139 0.6274024
v -0.7168037 -0.2089773 0.6274024
v -0.6298839 -0.1721261 0.6274024
v -0.7899754 -0.1664698 0.6293539
v -0.8041309 -0.1532074 0.6294152
v -0.8106095 -0.163869 0.6274023
v -0.8042221 -0.1733252 0.6274023
v -0.77551 -0.1770999 0.6296479
v -0.7788612 0.01980059 0.6274024
v -0.8054259 0.00171319 0.6274023
v -0.8318725 -0.03862478 0.6274023
v -0.7591172 -0.06795012 0.6411287
v -0.8409306 -0.08605435 0.6274023
v -0.831221 -0.1333548 0.6274023
v -0.7782702 -0.1106502 0.6374496
v -0.7573931 -0.0760681 0.6414443
v -0.7760672 0.007382812 0.6293448
v -0.7604689 0.01663686 0.6297155
v -0.765617 0.02881835 0.6274024
v -0.735875 0.02334284 0.6292589
v -0.7416617 0.03377408 0.6274024
v -0.7185062 0.03856431 0.6274024
v -0.7000251 -0.0412816 0.6407602
v -0.6712658 0.02946728 0.6274024
v -0.6917313 -0.05661135 0.6417181
v -0.631182 0.004600792 0.6274025
v -0.6040889 -0.03705814 0.6274025
v -0.6693243 -0.06440147 0.6397797
v -0.5943792 -0.08435868 0.6274024
v -0.6153585 -0.1060814 0.6399565
v -0.6137993 -0.0916965 0.6401699
v -0.6715983 -0.07096498 0.6502362
v -0.7176969 -0.08464023 0.6586468
v -0.6965171 -0.06223605 0.6528075
v -0.7061509 -0.04454615 0.6513509
v -0.7578188 0.01026015 0.6406552
v -0.7682572 0.004079466 0.6404736
v -0.739375 0.01529997 0.6403794
v -0.7856371 -0.1611285 0.6402654
v -0.7724168 -0.1143048 0.6478261
v -0.7953377 -0.1520469 0.6403392
v -0.750156 -0.07731688 0.6525155
v -0.752427 -0.06638075 0.6517789
v -0.6276791 -0.1147369 0.642161
v -0.6180256 -0.1149082 0.6400444
v -0.7048708 -0.1137913 0.6529313
v -0.7498039 -0.1482663 0.6463249
v -0.7757335 -0.1683991 0.6404289
v 0.6724614 0.01766288 -0.6024318
v 0.6822379 -0.0481335 -0.6218599
v 0.6754287 -0.04846384 -0.6121991
v -0.6368459 -0.005406203 0.6257809
v -0.6743734 -0.1873696 0.6257809
v -0.6384451 -0.1629066 0.6257809
v -0.6145765 -0.1265008 0.6257809
v -0.6151646 -0.04100519 0.6257809
v -0.6064014 -0.08369482 0.6257809
v -0.6757931 0.01903524 0.6257809
v -0.7184283 0.02724548 0.6257809
v -0.7609467 0.01844958 0.6257809
v -0.7968751 -0.006013365 0.6257808
v -0.8207437 -0.04241912 0.6257808
v -0.8289188 -0.08522521 0.6257808
v -0.8201557 -0.1279148 0.6257808
v -0.7957886 -0.1639888 0.6257808
v -0.7595271 -0.1879552 0.6257809
v -0.7168918 -0.1961655 0.6257809
v -0.6129515 -0.1226454 -0.6237807
v -0.6061381 -0.08772119 -0.6236006
v -0.5953882 -0.09164124 -0.6217951
v -0.601612 -0.1229259 -0.6217951
v -0.7869287 -0.184646 -0.6217951
v -0.7460205 -0.1534437 -0.6304181
v -0.7649415 -0.1993355 -0.6217951
v -0.7027503 -0.1208194 -0.6365482
v -0.6703784 -0.1993354 -0.6217951
v -0.6278617 -0.1222765 -0.6263916
v -0.6035121 -0.1324774 -0.6217951
v -0.71766 -0.2087393 -0.6217951
v -0.6302949 -0.1725558 -0.6217951
v -0.7906996 -0.1658115 -0.6237466
v -0.7762756 -0.1765205 -0.6240406
v -0.8050249 -0.1725559 -0.621795
v -0.8113612 -0.1630742 -0.621795
v -0.8047948 -0.1524777 -0.6238078
v -0.7785839 -0.1101802 -0.6318423
v -0.8318079 -0.1324775 -0.621795
v -0.7590945 -0.06769406 -0.6355213
v -0.8412127 -0.08520173 -0.621795
v -0.8318079 -0.03792596 -0.621795
v -0.7782771 0.02002265 -0.6217951
v -0.8050249 0.002152548 -0.621795
v -0.7574226 -0.07580819 -0.635837
v -0.6035122 -0.03792591 -0.6217951
v -0.5941072 -0.08520172 -0.6217951
v -0.6690796 -0.06476862 -0.6341724
v -0.6914821 -0.05683975 -0.6361108
v -0.6303777 0.00383852 -0.6217951
v -0.6703784 0.0289321 -0.6217951
v -0.6996886 -0.04148269 -0.6351528
v -0.7176599 0.03833583 -0.6217951
v -0.7351719 0.02326299 -0.6236515
v -0.7408993 0.0337138 -0.6217951
v -0.7649415 0.02893207 -0.6217951
v -0.7598661 0.0167388 -0.6241081
v -0.7755626 0.007609691 -0.6237375
v -0.6361231 -0.006110272 -0.6201735
v -0.8206805 -0.04178936 -0.6201735
v -0.7965085 -0.005617781 -0.6201735
v -0.7603325 0.01855128 -0.6201735
v -0.71766 0.02703834 -0.6201735
v -0.6749874 0.01855129 -0.6201735
v -0.6146393 -0.1271238 -0.6201735
v -0.6146394 -0.04178932 -0.6201735
v -0.6061513 -0.08445662 -0.6201735
v -0.6388114 -0.1632954 -0.6201735
v -0.6749875 -0.1874645 -0.6201735
v -0.71766 -0.1959516 -0.6201735
v -0.7603325 -0.1874645 -0.6201735
v -0.7965085 -0.1632955 -0.6201735
v -0.8206805 -0.1271239 -0.6201735
v -0.8291687 -0.08445664 -0.6201735
v 0.6822379 -0.0481335 -0.6218599
v 0.6724614 0.01766288 -0.6024318
v 0.6795289 0.01258011 -0.6125595
v 0.7121097 -0.3006916 -0.4698614
v 0.6301131 -0.2840758 -0.4300449
v 0.6301132 -0.2840759 -0.4698614
v 0.5605316 -0.2372222 -0.4300449
v 0.5569761 -0.2407926 -0.4001824
v 0.509307 -0.1691884 -0.4001825
v 0.5139582 -0.1672639 -0.4300449
v 0.5605316 -0.2372222 -0.4698614
v 0.5139582 -0.1672639 -0.4698615
v 0.6281946 -0.2887484 -0.4001824
v 0.7121097 -0.3006916 -0.4300449
v 0.7940379 -0.28454 -0.4698614
v 0.7959759 -0.2892236 -0.4997239
v 0.7121202 -0.3057552 -0.4997239
v 0.6281946 -0.2887485 -0.4997239
v 0.5569761 -0.2407926 -0.4997239
v 0.7940379 -0.28454 -0.4300449
v 0.7121202 -0.3057551 -0.4001824
v 0.7959759 -0.2892236 -0.4001824
v 0.7959759 -0.2892237 -0.5395405
v 0.8475787 -0.2221441 -0.5942883
v 0.8669955 -0.2416706 -0.5395405
v 0.8669955 -0.2416706 -0.4997239
v 0.8634251 -0.23808 -0.4698614
v 0.8634251 -0.23808 -0.4300449
v 0.8669955 -0.2416705 -0.4001825
v 0.7959759 -0.2892236 -0.3603658
v 0.8299062 -0.1349699 -0.6191736
v 0.8022729 -0.176582 -0.6191736
v 0.8890286 -0.1597259 -0.5942883
v 0.9143668 -0.1703356 -0.5395405
v 0.9143668 -0.1703356 -0.4997239
v 0.9097076 -0.1683847 -0.4698615
v 0.9097075 -0.1683846 -0.4300449
v 0.8395377 -0.08582008 -0.6191737
v 0.9034759 -0.08600112 -0.5942883
v 0.9308781 -0.0860787 -0.5395405
v 0.9308781 -0.08607869 -0.499724
v 0.9258394 -0.08606435 -0.4698615
v 0.9140155 -0.001727266 -0.499724
v 0.9093644 -0.00365181 -0.4698616
v 0.8297013 -0.0366151 -0.6191737
v 0.8887213 -0.01219368 -0.5942884
v 0.9140155 -0.001727343 -0.5395406
v 0.8663464 0.06987687 -0.5395406
v 0.8663464 0.06987687 -0.499724
v 0.7951279 0.1178328 -0.5395406
v 0.7951279 0.1178328 -0.4997241
v 0.8018943 0.00515399 -0.6191737
v 0.8470108 0.05045995 -0.5942884
v 0.7846946 0.09242135 -0.5942884
v 0.7112596 0.1073022 -0.5942885
v 0.7112022 0.1348394 -0.5395407
v 0.637886 0.09283707 -0.5942885
v 0.6273466 0.1183078 -0.5395406
v 0.5757438 0.05122819 -0.5942884
v 0.556327 0.07075476 -0.5395406
v 0.6210496 0.005666141 -0.6191738
v 0.6624777 0.03340542 -0.6191738
v 0.7113935 0.04304881 -0.6191738
v 0.7603501 0.03312826 -0.6191738
v 0.7112022 0.1348394 -0.4997241
v 0.6273467 0.1183078 -0.4997241
v 0.556327 0.07075476 -0.4997241
v 0.8627909 0.06630645 -0.4698616
v 0.7932094 0.1131601 -0.4698616
v 0.7112128 0.1297759 -0.4698617
v 0.6292847 0.1136243 -0.4698616
v 0.5598974 0.0671642 -0.4698616
v 0.9258394 -0.08606434 -0.4300449
v 0.9093644 -0.0036518 -0.430045
v 0.8627909 0.06630646 -0.430045
v 0.7932094 0.1131601 -0.430045
v 0.7112128 0.1297759 -0.4300451
v 0.9140155 -0.001727238 -0.4001826
v 0.930878 -0.08607858 -0.4001825
v 0.9143668 -0.1703355 -0.4001825
v 0.8669955 -0.2416705 -0.3603659
v 0.9143668 -0.1703355 -0.3603659
v 0.930878 -0.08607858 -0.3603659
v 0.9140155 -0.001727228 -0.360366
v 0.8663464 0.06987691 -0.4001826
v 0.8663464 0.06987692 -0.360366
v 0.7951279 0.1178328 -0.4001826
v 0.7951279 0.1178328 -0.360366
v 0.7112023 0.1348395 -0.4001826
v 0.8540509 -0.2286528 -0.3205493
v 0.8974746 -0.1632623 -0.3205493
v 0.91261 -0.08602688 -0.3205493
v 0.8971527 -0.008704748 -0.3205494
v 0.853456 0.05693242 -0.3205494
v 0.7881724 0.1008919 -0.3205494
v 0.8578058 -0.0858716 -0.2807328
v 0.8465641 -0.02963731 -0.2807328
v 0.8147847 0.01809875 -0.2807328
v 0.7673057 0.05006933 -0.2807328
v 0.7112405 0.1164815 -0.3205495
v 0.7113553 0.06140708 -0.2807328
v 0.6343729 0.1013274 -0.3205495
v 0.6554515 0.0503861 -0.2807328
v 0.5692716 0.05773712 -0.3205494
v 0.6081051 0.01868401 -0.2807328
v 0.7112022 0.1348395 -0.360366
v 0.6273466 0.118308 -0.360366
v 0.6273466 0.1183079 -0.4001826
v 0.6292847 0.1136243 -0.4300451
v 0.5598974 0.06716421 -0.430045
v 0.5563271 0.0707548 -0.4001826
v 0.5563271 0.0707548 -0.360366
v -0.8042333 0.1213592 0.5180408
v -0.7191966 0.138951 0.5180409
v -0.7191612 0.1338158 0.4857189
v -0.8022434 0.1166284 0.4857188
v -0.7191612 0.1338158 0.4426229
v -0.8022434 0.1166284 0.4426229
v -0.8724485 0.06882705 0.4857188
v -0.8724484 0.06882709 0.4426228
v -0.9190884 -0.002310829 0.4857188
v -0.9190884 -0.002310829 0.4426228
v -0.9350627 -0.0859552 0.4857188
v -0.9350627 -0.0859552 0.4426228
v -0.7191966 0.138951 0.4103009
v -0.8042333 0.1213592 0.4103009
v -0.8760899 0.07243329 0.4103009
v -0.9238271 -0.0003781986 0.4103008
v -0.9401773 -0.08599038 0.4103008
v -0.9179394 -0.1693719 0.4426228
v -0.9226512 -0.1713696 0.4103008
v -0.7191966 0.138951 0.3672049
v -0.8042333 0.1213592 0.3672049
v -0.8760899 0.07243329 0.3672048
v -0.9238271 -0.0003781891 0.3672048
v -0.9401772 -0.08599037 0.3672048
v -0.9226511 -0.1713696 0.3672048
v -0.8739169 -0.2435175 0.4103008
v -0.7190685 0.1203334 0.3241089
v -0.6339259 0.1225305 0.367205
v -0.7970187 0.1042076 0.3241089
v -0.8628874 0.05935885 0.3241089
v -0.9066465 -0.007385006 0.3241088
v -0.9216341 -0.08586285 0.3241088
v -0.6409036 0.1052813 0.324109
v -0.5744245 0.0613428 0.324109
v -0.561403 0.0745976 0.367205
v -0.8232799 0.02013555 0.2810129
v -0.8551047 -0.02840545 0.2810129
v -0.7753754 0.0527528 0.2810129
v -0.7186843 0.06448065 0.2810129
v -0.6618372 0.05353366 0.281013
v -0.6134887 0.02157841 0.281013
v -0.5809992 -0.02652027 0.281013
v -0.5297515 -0.004792867 0.324109
v -0.5126689 0.002449589 0.3672051
v -0.561403 0.0745976 0.410301
v -0.5126689 0.002449598 0.4103011
v -0.5649948 0.07094163 0.442623
v -0.5173807 0.0004519463 0.442623
v -0.5649948 0.07094162 0.485719
v -0.5173807 0.0004519558 0.485719
v -0.5614032 0.07459758 0.518041
v -0.633926 0.1225305 0.518041
v -0.633926 0.1225305 0.5611369
v -0.6358506 0.1177728 0.4857189
v -0.6358505 0.1177728 0.442623
v -0.6339259 0.1225305 0.410301
v -0.7191966 0.138951 0.5611369
v -0.87609 0.07243328 0.5611368
v -0.9238272 -0.0003781986 0.5611368
v -0.8980563 -0.01088843 0.6203938
v -0.8562863 0.05282162 0.6203938
v -0.8042333 0.1213592 0.5611368
v -0.7934117 0.09563176 0.6203938
v -0.7190045 0.1110246 0.6203939
v -0.6443928 0.09665667 0.6203939
v -0.5614032 0.07459758 0.561137
v -0.512669 0.002449598 0.518041
v -0.512669 0.002449589 0.561137
v -0.5809353 0.05471539 0.620394
v -0.6688151 0.03628445 0.6473289
v -0.7185563 0.04586305 0.6473289
v -0.7681611 0.03560117 0.6473289
v -0.6265102 0.008323593 0.6473289
v -0.5382928 -0.008414102 0.620394
v -0.5980819 -0.03376275 0.6473289
v -0.8100775 0.007061071 0.6473288
v -0.8379242 -0.03541229 0.6473288
v -0.8474618 -0.08535274 0.6473288
v -0.9123626 -0.08579909 0.6203938
v -0.8372382 -0.1351573 0.6473288
v -0.8970273 -0.1605059 0.6203938
v -0.80881 -0.1772436 0.6473288
v -0.8013942 -0.2914505 0.5611368
v -0.7161236 -0.307871 0.5611369
v -0.7163157 -0.2799446 0.6203939
v -0.7909274 -0.2655767 0.6203938
v -0.873917 -0.2435175 0.5611368
v -0.8543849 -0.2236354 0.6203938
v -0.9226512 -0.1713696 0.5611368
v -0.9401773 -0.08599038 0.5611368
v -0.7665049 -0.2052045 0.6473289
v -0.7167638 -0.2147831 0.6473289
v -0.667159 -0.2045212 0.6473289
v -0.6419085 -0.2645518 0.6203939
v -0.6252426 -0.1759811 0.6473289
v -0.5790339 -0.2217416 0.6203939
v -0.6310868 -0.2902792 0.5611369
v -0.7161235 -0.307871 0.4103009
v -0.6310868 -0.2902792 0.410301
v -0.6330768 -0.2855484 0.4426229
v -0.7161588 -0.3027358 0.4426229
v -0.6330768 -0.2855484 0.4857189
v -0.7161588 -0.3027358 0.4857189
v -0.6310868 -0.2902792 0.518041
v -0.7161235 -0.307871 0.5180409
v -0.5592301 -0.2413533 0.5611369
v -0.5592301 -0.2413533 0.518041
v -0.5628716 -0.2377471 0.4857189
v -0.5628716 -0.2377471 0.442623
v -0.55923 -0.2413533 0.410301
v -0.6310868 -0.2902792 0.3672049
v -0.5973959 -0.1335077 0.6473289
v -0.5372639 -0.1580315 0.620394
v -0.5114929 -0.1685417 0.561137
v -0.5114929 -0.1685417 0.518041
v -0.5162317 -0.1666091 0.485719
v -0.5162317 -0.1666091 0.442623
v -0.5878583 -0.08356729 0.6473289
v -0.5229575 -0.08312093 0.620394
v -0.4951428 -0.08292965 0.561137
v -0.4951428 -0.08292964 0.518041
v -0.5002574 -0.08296482 0.485719
v -0.5002574 -0.08296481 0.442623
v -0.5980819 -0.03376275 0.6473289
v -0.5382928 -0.008414102 0.620394
v -0.512669 0.002449589 0.561137
v -0.512669 0.002449598 0.518041
v -0.5173807 0.0004519558 0.485719
v -0.5173807 0.0004519463 0.442623
v -0.4951427 -0.08292964 0.4103011
v -0.5126689 0.002449598 0.4103011
v -0.5114928 -0.1685417 0.410301
v -0.5114927 -0.1685417 0.3672051
v -0.4951427 -0.08292964 0.3672051
v -0.5126689 0.002449589 0.3672051
v -0.55923 -0.2413533 0.367205
v -0.5724325 -0.2282788 0.324109
v -0.5286734 -0.1615349 0.324109
v -0.5136859 -0.08305717 0.324109
v -0.5297515 -0.004792867 0.324109
v -0.6383011 -0.2731276 0.3241089
v -0.6599444 -0.2216728 0.281013
v -0.6120399 -0.1890555 0.281013
v -0.5802152 -0.1405145 0.281013
v -0.5693151 -0.08343977 0.281013
v -0.5809992 -0.02652027 0.281013
v -0.9055685 -0.1641271 0.3241088
v -0.873917 -0.2435175 0.3672048
v -0.8608955 -0.2302628 0.3241088
v -0.801394 -0.2914505 0.3672048
v -0.7944162 -0.2742013 0.3241089
v -0.7161235 -0.307871 0.3672049
v -0.7162515 -0.2892534 0.3241089
v -0.7166355 -0.2334006 0.2810129
v -0.801394 -0.2914505 0.4103009
v -0.8703254 -0.2398616 0.4426228
v -0.7994694 -0.2866928 0.4426228
v -0.9179394 -0.1693719 0.4857188
v -0.8703254 -0.2398616 0.4857188
v -0.7994694 -0.2866928 0.4857188
v -0.87609 0.07243328 0.5180408
v -0.9238272 -0.0003781986 0.5180408
v -0.9401773 -0.08599038 0.5180408
v -0.9226512 -0.1713696 0.5180408
v -0.873917 -0.2435175 0.5180408
v -0.8013942 -0.2914505 0.5180408
v 0.6919192 0.02320259 -0.6022882
v 0.6795289 0.01258011 -0.6125595
v 0.6724614 0.01766288 -0.6024318
v -0.6152823 -0.1067385 -0.634349
v -0.6180161 -0.1155299 -0.634437
v -0.6276897 -0.1152927 -0.6365536
v -0.7176981 -0.08463624 -0.6530395
v -0.7050446 -0.1138191 -0.6473239
v -0.7503142 -0.1479191 -0.6407175
v -0.786315 -0.1605104 -0.6346581
v -0.7764397 -0.1678349 -0.6348216
v -0.7727428 -0.1138679 -0.6422187
v -0.7501782 -0.07710423 -0.6469082
v -0.7523788 -0.06617365 -0.6461715
v -0.7677582 0.004259109 -0.6348662
v -0.7572542 0.01035621 -0.6350478
v -0.7959743 -0.1513797 -0.6347319
v -0.7058504 -0.04469888 -0.6457434
v -0.738735 0.01525968 -0.634772
v -0.6963173 -0.06242073 -0.6472002
v -0.6714038 -0.07130384 -0.6446289
v -0.6136206 -0.09239206 -0.6345624
v 0.6931866 0.0163705 0.6297852
v 0.6795396 0.01250181 0.6299824
v 0.6822485 -0.0482118 0.6392828
v 0.7118493 -0.0855037 0.6470534
v 0.6836063 -0.07431022 0.6416584
v 0.6711285 -0.08967476 0.6403126
v 0.6406022 -0.1573139 0.6304309
v 0.6501062 -0.1646217 0.6302631
v 0.629151 -0.1422346 0.6301761
v 0.8066435 -0.1197074 0.6300707
v 0.7591861 -0.1248206 0.6370561
v 0.8020096 -0.1319613 0.6301389
v 0.7172937 -0.1180081 0.6413887
v 0.7082067 -0.1241232 0.6407081
v 0.70564 0.008246155 0.631822
v 0.7021979 0.01717375 0.6298665
v 0.7335477 -0.06298462 0.6417728
v 0.7816068 -0.09154222 0.6356691
v 0.8095568 -0.1079343 0.6302218
v 0.6795289 0.01258011 -0.6125595
v 0.6919192 0.02320259 -0.6022882
v 0.693176 0.01644878 -0.6123623
v -0.8717324 -0.23851 -0.4801115
v -0.8010433 -0.2857372 -0.4801115
v -0.7176599 -0.3023211 -0.4801115
v -0.6342766 -0.2857371 -0.4801115
v -0.5635875 -0.2385101 -0.4801115
v -0.6342766 -0.2857371 -0.4370156
v -0.5635876 -0.2385101 -0.4370155
v -0.5116187 -0.1697911 -0.5124336
v -0.5163547 -0.1678297 -0.4801116
v -0.5163547 -0.1678297 -0.4370156
v -0.4946426 -0.08445662 -0.5124336
v -0.4997687 -0.08445662 -0.4801116
v -0.4997687 -0.08445662 -0.4370156
v -0.5116188 -0.1697911 -0.4046936
v -0.4946426 -0.08445662 -0.4046936
v -0.4946425 -0.08445662 -0.3615976
v -0.5116189 0.0008779621 -0.4046936
v -0.5116189 0.0008779621 -0.3615976
v -0.5163547 -0.001083469 -0.4370156
v -0.5163547 -0.00108346 -0.4801116
v -0.5116188 0.0008779621 -0.5124336
v -0.5116187 -0.1697911 -0.3615976
v -0.5287888 -0.1626799 -0.3185016
v -0.5132274 -0.08445662 -0.3185016
v -0.5287889 -0.006233239 -0.3185016
v -0.7176599 -0.2331166 -0.2754056
v -0.6394269 -0.2733044 -0.3185015
v -0.6607632 -0.2218005 -0.2754055
v -0.5731043 -0.2289945 -0.3185015
v -0.6125285 -0.189575 -0.2754056
v -0.5802992 -0.1413463 -0.2754056
v -0.5689816 -0.08445663 -0.2754056
v -0.5802992 -0.02756689 -0.2754056
v -0.5599628 -0.2421343 -0.3615975
v -0.6323149 -0.2904724 -0.3615975
v -0.71766 -0.288864 -0.3185015
v -0.7176599 -0.3074465 -0.3615975
v -0.795893 -0.2733045 -0.3185015
v -0.803005 -0.2904724 -0.3615975
v -0.5599628 -0.2421343 -0.4046935
v -0.6323149 -0.2904724 -0.4046935
v -0.7176599 -0.3074465 -0.4046935
v -0.803005 -0.2904724 -0.4046935
v -0.7176599 -0.3023211 -0.4370155
v -0.8010433 -0.2857372 -0.4370155
v 0.6097497 -0.04045622 0.6166884
v 0.7890144 -0.007868929 0.6166884
v 0.7534052 0.01610905 0.6166884
v 0.7114424 0.02461243 0.6166884
v 0.6340048 -0.007429924 0.6166884
v 0.6695145 0.01634668 0.6166884
v 0.6020634 -0.08522583 0.6166884
v 0.6104947 -0.1274015 0.6166884
v 0.6343293 -0.1632037 0.6166884
v 0.6699385 -0.1871816 0.6166884
v 0.7119013 -0.195685 0.6166884
v 0.7538292 -0.1874192 0.6166883
v 0.7893389 -0.1636427 0.6166883
v 0.8130246 -0.1279752 0.6166883
v 0.8212802 -0.0858467 0.6166884
v 0.812849 -0.043671 0.6166884
v 0.5089662 -0.0006585026 0.4176056
v 0.5563376 0.0706765 0.4176056
v 0.5563376 0.0706765 0.377789
v 0.5089661 -0.0006584263 0.377789
v 0.5692821 0.05765878 0.3379724
v 0.5258583 -0.007731666 0.3379724
v 0.6081156 0.01860565 0.2981558
v 0.5765347 -0.0289511 0.2981558
v 0.4974937 -0.08492964 0.4872846
v 0.5136255 -0.002609472 0.4872846
v 0.5136255 -0.002609472 0.447468
v 0.4974937 -0.08492964 0.447468
v 0.4924549 -0.08491533 0.4176056
v 0.4924549 -0.08491533 0.377789
v 0.510723 -0.08496702 0.3379724
v 0.5655272 -0.08512223 0.2981558
v 0.5093175 -0.1692668 0.4176055
v 0.5139686 -0.1673422 0.447468
v 0.5093175 -0.1692668 0.377789
v 0.5261803 -0.1622892 0.3379724
v 0.5569865 -0.240871 0.4176055
v 0.5569865 -0.240871 0.3777889
v 0.5698769 -0.2279264 0.3379723
v 0.6282051 -0.2888269 0.3777889
v 0.6351606 -0.2718859 0.3379723
v 0.7121307 -0.3058336 0.3777888
v 0.7120923 -0.2874755 0.3379723
v 0.7959864 -0.289302 0.3777888
v 0.7889601 -0.2723216 0.3379723
v 0.5767688 -0.1413565 0.2981558
v 0.6085482 -0.1890926 0.2981558
v 0.6560272 -0.2210633 0.2981557
v 0.7119777 -0.2324011 0.2981557
v 0.7678815 -0.2213801 0.2981557
v 0.8540614 -0.2287312 0.3379723
v 0.8152279 -0.1896781 0.2981557
v 0.8974852 -0.1633408 0.3379723
v 0.8468087 -0.1421214 0.2981557
v 0.9126205 -0.08610535 0.3379723
v 0.8578163 -0.08595007 0.2981557
v 0.8971632 -0.008783202 0.3379723
v 0.8465746 -0.02971576 0.2981557
v 0.8534666 0.05685401 0.3379723
v 0.8147952 0.01802032 0.2981557
v 0.867006 -0.241749 0.3777888
v 0.9143773 -0.170414 0.3777888
v 0.9308886 -0.08615705 0.3777888
v 0.9140261 -0.001805668 0.3777888
v 0.866357 0.06979851 0.3777888
v 0.866357 0.06979851 0.4176055
v 0.9140261 -0.001805677 0.4176054
v 0.7951385 0.1177544 0.4176055
v 0.7951385 0.1177544 0.3777889
v 0.7112128 0.1347611 0.4176056
v 0.7112128 0.1347612 0.377789
v 0.7881829 0.1008135 0.3379723
v 0.7112511 0.1164031 0.3379724
v 0.6273572 0.1182297 0.377789
v 0.6343834 0.1012491 0.3379724
v 0.7673161 0.04999092 0.2981558
v 0.7113658 0.06132869 0.2981558
v 0.655462 0.05030774 0.2981558
v 0.5692821 0.05765878 0.3379724
v 0.6081156 0.01860565 0.2981558
v 0.5563376 0.0706765 0.377789
v 0.5563376 0.0706765 0.4176056
v 0.6273572 0.1182296 0.4176056
v 0.559908 0.06708592 0.4474681
v 0.6292952 0.113546 0.447468
v 0.559908 0.06708592 0.4872846
v 0.6292952 0.113546 0.4872846
v 0.5563377 0.0706765 0.5171471
v 0.6273572 0.1182296 0.5171471
v 0.7112234 0.1296976 0.447468
v 0.7112234 0.1296976 0.4872846
v 0.7112129 0.1347611 0.517147
v 0.6273573 0.1182296 0.5569636
v 0.7112129 0.1347611 0.5569636
v 0.7951385 0.1177544 0.5171469
v 0.866357 0.06979851 0.5171469
v 0.8628016 0.06622808 0.4872845
v 0.79322 0.1130817 0.4872845
v 0.909375 -0.00373023 0.4872845
v 0.9258499 -0.08614279 0.4872844
v 0.9258499 -0.08614279 0.4474678
v 0.909375 -0.00373023 0.4474679
v 0.8628016 0.06622808 0.4474679
v 0.79322 0.1130817 0.447468
v 0.9097181 -0.1684631 0.4474678
v 0.8634356 -0.2381584 0.4474678
v 0.867006 -0.241749 0.4176054
v 0.9143773 -0.170414 0.4176054
v 0.9308887 -0.08615705 0.4176054
v 0.7959864 -0.2893021 0.4176054
v 0.7121307 -0.3058336 0.4176054
v 0.6282051 -0.2888269 0.5171469
v 0.5569866 -0.240871 0.5171469
v 0.560542 -0.2373006 0.4872845
v 0.6301236 -0.2841542 0.4872845
v 0.560542 -0.2373006 0.447468
v 0.6301236 -0.2841542 0.4474679
v 0.6282051 -0.2888269 0.4176055
v 0.7121307 -0.3058336 0.5171469
v 0.7121201 -0.30077 0.4872845
v 0.7121201 -0.30077 0.4474679
v 0.7940484 -0.2846184 0.4474679
v 0.7959864 -0.2893021 0.5171469
v 0.7940484 -0.2846184 0.4872844
v 0.8634356 -0.2381584 0.4872844
v 0.9097182 -0.1684631 0.4872844
v 0.867006 -0.241749 0.5171469
v 0.9143774 -0.170414 0.5171468
v 0.9308887 -0.08615712 0.5171468
v 0.9140261 -0.001805677 0.5171469
v 0.7951385 0.1177544 0.5569635
v 0.866357 0.06979851 0.5569635
v 0.9140261 -0.001805744 0.5569634
v 0.9308887 -0.08615712 0.5569634
v 0.9143774 -0.170414 0.5569634
v 0.8887319 -0.01227205 0.6117113
v 0.9034866 -0.08607952 0.6117112
v 0.8470215 0.05038159 0.6117113
v 0.7847052 0.09234303 0.6117113
v 0.7112703 0.1072239 0.6117114
v 0.6378966 0.0927588 0.6117114
v 0.5563377 0.0706765 0.5569636
v 0.5757544 0.05114992 0.6117114
v 0.6210603 0.005587874 0.6365967
v 0.6624884 0.03332714 0.6365967
v 0.7114041 0.04297052 0.6365967
v 0.7603608 0.03304996 0.6365967
v 0.8019049 0.005075664 0.6365967
v 0.8297119 -0.03669345 0.6365967
v 0.8395484 -0.08589845 0.6365967
v 0.8890392 -0.1598043 0.6117112
v 0.8299167 -0.1350483 0.6365966
v 0.8475893 -0.2222224 0.6117113
v 0.8022835 -0.1766604 0.6365966
v 0.7120733 -0.2782965 0.6117113
v 0.6386385 -0.2634155 0.6117113
v 0.6282051 -0.2888269 0.5569635
v 0.7121307 -0.3058336 0.5569635
v 0.7854471 -0.2638313 0.6117113
v 0.7959865 -0.2893021 0.5569634
v 0.8670061 -0.2417491 0.5569634
v 0.5569866 -0.240871 0.5569635
v 0.5763223 -0.2214542 0.6117113
v 0.5346118 -0.1588005 0.6117114
v 0.5093175 -0.1692668 0.5569636
v 0.5093175 -0.1692668 0.517147
v 0.5139686 -0.1673422 0.4872846
v 0.5936318 -0.1343791 0.6365967
v 0.5837954 -0.08517406 0.6365967
v 0.5198571 -0.084993 0.6117114
v 0.492455 -0.0849154 0.5569636
v 0.492455 -0.0849154 0.5171471
v 0.5934269 -0.03602428 0.6365967
v 0.6210603 0.005587874 0.6365967
v 0.5757544 0.05114992 0.6117114
v 0.5343045 -0.01126829 0.6117114
v 0.5089663 -0.0006585598 0.5569636
v 0.5089663 -0.0006585598 0.5171471
v 0.5563377 0.0706765 0.5569636
v 0.5563377 0.0706765 0.5171471
v 0.559908 0.06708592 0.4872846
v 0.559908 0.06708592 0.4474681
v 0.509307 -0.1691885 -0.4997239
v 0.4924445 -0.08483711 -0.499724
v 0.4924445 -0.08483712 -0.5395405
v 0.509307 -0.1691885 -0.5395405
v 0.5569761 -0.2407926 -0.5395404
v 0.6281946 -0.2887485 -0.5395404
v 0.7121202 -0.3057552 -0.5395404
v 0.7854366 -0.263753 -0.5942882
v 0.7120628 -0.2782181 -0.5942882
v 0.6386279 -0.2633372 -0.5942882
v 0.5763118 -0.2213758 -0.5942882
v 0.5346013 -0.1587222 -0.5942883
v 0.6214283 -0.1760699 -0.6191736
v 0.6629724 -0.2040441 -0.6191736
v 0.711929 -0.2139647 -0.6191736
v 0.7608449 -0.2043213 -0.6191736
v 0.5598974 0.0671642 -0.4698616
v 0.5089558 -0.0005802917 -0.499724
v 0.513615 -0.002531195 -0.4698616
v 0.556327 0.07075476 -0.4997241
v 0.5089558 -0.0005803013 -0.5395406
v 0.556327 0.07075476 -0.5395406
v 0.5342939 -0.01119003 -0.5942884
v 0.5198466 -0.08491473 -0.5942883
v 0.5837848 -0.08509579 -0.6191737
v 0.5936213 -0.1343008 -0.6191737
v 0.5757438 0.05122819 -0.5942884
v 0.5934163 -0.03594601 -0.6191737
v 0.6210496 0.005666141 -0.6191738
v 0.4974833 -0.08485134 -0.4698615
v 0.513615 -0.002531185 -0.430045
v 0.4974833 -0.08485132 -0.430045
v 0.5089557 -0.0005801964 -0.4001826
v 0.509307 -0.1691884 -0.3603659
v 0.4924445 -0.08483701 -0.4001825
v 0.4924445 -0.084837 -0.3603659
v 0.5089557 -0.0005801105 -0.360366
v 0.5258479 -0.007653341 -0.3205494
v 0.5107126 -0.08488867 -0.3205493
v 0.5261699 -0.1622109 -0.3205493
v 0.5569761 -0.2407926 -0.3603658
v 0.6081051 0.01868401 -0.2807328
v 0.5765243 -0.02887274 -0.2807328
v 0.5692716 0.05773712 -0.3205494
v 0.5563271 0.0707548 -0.360366
v 0.5563271 0.0707548 -0.4001826
v 0.5598974 0.06716421 -0.430045
v 0.6560168 -0.2209848 -0.2807327
v 0.712082 -0.287397 -0.3205492
v 0.7119672 -0.2323226 -0.2807327
v 0.6351502 -0.2718075 -0.3205492
v 0.6085378 -0.1890142 -0.2807327
v 0.5698665 -0.227848 -0.3205492
v 0.5767584 -0.1412781 -0.2807328
v 0.5655167 -0.08504386 -0.2807328
v 0.6281946 -0.2887484 -0.3603658
v 0.7121202 -0.3057551 -0.3603658
v 0.7889497 -0.272243 -0.3205493
v 0.767871 -0.2213016 -0.2807327
v 0.8152174 -0.1895996 -0.2807327
v 0.8467983 -0.1420429 -0.2807328
v 0.7067297 0.02455129 -0.6025981
v 0.693176 0.01644878 -0.6123623
v 0.6919192 0.02320259 -0.6022882
v -0.8663382 -0.08445661 -0.2754055
v -0.8550208 -0.1413463 -0.2754055
v -0.8227913 -0.1895751 -0.2754056
v -0.7745566 -0.2218005 -0.2754056
v -0.7734826 -0.2224537 0.2810129
v -0.8218313 -0.1904984 0.2810129
v -0.8543208 -0.1423997 0.2810129
v -0.8660048 -0.08548023 0.2810129
v 0.7608554 -0.2043997 0.6365966
v 0.7119395 -0.2140431 0.6365967
v 0.6629829 -0.2041225 0.6365967
v 0.6214388 -0.1761482 0.6365967
v -0.5693151 -0.08343977 0.281013
v -0.5802152 -0.1405145 0.281013
v -0.7176601 -0.08445998 0.3294959
v -0.6120399 -0.1890555 0.281013
v -0.6599444 -0.2216728 0.281013
v -0.7166355 -0.2334006 0.2810129
v -0.7734826 -0.2224537 0.2810129
v -0.8218313 -0.1904984 0.2810129
v -0.8543208 -0.1423997 0.2810129
v -0.8660048 -0.08548023 0.2810129
v -0.8551047 -0.02840545 0.2810129
v -0.8232799 0.02013555 0.2810129
v -0.7753754 0.0527528 0.2810129
v -0.7186843 0.06448065 0.2810129
v -0.6618372 0.05353366 0.281013
v -0.6134887 0.02157841 0.281013
v -0.5809992 -0.02652027 0.281013
v 0.8468087 -0.1421214 0.2981557
v 0.8152279 -0.1896781 0.2981557
v 0.7116717 -0.08553626 0.3429494
v 0.7678815 -0.2213801 0.2981557
v 0.7119777 -0.2324011 0.2981557
v 0.6560272 -0.2210633 0.2981557
v 0.6085482 -0.1890926 0.2981558
v 0.5767688 -0.1413565 0.2981558
v 0.5655272 -0.08512223 0.2981558
v 0.5765347 -0.0289511 0.2981558
v 0.6081156 0.01860565 0.2981558
v 0.655462 0.05030774 0.2981558
v 0.7113658 0.06132869 0.2981558
v 0.7673161 0.04999092 0.2981558
v 0.8147952 0.01802032 0.2981557
v 0.8465746 -0.02971576 0.2981557
v 0.8578163 -0.08595007 0.2981557
v -0.8227913 -0.1895751 -0.2754056
v -0.71766 -0.08445659 -0.3238885
v -0.8550208 -0.1413463 -0.2754055
v -0.8663382 -0.08445661 -0.2754055
v -0.8550208 -0.02756691 -0.2754055
v -0.8227913 0.02066187 -0.2754056
v -0.7745566 0.05288727 -0.2754056
v -0.7176599 0.06420334 -0.2754056
v -0.6607631 0.05288727 -0.2754055
v -0.6125286 0.02066188 -0.2754056
v -0.5802992 -0.02756689 -0.2754056
v -0.5689816 -0.08445663 -0.2754056
v -0.5802992 -0.1413463 -0.2754056
v -0.6125285 -0.189575 -0.2754056
v -0.6607632 -0.2218005 -0.2754055
v -0.7176599 -0.2331166 -0.2754056
v -0.7745566 -0.2218005 -0.2754056
v 0.693176 0.01644878 -0.6123623
v 0.7067297 0.02455129 -0.6025981
v 0.7021874 0.01725204 -0.6124436
v 0.5767584 -0.1412781 -0.2807328
v 0.7116613 -0.08545785 -0.3255264
v 0.5655167 -0.08504386 -0.2807328
v 0.5765243 -0.02887274 -0.2807328
v 0.6081051 0.01868401 -0.2807328
v 0.6554515 0.0503861 -0.2807328
v 0.7113553 0.06140708 -0.2807328
v 0.7673057 0.05006933 -0.2807328
v 0.8147847 0.01809875 -0.2807328
v 0.8465641 -0.02963731 -0.2807328
v 0.8578058 -0.0858716 -0.2807328
v 0.8467983 -0.1420429 -0.2807328
v 0.8152174 -0.1895996 -0.2807327
v 0.767871 -0.2213016 -0.2807327
v 0.7119672 -0.2323226 -0.2807327
v 0.6560168 -0.2209848 -0.2807327
v 0.6085378 -0.1890142 -0.2807327
v 0.7120319 0.01078968 -0.6050104
v 0.7021874 0.01725204 -0.6124436
v 0.7067297 0.02455129 -0.6025981
v -0.5953882 -0.09164124 -0.6217951
v -0.6061381 -0.08772119 -0.6236006
v -0.6690796 -0.06476862 -0.6341724
v 0.7021874 0.01725204 -0.6124436
v 0.7120319 0.01078968 -0.6050104
v 0.7056293 0.008324442 -0.6143991
v -0.601612 -0.1229259 -0.6217951
v -0.6278617 -0.1222765 -0.6263916
v -0.6129515 -0.1226454 -0.6237807
v 0.7390222 -0.05818146 -0.6143941
v 0.7056293 0.008324442 -0.6143991
v 0.7120319 0.01078968 -0.6050104
v -0.7782771 0.02002265 -0.6217951
v -0.7755626 0.007609691 -0.6237375
v -0.7590945 -0.06769406 -0.6355213
v 0.7056293 0.008324442 -0.6143991
v 0.7390222 -0.05818146 -0.6143941
v 0.7335371 -0.06290629 -0.6243498
v -0.8113612 -0.1630742 -0.621795
v -0.7785839 -0.1101802 -0.6318423
v -0.8047948 -0.1524777 -0.6238078
v 0.7849863 -0.08546629 -0.6087304
v 0.7335371 -0.06290629 -0.6243498
v 0.7390222 -0.05818146 -0.6143941
v -0.6129515 -0.1226454 -0.6237807
v -0.608485 -0.1081855 -0.6234452
v -0.6061381 -0.08772119 -0.6236006
v 0.7335371 -0.06290629 -0.6243498
v 0.7849863 -0.08546629 -0.6087304
v 0.7815962 -0.09146387 -0.6182462
v -0.7058504 -0.04469888 -0.6457434
v -0.6914821 -0.05683975 -0.6361108
v -0.6963173 -0.06242073 -0.6472002
v 0.8173659 -0.1044446 -0.6028382
v 0.7815962 -0.09146387 -0.6182462
v 0.7849863 -0.08546629 -0.6087304
v -0.6914821 -0.05683975 -0.6361108
v -0.7058504 -0.04469888 -0.6457434
v -0.6996886 -0.04148269 -0.6351528
v 0.7815962 -0.09146387 -0.6182462
v 0.8173659 -0.1044446 -0.6028382
v 0.8095462 -0.1078559 -0.6127988
v -0.738735 0.01525968 -0.634772
v -0.6996886 -0.04148269 -0.6351528
v -0.7058504 -0.04469888 -0.6457434
v 0.8131012 -0.1216446 -0.6025666
v 0.8095462 -0.1078559 -0.6127988
v 0.8173659 -0.1044446 -0.6028382
v 0.8095462 -0.1078559 -0.6127988
v 0.806633 -0.119629 -0.6126478
v 0.8063301 -0.1395297 -0.6026231
v 0.806633 -0.119629 -0.6126478
v 0.8131012 -0.1216446 -0.6025666
v -0.6996886 -0.04148269 -0.6351528
v -0.738735 0.01525968 -0.634772
v -0.7351719 0.02326299 -0.6236515
v 0.806633 -0.119629 -0.6126478
v 0.8063301 -0.1395297 -0.6026231
v 0.801999 -0.1318829 -0.612716
v -0.7572542 0.01035621 -0.6350478
v -0.7351719 0.02326299 -0.6236515
v -0.738735 0.01525968 -0.634772
v 0.7580374 -0.1314639 -0.6100462
v 0.801999 -0.1318829 -0.612716
v 0.8063301 -0.1395297 -0.6026231
v -0.7351719 0.02326299 -0.6236515
v -0.7572542 0.01035621 -0.6350478
v -0.7598661 0.0167388 -0.6241081
v 0.801999 -0.1318829 -0.612716
v 0.7580374 -0.1314639 -0.6100462
v 0.7591755 -0.1247422 -0.619633
v -0.7677582 0.004259109 -0.6348662
v -0.7598661 0.0167388 -0.6241081
v -0.7572542 0.01035621 -0.6350478
v -0.7677582 0.004259109 -0.6348662
v -0.7755626 0.007609691 -0.6237375
v -0.7523788 -0.06617365 -0.6461715
v -0.7755626 0.007609691 -0.6237375
v -0.7677582 0.004259109 -0.6348662
v 0.718846 -0.1250355 -0.6137369
v 0.7591755 -0.1247422 -0.619633
v 0.7580374 -0.1314639 -0.6100462
v -0.7755626 0.007609691 -0.6237375
v -0.7523788 -0.06617365 -0.6461715
v -0.7590945 -0.06769406 -0.6355213
v 0.7591755 -0.1247422 -0.619633
v 0.718846 -0.1250355 -0.6137369
v 0.7172832 -0.1179298 -0.6239657
v -0.7501782 -0.07710423 -0.6469082
v -0.7590945 -0.06769406 -0.6355213
v -0.7523788 -0.06617365 -0.6461715
v 0.7121149 -0.1296099 -0.6134453
v 0.7172832 -0.1179298 -0.6239657
v 0.718846 -0.1250355 -0.6137369
v -0.7590945 -0.06769406 -0.6355213
v -0.7501782 -0.07710423 -0.6469082
v -0.7574226 -0.07580819 -0.635837
v 0.7172832 -0.1179298 -0.6239657
v 0.7121149 -0.1296099 -0.6134453
v 0.7081962 -0.1240448 -0.6232851
v -0.7727428 -0.1138679 -0.6422187
v -0.7574226 -0.07580819 -0.635837
v -0.7501782 -0.07710423 -0.6469082
v 0.6500057 -0.1729322 -0.6025581
v 0.7081962 -0.1240448 -0.6232851
v 0.7121149 -0.1296099 -0.6134453
v -0.7574226 -0.07580819 -0.635837
v -0.7727428 -0.1138679 -0.6422187
v -0.7785839 -0.1101802 -0.6318423
v 0.7081962 -0.1240448 -0.6232851
v 0.6500057 -0.1729322 -0.6025581
v 0.6500956 -0.1645434 -0.6128401
v -0.7959743 -0.1513797 -0.6347319
v -0.7785839 -0.1101802 -0.6318423
v -0.7727428 -0.1138679 -0.6422187
v 0.6357871 -0.1620186 -0.6029006
v 0.6500956 -0.1645434 -0.6128401
v 0.6500057 -0.1729322 -0.6025581
v -0.7785839 -0.1101802 -0.6318423
v -0.7959743 -0.1513797 -0.6347319
v -0.8047948 -0.1524777 -0.6238078
v 0.6500956 -0.1645434 -0.6128401
v 0.6357871 -0.1620186 -0.6029006
v 0.6405916 -0.1572356 -0.6130078
v -0.786315 -0.1605104 -0.6346581
v -0.8047948 -0.1524777 -0.6238078
v -0.7959743 -0.1513797 -0.6347319
v 0.6205307 -0.1419059 -0.6024787
v 0.6405916 -0.1572356 -0.6130078
v 0.6357871 -0.1620186 -0.6029006
v 0.6205307 -0.1419059 -0.6024787
v 0.6291405 -0.1421563 -0.612753
v 0.6658699 -0.08517423 -0.6131048
v 0.6291405 -0.1421563 -0.612753
v 0.6205307 -0.1419059 -0.6024787
v -0.8047948 -0.1524777 -0.6238078
v -0.786315 -0.1605104 -0.6346581
v -0.7906996 -0.1658115 -0.6237466
v 0.6291405 -0.1421563 -0.612753
v 0.6658699 -0.08517423 -0.6131048
v 0.671118 -0.08959645 -0.6228896
v -0.7764397 -0.1678349 -0.6348216
v -0.7906996 -0.1658115 -0.6237466
v -0.786315 -0.1605104 -0.6346581
v 0.6767033 -0.07190978 -0.6139899
v 0.671118 -0.08959645 -0.6228896
v 0.6658699 -0.08517423 -0.6131048
v -0.7906996 -0.1658115 -0.6237466
v -0.7764397 -0.1678349 -0.6348216
v -0.7762756 -0.1765205 -0.6240406
v 0.671118 -0.08959645 -0.6228896
v 0.6767033 -0.07190978 -0.6139899
v 0.6835957 -0.0742319 -0.6242354
v -0.7503142 -0.1479191 -0.6407175
v -0.7762756 -0.1765205 -0.6240406
v -0.7764397 -0.1678349 -0.6348216
v 0.7067297 0.02455129 -0.6025981
v 0.6919192 0.02320259 -0.6022882
v 0.6724614 0.01766288 -0.6024318
v -0.7762756 -0.1765205 -0.6240406
v -0.7503142 -0.1479191 -0.6407175
v -0.7460205 -0.1534437 -0.6304181
v 0.8184285 -0.1415504 -0.6007636
v 0.7580374 -0.1314639 -0.6100462
v 0.8063301 -0.1395297 -0.6026231
v -0.7050446 -0.1138191 -0.6473239
v -0.7460205 -0.1534437 -0.6304181
v -0.7503142 -0.1479191 -0.6407175
v 0.6397677 -0.1800734 -0.6007635
v 0.6500057 -0.1729322 -0.6025581
v 0.7121149 -0.1296099 -0.6134453
v -0.7460205 -0.1534437 -0.6304181
v -0.7050446 -0.1138191 -0.6473239
v -0.7027503 -0.1208194 -0.6365482
v 0.7026971 0.03501727 -0.6007636
v 0.7120319 0.01078968 -0.6050104
v 0.7067297 0.02455129 -0.6025981
v -0.6276897 -0.1152927 -0.6365536
v -0.7027503 -0.1208194 -0.6365482
v -0.7050446 -0.1138191 -0.6473239
v 0.6719546 0.02895661 -0.6007636
v 0.6724614 0.01766288 -0.6024318
v 0.6754287 -0.04846384 -0.6121991
v -0.7027503 -0.1208194 -0.6365482
v -0.6276897 -0.1152927 -0.6365536
v -0.6278617 -0.1222765 -0.6263916
v 0.7849863 -0.08546629 -0.6087304
v 0.828767 -0.111127 -0.6007636
v 0.8173659 -0.1044446 -0.6028382
v -0.6180161 -0.1155299 -0.634437
v -0.6278617 -0.1222765 -0.6263916
v -0.6276897 -0.1152927 -0.6365536
v 0.6754394 -0.04854215 0.629622
v 0.6767138 -0.07198808 0.6314129
v 0.6836063 -0.07431022 0.6416584
v -0.6278617 -0.1222765 -0.6263916
v -0.6180161 -0.1155299 -0.634437
v -0.6129515 -0.1226454 -0.6237807
v 0.6836063 -0.07431022 0.6416584
v 0.6822485 -0.0482118 0.6392828
v 0.6754394 -0.04854215 0.629622
v -0.6152823 -0.1067385 -0.634349
v -0.6129515 -0.1226454 -0.6237807
v -0.6180161 -0.1155299 -0.634437
v 0.672472 0.01758458 0.6198547
v 0.6754394 -0.04854215 0.629622
v 0.6822485 -0.0482118 0.6392828
v -0.6129515 -0.1226454 -0.6237807
v -0.6152823 -0.1067385 -0.634349
v -0.608485 -0.1081855 -0.6234452
v 0.6822485 -0.0482118 0.6392828
v 0.6795396 0.01250181 0.6299824
v 0.672472 0.01758458 0.6198547
v -0.6136206 -0.09239206 -0.6345624
v -0.608485 -0.1081855 -0.6234452
v -0.6152823 -0.1067385 -0.634349
v 0.6919298 0.02312429 0.6197112
v 0.672472 0.01758458 0.6198547
v 0.6795396 0.01250181 0.6299824
v -0.608485 -0.1081855 -0.6234452
v -0.6136206 -0.09239206 -0.6345624
v -0.6061381 -0.08772119 -0.6236006
v 0.6795396 0.01250181 0.6299824
v 0.6931866 0.0163705 0.6297852
v 0.6919298 0.02312429 0.6197112
v -0.6714038 -0.07130384 -0.6446289
v -0.6061381 -0.08772119 -0.6236006
v -0.6136206 -0.09239206 -0.6345624
v 0.7067403 0.02447298 0.6200211
v 0.6919298 0.02312429 0.6197112
v 0.6931866 0.0163705 0.6297852
v -0.6061381 -0.08772119 -0.6236006
v -0.6714038 -0.07130384 -0.6446289
v -0.6690796 -0.06476862 -0.6341724
v 0.6931866 0.0163705 0.6297852
v 0.7021979 0.01717375 0.6298665
v 0.7067403 0.02447298 0.6200211
v -0.6963173 -0.06242073 -0.6472002
v -0.6690796 -0.06476862 -0.6341724
v -0.6714038 -0.07130384 -0.6446289
v 0.7120425 0.01071137 0.6224333
v 0.7067403 0.02447298 0.6200211
v 0.7021979 0.01717375 0.6298665
v -0.6690796 -0.06476862 -0.6341724
v -0.6963173 -0.06242073 -0.6472002
v -0.6914821 -0.05683975 -0.6361108
v 0.7021979 0.01717375 0.6298665
v 0.70564 0.008246155 0.631822
v 0.7120425 0.01071137 0.6224333
v -0.7454816 -0.153772 0.6360254
v -0.77551 -0.1770999 0.6296479
v -0.7860831 -0.1853139 0.6274024
v 0.7390328 -0.0582598 0.631817
v 0.7120425 0.01071137 0.6224333
v 0.70564 0.008246155 0.631822
v -0.5956131 -0.09081916 0.6274024
v -0.6693243 -0.06440147 0.6397797
v -0.6063657 -0.08696546 0.629208
v 0.70564 0.008246155 0.631822
v 0.7335477 -0.06298462 0.6417728
v 0.7390328 -0.0582598 0.631817
v -0.6016072 -0.1222056 0.6274024
v -0.6129233 -0.1220024 0.6293881
v -0.6278026 -0.1217351 0.631999
v 0.7849969 -0.08554464 0.6261533
v 0.7390328 -0.0582598 0.631817
v 0.7335477 -0.06298462 0.6417728
v -0.7788612 0.01980059 0.6274024
v -0.7591172 -0.06795012 0.6411287
v -0.7760672 0.007382812 0.6293448
v 0.7335477 -0.06298462 0.6417728
v 0.7816068 -0.09154222 0.6356691
v 0.7849969 -0.08554464 0.6261533
v -0.8106095 -0.163869 0.6274023
v -0.8041309 -0.1532074 0.6294152
v -0.7782702 -0.1106502 0.6374496
v 0.8173764 -0.104523 0.6202611
v 0.7849969 -0.08554464 0.6261533
v 0.7816068 -0.09154222 0.6356691
v -0.6129233 -0.1220024 0.6293881
v -0.6063657 -0.08696546 0.629208
v -0.6085665 -0.1074845 0.6290526
v 0.7816068 -0.09154222 0.6356691
v 0.8095568 -0.1079343 0.6302218
v 0.8173764 -0.104523 0.6202611
v -0.7061509 -0.04454615 0.6513509
v -0.6965171 -0.06223605 0.6528075
v -0.6917313 -0.05661135 0.6417181
v 0.8131118 -0.1217229 0.6199896
v 0.8173764 -0.104523 0.6202611
v 0.8095568 -0.1079343 0.6302218
v 0.8095568 -0.1079343 0.6302218
v 0.8066435 -0.1197074 0.6300707
v 0.8063407 -0.1396081 0.6200461
v 0.8131118 -0.1217229 0.6199896
v 0.8066435 -0.1197074 0.6300707
v -0.6917313 -0.05661135 0.6417181
v -0.7000251 -0.0412816 0.6407602
v -0.7061509 -0.04454615 0.6513509
v 0.8066435 -0.1197074 0.6300707
v 0.8020096 -0.1319613 0.6301389
v 0.8063407 -0.1396081 0.6200461
v -0.739375 0.01529997 0.6403794
v -0.7061509 -0.04454615 0.6513509
v -0.7000251 -0.0412816 0.6407602
v 0.7580481 -0.1315422 0.6274692
v 0.8063407 -0.1396081 0.6200461
v 0.8020096 -0.1319613 0.6301389
v -0.7000251 -0.0412816 0.6407602
v -0.735875 0.02334284 0.6292589
v -0.739375 0.01529997 0.6403794
v 0.8020096 -0.1319613 0.6301389
v 0.7591861 -0.1248206 0.6370561
v 0.7580481 -0.1315422 0.6274692
v -0.7578188 0.01026015 0.6406552
v -0.739375 0.01529997 0.6403794
v -0.735875 0.02334284 0.6292589
v 0.7188565 -0.1251138 0.6311599
v 0.7580481 -0.1315422 0.6274692
v 0.7591861 -0.1248206 0.6370561
v -0.735875 0.02334284 0.6292589
v -0.7604689 0.01663686 0.6297155
v -0.7578188 0.01026015 0.6406552
v 0.7591861 -0.1248206 0.6370561
v 0.7172937 -0.1180081 0.6413887
v 0.7188565 -0.1251138 0.6311599
v -0.7682572 0.004079466 0.6404736
v -0.7578188 0.01026015 0.6406552
v -0.7604689 0.01663686 0.6297155
v 0.7121254 -0.1296883 0.6308683
v 0.7188565 -0.1251138 0.6311599
v 0.7172937 -0.1180081 0.6413887
v -0.7604689 0.01663686 0.6297155
v -0.7760672 0.007382812 0.6293448
v -0.7682572 0.004079466 0.6404736
v 0.7172937 -0.1180081 0.6413887
v 0.7082067 -0.1241232 0.6407081
v 0.7121254 -0.1296883 0.6308683
v -0.752427 -0.06638075 0.6517789
v -0.7682572 0.004079466 0.6404736
v -0.7760672 0.007382812 0.6293448
v 0.6500162 -0.1730106 0.6199812
v 0.7121254 -0.1296883 0.6308683
v 0.7082067 -0.1241232 0.6407081
v -0.7760672 0.007382812 0.6293448
v -0.7591172 -0.06795012 0.6411287
v -0.752427 -0.06638075 0.6517789
v 0.7082067 -0.1241232 0.6407081
v 0.6501062 -0.1646217 0.6302631
v 0.6500162 -0.1730106 0.6199812
v -0.750156 -0.07731688 0.6525155
v -0.752427 -0.06638075 0.6517789
v -0.7591172 -0.06795012 0.6411287
v 0.6357977 -0.1620969 0.6203236
v 0.6500162 -0.1730106 0.6199812
v 0.6501062 -0.1646217 0.6302631
v -0.7591172 -0.06795012 0.6411287
v -0.7573931 -0.0760681 0.6414443
v -0.750156 -0.07731688 0.6525155
v 0.6501062 -0.1646217 0.6302631
v 0.6406022 -0.1573139 0.6304309
v 0.6357977 -0.1620969 0.6203236
v -0.7724168 -0.1143048 0.6478261
v -0.750156 -0.07731688 0.6525155
v -0.7573931 -0.0760681 0.6414443
v 0.6205413 -0.1419842 0.6199018
v 0.6357977 -0.1620969 0.6203236
v 0.6406022 -0.1573139 0.6304309
v 0.629151 -0.1422346 0.6301761
v 0.6205413 -0.1419842 0.6199018
v 0.6658804 -0.08525255 0.6305279
v 0.6205413 -0.1419842 0.6199018
v 0.629151 -0.1422346 0.6301761
v -0.7573931 -0.0760681 0.6414443
v -0.7782702 -0.1106502 0.6374496
v -0.7724168 -0.1143048 0.6478261
v 0.629151 -0.1422346 0.6301761
v 0.6711285 -0.08967476 0.6403126
v 0.6658804 -0.08525255 0.6305279
v -0.7953377 -0.1520469 0.6403392
v -0.7724168 -0.1143048 0.6478261
v -0.7782702 -0.1106502 0.6374496
v 0.6767138 -0.07198808 0.6314129
v 0.6658804 -0.08525255 0.6305279
v 0.6711285 -0.08967476 0.6403126
v -0.7782702 -0.1106502 0.6374496
v -0.8041309 -0.1532074 0.6294152
v -0.7953377 -0.1520469 0.6403392
v 0.6711285 -0.08967476 0.6403126
v 0.6836063 -0.07431022 0.6416584
v 0.6767138 -0.07198808 0.6314129
v -0.7856371 -0.1611285 0.6402654
v -0.7953377 -0.1520469 0.6403392
v -0.8041309 -0.1532074 0.6294152
v 0.7067403 0.02447298 0.6200211
v 0.672472 0.01758458 0.6198547
v 0.6919298 0.02312429 0.6197112
v -0.8041309 -0.1532074 0.6294152
v -0.7899754 -0.1664698 0.6293539
v -0.7856371 -0.1611285 0.6402654
v 0.8184391 -0.1416288 0.6181865
v 0.8063407 -0.1396081 0.6200461
v 0.7580481 -0.1315422 0.6274692
v -0.7757335 -0.1683991 0.6404289
v -0.7856371 -0.1611285 0.6402654
v -0.7899754 -0.1664698 0.6293539
v 0.6397783 -0.1801517 0.6181865
v 0.7121254 -0.1296883 0.6308683
v 0.6500162 -0.1730106 0.6199812
v -0.7899754 -0.1664698 0.6293539
v -0.77551 -0.1770999 0.6296479
v -0.7757335 -0.1683991 0.6404289
v 0.7027077 0.03493897 0.6181865
v 0.7067403 0.02447298 0.6200211
v 0.7120425 0.01071137 0.6224333
v -0.7498039 -0.1482663 0.6463249
v -0.7757335 -0.1683991 0.6404289
v -0.77551 -0.1770999 0.6296479
v 0.6719652 0.02887833 0.6181866
v 0.6754394 -0.04854215 0.629622
v 0.672472 0.01758458 0.6198547
v -0.77551 -0.1770999 0.6296479
v -0.7454816 -0.153772 0.6360254
v -0.7498039 -0.1482663 0.6463249
v 0.7849969 -0.08554464 0.6261533
v 0.8173764 -0.104523 0.6202611
v 0.8287776 -0.1112054 0.6181865
v -0.7048708 -0.1137913 0.6529313
v -0.7498039 -0.1482663 0.6463249
v -0.7454816 -0.153772 0.6360254
v -0.6693243 -0.06440147 0.6397797
v -0.6917313 -0.05661135 0.6417181
v -0.6965171 -0.06223605 0.6528075
v -0.7454816 -0.153772 0.6360254
v -0.7025333 -0.1207891 0.6421555
v -0.7048708 -0.1137913 0.6529313
v -0.6965171 -0.06223605 0.6528075
v -0.6715983 -0.07096498 0.6502362
v -0.6693243 -0.06440147 0.6397797
v -0.6276791 -0.1147369 0.642161
v -0.7048708 -0.1137913 0.6529313
v -0.7025333 -0.1207891 0.6421555
v -0.6063657 -0.08696546 0.629208
v -0.6693243 -0.06440147 0.6397797
v -0.6715983 -0.07096498 0.6502362
v -0.7025333 -0.1207891 0.6421555
v -0.6278026 -0.1217351 0.631999
v -0.6276791 -0.1147369 0.642161
v -0.6715983 -0.07096498 0.6502362
v -0.6137993 -0.0916965 0.6401699
v -0.6063657 -0.08696546 0.629208
v -0.6180256 -0.1149082 0.6400444
v -0.6276791 -0.1147369 0.642161
v -0.6278026 -0.1217351 0.631999
v -0.6085665 -0.1074845 0.6290526
v -0.6063657 -0.08696546 0.629208
v -0.6137993 -0.0916965 0.6401699
v -0.6278026 -0.1217351 0.631999
v -0.6129233 -0.1220024 0.6293881
v -0.6180256 -0.1149082 0.6400444
v -0.6137993 -0.0916965 0.6401699
v -0.6153585 -0.1060814 0.6399565
v -0.6085665 -0.1074845 0.6290526
v -0.6153585 -0.1060814 0.6399565
v -0.6180256 -0.1149082 0.6400444
v -0.6129233 -0.1220024 0.6293881
v -0.6129233 -0.1220024 0.6293881
v -0.6085665 -0.1074845 0.6290526
v -0.6153585 -0.1060814 0.6399565
vt 0.4853516 0.9210815
vt 0.4851074 0.9214478
vt 0.484375 0.9219971
vt 0.5083008 0.9031372
vt 0.5009766 0.9013672
vt 0.5009766 0.9002075
vt 0.5078125 0.9023438
vt 0.5151367 0.9051514
vt 0.5151367 0.9043579
vt 0.5219727 0.9069214
vt 0.5214844 0.906189
vt 0.5166016 0.9023438
vt 0.5092773 0.9002075
vt 0.5024414 0.8984375
vt 0.4990234 0.8960571
vt 0.4980469 0.8966675
vt 0.4968262 0.8989868
vt 0.5219727 0.9039917
vt 0.5229492 0.9039307
vt 0.5229492 0.9025269
vt 0.5297852 0.8961182
vt 0.5307617 0.8963623
vt 0.534668 0.8893433
vt 0.5351563 0.8896484
vt 0.5336914 0.8890381
vt 0.5336914 0.8890991
vt 0.5297852 0.8953247
vt 0.5332031 0.888916
vt 0.5297852 0.8954468
vt 0.5332031 0.8979492
vt 0.5371094 0.8907471
vt 0.5380859 0.8911133
vt 0.5327148 0.897583
vt 0.5366211 0.8904419
vt 0.53125 0.8966064
vt 0.5234375 0.9041138
vt 0.5239258 0.9057617
vt 0.5239258 0.90448
vt 0.5224609 0.9066162
vt 0.5273438 0.9111328
vt 0.527832 0.9106445
vt 0.5322266 0.9165039
vt 0.5327148 0.9160156
vt 0.5361328 0.9225464
vt 0.5297852 0.9100342
vt 0.534668 0.9157715
vt 0.5385742 0.921814
vt 0.5366211 0.9221191
vt 0.5410156 0.9268799
vt 0.5395508 0.9273071
vt 0.5390625 0.9216309
vt 0.5415039 0.9263306
vt 0.5351563 0.9155884
vt 0.5302734 0.909729
vt 0.5249023 0.9056396
vt 0.5395508 0.9216919
vt 0.5356445 0.9156494
vt 0.5307617 0.90979
vt 0.5258789 0.9057007
vt 0.5341797 0.8983154
vt 0.04571533 0.9951134
vt 0.0406189 0.968811
vt 0.1799316 0.9688263
vt 0.1799316 0.9938316
vt 0.03701782 0.9367676
vt 0.1799316 0.9367676
vt 0.006717682 0.9367676
vt 0.03701782 0.9367676
vt 0.1702881 0.8795776
vt 0.1569824 0.8347168
vt 0.1799316 0.8218994
vt 0.02342224 0.8218994
vt 0.03735352 0.8347168
vt 0.008338928 0.8839722
vt 0.01757813 0.8863525
vt 0.006717682 0.9367676
vt 0.03387451 0.9238281
vt 0.1600342 0.9238892
vt 0.1799316 0.8839722
vt 0.7944336 0.942749
vt 0.7944336 0.9658508
vt 0.7915039 0.9659424
vt 0.7915039 0.9428101
vt 0.8085938 0.9433899
vt 0.8085938 0.9665222
vt 0.8051758 0.9664917
vt 0.8046875 0.9433899
vt 0.7050781 0.6025391
vt 0.6982422 0.5766602
vt 0.7563477 0.588623
vt 0.753418 0.6140137
vt 0.8051758 0.5969238
vt 0.793457 0.6218262
vt 0.8583984 0.5957031
vt 0.8452148 0.6208496
vt 0.9125977 0.5888672
vt 0.8984375 0.6140137
vt 0.9575195 0.5847168
vt 0.9389648 0.6096191
vt 0.8676758 0.487793
vt 0.9208984 0.4941406
vt 0.9648438 0.5
vt 0.659668 0.59375
vt 0.6494141 0.5673828
vt 0.6557617 0.4956055
vt 0.7055664 0.4946289
vt 0.7651367 0.4887695
vt 0.8149414 0.4863281
vt 0.5556641 0.9199219
vt 0.5683594 0.9106445
vt 0.5688477 0.9112549
vt 0.5419922 0.9255371
vt 0.5561523 0.9204712
vt 0.5693359 0.9116211
vt 0.5712891 0.9141235
vt 0.559082 0.9230957
vt 0.5585938 0.9223633
vt 0.5712891 0.9134521
vt 0.5585938 0.9217529
vt 0.5708008 0.9128418
vt 0.5566406 0.9209595
vt 0.5576172 0.9232788
vt 0.5571289 0.9225464
vt 0.5415039 0.9285889
vt 0.5415039 0.9293213
vt 0.527832 0.930603
vt 0.527832 0.9313965
vt 0.5180664 0.9298706
vt 0.5180664 0.9307251
vt 0.5083008 0.9293213
vt 0.5087891 0.9279175
vt 0.5083008 0.9301758
vt 0.4938965 0.9291992
vt 0.494873 0.9276733
vt 0.4951172 0.9273682
vt 0.4870605 0.921875
vt 0.5087891 0.9275513
vt 0.4953613 0.9233398
vt 0.4875488 0.9189453
vt 0.4865723 0.9216919
vt 0.4851074 0.9214478
vt 0.4938965 0.9299927
vt 0.5083008 0.9309082
vt 0.4936523 0.9307251
vt 0.484375 0.9219971
vt 0.4853516 0.9210815
vt 0.4863281 0.9212646
vt 0.4865723 0.9185791
vt 0.4858398 0.918396
vt 0.4851074 0.9182739
vt 0.4846191 0.9207764
vt 0.4838867 0.9226074
vt 0.4838867 0.9207153
vt 0.4848633 0.9182739
vt 0.4846191 0.9179688
vt 0.4841309 0.9171753
vt 0.7573242 0.1401367
vt 0.793457 0.09375
vt 0.8642578 0.1689453
vt 0.9306641 0.1230469
vt 0.9277344 0.2373047
vt 0.824707 0.2607422
vt 0.7495117 0.1474609
vt 0.7944336 0.3032227
vt 0.9785156 0.1259766
vt 0.9785156 0.2392578
vt 0.887207 0.1015625
vt 0.793457 0.09375
vt 0.8515625 0.02099609
vt 0.8393555 0.01757813
vt 0.9790039 0.04736328
vt 0.9785156 0.4199219
vt 0.9785156 0.4697266
vt 0.8896484 0.4702148
vt 0.8808594 0.4199219
vt 0.7519531 0.40625
vt 0.7744141 0.3535156
vt 0.8896484 0.3662109
vt 0.9174805 0.3286133
vt 0.9785156 0.3666992
vt 0.9785156 0.3286133
vt 0.01450348 0.644043
vt 0.03546143 0.6113281
vt 0.159668 0.6711426
vt 0.8847656 0.9668274
vt 0.8867188 0.9700928
vt 0.8803711 0.9686584
vt 0.878418 0.9654541
vt 0.8710938 0.9666138
vt 0.8691406 0.9634094
vt 0.8623047 0.9656067
vt 0.8623047 0.9622192
vt 0.855957 0.966217
vt 0.855957 0.9629822
vt 0.8481445 0.9673767
vt 0.8496094 0.9640198
vt 0.8398438 0.9682617
vt 0.8417969 0.9648132
vt 0.8725586 0.9595947
vt 0.8701172 0.9610901
vt 0.862793 0.9535217
vt 0.8637695 0.9516296
vt 0.8520508 0.9495544
vt 0.8520508 0.9472351
vt 0.840332 0.9490356
vt 0.8398438 0.9472656
vt 0.8300781 0.9537659
vt 0.8291016 0.9517517
vt 0.8242188 0.9604492
vt 0.8222656 0.9597778
vt 0.9389648 0.6096191
vt 0.9355469 0.614502
vt 0.8989258 0.6188965
vt 0.8984375 0.6140137
vt 0.8452148 0.6259766
vt 0.8452148 0.6208496
vt 0.7954102 0.6276855
vt 0.793457 0.6218262
vt 0.75 0.6196289
vt 0.753418 0.6140137
vt 0.703125 0.6091309
vt 0.7050781 0.6025391
vt 0.6621094 0.6025391
vt 0.659668 0.59375
vt 0.855957 0.966217
vt 0.855957 0.9863663
vt 0.8481445 0.9843292
vt 0.8481445 0.9673767
vt 0.8398438 0.9834442
vt 0.8398438 0.9682617
vt 0.8364258 0.9701843
vt 0.8364258 0.9834595
vt 0.8867188 0.9700928
vt 0.8881836 0.9724121
vt 0.8881836 0.987587
vt 0.8867188 0.987587
vt 0.8803711 0.987915
vt 0.8803711 0.9686584
vt 0.8710938 0.9881821
vt 0.8710938 0.9666138
vt 0.8623047 0.9876404
vt 0.8623047 0.9656067
vt 0.9760742 0.9802551
vt 0.9755859 0.9344482
vt 0.9814453 0.9349365
vt 0.9819336 0.9807587
vt 0.9868164 0.9351196
vt 0.9873047 0.980957
vt 0.8603516 0.9445801
vt 0.8105469 0.9437561
vt 0.8110352 0.9379272
vt 0.8603516 0.9387512
vt 0.8110352 0.9318848
vt 0.8598633 0.9326782
vt 0.8325195 0.9202271
vt 0.8339844 0.9216919
vt 0.8339844 0.9293213
vt 0.8325195 0.9308472
vt 0.7817383 0.9202881
vt 0.7817383 0.9308472
vt 0.84375 0.9216309
vt 0.84375 0.9292603
vt 0.8339844 0.9293213
vt 0.7807617 0.9666138
vt 0.7807617 0.9434814
vt 0.7915039 0.9428101
vt 0.9755859 0.9344482
vt 0.9770508 0.9329224
vt 0.980957 0.9331055
vt 0.9814453 0.9349365
vt 0.9848633 0.9330444
vt 0.9868164 0.9351196
vt 0.8911133 0.9315186
vt 0.8896484 0.9301147
vt 0.8896484 0.9224854
vt 0.8911133 0.9209595
vt 0.9414063 0.9314575
vt 0.9414063 0.9208984
vt 0.8730469 0.9301147
vt 0.8730469 0.9224854
vt 0.8769531 0.9224854
vt 0.8769531 0.9301147
vt 0.8813477 0.9224854
vt 0.8813477 0.9301147
vt 0.8896484 0.9301147
vt 0.8515625 0.9301147
vt 0.8515625 0.9224854
vt 0.8564453 0.9224854
vt 0.8564453 0.9301147
vt 0.8598633 0.9224854
vt 0.8598633 0.9301147
vt 0.8647461 0.9224854
vt 0.8647461 0.9301147
vt 0.8686523 0.9224854
vt 0.8686523 0.9301147
vt 0.8081055 0.9332275
vt 0.8110352 0.9318848
vt 0.8110352 0.9379272
vt 0.8081055 0.9377747
vt 0.8105469 0.9437561
vt 0.8081055 0.9411926
vt 0.8007813 0.9375305
vt 0.7998047 0.9330444
vt 0.7993164 0.94104
vt 0.9477539 0.9415283
vt 0.9477539 0.9094849
vt 0.9648438 0.9094849
vt 0.9648438 0.9415283
vt 0.9667969 0.9852524
vt 0.96875 0.9880371
vt 0.9628906 0.9898758
vt 0.9628906 0.9864807
vt 0.9628906 0.9728699
vt 0.9633789 0.9694672
vt 0.9692383 0.9715271
vt 0.9672852 0.9742432
vt 0.9726563 0.9766998
vt 0.9692383 0.9776917
vt 0.9726563 0.9830017
vt 0.9692383 0.9819031
vt 0.96875 0.9880371
vt 0.9667969 0.9852524
vt 0.9628906 0.9864807
vt 0.9628906 0.9898758
vt 0.9570313 0.9878159
vt 0.9589844 0.9851074
vt 0.953125 0.9826508
vt 0.956543 0.9816589
vt 0.953125 0.9763336
vt 0.956543 0.9774475
vt 0.9570313 0.9713135
vt 0.9589844 0.9740906
vt 0.9853516 0.9241333
vt 0.987793 0.9165649
vt 0.987793 0.9207764
vt 0.9853516 0.9130859
vt 0.9814453 0.9117432
vt 0.9775391 0.9129639
vt 0.9746094 0.9163208
vt 0.9746094 0.9205322
vt 0.9770508 0.9239502
vt 0.980957 0.925354
vt 0.9770508 0.9329224
vt 0.980957 0.9331055
vt 0.9848633 0.9330444
vt 0.90625 0.9517822
vt 0.90625 0.9421997
vt 0.9140625 0.9421997
vt 0.9140625 0.9517822
vt 0.9199219 0.9421997
vt 0.9199219 0.9517822
vt 0.9277344 0.9421997
vt 0.9277344 0.9517822
vt 0.9350586 0.9421997
vt 0.9350586 0.9517822
vt 0.9433594 0.9421997
vt 0.9433594 0.9517822
vt 0.8701172 0.9517822
vt 0.8701172 0.9421997
vt 0.8764648 0.9421997
vt 0.8764648 0.9517822
vt 0.8842773 0.9421997
vt 0.8842773 0.9517822
vt 0.8920898 0.9421997
vt 0.8920898 0.9517822
vt 0.8989258 0.9421997
vt 0.8989258 0.9517822
vt 0.9091797 0.9554749
vt 0.9091797 0.9636841
vt 0.902832 0.9636841
vt 0.902832 0.9554749
vt 0.8950195 0.9636841
vt 0.8950195 0.9554749
vt 0.887207 0.9636841
vt 0.887207 0.9554749
vt 0.8793945 0.9636841
vt 0.8793945 0.9554749
vt 0.9453125 0.9554749
vt 0.9453125 0.9636841
vt 0.9389648 0.9636841
vt 0.9389648 0.9554749
vt 0.9316406 0.9636841
vt 0.9316406 0.9554749
vt 0.9238281 0.9636841
vt 0.9238281 0.9554749
vt 0.9169922 0.9636841
vt 0.9169922 0.9554749
vt 0.7866211 0.9781189
vt 0.7885742 0.9724426
vt 0.793457 0.9689178
vt 0.7993164 0.9689178
vt 0.8041992 0.9724426
vt 0.8056641 0.9781189
vt 0.8041992 0.9837952
vt 0.7993164 0.9873123
vt 0.793457 0.9873123
vt 0.7885742 0.9837952
vt 0.9057617 0.9698029
vt 0.9057617 0.9861984
vt 0.8974609 0.9861984
vt 0.8974609 0.9698029
vt 0.8901367 0.9861984
vt 0.8901367 0.9698029
vt 0.9438477 0.9698029
vt 0.9438477 0.9861984
vt 0.9370117 0.9861984
vt 0.9370117 0.9698029
vt 0.9287109 0.9861984
vt 0.9287109 0.9698029
vt 0.9213867 0.9861984
vt 0.9213867 0.9698029
vt 0.9130859 0.9861984
vt 0.9130859 0.9698029
vt 0.7915039 0.9659424
vt 0.7944336 0.942749
vt 0.7915039 0.9428101
vt 0.7944336 0.9658508
vt 0.7807617 0.9666138
vt 0.7915039 0.9428101
vt 0.7807617 0.9434814
vt 0.7915039 0.9659424
vt 0.8051758 0.9664917
vt 0.8085938 0.9433899
vt 0.8046875 0.9433899
vt 0.8085938 0.9665222
vt 0.7944336 0.9658508
vt 0.8046875 0.9433899
vt 0.7944336 0.942749
vt 0.8051758 0.9664917
vt 0.8398438 0.9834442
vt 0.8364258 0.9701843
vt 0.8364258 0.9834595
vt 0.8398438 0.9682617
vt 0.8481445 0.9673767
vt 0.8481445 0.9843292
vt 0.855957 0.966217
vt 0.855957 0.9863663
vt 0.8623047 0.9656067
vt 0.8623047 0.9876404
vt 0.8710938 0.9666138
vt 0.8710938 0.9881821
vt 0.8803711 0.9686584
vt 0.8803711 0.987915
vt 0.8867188 0.9700928
vt 0.8867188 0.987587
vt 0.8881836 0.987587
vt 0.8881836 0.9724121
vt 0.9208984 0.4941406
vt 0.9575195 0.5847168
vt 0.9648438 0.5
vt 0.9125977 0.5888672
vt 0.8676758 0.487793
vt 0.8583984 0.5957031
vt 0.8149414 0.4863281
vt 0.8051758 0.5969238
vt 0.7651367 0.4887695
vt 0.7563477 0.588623
vt 0.7055664 0.4946289
vt 0.6982422 0.5766602
vt 0.6557617 0.4956055
vt 0.6494141 0.5673828
vt 0.659668 0.59375
vt 0.7050781 0.6025391
vt 0.753418 0.6140137
vt 0.793457 0.6218262
vt 0.8452148 0.6208496
vt 0.8984375 0.6140137
vt 0.9389648 0.6096191
vt 0.7915039 0.9428101
vt 0.7915039 0.9659424
vt 0.7807617 0.9666138
vt 0.8325195 0.9308472
vt 0.7817383 0.9202881
vt 0.7817383 0.9308472
vt 0.8325195 0.9202271
vt 0.8339844 0.9293213
vt 0.8339844 0.9216919
vt 0.84375 0.9292603
vt 0.8339844 0.9293213
vt 0.84375 0.9216309
vt 0.8911133 0.9209595
vt 0.9414063 0.9314575
vt 0.9414063 0.9208984
vt 0.8911133 0.9315186
vt 0.8896484 0.9224854
vt 0.8896484 0.9301147
vt 0.8813477 0.9224854
vt 0.8896484 0.9301147
vt 0.8813477 0.9301147
vt 0.8769531 0.9301147
vt 0.8769531 0.9224854
vt 0.8730469 0.9301147
vt 0.8730469 0.9224854
vt 0.8686523 0.9301147
vt 0.8686523 0.9224854
vt 0.8647461 0.9301147
vt 0.8647461 0.9224854
vt 0.8598633 0.9301147
vt 0.8598633 0.9224854
vt 0.8564453 0.9301147
vt 0.8564453 0.9224854
vt 0.8515625 0.9301147
vt 0.8515625 0.9224854
vt 0.7944336 0.9658508
vt 0.7944336 0.942749
vt 0.8046875 0.9433899
vt 0.9648438 0.9094849
vt 0.9477539 0.9415283
vt 0.9648438 0.9415283
vt 0.9477539 0.9094849
vt 0.9628906 0.9898758
vt 0.9667969 0.9852524
vt 0.9628906 0.9864807
vt 0.96875 0.9880371
vt 0.8251953 0.9887619
vt 0.8286133 0.9820251
vt 0.8237305 0.9855347
vt 0.8168945 0.9887619
vt 0.8178711 0.9855347
vt 0.8105469 0.984024
vt 0.8129883 0.9820251
vt 0.8081055 0.9763336
vt 0.8115234 0.9763336
vt 0.8105469 0.9686584
vt 0.8129883 0.9706573
vt 0.8129883 0.9706573
vt 0.8168945 0.9639282
vt 0.8178711 0.9671631
vt 0.8251953 0.9639282
vt 0.8237305 0.9671631
vt 0.831543 0.9686584
vt 0.8286133 0.9706573
vt 0.8339844 0.9763336
vt 0.8305664 0.9763336
vt 0.831543 0.984024
vt 0.7944336 0.942749
vt 0.7944336 0.9658508
vt 0.7915039 0.9659424
vt 0.7915039 0.9428101
vt 0.7915039 0.9428101
vt 0.7915039 0.9659424
vt 0.7807617 0.9666138
vt 0.7807617 0.9434814
vt 0.8085938 0.9433899
vt 0.8085938 0.9665222
vt 0.8051758 0.9664917
vt 0.8046875 0.9433899
vt 0.8046875 0.9433899
vt 0.8051758 0.9664917
vt 0.7944336 0.9658508
vt 0.7944336 0.942749
vt 0.7050781 0.6025391
vt 0.6982422 0.5766602
vt 0.7563477 0.588623
vt 0.753418 0.6140137
vt 0.8051758 0.5969238
vt 0.793457 0.6218262
vt 0.8583984 0.5957031
vt 0.8452148 0.6208496
vt 0.9125977 0.5888672
vt 0.8984375 0.6140137
vt 0.9575195 0.5847168
vt 0.9389648 0.6096191
vt 0.8676758 0.487793
vt 0.9208984 0.4941406
vt 0.9648438 0.5
vt 0.659668 0.59375
vt 0.6494141 0.5673828
vt 0.6557617 0.4956055
vt 0.7055664 0.4946289
vt 0.7651367 0.4887695
vt 0.8149414 0.4863281
vt 0.8046875 0.9433899
vt 0.8051758 0.9664917
vt 0.7944336 0.9658508
vt 0.8847656 0.9668274
vt 0.8867188 0.9700928
vt 0.8803711 0.9686584
vt 0.878418 0.9654541
vt 0.8710938 0.9666138
vt 0.8691406 0.9634094
vt 0.8623047 0.9656067
vt 0.8623047 0.9622192
vt 0.855957 0.966217
vt 0.855957 0.9629822
vt 0.8481445 0.9673767
vt 0.8496094 0.9640198
vt 0.8398438 0.9682617
vt 0.8417969 0.9648132
vt 0.8725586 0.9595947
vt 0.8701172 0.9610901
vt 0.862793 0.9535217
vt 0.8637695 0.9516296
vt 0.8520508 0.9495544
vt 0.8520508 0.9472351
vt 0.840332 0.9490356
vt 0.8398438 0.9472656
vt 0.8300781 0.9537659
vt 0.8291016 0.9517517
vt 0.8242188 0.9604492
vt 0.8222656 0.9597778
vt 0.9389648 0.6096191
vt 0.9355469 0.614502
vt 0.8989258 0.6188965
vt 0.8984375 0.6140137
vt 0.8452148 0.6259766
vt 0.8452148 0.6208496
vt 0.7954102 0.6276855
vt 0.793457 0.6218262
vt 0.75 0.6196289
vt 0.753418 0.6140137
vt 0.703125 0.6091309
vt 0.7050781 0.6025391
vt 0.6621094 0.6025391
vt 0.659668 0.59375
vt 0.855957 0.966217
vt 0.855957 0.9863663
vt 0.8481445 0.9843292
vt 0.8481445 0.9673767
vt 0.8398438 0.9834442
vt 0.8398438 0.9682617
vt 0.8364258 0.9701843
vt 0.8364258 0.9834595
vt 0.8867188 0.9700928
vt 0.8881836 0.9724121
vt 0.8881836 0.987587
vt 0.8867188 0.987587
vt 0.8803711 0.987915
vt 0.8803711 0.9686584
vt 0.8710938 0.9881821
vt 0.8710938 0.9666138
vt 0.8623047 0.9876404
vt 0.8623047 0.9656067
vt 0.9760742 0.9802551
vt 0.9755859 0.9344482
vt 0.9814453 0.9349365
vt 0.9819336 0.9807587
vt 0.9868164 0.9351196
vt 0.9873047 0.980957
vt 0.8603516 0.9445801
vt 0.8105469 0.9437561
vt 0.8110352 0.9379272
vt 0.8603516 0.9387512
vt 0.8110352 0.9318848
vt 0.8598633 0.9326782
vt 0.8325195 0.9202271
vt 0.8339844 0.9216919
vt 0.8339844 0.9293213
vt 0.8325195 0.9308472
vt 0.7817383 0.9202881
vt 0.7817383 0.9308472
vt 0.84375 0.9216309
vt 0.84375 0.9292603
vt 0.8339844 0.9293213
vt 0.8364258 0.9701843
vt 0.8388672 0.9654236
vt 0.8417969 0.9648132
vt 0.9755859 0.9344482
vt 0.9770508 0.9329224
vt 0.980957 0.9331055
vt 0.9814453 0.9349365
vt 0.9848633 0.9330444
vt 0.9868164 0.9351196
vt 0.8911133 0.9315186
vt 0.8896484 0.9301147
vt 0.8896484 0.9224854
vt 0.8911133 0.9209595
vt 0.9414063 0.9314575
vt 0.9414063 0.9208984
vt 0.8730469 0.9301147
vt 0.8730469 0.9224854
vt 0.8769531 0.9224854
vt 0.8769531 0.9301147
vt 0.8813477 0.9224854
vt 0.8813477 0.9301147
vt 0.8896484 0.9301147
vt 0.8515625 0.9301147
vt 0.8515625 0.9224854
vt 0.8564453 0.9224854
vt 0.8564453 0.9301147
vt 0.8598633 0.9224854
vt 0.8598633 0.9301147
vt 0.8647461 0.9224854
vt 0.8647461 0.9301147
vt 0.8686523 0.9224854
vt 0.8686523 0.9301147
vt 0.980957 0.9331055
vt 0.980957 0.925354
vt 0.9853516 0.9241333
vt 0.9848633 0.9330444
vt 0.9770508 0.9329224
vt 0.9770508 0.9239502
vt 0.9746094 0.9205322
vt 0.9746094 0.9163208
vt 0.9775391 0.9129639
vt 0.9814453 0.9117432
vt 0.9853516 0.9130859
vt 0.987793 0.9165649
vt 0.987793 0.9207764
vt 0.9477539 0.9415283
vt 0.9477539 0.9094849
vt 0.9648438 0.9094849
vt 0.9648438 0.9415283
vt 0.9667969 0.9852524
vt 0.96875 0.9880371
vt 0.9628906 0.9898758
vt 0.9628906 0.9864807
vt 0.9628906 0.9728699
vt 0.9633789 0.9694672
vt 0.9692383 0.9715271
vt 0.9672852 0.9742432
vt 0.9726563 0.9766998
vt 0.9692383 0.9776917
vt 0.9726563 0.9830017
vt 0.9692383 0.9819031
vt 0.96875 0.9880371
vt 0.9667969 0.9852524
vt 0.9628906 0.9864807
vt 0.9628906 0.9898758
vt 0.9570313 0.9878159
vt 0.9589844 0.9851074
vt 0.953125 0.9826508
vt 0.956543 0.9816589
vt 0.953125 0.9763336
vt 0.956543 0.9774475
vt 0.9570313 0.9713135
vt 0.9589844 0.9740906
vt 0.90625 0.9517822
vt 0.90625 0.9421997
vt 0.9140625 0.9421997
vt 0.9140625 0.9517822
vt 0.9199219 0.9421997
vt 0.9199219 0.9517822
vt 0.9277344 0.9421997
vt 0.9277344 0.9517822
vt 0.9350586 0.9421997
vt 0.9350586 0.9517822
vt 0.9433594 0.9421997
vt 0.9433594 0.9517822
vt 0.8701172 0.9517822
vt 0.8701172 0.9421997
vt 0.8764648 0.9421997
vt 0.8764648 0.9517822
vt 0.8842773 0.9421997
vt 0.8842773 0.9517822
vt 0.8920898 0.9421997
vt 0.8920898 0.9517822
vt 0.8989258 0.9421997
vt 0.8989258 0.9517822
vt 0.9091797 0.9554749
vt 0.9091797 0.9636841
vt 0.902832 0.9636841
vt 0.902832 0.9554749
vt 0.8950195 0.9636841
vt 0.8950195 0.9554749
vt 0.887207 0.9636841
vt 0.887207 0.9554749
vt 0.8793945 0.9636841
vt 0.8793945 0.9554749
vt 0.9453125 0.9554749
vt 0.9453125 0.9636841
vt 0.9389648 0.9636841
vt 0.9389648 0.9554749
vt 0.9316406 0.9636841
vt 0.9316406 0.9554749
vt 0.9238281 0.9636841
vt 0.9238281 0.9554749
vt 0.9169922 0.9636841
vt 0.9169922 0.9554749
vt 0.96875 0.958252
vt 0.972168 0.9592285
vt 0.9677734 0.9652405
vt 0.9658203 0.9627075
vt 0.9604492 0.9675598
vt 0.9604492 0.9644165
vt 0.9536133 0.9652405
vt 0.9550781 0.9627075
vt 0.9492188 0.9592285
vt 0.9521484 0.958252
vt 0.9521484 0.9527283
vt 0.9492188 0.9517822
vt 0.9536133 0.9457397
vt 0.9550781 0.9482727
vt 0.9604492 0.9434509
vt 0.9604492 0.9465637
vt 0.9677734 0.9457397
vt 0.9658203 0.9482727
vt 0.972168 0.9517822
vt 0.96875 0.9527283
vt 0.7866211 0.9781189
vt 0.793457 0.9689178
vt 0.7993164 0.9689178
vt 0.8041992 0.9724426
vt 0.8056641 0.9781189
vt 0.8041992 0.9837952
vt 0.7993164 0.9873123
vt 0.793457 0.9873123
vt 0.7885742 0.9837952
vt 0.9057617 0.9698029
vt 0.9057617 0.9861984
vt 0.8974609 0.9861984
vt 0.8974609 0.9698029
vt 0.8901367 0.9861984
vt 0.8901367 0.9698029
vt 0.9438477 0.9698029
vt 0.9438477 0.9861984
vt 0.9370117 0.9861984
vt 0.9370117 0.9698029
vt 0.9287109 0.9861984
vt 0.9287109 0.9698029
vt 0.9213867 0.9861984
vt 0.9213867 0.9698029
vt 0.9130859 0.9861984
vt 0.9130859 0.9698029
vt 0.002412796 0.9994144
vt 0.001950264 0.9996085
vt 0.001914024 0.9994283
vt 0.001482964 0.9994302
vt 0.001447678 0.9996104
vt 0.001085281 0.9992671
vt 0.0009832382 0.9994202
vt 0.0007791519 0.998991
vt 0.0006270409 0.9990664
vt 0.0006132126 0.9985666
vt 0.0004332066 0.9986038
vt 0.0006113052 0.9981365
vt 0.0004310608 0.9981012
vt 0.0007748604 0.9977379
vt 0.0006213188 0.9976368
vt 0.001077652 0.9974327
vt 0.000975132 0.9972801
vt 0.00147438 0.9972668
vt 0.001438141 0.9970875
vt 0.001905441 0.9972649
vt 0.001939774 0.9970856
vt 0.00230217 0.9974289
vt 0.002405167 0.9972744
vt 0.002609253 0.9977322
vt 0.002761841 0.9976292
vt 0.002775192 0.9981279
vt 0.002954483 0.9980917
vt 0.0027771 0.998558
vt 0.00295639 0.9985933
vt 0.002613068 0.9989567
vt 0.002765656 0.9990578
vt 0.002309799 0.9992619
vt 0.8417969 0.9648132
vt 0.8398438 0.9682617
vt 0.8364258 0.9701843
vt 0.002412796 0.9994144
vt 0.001950264 0.9996085
vt 0.001914024 0.9994283
vt 0.001482964 0.9994302
vt 0.001447678 0.9996104
vt 0.001085281 0.9992671
vt 0.0009832382 0.9994202
vt 0.0007791519 0.998991
vt 0.0006270409 0.9990664
vt 0.0006132126 0.9985666
vt 0.0004332066 0.9986038
vt 0.0006113052 0.9981365
vt 0.0004310608 0.9981012
vt 0.0007748604 0.9977379
vt 0.0006213188 0.9976368
vt 0.001077652 0.9974327
vt 0.000975132 0.9972801
vt 0.00147438 0.9972668
vt 0.001438141 0.9970875
vt 0.001905441 0.9972649
vt 0.001939774 0.9970856
vt 0.00230217 0.9974289
vt 0.002405167 0.9972744
vt 0.002609253 0.9977322
vt 0.002761841 0.9976292
vt 0.002775192 0.9981279
vt 0.002954483 0.9980917
vt 0.0027771 0.998558
vt 0.00295639 0.9985933
vt 0.002613068 0.9989567
vt 0.002765656 0.9990578
vt 0.002309799 0.9992619
vt 0.9580078 0.9585266
vt 0.9589844 0.948822
vt 0.9609375 0.95047
vt 0.7915039 0.9659424
vt 0.7944336 0.942749
vt 0.7915039 0.9428101
vt 0.7944336 0.9658508
vt 0.8051758 0.9664917
vt 0.8085938 0.9433899
vt 0.8046875 0.9433899
vt 0.8085938 0.9665222
vt 0.8398438 0.9834442
vt 0.8364258 0.9701843
vt 0.8364258 0.9834595
vt 0.8398438 0.9682617
vt 0.8481445 0.9673767
vt 0.8481445 0.9843292
vt 0.855957 0.966217
vt 0.855957 0.9863663
vt 0.8623047 0.9656067
vt 0.8623047 0.9876404
vt 0.8710938 0.9666138
vt 0.8710938 0.9881821
vt 0.8803711 0.9686584
vt 0.8803711 0.987915
vt 0.8867188 0.9700928
vt 0.8867188 0.987587
vt 0.8881836 0.987587
vt 0.8881836 0.9724121
vt 0.9208984 0.4941406
vt 0.9575195 0.5847168
vt 0.9648438 0.5
vt 0.9125977 0.5888672
vt 0.8676758 0.487793
vt 0.8583984 0.5957031
vt 0.8149414 0.4863281
vt 0.8051758 0.5969238
vt 0.7651367 0.4887695
vt 0.7563477 0.588623
vt 0.7055664 0.4946289
vt 0.6982422 0.5766602
vt 0.6557617 0.4956055
vt 0.6494141 0.5673828
vt 0.659668 0.59375
vt 0.7050781 0.6025391
vt 0.753418 0.6140137
vt 0.793457 0.6218262
vt 0.8452148 0.6208496
vt 0.8984375 0.6140137
vt 0.9389648 0.6096191
vt 0.9609375 0.95047
vt 0.9628906 0.9627686
vt 0.9580078 0.9585266
vt 0.8325195 0.9308472
vt 0.7817383 0.9202881
vt 0.7817383 0.9308472
vt 0.8325195 0.9202271
vt 0.8339844 0.9293213
vt 0.8339844 0.9216919
vt 0.84375 0.9292603
vt 0.8339844 0.9293213
vt 0.84375 0.9216309
vt 0.8911133 0.9209595
vt 0.9414063 0.9314575
vt 0.9414063 0.9208984
vt 0.8911133 0.9315186
vt 0.8896484 0.9224854
vt 0.8896484 0.9301147
vt 0.8813477 0.9224854
vt 0.8896484 0.9301147
vt 0.8813477 0.9301147
vt 0.8769531 0.9301147
vt 0.8769531 0.9224854
vt 0.8730469 0.9301147
vt 0.8730469 0.9224854
vt 0.8686523 0.9301147
vt 0.8686523 0.9224854
vt 0.8647461 0.9301147
vt 0.8647461 0.9224854
vt 0.8598633 0.9301147
vt 0.8598633 0.9224854
vt 0.8564453 0.9301147
vt 0.8564453 0.9224854
vt 0.8515625 0.9301147
vt 0.8515625 0.9224854
vt 0.9472656 0.9696045
vt 0.9511719 0.96875
vt 0.9516602 0.9839935
vt 0.8251953 0.9887619
vt 0.8286133 0.9820251
vt 0.8237305 0.9855347
vt 0.8168945 0.9887619
vt 0.8178711 0.9855347
vt 0.8105469 0.984024
vt 0.8129883 0.9820251
vt 0.8081055 0.9763336
vt 0.8115234 0.9763336
vt 0.8105469 0.9686584
vt 0.8129883 0.9706573
vt 0.8129883 0.9706573
vt 0.8168945 0.9639282
vt 0.8178711 0.9671631
vt 0.8251953 0.9639282
vt 0.8237305 0.9671631
vt 0.831543 0.9686584
vt 0.8286133 0.9706573
vt 0.8339844 0.9763336
vt 0.8305664 0.9763336
vt 0.831543 0.984024
vt 0.01309967 0.7746582
vt 0.01309967 0.762085
vt 0.03775024 0.762085
vt 0.03775024 0.7746582
vt 0.1124878 0.7983398
vt 0.1124878 0.8118896
vt 0.08312988 0.8118896
vt 0.08312988 0.7983398
vt 0.08312988 0.7746582
vt 0.08312988 0.7983398
vt 0.03775024 0.7983398
vt 0.03775024 0.7746582
vt 0.3100586 0.9936066
vt 0.3149414 0.9936066
vt 0.3134766 0.9207764
vt 0.3085938 0.9213867
vt 0.3181152 0.8833008
vt 0.3134766 0.8835449
vt 0.3710938 0.9936066
vt 0.3747559 0.9936066
vt 0.3723145 0.9191284
vt 0.3684082 0.9192505
vt 0.375 0.8772583
vt 0.3718262 0.8762817
vt 0.3378906 0.9936066
vt 0.342041 0.9936066
vt 0.3398438 0.9209595
vt 0.3356934 0.9213867
vt 0.3417969 0.8806763
vt 0.3383789 0.8803711
vt 0.4138184 0.9936066
vt 0.4169922 0.9936066
vt 0.4052734 0.9138794
vt 0.401123 0.9140625
vt 0.3981934 0.8676758
vt 0.3947754 0.8658447
vt 0.3085938 0.9213867
vt 0.3134766 0.8835449
vt 0.2932129 0.883728
vt 0.2871094 0.9199829
vt 0.3100586 0.9936066
vt 0.2893066 0.9936066
vt 0.9516602 0.9839935
vt 0.9467773 0.9841614
vt 0.9472656 0.9696045
vt 0.3684082 0.9192505
vt 0.3718262 0.8762817
vt 0.3417969 0.8806763
vt 0.3398438 0.9209595
vt 0.3710938 0.9936066
vt 0.342041 0.9936066
vt 0.8129883 0.9706573
vt 0.8105469 0.9686584
vt 0.8168945 0.9639282
vt 0.8178711 0.9671631
vt 0.8251953 0.9639282
vt 0.8237305 0.9671631
vt 0.831543 0.9686584
vt 0.8286133 0.9706573
vt 0.8339844 0.9763336
vt 0.8305664 0.9763336
vt 0.831543 0.984024
vt 0.8286133 0.9820251
vt 0.8251953 0.9887619
vt 0.8237305 0.9855347
vt 0.8168945 0.9887619
vt 0.8178711 0.9855347
vt 0.8105469 0.984024
vt 0.8129883 0.9820251
vt 0.8081055 0.9763336
vt 0.8115234 0.9763336
vt 0.8129883 0.9706573
vt 0.8364258 0.9701843
vt 0.8417969 0.9648132
vt 0.8388672 0.9654236
vt 0.3149414 0.9936066
vt 0.3378906 0.9936066
vt 0.3356934 0.9213867
vt 0.3134766 0.9207764
vt 0.3383789 0.8803711
vt 0.3181152 0.8833008
vt 0.9516602 0.8748779
vt 0.9511719 0.8724365
vt 0.9492188 0.8735352
vt 0.9492188 0.875
vt 0.9619141 0.8686523
vt 0.9633789 0.8685303
vt 0.9633789 0.8664551
vt 0.9609375 0.8666992
vt 0.9541016 0.8713379
vt 0.9536133 0.8693848
vt 0.9506836 0.8707275
vt 0.9545898 0.8740234
vt 0.9555664 0.880127
vt 0.9521484 0.8814087
vt 0.9501953 0.881897
vt 0.9624023 0.87146
vt 0.9648438 0.8707275
vt 0.9643555 0.8692627
vt 0.9648438 0.8755493
vt 0.9667969 0.8742676
vt 0.9682617 0.8731689
vt 0.9663086 0.8699951
vt 0.965332 0.8675537
vt 0.8417969 0.9648132
vt 0.8364258 0.9701843
vt 0.8398438 0.9682617
vt 0.9663086 0.8570557
vt 0.9633789 0.8572998
vt 0.9638672 0.8598633
vt 0.9663086 0.8598633
vt 0.9682617 0.8571777
vt 0.9682617 0.8599854
vt 0.956543 0.8601074
vt 0.9555664 0.8574219
vt 0.9624023 0.8499756
vt 0.965332 0.8498535
vt 0.9672852 0.8500977
vt 0.9672852 0.8487549
vt 0.9672852 0.8479004
vt 0.9648438 0.8463135
vt 0.9648438 0.8475342
vt 0.9619141 0.84729
vt 0.9536133 0.8504639
vt 0.9511719 0.8504639
vt 0.953125 0.8574219
vt 0.9536133 0.8598633
vt 0.9624023 0.8459473
vt 0.9526367 0.8479004
vt 0.9506836 0.8480225
vt 0.9521484 0.8465576
vt 0.9511719 0.8466797
vt 0.9580078 0.9585266
vt 0.9609375 0.95047
vt 0.9589844 0.948822
vt 0.9448242 0.8914185
vt 0.9458008 0.8901978
vt 0.9462891 0.8908691
vt 0.9453125 0.8916626
vt 0.9462891 0.8915405
vt 0.9458008 0.8919678
vt 0.9438477 0.8925781
vt 0.9448242 0.8924561
vt 0.9453125 0.892334
vt 0.9462891 0.8922119
vt 0.9467773 0.8911743
vt 0.9467773 0.8900757
vt 0.9467773 0.8890381
vt 0.9609375 0.95047
vt 0.9580078 0.9585266
vt 0.9628906 0.9627686
vt 0.9902344 0.8375244
vt 0.9921875 0.8359375
vt 0.9912109 0.8358154
vt 0.9897461 0.836792
vt 0.9902344 0.8356934
vt 0.9897461 0.8361816
vt 0.9882813 0.8389893
vt 0.9882813 0.8378906
vt 0.9887695 0.8366699
vt 0.9892578 0.8355713
vt 0.9912109 0.8352051
vt 0.9926758 0.8347168
vt 0.9946289 0.8343506
vt 0.8398438 0.9682617
vt 0.8496094 0.9640198
vt 0.8417969 0.9648132
vt 0.8481445 0.9673767
vt 0.855957 0.9629822
vt 0.855957 0.966217
vt 0.8623047 0.9622192
vt 0.8623047 0.9656067
vt 0.8691406 0.9634094
vt 0.8710938 0.9666138
vt 0.878418 0.9654541
vt 0.8803711 0.9686584
vt 0.8847656 0.9668274
vt 0.8867188 0.9700928
vt 0.9472656 0.9696045
vt 0.9516602 0.9839935
vt 0.9511719 0.96875
vt 0.9624023 0.8709717
vt 0.9638672 0.8745117
vt 0.9614258 0.8754883
vt 0.9594727 0.871582
vt 0.9619141 0.8687744
vt 0.9638672 0.8696289
vt 0.9643555 0.8709717
vt 0.9658203 0.8742676
vt 0.9501953 0.8804932
vt 0.9492188 0.8745117
vt 0.9472656 0.882019
vt 0.9467773 0.8754272
vt 0.9472656 0.8737793
vt 0.9477539 0.8724365
vt 0.9492188 0.8717041
vt 0.9589844 0.8691406
vt 0.9516602 0.9839935
vt 0.9472656 0.9696045
vt 0.9467773 0.9841614
vt 0.5400391 0.9800568
vt 0.5390625 0.9752808
vt 0.5302734 0.9759827
vt 0.5297852 0.9809265
vt 0.5244141 0.9719238
vt 0.5205078 0.9750824
vt 0.5229492 0.9646606
vt 0.519043 0.9635315
vt 0.5273438 0.9569397
vt 0.5244141 0.953186
vt 0.5351563 0.9517212
vt 0.5336914 0.9469299
vt 0.5439453 0.9510193
vt 0.5444336 0.9460754
vt 0.5498047 0.9550781
vt 0.5532227 0.9519348
vt 0.5512695 0.9623718
vt 0.5551758 0.9634705
vt 0.546875 0.9700775
vt 0.5498047 0.9738159
vt 0.08703613 0.1347656
vt 0.08666992 0.1782227
vt 0.1043091 0.1777344
vt 0.1048584 0.137207
vt 0.1188354 0.175293
vt 0.1173706 0.1391602
vt 0.1318359 0.1723633
vt 0.128418 0.1416016
vt 0.1452637 0.168457
vt 0.1419678 0.1435547
vt 0.08636475 0.2055664
vt 0.1048584 0.2021484
vt 0.12146 0.1953125
vt 0.1362305 0.1870117
vt 0.1495361 0.1796875
vt 0.1606445 0.1743164
vt 0.1584473 0.1665039
vt 0.1542969 0.1455078
vt 0.8242188 0.9604492
vt 0.8291016 0.9517517
vt 0.8222656 0.9597778
vt 0.8300781 0.9537659
vt 0.8398438 0.9472656
vt 0.840332 0.9490356
vt 0.8520508 0.9472351
vt 0.8520508 0.9495544
vt 0.8637695 0.9516296
vt 0.862793 0.9535217
vt 0.8725586 0.9595947
vt 0.8701172 0.9610901
vt 0.6621094 0.6025391
vt 0.7050781 0.6025391
vt 0.659668 0.59375
vt 0.703125 0.6091309
vt 0.753418 0.6140137
vt 0.75 0.6196289
vt 0.793457 0.6218262
vt 0.7954102 0.6276855
vt 0.8452148 0.6208496
vt 0.8452148 0.6259766
vt 0.8984375 0.6140137
vt 0.8989258 0.6188965
vt 0.9389648 0.6096191
vt 0.9355469 0.614502
vt 0.9868164 0.9351196
vt 0.9819336 0.9807587
vt 0.9873047 0.980957
vt 0.9814453 0.9349365
vt 0.9760742 0.9802551
vt 0.9755859 0.9344482
vt 0.8110352 0.9318848
vt 0.8603516 0.9387512
vt 0.8598633 0.9326782
vt 0.8110352 0.9379272
vt 0.8603516 0.9445801
vt 0.8105469 0.9437561
vt 0.9848633 0.9330444
vt 0.9814453 0.9349365
vt 0.9868164 0.9351196
vt 0.980957 0.9331055
vt 0.9755859 0.9344482
vt 0.9770508 0.9329224
vt 0.8081055 0.9411926
vt 0.8007813 0.9375305
vt 0.7993164 0.94104
vt 0.8081055 0.9377747
vt 0.7998047 0.9330444
vt 0.8105469 0.9437561
vt 0.8110352 0.9379272
vt 0.8081055 0.9332275
vt 0.8110352 0.9318848
vt 0.9570313 0.9713135
vt 0.956543 0.9774475
vt 0.9589844 0.9740906
vt 0.953125 0.9763336
vt 0.956543 0.9816589
vt 0.953125 0.9826508
vt 0.9589844 0.9851074
vt 0.9570313 0.9878159
vt 0.9628906 0.9864807
vt 0.9628906 0.9898758
vt 0.96875 0.9880371
vt 0.9692383 0.9819031
vt 0.9667969 0.9852524
vt 0.9726563 0.9830017
vt 0.9692383 0.9776917
vt 0.9726563 0.9766998
vt 0.9672852 0.9742432
vt 0.9692383 0.9715271
vt 0.9628906 0.9728699
vt 0.9633789 0.9694672
vt 0.9853516 0.9241333
vt 0.987793 0.9207764
vt 0.987793 0.9165649
vt 0.9853516 0.9130859
vt 0.9814453 0.9117432
vt 0.9775391 0.9129639
vt 0.9746094 0.9163208
vt 0.9746094 0.9205322
vt 0.9770508 0.9239502
vt 0.980957 0.925354
vt 0.9770508 0.9329224
vt 0.980957 0.9331055
vt 0.9848633 0.9330444
vt 0.90625 0.9421997
vt 0.8989258 0.9517822
vt 0.90625 0.9517822
vt 0.8989258 0.9421997
vt 0.8920898 0.9517822
vt 0.8920898 0.9421997
vt 0.8842773 0.9517822
vt 0.8842773 0.9421997
vt 0.8764648 0.9517822
vt 0.8764648 0.9421997
vt 0.8701172 0.9517822
vt 0.8701172 0.9421997
vt 0.9433594 0.9421997
vt 0.9350586 0.9517822
vt 0.9433594 0.9517822
vt 0.9350586 0.9421997
vt 0.9277344 0.9517822
vt 0.9277344 0.9421997
vt 0.9199219 0.9517822
vt 0.9199219 0.9421997
vt 0.9140625 0.9517822
vt 0.9140625 0.9421997
vt 0.9169922 0.9636841
vt 0.9238281 0.9554749
vt 0.9169922 0.9554749
vt 0.9238281 0.9636841
vt 0.9316406 0.9554749
vt 0.9316406 0.9636841
vt 0.9389648 0.9554749
vt 0.9389648 0.9636841
vt 0.9453125 0.9554749
vt 0.9453125 0.9636841
vt 0.8793945 0.9636841
vt 0.887207 0.9554749
vt 0.8793945 0.9554749
vt 0.887207 0.9636841
vt 0.8950195 0.9554749
vt 0.8950195 0.9636841
vt 0.902832 0.9554749
vt 0.902832 0.9636841
vt 0.9091797 0.9554749
vt 0.9091797 0.9636841
vt 0.972168 0.9517822
vt 0.9658203 0.9482727
vt 0.96875 0.9527283
vt 0.9677734 0.9457397
vt 0.9604492 0.9465637
vt 0.9604492 0.9434509
vt 0.9550781 0.9482727
vt 0.9536133 0.9457397
vt 0.9521484 0.9527283
vt 0.9492188 0.9517822
vt 0.9492188 0.9592285
vt 0.9550781 0.9627075
vt 0.9521484 0.958252
vt 0.9536133 0.9652405
vt 0.9604492 0.9644165
vt 0.9604492 0.9675598
vt 0.9658203 0.9627075
vt 0.9677734 0.9652405
vt 0.96875 0.958252
vt 0.972168 0.9592285
vt 0.7866211 0.9781189
vt 0.7885742 0.9837952
vt 0.793457 0.9873123
vt 0.7993164 0.9873123
vt 0.8041992 0.9837952
vt 0.8056641 0.9781189
vt 0.8041992 0.9724426
vt 0.7993164 0.9689178
vt 0.793457 0.9689178
vt 0.7885742 0.9724426
vt 0.02046204 0.1445313
vt 0.01580811 0.1660156
vt 0.02764893 0.168457
vt 0.03076172 0.1411133
vt 0.03860474 0.171875
vt 0.03961182 0.1386719
vt 0.05130005 0.175293
vt 0.05041504 0.1367188
vt 0.06793213 0.1772461
vt 0.06732178 0.1347656
vt 0.01329803 0.1743164
vt 0.02227783 0.1821289
vt 0.0335083 0.1914063
vt 0.0484314 0.199707
vt 0.06677246 0.2050781
vt 0.4760742 0.9797363
vt 0.4780273 0.9938622
vt 0.4946289 0.985878
vt 0.4846191 0.9756012
vt 0.5029297 0.9697418
vt 0.4892578 0.9672546
vt 0.5004883 0.9516296
vt 0.487793 0.9578552
vt 0.4880371 0.9384155
vt 0.4812012 0.9510193
vt 0.4699707 0.9352417
vt 0.4719238 0.9493408
vt 0.4536133 0.9432068
vt 0.4633789 0.9534912
vt 0.4448242 0.9593506
vt 0.4589844 0.961853
vt 0.4475098 0.9774628
vt 0.4602051 0.9712372
vt 0.4602051 0.9906464
vt 0.4667969 0.9780579
vt 0.6806641 0.9375916
vt 0.6806641 0.9415894
vt 0.6938477 0.9415894
vt 0.6938477 0.9375916
vt 0.7094727 0.9375916
vt 0.7094727 0.9415894
vt 0.7226563 0.9415894
vt 0.7226563 0.9375916
vt 0.5776367 0.9375916
vt 0.5776367 0.9415894
vt 0.5932617 0.9415894
vt 0.5932617 0.9375916
vt 0.5932617 0.9375916
vt 0.5932617 0.9415894
vt 0.6083984 0.9415894
vt 0.6083984 0.9375916
vt 0.6083984 0.9375916
vt 0.6083984 0.9415894
vt 0.6210938 0.9415894
vt 0.6210938 0.9375916
vt 0.637207 0.9375916
vt 0.637207 0.9415894
vt 0.6503906 0.9415894
vt 0.6503906 0.9375916
vt 0.6503906 0.9375916
vt 0.6503906 0.9415894
vt 0.6655273 0.9415894
vt 0.6655273 0.9375916
vt 0.6655273 0.9375916
vt 0.6655273 0.9415894
vt 0.6806641 0.9415894
vt 0.6806641 0.9375916
vt 0.5649414 0.9658508
vt 0.5688477 0.9659119
vt 0.5634766 0.9484253
vt 0.5605469 0.9505615
vt 0.5488281 0.937439
vt 0.5473633 0.9409485
vt 0.5473633 0.9409485
vt 0.5488281 0.937439
vt 0.5302734 0.9371338
vt 0.5317383 0.9406738
vt 0.5180664 0.9803467
vt 0.5151367 0.9824677
vt 0.5297852 0.9934502
vt 0.5307617 0.9899521
vt 0.5478516 0.9937363
vt 0.546875 0.9902039
vt 0.6591797 0.9295044
vt 0.6591797 0.9016113
vt 0.6430664 0.9016113
vt 0.6430664 0.9295044
vt 0.6264648 0.9016113
vt 0.6264648 0.9295044
vt 0.6098633 0.9016113
vt 0.6098633 0.9295044
vt 0.5932617 0.9016113
vt 0.5932617 0.9295044
vt 0.5766602 0.9016113
vt 0.5766602 0.9295044
vt 0.7421875 0.9295044
vt 0.7421875 0.9016113
vt 0.7255859 0.9016113
vt 0.7255859 0.9295044
vt 0.7089844 0.9016113
vt 0.7089844 0.9295044
vt 0.6923828 0.9016113
vt 0.6923828 0.9295044
vt 0.6757813 0.9016113
vt 0.6757813 0.9295044
vt 0.0001312494 0.9998758
vt 3.051758E-05 0.9998431
vt 3.051758E-05 0.9998608
vt 3.051758E-05 0.9998809
vt 3.051758E-05 0.9999695
vt 0.0001026392 0.9999695
vt 0.0001211762 0.9999695
vt 0.0001413822 0.9999695
vt 0.0001599789 0.9999695
vt 0.0001734495 0.9999695
vt 0.0001797676 0.9998809
vt 0.0001776218 0.9998608
vt 0.0001498461 0.9999695
vt 0.0001835823 0.9999695
vt 0.000112772 0.9999695
vt 3.051758E-05 0.9999695
vt 3.051758E-05 0.9999695
vt 3.051758E-05 0.999885
vt 3.051758E-05 0.9997716
vt 3.051758E-05 0.9997995
vt 3.051758E-05 0.9998162
vt 3.051758E-05 0.9998482
vt 3.051758E-05 0.9998405
vt 3.051758E-05 0.9998876
vt 3.051758E-05 0.9999695
vt 3.051758E-05 0.9999695
vt 3.051758E-05 0.9997944
vt 0.0001114607 0.9998312
vt 0.0001312494 0.9997867
vt 0.0001312494 0.999827
vt 0.0001674891 0.9998431
vt 0.0001511574 0.9998312
vt 0.0001674891 0.9997944
vt 0.0001776218 0.9997716
vt 0.0001312494 0.9997618
vt 0.0001974106 0.9998162
vt 0.0002160072 0.9998482
vt 0.0002198219 0.999885
vt 0.0002083778 0.9999695
vt 0.0001075864 0.9999695
vt 0.0001549721 0.9999695
vt 0.000198245 0.9999695
vt 0.0002299547 0.9999695
vt 0.0002446175 0.9998876
vt 0.0002397299 0.9998405
vt 0.0002160072 0.9997995
vt 0.1271973 0.4033203
vt 0.1322021 0.4101563
vt 0.2546387 0.4082031
vt 0.2546387 0.4013672
vt 0.1798096 0.5817871
vt 0.1633301 0.4863281
vt 0.182251 0.6259766
vt 0.1882324 0.6311035
vt 0.2546387 0.4013672
vt 0.2543945 0.3334961
vt 0.05505371 0.3901367
vt 0.1271973 0.4033203
vt 0.09387207 0.4936523
vt 0.1594238 0.4873047
vt 0.1211548 0.6308594
vt 0.182251 0.6259766
vt 0.2546387 0.3291016
vt 0.1876221 0.1772461
vt 0.01957703 0.2744141
vt 0.05072021 0.3857422
vt 0.1179199 0.6359863
vt 0.1211548 0.6308594
vt 0.09387207 0.4936523
vt 0.09039307 0.4941406
vt 0.05505371 0.3901367
vt 0.05072021 0.3857422
vt 0.07128906 0.5541992
vt 0.1162109 0.6384277
vt 0.003833771 0.4638672
vt 0.2169189 0.02832031
vt 0.210083 0.02880859
vt 0.2094727 0.03271484
vt 0.2163086 0.03271484
vt 0.2103271 0.03710938
vt 0.2171631 0.03710938
vt 0.1809082 0.03955078
vt 0.1899414 0.03808594
vt 0.1901855 0.03466797
vt 0.1811523 0.03613281
vt 0.1903076 0.03027344
vt 0.1812744 0.03173828
vt 0.1903076 0.02685547
vt 0.1813965 0.02832031
vt 0.1983643 0.02783203
vt 0.1915283 0.02734375
vt 0.1921387 0.03173828
vt 0.1989746 0.03222656
vt 0.1912842 0.03613281
vt 0.1981201 0.03662109
vt 0.208252 0.02734375
vt 0.1993408 0.02587891
vt 0.1993408 0.02929688
vt 0.208252 0.03125
vt 0.1993408 0.03369141
vt 0.208252 0.03515625
vt 0.1992188 0.03710938
vt 0.2081299 0.03857422
vt 0.1883545 0.07714844
vt 0.1873779 0.07861328
vt 0.1917725 0.08007813
vt 0.1917725 0.078125
vt 0.1960449 0.078125
vt 0.1950684 0.07666016
vt 0.1986084 0.07324219
vt 0.1970215 0.07275391
vt 0.1984863 0.06787109
vt 0.1968994 0.06835938
vt 0.1958008 0.06347656
vt 0.1948242 0.06542969
vt 0.1914063 0.06201172
vt 0.1914063 0.06396484
vt 0.1871338 0.06445313
vt 0.1881104 0.06591797
vt 0.1845703 0.06884766
vt 0.1861572 0.06933594
vt 0.1846924 0.07470703
vt 0.1862793 0.07373047
vt 0.2001953 0.0234375
vt 0.2000732 0.0078125
vt 0.1966553 0.0078125
vt 0.1968994 0.02294922
vt 0.1929932 0.007324219
vt 0.1929932 0.02294922
vt 0.1895752 0.006347656
vt 0.1894531 0.02392578
vt 0.1853027 0.004882813
vt 0.1851807 0.02441406
vt 0.1820068 0.00390625
vt 0.1816406 0.02490234
vt 0.2202148 0.02636719
vt 0.2199707 0.005371094
vt 0.2156982 0.004394531
vt 0.2159424 0.02587891
vt 0.2111816 0.004882813
vt 0.2114258 0.02539063
vt 0.2076416 0.005371094
vt 0.2080078 0.02490234
vt 0.2033691 0.006835938
vt 0.2036133 0.02392578
vt 0.2042236 0.06396484
vt 0.2050781 0.06542969
vt 0.2080078 0.06542969
vt 0.2078857 0.06396484
vt 0.2102051 0.06689453
vt 0.2119141 0.06640625
vt 0.2109375 0.07080078
vt 0.2125244 0.07128906
vt 0.2097168 0.07470703
vt 0.2110596 0.07617188
vt 0.2072754 0.07666016
vt 0.2071533 0.078125
vt 0.2043457 0.07666016
vt 0.2033691 0.078125
vt 0.2021484 0.07421875
vt 0.2005615 0.07519531
vt 0.201416 0.07080078
vt 0.199707 0.07080078
vt 0.2026367 0.06738281
vt 0.2010498 0.06640625
vt 0.1577148 0.00390625
vt 0.1577148 0.009765625
vt 0.1611328 0.009765625
vt 0.1611328 0.00390625
vt 0.1655273 0.01074219
vt 0.1655273 0.004882813
vt 0.1707764 0.009765625
vt 0.1707764 0.00390625
vt 0.1744385 0.009277344
vt 0.1744385 0.003417969
vt 0.1578369 0.01464844
vt 0.1611328 0.01416016
vt 0.1655273 0.01464844
vt 0.1708984 0.01416016
vt 0.1745605 0.01464844
vt 0.178833 0.01513672
vt 0.178833 0.009277344
vt 0.178833 0.003417969
vt 0.9287109 0.9861984
vt 0.9370117 0.9698029
vt 0.9287109 0.9698029
vt 0.9370117 0.9861984
vt 0.9438477 0.9698029
vt 0.9438477 0.9861984
vt 0.8901367 0.9861984
vt 0.8974609 0.9698029
vt 0.8901367 0.9698029
vt 0.8974609 0.9861984
vt 0.9057617 0.9698029
vt 0.9057617 0.9861984
vt 0.9130859 0.9698029
vt 0.9130859 0.9861984
vt 0.9213867 0.9698029
vt 0.9213867 0.9861984
vt 0.002412796 0.9994144
vt 0.001914024 0.9994283
vt 0.001950264 0.9996085
vt 0.001482964 0.9994302
vt 0.001447678 0.9996104
vt 0.001085281 0.9992671
vt 0.0009832382 0.9994202
vt 0.0007791519 0.998991
vt 0.0006270409 0.9990664
vt 0.0006132126 0.9985666
vt 0.0004332066 0.9986038
vt 0.0006113052 0.9981365
vt 0.0004310608 0.9981012
vt 0.0007748604 0.9977379
vt 0.0006213188 0.9976368
vt 0.001077652 0.9974327
vt 0.000975132 0.9972801
vt 0.00147438 0.9972668
vt 0.001438141 0.9970875
vt 0.001905441 0.9972649
vt 0.001939774 0.9970856
vt 0.00230217 0.9974289
vt 0.002405167 0.9972744
vt 0.002609253 0.9977322
vt 0.002761841 0.9976292
vt 0.002775192 0.9981279
vt 0.002954483 0.9980917
vt 0.0027771 0.998558
vt 0.00295639 0.9985933
vt 0.002613068 0.9989567
vt 0.002765656 0.9990578
vt 0.002309799 0.9992619
vt 0.8364258 0.9701843
vt 0.8388672 0.9654236
vt 0.8417969 0.9648132
vt 0.1375732 0.002929688
vt 0.1375732 0.008300781
vt 0.1409912 0.008300781
vt 0.1409912 0.002441406
vt 0.1453857 0.0078125
vt 0.1452637 0.001953125
vt 0.1497803 0.008300781
vt 0.1497803 0.002441406
vt 0.1533203 0.008789063
vt 0.1534424 0.002929688
vt 0.1375732 0.01464844
vt 0.1408691 0.015625
vt 0.1452637 0.01513672
vt 0.1496582 0.015625
vt 0.1534424 0.01513672
vt 0.1558838 0.02099609
vt 0.1553955 0.05273438
vt 0.1589355 0.05224609
vt 0.1594238 0.02197266
vt 0.1641846 0.05371094
vt 0.1646729 0.02294922
vt 0.1695557 0.05517578
vt 0.1704102 0.02197266
vt 0.1738281 0.05712891
vt 0.1744385 0.02050781
vt 0.178833 0.05859375
vt 0.1793213 0.01855469
vt 0.1373291 0.01855469
vt 0.1365967 0.05664063
vt 0.1395264 0.05712891
vt 0.1403809 0.01757813
vt 0.1436768 0.05664063
vt 0.1445313 0.01757813
vt 0.1477051 0.05517578
vt 0.1486816 0.01806641
vt 0.1512451 0.05419922
vt 0.1519775 0.01953125
vt 0.2015381 0.04980469
vt 0.2010498 0.05615234
vt 0.2042236 0.05615234
vt 0.2042236 0.04833984
vt 0.2077637 0.05615234
vt 0.2077637 0.04638672
vt 0.2119141 0.05566406
vt 0.2116699 0.04345703
vt 0.2159424 0.05566406
vt 0.2160645 0.04150391
vt 0.2220459 0.05566406
vt 0.2220459 0.04052734
vt 0.1804199 0.04248047
vt 0.180542 0.05566406
vt 0.1848145 0.05517578
vt 0.1850586 0.04394531
vt 0.1890869 0.05566406
vt 0.1896973 0.04443359
vt 0.1931152 0.05566406
vt 0.1938477 0.046875
vt 0.1971436 0.05664063
vt 0.1972656 0.04833984
vt 0.1912842 0.07617188
vt 0.1942139 0.07568359
vt 0.1960449 0.07324219
vt 0.1962891 0.06982422
vt 0.1947021 0.06689453
vt 0.1918945 0.06591797
vt 0.1890869 0.06689453
vt 0.1871338 0.06933594
vt 0.1868896 0.07226563
vt 0.1884766 0.07519531
vt 0.1571045 0.06689453
vt 0.1573486 0.08642578
vt 0.1618652 0.08642578
vt 0.1618652 0.06640625
vt 0.1660156 0.08642578
vt 0.1655273 0.06396484
vt 0.1708984 0.08642578
vt 0.1702881 0.06201172
vt 0.1746826 0.08642578
vt 0.1744385 0.06054688
vt 0.1791992 0.08642578
vt 0.1791992 0.06005859
vt 0.1356201 0.05859375
vt 0.1351318 0.08642578
vt 0.1397705 0.08642578
vt 0.1402588 0.05908203
vt 0.1437988 0.08642578
vt 0.1439209 0.06201172
vt 0.1486816 0.08642578
vt 0.1485596 0.06445313
vt 0.1525879 0.08642578
vt 0.1525879 0.06591797
vt 0.2169189 0.02832031
vt 0.210083 0.02880859
vt 0.2094727 0.03271484
vt 0.2163086 0.03271484
vt 0.2103271 0.03710938
vt 0.2171631 0.03710938
vt 0.1809082 0.03955078
vt 0.1899414 0.03808594
vt 0.1901855 0.03466797
vt 0.1811523 0.03613281
vt 0.1903076 0.03027344
vt 0.1812744 0.03173828
vt 0.1903076 0.02685547
vt 0.1813965 0.02832031
vt 0.1994629 0.02832031
vt 0.192627 0.02832031
vt 0.1921387 0.03173828
vt 0.1989746 0.03222656
vt 0.1912842 0.03613281
vt 0.1981201 0.03662109
vt 0.208252 0.02734375
vt 0.1993408 0.02587891
vt 0.1993408 0.02929688
vt 0.208252 0.03125
vt 0.1993408 0.03369141
vt 0.208252 0.03515625
vt 0.1992188 0.03710938
vt 0.2081299 0.03857422
vt 0.1883545 0.07714844
vt 0.1873779 0.07861328
vt 0.1917725 0.08007813
vt 0.1917725 0.078125
vt 0.1960449 0.078125
vt 0.1950684 0.07666016
vt 0.1986084 0.07324219
vt 0.1970215 0.07275391
vt 0.1984863 0.06787109
vt 0.1968994 0.06835938
vt 0.1958008 0.06347656
vt 0.1948242 0.06542969
vt 0.1914063 0.06201172
vt 0.1914063 0.06396484
vt 0.1871338 0.06445313
vt 0.1881104 0.06591797
vt 0.1845703 0.06884766
vt 0.1861572 0.06933594
vt 0.1846924 0.07470703
vt 0.1862793 0.07373047
vt 0.2001953 0.0234375
vt 0.2000732 0.0078125
vt 0.1966553 0.0078125
vt 0.1968994 0.02294922
vt 0.1929932 0.007324219
vt 0.1929932 0.02294922
vt 0.1895752 0.006347656
vt 0.1894531 0.02392578
vt 0.1853027 0.004882813
vt 0.1851807 0.02441406
vt 0.1820068 0.00390625
vt 0.1816406 0.02490234
vt 0.2202148 0.02636719
vt 0.2199707 0.005371094
vt 0.2156982 0.004394531
vt 0.2159424 0.02587891
vt 0.2111816 0.004882813
vt 0.2114258 0.02539063
vt 0.2076416 0.005371094
vt 0.2080078 0.02490234
vt 0.2033691 0.006835938
vt 0.2036133 0.02392578
vt 0.2042236 0.06396484
vt 0.2050781 0.06542969
vt 0.2080078 0.06542969
vt 0.2078857 0.06396484
vt 0.2102051 0.06689453
vt 0.2119141 0.06640625
vt 0.2109375 0.07080078
vt 0.2125244 0.07128906
vt 0.2097168 0.07470703
vt 0.2110596 0.07617188
vt 0.2072754 0.07666016
vt 0.2071533 0.078125
vt 0.2043457 0.07666016
vt 0.2033691 0.078125
vt 0.2021484 0.07421875
vt 0.2005615 0.07519531
vt 0.201416 0.07080078
vt 0.199707 0.07080078
vt 0.2026367 0.06738281
vt 0.2010498 0.06640625
vt 0.1577148 0.00390625
vt 0.1577148 0.009765625
vt 0.1611328 0.009765625
vt 0.1611328 0.00390625
vt 0.1655273 0.01074219
vt 0.1655273 0.004882813
vt 0.1707764 0.009765625
vt 0.1707764 0.00390625
vt 0.1744385 0.009277344
vt 0.1744385 0.003417969
vt 0.1578369 0.01464844
vt 0.1611328 0.01416016
vt 0.1655273 0.01464844
vt 0.1708984 0.01416016
vt 0.1745605 0.01464844
vt 0.178833 0.01513672
vt 0.178833 0.009277344
vt 0.178833 0.003417969
vt 0.8417969 0.9648132
vt 0.8398438 0.9682617
vt 0.8364258 0.9701843
vt 0.1375732 0.002929688
vt 0.1375732 0.008300781
vt 0.1409912 0.008300781
vt 0.1409912 0.002441406
vt 0.1453857 0.0078125
vt 0.1452637 0.001953125
vt 0.1497803 0.008300781
vt 0.1497803 0.002441406
vt 0.1533203 0.008789063
vt 0.1534424 0.002929688
vt 0.1375732 0.01464844
vt 0.1408691 0.015625
vt 0.1452637 0.01513672
vt 0.1496582 0.015625
vt 0.1534424 0.01513672
vt 0.1558838 0.02099609
vt 0.1553955 0.05273438
vt 0.1589355 0.05224609
vt 0.1594238 0.02197266
vt 0.1641846 0.05371094
vt 0.1646729 0.02294922
vt 0.1695557 0.05517578
vt 0.1704102 0.02197266
vt 0.1738281 0.05712891
vt 0.1744385 0.02050781
vt 0.178833 0.05859375
vt 0.1793213 0.01855469
vt 0.1373291 0.01855469
vt 0.1365967 0.05664063
vt 0.1395264 0.05712891
vt 0.1403809 0.01757813
vt 0.1436768 0.05664063
vt 0.1445313 0.01757813
vt 0.1477051 0.05517578
vt 0.1486816 0.01806641
vt 0.1512451 0.05419922
vt 0.1519775 0.01953125
vt 0.2015381 0.04980469
vt 0.2010498 0.05615234
vt 0.2042236 0.05615234
vt 0.2042236 0.04833984
vt 0.2077637 0.05615234
vt 0.2077637 0.04638672
vt 0.2119141 0.05566406
vt 0.2116699 0.04345703
vt 0.2159424 0.05566406
vt 0.2160645 0.04150391
vt 0.2220459 0.05566406
vt 0.2220459 0.04052734
vt 0.1804199 0.04248047
vt 0.180542 0.05566406
vt 0.1848145 0.05517578
vt 0.1850586 0.04394531
vt 0.1890869 0.05566406
vt 0.1896973 0.04443359
vt 0.1931152 0.05566406
vt 0.1938477 0.046875
vt 0.1971436 0.05664063
vt 0.1972656 0.04833984
vt 0.1571045 0.06689453
vt 0.1573486 0.08642578
vt 0.1618652 0.08642578
vt 0.1618652 0.06640625
vt 0.1660156 0.08642578
vt 0.1655273 0.06396484
vt 0.1708984 0.08642578
vt 0.1702881 0.06201172
vt 0.1746826 0.08642578
vt 0.1744385 0.06054688
vt 0.1791992 0.08642578
vt 0.1791992 0.06005859
vt 0.1356201 0.05859375
vt 0.1351318 0.08642578
vt 0.1397705 0.08642578
vt 0.1402588 0.05908203
vt 0.1437988 0.08642578
vt 0.1439209 0.06201172
vt 0.1486816 0.08642578
vt 0.1485596 0.06445313
vt 0.1525879 0.08642578
vt 0.1525879 0.06591797
vt 0.05105591 0.05859375
vt 0.05361938 0.05859375
vt 0.05343628 0.04199219
vt 0.05105591 0.04199219
vt 0.05361938 0.05859375
vt 0.0760498 0.05859375
vt 0.07598877 0.04199219
vt 0.05343628 0.04199219
vt 0.0760498 0.05859375
vt 0.07861328 0.05859375
vt 0.07855225 0.04199219
vt 0.07598877 0.04199219
vt 0.07861328 0.05859375
vt 0.08129883 0.05859375
vt 0.08129883 0.04199219
vt 0.07855225 0.04199219
vt 0.08129883 0.05859375
vt 0.1033325 0.05859375
vt 0.1032715 0.04199219
vt 0.08129883 0.04199219
vt 0.1033325 0.05859375
vt 0.1062012 0.05859375
vt 0.1062012 0.04199219
vt 0.1032715 0.04199219
vt 0.02702332 0.1152344
vt 0.03381348 0.1152344
vt 0.03381348 0.07910156
vt 0.02702332 0.07910156
vt 0.03381348 0.1152344
vt 0.07537842 0.1152344
vt 0.07537842 0.07910156
vt 0.03381348 0.07910156
vt 0.07537842 0.1152344
vt 0.08221436 0.1152344
vt 0.08221436 0.07910156
vt 0.07537842 0.07910156
vt 0.08221436 0.1152344
vt 0.08929443 0.1152344
vt 0.08929443 0.07910156
vt 0.08221436 0.07910156
vt 0.1253662 0.06835938
vt 0.1253662 0.06103516
vt 0.1158447 0.06103516
vt 0.1158447 0.06835938
vt 0.08581543 0.06103516
vt 0.08581543 0.06835938
vt 0.07476807 0.06103516
vt 0.07476807 0.06835938
vt 0.06402588 0.06103516
vt 0.06402588 0.06835938
vt 0.0324707 0.06103516
vt 0.0324707 0.06835938
vt 0.02316284 0.06103516
vt 0.02316284 0.06835938
vt 0.01757813 0.8863525
vt 0.008338928 0.8839722
vt 0.006717682 0.9367676
vt 0.03387451 0.9238281
vt 0.03735352 0.8347168
vt 0.02342224 0.8218994
vt 0.1569824 0.8347168
vt 0.1799316 0.8218994
vt 0.1702881 0.8795776
vt 0.1799316 0.8839722
vt 0.1600342 0.9238892
vt 0.1799316 0.9367676
vt 0.0406189 0.968811
vt 0.1799316 0.9688263
vt 0.03701782 0.9367676
vt 0.04571533 0.9951134
vt 0.1799316 0.9938316
vt 0.9580078 0.9585266
vt 0.9589844 0.948822
vt 0.9609375 0.95047
vt 0.02107239 0.05664063
vt 0.04327393 0.05664063
vt 0.04476929 0.05419922
vt 0.0194397 0.05419922
vt 0.04327393 0.05126953
vt 0.02107239 0.05126953
vt 0.949707 0.8431396
vt 0.9663086 0.8443604
vt 0.9677734 0.8435059
vt 0.9682617 0.8421631
vt 0.96875 0.8435059
vt 0.9760742 0.8613281
vt 0.9921875 0.8444824
vt 0.9731445 0.8444824
vt 0.9707031 0.8450928
vt 0.9692383 0.8466797
vt 0.9702148 0.8442383
vt 0.9731445 0.8444824
vt 0.9921875 0.8444824
vt 0.9921875 0.8421631
vt 0.9707031 0.8621826
vt 0.9702148 0.8591309
vt 0.9692383 0.8608398
vt 0.9711914 0.8591309
vt 0.9702148 0.8563232
vt 0.9692383 0.8494873
vt 0.9682617 0.8468018
vt 0.9663086 0.8450928
vt 0.9731445 0.8608398
vt 0.9731445 0.8615723
vt 0.9921875 0.8614502
vt 0.9921875 0.8634033
vt 0.9716797 0.8621826
vt 0.9711914 0.8632813
vt 0.9692383 0.8615723
vt 0.9667969 0.8614502
vt 0.949707 0.8586426
vt 0.9506836 0.8565674
vt 0.9487305 0.8513184
vt 0.9511719 0.8614502
vt 0.9521484 0.8594971
vt 0.9536133 0.8631592
vt 0.9545898 0.8612061
vt 0.956543 0.8636475
vt 0.9575195 0.8616943
vt 0.9638672 0.8447266
vt 0.9526367 0.8453369
vt 0.9472656 0.8439941
vt 0.949707 0.8461914
vt 0.9458008 0.8459473
vt 0.9482422 0.8481445
vt 0.9462891 0.848999
vt 0.9897461 0.8737793
vt 0.9897461 0.8809814
vt 0.9658203 0.8807373
vt 0.9658203 0.8735352
vt 0.9467773 0.8890381
vt 0.9477539 0.8814697
vt 0.9458008 0.8901978
vt 0.9448242 0.8829346
vt 0.9648438 0.8347168
vt 0.972168 0.8342285
vt 0.9731445 0.8326416
vt 0.9658203 0.8327637
vt 0.9746094 0.8310547
vt 0.9667969 0.8295898
vt 0.9770508 0.8200684
vt 0.9677734 0.8198242
vt 0.9765625 0.8186035
vt 0.9677734 0.8170166
vt 0.9487305 0.8835449
vt 0.949707 0.8921509
vt 0.9516602 0.8918457
vt 0.9511719 0.8829956
vt 0.9541016 0.8916016
vt 0.9545898 0.8817139
vt 0.9692383 0.8843994
vt 0.9692383 0.8743896
vt 0.9897461 0.8841553
vt 0.9897461 0.8741455
vt 0.9521484 0.8936157
vt 0.9462891 0.8922119
vt 0.9467773 0.8911743
vt 0.9467773 0.8900757
vt 0.9467773 0.8890381
vt 0.9658203 0.8807373
vt 0.9868164 0.8331299
vt 0.9980469 0.8236084
vt 0.9975586 0.8227539
vt 0.996582 0.8218994
vt 0.9956055 0.8210449
vt 0.9868164 0.8331299
vt 0.9892578 0.8355713
vt 0.9912109 0.8352051
vt 0.9926758 0.8347168
vt 0.9946289 0.8343506
vt 0.9980469 0.8236084
vt 0.9697266 0.8361816
vt 0.9882813 0.8389893
vt 0.9882813 0.8378906
vt 0.9887695 0.8366699
vt 0.9892578 0.8355713
vt 0.5385742 0.9271851
vt 0.5371094 0.9250488
vt 0.5263672 0.9249268
vt 0.5258789 0.9287109
vt 0.5175781 0.9243164
vt 0.5170898 0.9281616
vt 0.5092773 0.9237061
vt 0.5087891 0.9275513
vt 0.4953613 0.9233398
vt 0.4951172 0.9273682
vt 0.4875488 0.9189453
vt 0.4870605 0.921875
vt 0.5258789 0.9290771
vt 0.5395508 0.9273071
vt 0.5175781 0.9285278
vt 0.5087891 0.9279175
vt 0.494873 0.9276733
vt 0.4865723 0.9216919
vt 0.527832 0.930603
vt 0.5180664 0.9298706
vt 0.5083008 0.9293213
vt 0.4938965 0.9291992
vt 0.4851074 0.9214478
vt 0.4863281 0.9212646
vt 0.4853516 0.9210815
vt 0.527832 0.9313965
vt 0.5180664 0.9307251
vt 0.5083008 0.9301758
vt 0.4938965 0.9299927
vt 0.484375 0.9219971
vt 0.4936523 0.9307251
vt 0.5083008 0.9309082
vt 0.5180664 0.9313965
vt 0.527832 0.9321289
vt 0.5415039 0.9300537
vt 0.5415039 0.9293213
vt 0.5576172 0.9240112
vt 0.4846191 0.9207764
vt 0.5415039 0.9285889
vt 0.5576172 0.9232788
vt 0.4865723 0.9185791
vt 0.4858398 0.918396
vt 0.4851074 0.9182739
vt 0.4838867 0.9207153
vt 0.4838867 0.9226074
vt 0.4848633 0.9182739
vt 0.4846191 0.9179688
vt 0.4841309 0.9171753
vt 0.7197266 0.3144531
vt 0.5180664 0.3183594
vt 0.5180664 0.371582
vt 0.7070313 0.3686523
vt 0.5180664 0.4296875
vt 0.6420898 0.4301758
vt 0.5180664 0.4790039
vt 0.6069336 0.4868164
vt 0.5180664 0.5698242
vt 0.5952148 0.5698242
vt 0.5576172 0.5993652
vt 0.5180664 0.5993652
vt 0.9609375 0.95047
vt 0.9628906 0.9627686
vt 0.9580078 0.9585266
vt 0.2866211 0.8203125
vt 0.3674316 0.8183594
vt 0.3337402 0.7723389
vt 0.255127 0.7805176
vt 0.3291016 0.7329102
vt 0.2344971 0.7480469
vt 0.4438477 0.8195801
vt 0.4584961 0.852417
vt 0.3969727 0.8518066
vt 0.3173828 0.8581543
vt 0.2412109 0.8673096
vt 0.1868896 0.8251953
vt 0.1525879 0.7860107
vt 0.1477051 0.7720947
vt 0.5219727 0.7353516
vt 0.4262695 0.7324219
vt 0.4274902 0.7713623
vt 0.5209961 0.7703857
vt 0.5205078 0.8206787
vt 0.5200195 0.8531494
vt 0.5239258 0.6582031
vt 0.5244141 0.6242676
vt 0.4208984 0.6257324
vt 0.6455078 0.6831055
vt 0.5229492 0.6955566
vt 0.6430664 0.7119141
vt 0.637207 0.7470703
vt 0.6274414 0.7907715
vt 0.6230469 0.8188477
vt 0.7421875 0.8370361
vt 0.7514648 0.8060303
vt 0.7597656 0.7624512
vt 0.7597656 0.7307129
vt 0.8212891 0.8546143
vt 0.8349609 0.8121338
vt 0.8447266 0.7750244
vt 0.8544922 0.7392578
vt 0.8676758 0.6984863
vt 0.7563477 0.6940918
vt 0.9550781 0.8095703
vt 0.972168 0.7862549
vt 0.9853516 0.7584229
vt 0.9873047 0.7128906
vt 0.8769531 0.6599121
vt 0.7607422 0.6542969
vt 0.6508789 0.6494141
vt 0.9848633 0.6594238
vt 0.612793 0.8519287
vt 0.7338867 0.8562012
vt 0.7363281 0.8690186
vt 0.7958984 0.8895874
vt 0.8466797 0.9075928
vt 0.9023438 0.8675537
vt 0.8642578 0.1689453
vt 0.793457 0.09375
vt 0.7573242 0.1401367
vt 0.887207 0.1015625
vt 0.9306641 0.1230469
vt 0.9277344 0.2373047
vt 0.824707 0.2607422
vt 0.9174805 0.3286133
vt 0.8896484 0.3662109
vt 0.7944336 0.3032227
vt 0.8808594 0.4199219
vt 0.7744141 0.3535156
vt 0.7519531 0.40625
vt 0.8896484 0.4702148
vt 0.9785156 0.3666992
vt 0.9785156 0.3286133
vt 0.9785156 0.4199219
vt 0.9785156 0.4697266
vt 0.7495117 0.1474609
vt 0.8515625 0.02099609
vt 0.8393555 0.01757813
vt 0.9790039 0.04736328
vt 0.9785156 0.1259766
vt 0.9785156 0.2392578
vt 0.9472656 0.9696045
vt 0.9511719 0.96875
vt 0.9516602 0.9839935
vt 0.6049805 0.989563
vt 0.5825195 0.989563
vt 0.5825195 0.9822845
vt 0.6049805 0.9822845
vt 0.5810547 0.9577332
vt 0.581543 0.9573975
vt 0.5839844 0.9552002
vt 0.5839844 0.954895
vt 0.5805664 0.9595032
vt 0.5810547 0.9586182
vt 0.5810547 0.9585266
vt 0.5810547 0.958313
vt 0.5839844 0.954895
vt 0.5942383 0.9537354
vt 0.6040039 0.954895
vt 0.6064453 0.9573975
vt 0.6069336 0.958313
vt 0.6069336 0.9585266
vt 0.6069336 0.9586182
vt 0.6069336 0.9588928
vt 0.6069336 0.959137
vt 0.6069336 0.9595642
vt 0.5791016 0.9632568
vt 0.6083984 0.9632568
vt 0.5795898 0.9693909
vt 0.6079102 0.9693909
vt 0.5800781 0.9732819
vt 0.6074219 0.9732819
vt 0.5805664 0.9771729
vt 0.6074219 0.9771729
vt 0.5825195 0.9823456
vt 0.5825195 0.9822845
vt 0.6049805 0.9822845
vt 0.6054688 0.9823456
vt 0.5805664 0.9595032
vt 0.5810547 0.959137
vt 0.5810547 0.9588928
vt 0.5810547 0.9586182
vt 0.3085938 0.9213867
vt 0.3134766 0.8835449
vt 0.3181152 0.8833008
vt 0.3134766 0.9207764
vt 0.3100586 0.9936066
vt 0.3149414 0.9936066
vt 0.9516602 0.9839935
vt 0.9467773 0.9841614
vt 0.9472656 0.9696045
vt 0.3684082 0.9192505
vt 0.3718262 0.8762817
vt 0.375 0.8772583
vt 0.3723145 0.9191284
vt 0.3710938 0.9936066
vt 0.3747559 0.9936066
vt 0.8105469 0.9437561
vt 0.8081055 0.9411926
vt 0.8081055 0.9377747
vt 0.8110352 0.9379272
vt 0.8081055 0.9332275
vt 0.7998047 0.9330444
vt 0.8007813 0.9375305
vt 0.7993164 0.94104
vt 0.8110352 0.9318848
vt 0.3356934 0.9213867
vt 0.3383789 0.8803711
vt 0.3417969 0.8806763
vt 0.3398438 0.9209595
vt 0.3378906 0.9936066
vt 0.342041 0.9936066
vt 0.8129883 0.9706573
vt 0.8105469 0.9686584
vt 0.8168945 0.9639282
vt 0.8178711 0.9671631
vt 0.8251953 0.9639282
vt 0.8237305 0.9671631
vt 0.831543 0.9686584
vt 0.8286133 0.9706573
vt 0.8339844 0.9763336
vt 0.8305664 0.9763336
vt 0.831543 0.984024
vt 0.8286133 0.9820251
vt 0.8251953 0.9887619
vt 0.8237305 0.9855347
vt 0.8168945 0.9887619
vt 0.8178711 0.9855347
vt 0.8105469 0.984024
vt 0.8129883 0.9820251
vt 0.8081055 0.9763336
vt 0.8115234 0.9763336
vt 0.8129883 0.9706573
vt 0.7866211 0.9781189
vt 0.7885742 0.9724426
vt 0.793457 0.9689178
vt 0.9516602 0.8748779
vt 0.9492188 0.875
vt 0.9492188 0.8735352
vt 0.9511719 0.8724365
vt 0.9619141 0.8686523
vt 0.9609375 0.8666992
vt 0.9633789 0.8664551
vt 0.9541016 0.8713379
vt 0.9536133 0.8693848
vt 0.9506836 0.8707275
vt 0.9545898 0.8740234
vt 0.9555664 0.880127
vt 0.9521484 0.8814087
vt 0.9501953 0.881897
vt 0.9648438 0.8755493
vt 0.9624023 0.87146
vt 0.9633789 0.8685303
vt 0.9643555 0.8692627
vt 0.9648438 0.8707275
vt 0.9667969 0.8742676
vt 0.9682617 0.8731689
vt 0.9663086 0.8699951
vt 0.965332 0.8675537
vt 0.002412796 0.9994144
vt 0.001914024 0.9994283
vt 0.001950264 0.9996085
vt 0.001482964 0.9994302
vt 0.001447678 0.9996104
vt 0.001085281 0.9992671
vt 0.0009832382 0.9994202
vt 0.0007791519 0.998991
vt 0.0006270409 0.9990664
vt 0.0006132126 0.9985666
vt 0.0004332066 0.9986038
vt 0.0006113052 0.9981365
vt 0.0004310608 0.9981012
vt 0.0007748604 0.9977379
vt 0.0006213188 0.9976368
vt 0.001077652 0.9974327
vt 0.000975132 0.9972801
vt 0.00147438 0.9972668
vt 0.001438141 0.9970875
vt 0.001905441 0.9972649
vt 0.001939774 0.9970856
vt 0.00230217 0.9974289
vt 0.002405167 0.9972744
vt 0.002609253 0.9977322
vt 0.002761841 0.9976292
vt 0.002775192 0.9981279
vt 0.002954483 0.9980917
vt 0.0027771 0.998558
vt 0.00295639 0.9985933
vt 0.002613068 0.9989567
vt 0.002765656 0.9990578
vt 0.002309799 0.9992619
vt 0.7807617 0.9666138
vt 0.7915039 0.9428101
vt 0.7807617 0.9434814
vt 0.9453125 0.8916626
vt 0.9458008 0.8919678
vt 0.9462891 0.8915405
vt 0.9462891 0.8908691
vt 0.9467773 0.8911743
vt 0.9467773 0.8900757
vt 0.9462891 0.8922119
vt 0.9453125 0.892334
vt 0.9448242 0.8924561
vt 0.9438477 0.8925781
vt 0.9448242 0.8914185
vt 0.9458008 0.8901978
vt 0.9467773 0.8890381
vt 0.7915039 0.9428101
vt 0.7807617 0.9666138
vt 0.7915039 0.9659424
vt 0.9897461 0.836792
vt 0.9897461 0.8361816
vt 0.9902344 0.8356934
vt 0.9912109 0.8358154
vt 0.9912109 0.8352051
vt 0.9926758 0.8347168
vt 0.9892578 0.8355713
vt 0.9887695 0.8366699
vt 0.9882813 0.8378906
vt 0.9882813 0.8389893
vt 0.9902344 0.8375244
vt 0.9921875 0.8359375
vt 0.9946289 0.8343506
vt 0.7944336 0.9658508
vt 0.8046875 0.9433899
vt 0.7944336 0.942749
vt 0.9624023 0.8709717
vt 0.9594727 0.871582
vt 0.9614258 0.8754883
vt 0.9638672 0.8745117
vt 0.9619141 0.8687744
vt 0.9638672 0.8696289
vt 0.9643555 0.8709717
vt 0.9658203 0.8742676
vt 0.9501953 0.8804932
vt 0.9492188 0.8745117
vt 0.9472656 0.882019
vt 0.9467773 0.8754272
vt 0.9472656 0.8737793
vt 0.9477539 0.8724365
vt 0.9492188 0.8717041
vt 0.9589844 0.8691406
vt 0.8046875 0.9433899
vt 0.7944336 0.9658508
vt 0.8051758 0.9664917
vt 0.9663086 0.8570557
vt 0.9663086 0.8598633
vt 0.9638672 0.8598633
vt 0.9682617 0.8571777
vt 0.965332 0.8498535
vt 0.9672852 0.8500977
vt 0.9648438 0.8475342
vt 0.9672852 0.8487549
vt 0.9682617 0.8599854
vt 0.9619141 0.84729
vt 0.9624023 0.8459473
vt 0.9648438 0.8463135
vt 0.9672852 0.8479004
vt 0.9624023 0.8499756
vt 0.9633789 0.8572998
vt 0.9555664 0.8574219
vt 0.9536133 0.8504639
vt 0.9526367 0.8479004
vt 0.9521484 0.8465576
vt 0.9506836 0.8480225
vt 0.9511719 0.8466797
vt 0.9511719 0.8504639
vt 0.953125 0.8574219
vt 0.956543 0.8601074
vt 0.9536133 0.8598633
vt 0.3659668 0.2119141
vt 0.4846191 0.2080078
vt 0.4846191 0.2700195
vt 0.4846191 0.1518555
vt 0.3632813 0.1533203
vt 0.3093262 0.2265625
vt 0.2993164 0.1625977
vt 0.3659668 0.2709961
vt 0.3674316 0.3227539
vt 0.4846191 0.3217773
vt 0.2391357 0.2001953
vt 0.1790771 0.1342773
vt 0.267334 0.08544922
vt 0.3498535 0.01953125
vt 0.4216309 0.01953125
vt 0.4846191 0.1518555
vt 0.4846191 0.01953125
vt 0.4846191 0.3217773
vt 0.4846191 0.4599609
vt 0.4846191 0.5979004
vt 0.3830566 0.5910645
vt 0.3752441 0.4570313
vt 0.3093262 0.3164063
vt 0.3071289 0.2670898
vt 0.2749023 0.2495117
vt 0.3322754 0.5771484
vt 0.3208008 0.4467773
vt 0.282959 0.3217773
vt 0.2785645 0.2636719
vt 0.2961426 0.5732422
vt 0.2895508 0.4472656
vt 0.8364258 0.9701843
vt 0.8417969 0.9648132
vt 0.8388672 0.9654236
vt 0.434082 0.9111938
vt 0.4321289 0.9112549
vt 0.434082 0.8897705
vt 0.4360352 0.8896484
vt 0.4377441 0.8681641
vt 0.4619141 0.864624
vt 0.4619141 0.8878174
vt 0.4619141 0.9111328
vt 0.4338379 0.9191895
vt 0.4619141 0.9190063
vt 0.4619141 0.9208374
vt 0.4360352 0.8682861
vt 0.4301758 0.9328003
vt 0.4196777 0.9281006
vt 0.4277344 0.9259644
vt 0.432373 0.9276733
vt 0.4619141 0.9337158
vt 0.4619141 0.9282837
vt 0.4338379 0.9211426
vt 0.4291992 0.9185181
vt 0.4291992 0.9205322
vt 0.9555664 0.8328857
vt 0.9555664 0.8343506
vt 0.9545898 0.8345947
vt 0.9536133 0.833252
vt 0.9555664 0.8304443
vt 0.9536133 0.8309326
vt 0.9545898 0.8237305
vt 0.956543 0.8233643
vt 0.9555664 0.821167
vt 0.9570313 0.8217773
vt 0.9570313 0.819458
vt 0.9584961 0.8206787
vt 0.9580078 0.8322754
vt 0.9575195 0.8339844
vt 0.9584961 0.8297119
vt 0.9594727 0.822876
vt 0.9594727 0.8201904
vt 0.9663086 0.8190918
vt 0.9663086 0.8220215
vt 0.9658203 0.8272705
vt 0.9648438 0.8305664
vt 0.9638672 0.8326416
vt 0.5400391 0.9800568
vt 0.5297852 0.9809265
vt 0.5302734 0.9759827
vt 0.5244141 0.9719238
vt 0.5205078 0.9750824
vt 0.5229492 0.9646606
vt 0.519043 0.9635315
vt 0.5273438 0.9569397
vt 0.5244141 0.953186
vt 0.5351563 0.9517212
vt 0.5336914 0.9469299
vt 0.5439453 0.9510193
vt 0.5444336 0.9460754
vt 0.5498047 0.9550781
vt 0.5532227 0.9519348
vt 0.5512695 0.9623718
vt 0.5551758 0.9634705
vt 0.546875 0.9700775
vt 0.5498047 0.9738159
vt 0.5390625 0.9752808
vt 0.8417969 0.9648132
vt 0.8364258 0.9701843
vt 0.8398438 0.9682617
vt 0.1419678 0.1435547
vt 0.1542969 0.1455078
vt 0.1584473 0.1665039
vt 0.1452637 0.168457
vt 0.1606445 0.1743164
vt 0.1495361 0.1796875
vt 0.1318359 0.1723633
vt 0.1362305 0.1870117
vt 0.1188354 0.175293
vt 0.12146 0.1953125
vt 0.1043091 0.1777344
vt 0.1048584 0.2021484
vt 0.128418 0.1416016
vt 0.1173706 0.1391602
vt 0.1048584 0.137207
vt 0.08703613 0.1347656
vt 0.08666992 0.1782227
vt 0.06732178 0.1347656
vt 0.06793213 0.1772461
vt 0.08636475 0.2055664
vt 0.06677246 0.2050781
vt 0.05130005 0.175293
vt 0.0484314 0.199707
vt 0.03860474 0.171875
vt 0.0335083 0.1914063
vt 0.02764893 0.168457
vt 0.02227783 0.1821289
vt 0.01580811 0.1660156
vt 0.01329803 0.1743164
vt 0.05041504 0.1367188
vt 0.03961182 0.1386719
vt 0.03076172 0.1411133
vt 0.02046204 0.1445313
vt 0.9580078 0.9585266
vt 0.9609375 0.95047
vt 0.9589844 0.948822
vt 0.4760742 0.9797363
vt 0.4846191 0.9756012
vt 0.4946289 0.985878
vt 0.5029297 0.9697418
vt 0.4892578 0.9672546
vt 0.5004883 0.9516296
vt 0.487793 0.9578552
vt 0.4880371 0.9384155
vt 0.4812012 0.9510193
vt 0.4699707 0.9352417
vt 0.4719238 0.9493408
vt 0.4536133 0.9432068
vt 0.4633789 0.9534912
vt 0.4448242 0.9593506
vt 0.4589844 0.961853
vt 0.4475098 0.9774628
vt 0.4602051 0.9712372
vt 0.4602051 0.9906464
vt 0.4667969 0.9780579
vt 0.4780273 0.9938622
vt 0.9609375 0.95047
vt 0.9580078 0.9585266
vt 0.9628906 0.9627686
vt 0.6806641 0.9375916
vt 0.6938477 0.9375916
vt 0.6938477 0.9415894
vt 0.6806641 0.9415894
vt 0.5776367 0.9375916
vt 0.5932617 0.9375916
vt 0.5932617 0.9415894
vt 0.5776367 0.9415894
vt 0.5932617 0.9375916
vt 0.6083984 0.9375916
vt 0.6083984 0.9415894
vt 0.5932617 0.9415894
vt 0.6083984 0.9375916
vt 0.6210938 0.9375916
vt 0.6210938 0.9415894
vt 0.6083984 0.9415894
vt 0.637207 0.9375916
vt 0.6503906 0.9375916
vt 0.6503906 0.9415894
vt 0.637207 0.9415894
vt 0.6503906 0.9375916
vt 0.6655273 0.9375916
vt 0.6655273 0.9415894
vt 0.6503906 0.9415894
vt 0.6655273 0.9375916
vt 0.6806641 0.9375916
vt 0.6806641 0.9415894
vt 0.6655273 0.9415894
vt 0.5600586 0.9810028
vt 0.5649414 0.9658508
vt 0.5688477 0.9659119
vt 0.5629883 0.9832153
vt 0.546875 0.9902039
vt 0.5473633 0.9409485
vt 0.5317383 0.9406738
vt 0.5302734 0.9371338
vt 0.5488281 0.937439
vt 0.5634766 0.9484253
vt 0.5605469 0.9505615
vt 0.5649414 0.9658508
vt 0.5688477 0.9659119
vt 0.9995117 0.0004882813
vt 0.9995117 0.0004882813
vt 0.9995117 0.0004882813
vt 0.9995117 0.0004882813
vt 0.9995117 0.0009765625
vt 0.9995117 0.0009765625
vt 0.1271973 0.4033203
vt 0.2546387 0.4013672
vt 0.2546387 0.4082031
vt 0.1322021 0.4101563
vt 0.1798096 0.5817871
vt 0.1882324 0.6311035
vt 0.182251 0.6259766
vt 0.1633301 0.4863281
vt 0.1594238 0.4873047
vt 0.182251 0.6259766
vt 0.1211548 0.6308594
vt 0.09387207 0.4936523
vt 0.1271973 0.4033203
vt 0.05505371 0.3901367
vt 0.2546387 0.4013672
vt 0.2543945 0.3334961
vt 0.8398438 0.9682617
vt 0.8496094 0.9640198
vt 0.8417969 0.9648132
vt 0.8481445 0.9673767
vt 0.855957 0.9629822
vt 0.855957 0.966217
vt 0.8623047 0.9622192
vt 0.8623047 0.9656067
vt 0.8691406 0.9634094
vt 0.8710938 0.9666138
vt 0.878418 0.9654541
vt 0.8803711 0.9686584
vt 0.8847656 0.9668274
vt 0.8867188 0.9700928
vt 0.9472656 0.9696045
vt 0.9516602 0.9839935
vt 0.9511719 0.96875
vt 0.2546387 0.3291016
vt 0.05072021 0.3857422
vt 0.01957703 0.2744141
vt 0.1876221 0.1772461
vt 0.07128906 0.5541992
vt 0.003833771 0.4638672
vt 0.05072021 0.3857422
vt 0.09039307 0.4941406
vt 0.05505371 0.3901367
vt 0.09387207 0.4936523
vt 0.1179199 0.6359863
vt 0.1162109 0.6384277
vt 0.1211548 0.6308594
vt 0.2539063 0.5915527
vt 0.2541504 0.6303711
vt 0.1876221 0.6342773
vt 0.1798096 0.5817871
vt 0.2543945 0.4902344
vt 0.1633301 0.4863281
vt 0.1322021 0.4101563
vt 0.2546387 0.4082031
vt 0.5092773 0.9237061
vt 0.5175781 0.9243164
vt 0.5170898 0.9281616
vt 0.5258789 0.9287109
vt 0.5263672 0.9249268
vt 0.5385742 0.9271851
vt 0.5371094 0.9250488
vt 0.5258789 0.9290771
vt 0.5175781 0.9285278
vt 0.1912842 0.07617188
vt 0.1884766 0.07519531
vt 0.1868896 0.07226563
vt 0.1871338 0.06933594
vt 0.1890869 0.06689453
vt 0.1918945 0.06591797
vt 0.1947021 0.06689453
vt 0.1962891 0.06982422
vt 0.1960449 0.07324219
vt 0.1942139 0.07568359
vt 0.2163086 0.03271484
vt 0.2171631 0.03710938
vt 0.2103271 0.03710938
vt 0.2094727 0.03271484
vt 0.2169189 0.02832031
vt 0.210083 0.02880859
vt 0.9516602 0.9839935
vt 0.9472656 0.9696045
vt 0.9467773 0.9841614
vt 0.1812744 0.03173828
vt 0.1813965 0.02832031
vt 0.1903076 0.02685547
vt 0.1903076 0.03027344
vt 0.1811523 0.03613281
vt 0.1901855 0.03466797
vt 0.1809082 0.03955078
vt 0.1899414 0.03808594
vt 0.8242188 0.9604492
vt 0.8291016 0.9517517
vt 0.8222656 0.9597778
vt 0.8300781 0.9537659
vt 0.8398438 0.9472656
vt 0.840332 0.9490356
vt 0.8520508 0.9472351
vt 0.8520508 0.9495544
vt 0.8637695 0.9516296
vt 0.862793 0.9535217
vt 0.8725586 0.9595947
vt 0.8701172 0.9610901
vt 0.6621094 0.6025391
vt 0.7050781 0.6025391
vt 0.659668 0.59375
vt 0.703125 0.6091309
vt 0.753418 0.6140137
vt 0.75 0.6196289
vt 0.793457 0.6218262
vt 0.7954102 0.6276855
vt 0.8452148 0.6208496
vt 0.8452148 0.6259766
vt 0.8984375 0.6140137
vt 0.8989258 0.6188965
vt 0.9389648 0.6096191
vt 0.9355469 0.614502
vt 0.9868164 0.9351196
vt 0.9819336 0.9807587
vt 0.9873047 0.980957
vt 0.9814453 0.9349365
vt 0.9760742 0.9802551
vt 0.9755859 0.9344482
vt 0.8110352 0.9318848
vt 0.8603516 0.9387512
vt 0.8598633 0.9326782
vt 0.8110352 0.9379272
vt 0.8603516 0.9445801
vt 0.8105469 0.9437561
vt 0.9848633 0.9330444
vt 0.9814453 0.9349365
vt 0.9868164 0.9351196
vt 0.980957 0.9331055
vt 0.9755859 0.9344482
vt 0.9770508 0.9329224
vt 0.8081055 0.9411926
vt 0.8007813 0.9375305
vt 0.7993164 0.94104
vt 0.8081055 0.9377747
vt 0.7998047 0.9330444
vt 0.8105469 0.9437561
vt 0.8110352 0.9379272
vt 0.8081055 0.9332275
vt 0.8110352 0.9318848
vt 0.972168 0.9517822
vt 0.9658203 0.9482727
vt 0.96875 0.9527283
vt 0.9677734 0.9457397
vt 0.9604492 0.9465637
vt 0.9604492 0.9434509
vt 0.9550781 0.9482727
vt 0.9536133 0.9457397
vt 0.9521484 0.9527283
vt 0.9492188 0.9517822
vt 0.9492188 0.9592285
vt 0.9550781 0.9627075
vt 0.9521484 0.958252
vt 0.9536133 0.9652405
vt 0.9604492 0.9644165
vt 0.9604492 0.9675598
vt 0.9658203 0.9627075
vt 0.9677734 0.9652405
vt 0.96875 0.958252
vt 0.972168 0.9592285
vt 0.7866211 0.9781189
vt 0.7885742 0.9837952
vt 0.793457 0.9873123
vt 0.7993164 0.9873123
vt 0.8041992 0.9837952
vt 0.8056641 0.9781189
vt 0.8041992 0.9724426
vt 0.7993164 0.9689178
vt 0.793457 0.9689178
vt 0.7885742 0.9724426
vt 0.1989746 0.03222656
vt 0.1981201 0.03662109
vt 0.1912842 0.03613281
vt 0.1921387 0.03173828
vt 0.1994629 0.02832031
vt 0.192627 0.02832031
vt 0.9287109 0.9861984
vt 0.9370117 0.9698029
vt 0.9287109 0.9698029
vt 0.9370117 0.9861984
vt 0.9438477 0.9698029
vt 0.9438477 0.9861984
vt 0.8901367 0.9861984
vt 0.8974609 0.9698029
vt 0.8901367 0.9698029
vt 0.8974609 0.9861984
vt 0.9057617 0.9698029
vt 0.9057617 0.9861984
vt 0.9130859 0.9698029
vt 0.9130859 0.9861984
vt 0.9213867 0.9698029
vt 0.9213867 0.9861984
vt 0.08312988 0.762085
vt 0.08312988 0.7746582
vt 0.03775024 0.7746582
vt 0.1883545 0.07714844
vt 0.1917725 0.078125
vt 0.1917725 0.08007813
vt 0.1960449 0.078125
vt 0.1950684 0.07666016
vt 0.1986084 0.07324219
vt 0.1970215 0.07275391
vt 0.1984863 0.06787109
vt 0.1968994 0.06835938
vt 0.1958008 0.06347656
vt 0.1948242 0.06542969
vt 0.1914063 0.06201172
vt 0.1914063 0.06396484
vt 0.1871338 0.06445313
vt 0.1881104 0.06591797
vt 0.1845703 0.06884766
vt 0.1861572 0.06933594
vt 0.1846924 0.07470703
vt 0.1862793 0.07373047
vt 0.1873779 0.07861328
vt 0.03775024 0.7746582
vt 0.03775024 0.762085
vt 0.08312988 0.762085
vt 0.2042236 0.06396484
vt 0.2078857 0.06396484
vt 0.2080078 0.06542969
vt 0.2102051 0.06689453
vt 0.2119141 0.06640625
vt 0.2109375 0.07080078
vt 0.2125244 0.07128906
vt 0.2097168 0.07470703
vt 0.2110596 0.07617188
vt 0.2072754 0.07666016
vt 0.2071533 0.078125
vt 0.2043457 0.07666016
vt 0.2033691 0.078125
vt 0.2021484 0.07421875
vt 0.2005615 0.07519531
vt 0.201416 0.07080078
vt 0.199707 0.07080078
vt 0.2026367 0.06738281
vt 0.2010498 0.06640625
vt 0.2050781 0.06542969
vt 0.03222656 0.7861328
vt 0.03222656 0.7873535
vt 0.01528168 0.7873535
vt 0.01528168 0.7861328
vt 0.03222656 0.784668
vt 0.01528168 0.784668
vt 0.03222656 0.7832031
vt 0.01528168 0.7832031
vt 0.03222656 0.793457
vt 0.03222656 0.795166
vt 0.01528168 0.795166
vt 0.01528168 0.793457
vt 0.03222656 0.7919922
vt 0.01528168 0.7919922
vt 0.03222656 0.7905273
vt 0.01528168 0.7905273
vt 0.03222656 0.7888184
vt 0.01528168 0.7888184
vt 0.08746338 0.7918701
vt 0.08746338 0.7894287
vt 0.1158447 0.7894287
vt 0.1158447 0.7918701
vt 0.08746338 0.7941895
vt 0.1158447 0.7941895
vt 0.08746338 0.7801514
vt 0.08746338 0.7781982
vt 0.1158447 0.7781982
vt 0.1158447 0.7801514
vt 0.08746338 0.7825928
vt 0.1158447 0.7825928
vt 0.08746338 0.78479
vt 0.1158447 0.78479
vt 0.08746338 0.7873535
vt 0.1158447 0.7873535
vt 0.3137207 0.8787842
vt 0.2932129 0.883728
vt 0.3134766 0.8835449
vt 0.1744385 0.003417969
vt 0.178833 0.003417969
vt 0.178833 0.009277344
vt 0.1744385 0.009277344
vt 0.178833 0.01513672
vt 0.1745605 0.01464844
vt 0.1707764 0.009765625
vt 0.1708984 0.01416016
vt 0.1655273 0.01074219
vt 0.1655273 0.01464844
vt 0.1611328 0.009765625
vt 0.1611328 0.01416016
vt 0.1707764 0.00390625
vt 0.1655273 0.004882813
vt 0.1611328 0.00390625
vt 0.1577148 0.00390625
vt 0.1577148 0.009765625
vt 0.1534424 0.002929688
vt 0.1533203 0.008789063
vt 0.1578369 0.01464844
vt 0.1534424 0.01513672
vt 0.1497803 0.008300781
vt 0.1496582 0.015625
vt 0.1453857 0.0078125
vt 0.1452637 0.01513672
vt 0.1409912 0.008300781
vt 0.1408691 0.015625
vt 0.1375732 0.008300781
vt 0.1375732 0.01464844
vt 0.1497803 0.002441406
vt 0.1452637 0.001953125
vt 0.1409912 0.002441406
vt 0.1375732 0.002929688
vt 0.371582 0.8707275
vt 0.338623 0.8746338
vt 0.3718262 0.8762817
vt 0.1912842 0.07617188
vt 0.1884766 0.07519531
vt 0.1868896 0.07226563
vt 0.1871338 0.06933594
vt 0.1890869 0.06689453
vt 0.1918945 0.06591797
vt 0.1947021 0.06689453
vt 0.1962891 0.06982422
vt 0.1960449 0.07324219
vt 0.1942139 0.07568359
vt 0.05105591 0.05859375
vt 0.05105591 0.04199219
vt 0.05343628 0.04199219
vt 0.05361938 0.05859375
vt 0.05361938 0.05859375
vt 0.05343628 0.04199219
vt 0.07598877 0.04199219
vt 0.0760498 0.05859375
vt 0.0760498 0.05859375
vt 0.07598877 0.04199219
vt 0.07855225 0.04199219
vt 0.07861328 0.05859375
vt 0.07861328 0.05859375
vt 0.07855225 0.04199219
vt 0.08129883 0.04199219
vt 0.08129883 0.05859375
vt 0.08129883 0.05859375
vt 0.08129883 0.04199219
vt 0.1032715 0.04199219
vt 0.1033325 0.05859375
vt 0.1033325 0.05859375
vt 0.1032715 0.04199219
vt 0.1062012 0.04199219
vt 0.1062012 0.05859375
vt 0.02702332 0.1152344
vt 0.02702332 0.07910156
vt 0.03381348 0.07910156
vt 0.03381348 0.1152344
vt 0.03381348 0.1152344
vt 0.03381348 0.07910156
vt 0.07537842 0.07910156
vt 0.07537842 0.1152344
vt 0.07537842 0.1152344
vt 0.07537842 0.07910156
vt 0.08221436 0.07910156
vt 0.08221436 0.1152344
vt 0.08221436 0.1152344
vt 0.08221436 0.07910156
vt 0.08929443 0.07910156
vt 0.08929443 0.1152344
vt 0.0194397 0.05419922
vt 0.02107239 0.05126953
vt 0.04327393 0.05126953
vt 0.04476929 0.05419922
vt 0.02107239 0.05664063
vt 0.04327393 0.05664063
vt 0.338623 0.8746338
vt 0.3137207 0.8787842
vt 0.3383789 0.8803711
vt 0.949707 0.8431396
vt 0.9682617 0.8421631
vt 0.9677734 0.8435059
vt 0.9663086 0.8443604
vt 0.96875 0.8435059
vt 0.9921875 0.8421631
vt 0.9921875 0.8444824
vt 0.9638672 0.8447266
vt 0.9663086 0.8450928
vt 0.9682617 0.8468018
vt 0.9692383 0.8466797
vt 0.9692383 0.8494873
vt 0.9760742 0.8613281
vt 0.9702148 0.8563232
vt 0.9921875 0.8634033
vt 0.9716797 0.8621826
vt 0.9731445 0.8615723
vt 0.9921875 0.8614502
vt 0.9731445 0.8444824
vt 0.9702148 0.8442383
vt 0.9707031 0.8450928
vt 0.9711914 0.8632813
vt 0.9707031 0.8621826
vt 0.9731445 0.8608398
vt 0.9711914 0.8591309
vt 0.9702148 0.8591309
vt 0.9692383 0.8608398
vt 0.9692383 0.8615723
vt 0.9667969 0.8614502
vt 0.9575195 0.8616943
vt 0.956543 0.8636475
vt 0.9545898 0.8612061
vt 0.9536133 0.8631592
vt 0.9521484 0.8594971
vt 0.9511719 0.8614502
vt 0.9506836 0.8565674
vt 0.949707 0.8586426
vt 0.9487305 0.8513184
vt 0.9462891 0.848999
vt 0.9482422 0.8481445
vt 0.9458008 0.8459473
vt 0.949707 0.8461914
vt 0.9472656 0.8439941
vt 0.9526367 0.8453369
vt 0.9692383 0.8743896
vt 0.9897461 0.8741455
vt 0.9897461 0.8841553
vt 0.9692383 0.8843994
vt 0.9545898 0.8817139
vt 0.9541016 0.8916016
vt 0.9511719 0.8829956
vt 0.9516602 0.8918457
vt 0.9487305 0.8835449
vt 0.949707 0.8921509
vt 0.371582 0.8707275
vt 0.3947754 0.8658447
vt 0.3930664 0.8601074
vt 0.9521484 0.8936157
vt 0.9658203 0.8807373
vt 0.9467773 0.8890381
vt 0.9467773 0.8900757
vt 0.9467773 0.8911743
vt 0.9462891 0.8922119
vt 0.9868164 0.8331299
vt 0.9980469 0.8236084
vt 0.9946289 0.8343506
vt 0.9926758 0.8347168
vt 0.9912109 0.8352051
vt 0.9892578 0.8355713
vt 0.9868164 0.8331299
vt 0.9956055 0.8210449
vt 0.996582 0.8218994
vt 0.9975586 0.8227539
vt 0.9980469 0.8236084
vt 0.9697266 0.8361816
vt 0.9892578 0.8355713
vt 0.9887695 0.8366699
vt 0.9882813 0.8378906
vt 0.9882813 0.8389893
vt 0.9648438 0.9094849
vt 0.9477539 0.9415283
vt 0.9648438 0.9415283
vt 0.9477539 0.9094849
vt 0.9628906 0.9898758
vt 0.9667969 0.9852524
vt 0.9628906 0.9864807
vt 0.96875 0.9880371
vt 0.5131836 0.9650574
vt 0.5180664 0.9803467
vt 0.5151367 0.9824677
vt 0.5097656 0.9649963
vt 0.5180664 0.9803467
vt 0.5307617 0.9899521
vt 0.5297852 0.9934502
vt 0.5151367 0.9824677
vt 0.4846191 0.1518555
vt 0.3632813 0.1533203
vt 0.3659668 0.2119141
vt 0.4846191 0.2080078
vt 0.4846191 0.2700195
vt 0.3674316 0.3227539
vt 0.4846191 0.3217773
vt 0.3659668 0.2709961
vt 0.3093262 0.2265625
vt 0.2993164 0.1625977
vt 0.4846191 0.1518555
vt 0.4846191 0.01953125
vt 0.4216309 0.01953125
vt 0.3498535 0.01953125
vt 0.267334 0.08544922
vt 0.1790771 0.1342773
vt 0.2391357 0.2001953
vt 0.2749023 0.2495117
vt 0.3071289 0.2670898
vt 0.2785645 0.2636719
vt 0.282959 0.3217773
vt 0.3093262 0.3164063
vt 0.3208008 0.4467773
vt 0.3752441 0.4570313
vt 0.3322754 0.5771484
vt 0.3830566 0.5910645
vt 0.2895508 0.4472656
vt 0.2961426 0.5732422
vt 0.4846191 0.4599609
vt 0.4846191 0.5979004
vt 0.4846191 0.3217773
vt 0.425293 0.9234619
vt 0.4196777 0.9269409
vt 0.4196777 0.9281006
vt 0.4277344 0.9259644
vt 0.4291992 0.9205322
vt 0.4279785 0.9210205
vt 0.4279785 0.9193115
vt 0.4291992 0.9185181
vt 0.4321289 0.9112549
vt 0.4309082 0.911377
vt 0.4331055 0.8899536
vt 0.434082 0.8897705
vt 0.4360352 0.8682861
vt 0.4348145 0.8684082
vt 0.4277344 0.9259644
vt 0.4196777 0.9281006
vt 0.4301758 0.9328003
vt 0.432373 0.9276733
vt 0.4619141 0.9337158
vt 0.4619141 0.9282837
vt 0.4619141 0.9208374
vt 0.4338379 0.9211426
vt 0.4338379 0.9191895
vt 0.4291992 0.9185181
vt 0.434082 0.9111938
vt 0.4321289 0.9112549
vt 0.4291992 0.9205322
vt 0.434082 0.8897705
vt 0.4360352 0.8896484
vt 0.4377441 0.8681641
vt 0.4619141 0.864624
vt 0.4619141 0.8878174
vt 0.4619141 0.9111328
vt 0.4619141 0.9190063
vt 0.4360352 0.8682861
vt 0.5351563 0.8896484
vt 0.534668 0.8893433
vt 0.5307617 0.8963623
vt 0.5297852 0.8961182
vt 0.5336914 0.8890991
vt 0.5336914 0.8890381
vt 0.5229492 0.9039307
vt 0.5297852 0.8953247
vt 0.5332031 0.888916
vt 0.5297852 0.8954468
vt 0.5229492 0.9025269
vt 0.5219727 0.9039917
vt 0.5214844 0.906189
vt 0.5166016 0.9023438
vt 0.5234375 0.9041138
vt 0.5219727 0.9069214
vt 0.5151367 0.9043579
vt 0.5092773 0.9002075
vt 0.5078125 0.9023438
vt 0.5024414 0.8984375
vt 0.5009766 0.9002075
vt 0.4990234 0.8960571
vt 0.4980469 0.8966675
vt 0.5009766 0.9013672
vt 0.4968262 0.8989868
vt 0.5151367 0.9051514
vt 0.5083008 0.9031372
vt 0.5224609 0.9066162
vt 0.5273438 0.9111328
vt 0.5239258 0.90448
vt 0.5239258 0.9057617
vt 0.53125 0.8966064
vt 0.5327148 0.897583
vt 0.5332031 0.8979492
vt 0.5249023 0.9056396
vt 0.5297852 0.9100342
vt 0.5302734 0.909729
vt 0.5258789 0.9057007
vt 0.5341797 0.8983154
vt 0.5380859 0.8911133
vt 0.5371094 0.8907471
vt 0.5366211 0.8904419
vt 0.5566406 0.9209595
vt 0.5561523 0.9204712
vt 0.5415039 0.9263306
vt 0.5419922 0.9255371
vt 0.5395508 0.9216919
vt 0.5390625 0.9216309
vt 0.5356445 0.9156494
vt 0.5351563 0.9155884
vt 0.5307617 0.90979
vt 0.534668 0.9157715
vt 0.5385742 0.921814
vt 0.5410156 0.9268799
vt 0.5571289 0.9225464
vt 0.5585938 0.9223633
vt 0.5585938 0.9217529
vt 0.559082 0.9230957
vt 0.5712891 0.9141235
vt 0.5712891 0.9134521
vt 0.5708008 0.9128418
vt 0.5693359 0.9116211
vt 0.5688477 0.9112549
vt 0.5556641 0.9199219
vt 0.5683594 0.9106445
vt 0.3723145 0.9191284
vt 0.3747559 0.9936066
vt 0.4138184 0.9936066
vt 0.401123 0.9140625
vt 0.3947754 0.8658447
vt 0.375 0.8772583
vt 0.2169189 0.02832031
vt 0.210083 0.02880859
vt 0.2094727 0.03271484
vt 0.2163086 0.03271484
vt 0.2103271 0.03710938
vt 0.2171631 0.03710938
vt 0.1809082 0.03955078
vt 0.1899414 0.03808594
vt 0.1901855 0.03466797
vt 0.1811523 0.03613281
vt 0.1903076 0.03027344
vt 0.1812744 0.03173828
vt 0.1903076 0.02685547
vt 0.1813965 0.02832031
vt 0.1983643 0.02783203
vt 0.1915283 0.02734375
vt 0.1921387 0.03173828
vt 0.1989746 0.03222656
vt 0.1912842 0.03613281
vt 0.1981201 0.03662109
vt 0.401123 0.9140625
vt 0.3947754 0.8658447
vt 0.3981934 0.8676758
vt 0.4052734 0.9138794
vt 0.4138184 0.9936066
vt 0.4169922 0.9936066
vt 0.9575195 0.8339844
vt 0.9638672 0.8326416
vt 0.9648438 0.8305664
vt 0.9555664 0.8343506
vt 0.9580078 0.8322754
vt 0.9658203 0.8272705
vt 0.9584961 0.8297119
vt 0.9663086 0.8220215
vt 0.9555664 0.8328857
vt 0.9545898 0.8345947
vt 0.9536133 0.833252
vt 0.9555664 0.8304443
vt 0.9536133 0.8309326
vt 0.9545898 0.8237305
vt 0.956543 0.8233643
vt 0.9555664 0.821167
vt 0.9570313 0.8217773
vt 0.9570313 0.819458
vt 0.9584961 0.8206787
vt 0.9594727 0.822876
vt 0.9594727 0.8201904
vt 0.9663086 0.8190918
vt 0.4138184 0.9936066
vt 0.3747559 0.9936066
vt 0.3723145 0.9191284
vt 0.401123 0.9140625
vt 0.3947754 0.8658447
vt 0.375 0.8772583
vt 0.9702148 0.8442383
vt 0.9707031 0.8450928
vt 0.9731445 0.8444824
vt 0.3100586 0.9936066
vt 0.2893066 0.9936066
vt 0.2871094 0.9199829
vt 0.3085938 0.9213867
vt 0.2932129 0.883728
vt 0.3134766 0.8835449
vt 0.3710938 0.9936066
vt 0.342041 0.9936066
vt 0.3398438 0.9209595
vt 0.3684082 0.9192505
vt 0.3417969 0.8806763
vt 0.3718262 0.8762817
vt 0.8349609 0.8121338
vt 0.8212891 0.8546143
vt 0.7421875 0.8370361
vt 0.7514648 0.8060303
vt 0.6230469 0.8188477
vt 0.6274414 0.7907715
vt 0.5205078 0.8206787
vt 0.5209961 0.7703857
vt 0.4438477 0.8195801
vt 0.4274902 0.7713623
vt 0.3337402 0.7723389
vt 0.3291016 0.7329102
vt 0.255127 0.7805176
vt 0.2344971 0.7480469
vt 0.3674316 0.8183594
vt 0.4584961 0.852417
vt 0.2866211 0.8203125
vt 0.1868896 0.8251953
vt 0.1525879 0.7860107
vt 0.1477051 0.7720947
vt 0.3969727 0.8518066
vt 0.3173828 0.8581543
vt 0.2412109 0.8673096
vt 0.1491699 0.7426758
vt 0.03295898 0.7214355
vt 0.2425537 0.7233887
vt 0.328125 0.6899414
vt 0.4262695 0.7324219
vt 0.5219727 0.7353516
vt 0.637207 0.7470703
vt 0.8544922 0.7392578
vt 0.8447266 0.7750244
vt 0.7597656 0.7624512
vt 0.7597656 0.7307129
vt 0.6430664 0.7119141
vt 0.5229492 0.6955566
vt 0.4255371 0.6928711
vt 0.9853516 0.7584229
vt 0.972168 0.7862549
vt 0.9873047 0.7128906
vt 0.8676758 0.6984863
vt 0.7563477 0.6940918
vt 0.6455078 0.6831055
vt 0.5239258 0.6582031
vt 0.8769531 0.6599121
vt 0.9848633 0.6594238
vt 0.7607422 0.6542969
vt 0.6508789 0.6494141
vt 0.5244141 0.6242676
vt 0.4208984 0.6257324
vt 0.4274902 0.6621094
vt 0.3308105 0.6660156
vt 0.2460938 0.7004395
vt 0.1588135 0.697998
vt 0.3388672 0.6367188
vt 0.244751 0.673584
vt 0.159668 0.6711426
vt 0.01450348 0.644043
vt 0.02069092 0.6813965
vt 0.8466797 0.9075928
vt 0.7958984 0.8895874
vt 0.7392578 0.8699951
vt 0.7338867 0.8562012
vt 0.612793 0.8519287
vt 0.5200195 0.8531494
vt 0.9550781 0.8095703
vt 0.9023438 0.8675537
vt 0.2163086 0.03271484
vt 0.2171631 0.03710938
vt 0.2103271 0.03710938
vt 0.2094727 0.03271484
vt 0.2169189 0.02832031
vt 0.210083 0.02880859
vt 0.7094727 0.9415894
vt 0.7094727 0.9375916
vt 0.6938477 0.9375916
vt 0.1812744 0.03173828
vt 0.1813965 0.02832031
vt 0.1903076 0.02685547
vt 0.1903076 0.03027344
vt 0.1811523 0.03613281
vt 0.1901855 0.03466797
vt 0.1809082 0.03955078
vt 0.1899414 0.03808594
vt 0.6938477 0.9375916
vt 0.6938477 0.9415894
vt 0.7094727 0.9415894
vt 0.1989746 0.03222656
vt 0.1981201 0.03662109
vt 0.1912842 0.03613281
vt 0.1921387 0.03173828
vt 0.1983643 0.02783203
vt 0.1915283 0.02734375
vt 0.637207 0.9415894
vt 0.637207 0.9375916
vt 0.6210938 0.9375916
vt 0.1883545 0.07714844
vt 0.1917725 0.078125
vt 0.1917725 0.08007813
vt 0.1960449 0.078125
vt 0.1950684 0.07666016
vt 0.1986084 0.07324219
vt 0.1970215 0.07275391
vt 0.1984863 0.06787109
vt 0.1968994 0.06835938
vt 0.1958008 0.06347656
vt 0.1948242 0.06542969
vt 0.1914063 0.06201172
vt 0.1914063 0.06396484
vt 0.1871338 0.06445313
vt 0.1881104 0.06591797
vt 0.1845703 0.06884766
vt 0.1861572 0.06933594
vt 0.1846924 0.07470703
vt 0.1862793 0.07373047
vt 0.1873779 0.07861328
vt 0.6210938 0.9375916
vt 0.6210938 0.9415894
vt 0.637207 0.9415894
vt 0.2042236 0.06396484
vt 0.2078857 0.06396484
vt 0.2080078 0.06542969
vt 0.2102051 0.06689453
vt 0.2119141 0.06640625
vt 0.2109375 0.07080078
vt 0.2125244 0.07128906
vt 0.2097168 0.07470703
vt 0.2110596 0.07617188
vt 0.2072754 0.07666016
vt 0.2071533 0.078125
vt 0.2043457 0.07666016
vt 0.2033691 0.078125
vt 0.2021484 0.07421875
vt 0.2005615 0.07519531
vt 0.201416 0.07080078
vt 0.199707 0.07080078
vt 0.2026367 0.06738281
vt 0.2010498 0.06640625
vt 0.2050781 0.06542969
vt 0.546875 0.9902039
vt 0.5478516 0.9937363
vt 0.5629883 0.9832153
vt 0.1744385 0.003417969
vt 0.178833 0.003417969
vt 0.178833 0.009277344
vt 0.1744385 0.009277344
vt 0.178833 0.01513672
vt 0.1745605 0.01464844
vt 0.1707764 0.009765625
vt 0.1708984 0.01416016
vt 0.1655273 0.01074219
vt 0.1655273 0.01464844
vt 0.1611328 0.009765625
vt 0.1611328 0.01416016
vt 0.1707764 0.00390625
vt 0.1655273 0.004882813
vt 0.1611328 0.00390625
vt 0.1577148 0.00390625
vt 0.1577148 0.009765625
vt 0.1534424 0.002929688
vt 0.1533203 0.008789063
vt 0.1578369 0.01464844
vt 0.1534424 0.01513672
vt 0.1497803 0.008300781
vt 0.1496582 0.015625
vt 0.1453857 0.0078125
vt 0.1452637 0.01513672
vt 0.1409912 0.008300781
vt 0.1408691 0.015625
vt 0.1375732 0.008300781
vt 0.1375732 0.01464844
vt 0.1497803 0.002441406
vt 0.1452637 0.001953125
vt 0.1409912 0.002441406
vt 0.1375732 0.002929688
vt 0.5629883 0.9832153
vt 0.5600586 0.9810028
vt 0.546875 0.9902039
vt 0.5688477 0.9659119
vt 0.5649414 0.9658508
vt 0.1912842 0.07617188
vt 0.1884766 0.07519531
vt 0.1868896 0.07226563
vt 0.1871338 0.06933594
vt 0.1890869 0.06689453
vt 0.1918945 0.06591797
vt 0.1947021 0.06689453
vt 0.1962891 0.06982422
vt 0.1960449 0.07324219
vt 0.1942139 0.07568359
vt 0.2163086 0.03271484
vt 0.2171631 0.03710938
vt 0.2103271 0.03710938
vt 0.2094727 0.03271484
vt 0.2169189 0.02832031
vt 0.210083 0.02880859
vt 0.515625 0.9476624
vt 0.5185547 0.9498901
vt 0.5317383 0.9406738
vt 0.1812744 0.03173828
vt 0.1813965 0.02832031
vt 0.1903076 0.02685547
vt 0.1903076 0.03027344
vt 0.1811523 0.03613281
vt 0.1901855 0.03466797
vt 0.1809082 0.03955078
vt 0.1899414 0.03808594
vt 0.5317383 0.9406738
vt 0.5302734 0.9371338
vt 0.515625 0.9476624
vt 0.1989746 0.03222656
vt 0.1981201 0.03662109
vt 0.1912842 0.03613281
vt 0.1921387 0.03173828
vt 0.1983643 0.02783203
vt 0.1915283 0.02734375
vt 0.5097656 0.9649963
vt 0.5131836 0.9650574
vt 0.5185547 0.9498901
vt 0.208252 0.02734375
vt 0.1993408 0.02587891
vt 0.1993408 0.02929688
vt 0.208252 0.03125
vt 0.1993408 0.03369141
vt 0.208252 0.03515625
vt 0.1992188 0.03710938
vt 0.2081299 0.03857422
vt 0.1883545 0.07714844
vt 0.1873779 0.07861328
vt 0.1917725 0.08007813
vt 0.1917725 0.078125
vt 0.1960449 0.078125
vt 0.1950684 0.07666016
vt 0.1986084 0.07324219
vt 0.1970215 0.07275391
vt 0.1984863 0.06787109
vt 0.1968994 0.06835938
vt 0.1958008 0.06347656
vt 0.1948242 0.06542969
vt 0.1914063 0.06201172
vt 0.1914063 0.06396484
vt 0.1871338 0.06445313
vt 0.1881104 0.06591797
vt 0.1845703 0.06884766
vt 0.1861572 0.06933594
vt 0.1846924 0.07470703
vt 0.1862793 0.07373047
vt 0.2001953 0.0234375
vt 0.2000732 0.0078125
vt 0.1966553 0.0078125
vt 0.1968994 0.02294922
vt 0.1929932 0.007324219
vt 0.1929932 0.02294922
vt 0.1895752 0.006347656
vt 0.1894531 0.02392578
vt 0.1853027 0.004882813
vt 0.1851807 0.02441406
vt 0.1820068 0.00390625
vt 0.1816406 0.02490234
vt 0.2202148 0.02636719
vt 0.2199707 0.005371094
vt 0.2156982 0.004394531
vt 0.2159424 0.02587891
vt 0.2111816 0.004882813
vt 0.2114258 0.02539063
vt 0.2076416 0.005371094
vt 0.2080078 0.02490234
vt 0.2033691 0.006835938
vt 0.2036133 0.02392578
vt 0.2042236 0.06396484
vt 0.2050781 0.06542969
vt 0.2080078 0.06542969
vt 0.2078857 0.06396484
vt 0.2102051 0.06689453
vt 0.2119141 0.06640625
vt 0.2109375 0.07080078
vt 0.2125244 0.07128906
vt 0.2097168 0.07470703
vt 0.2110596 0.07617188
vt 0.2072754 0.07666016
vt 0.2071533 0.078125
vt 0.2043457 0.07666016
vt 0.2033691 0.078125
vt 0.2021484 0.07421875
vt 0.2005615 0.07519531
vt 0.201416 0.07080078
vt 0.199707 0.07080078
vt 0.2026367 0.06738281
vt 0.2010498 0.06640625
vt 0.1577148 0.00390625
vt 0.1577148 0.009765625
vt 0.1611328 0.009765625
vt 0.1611328 0.00390625
vt 0.1655273 0.01074219
vt 0.1655273 0.004882813
vt 0.1707764 0.009765625
vt 0.1707764 0.00390625
vt 0.1744385 0.009277344
vt 0.1744385 0.003417969
vt 0.1578369 0.01464844
vt 0.1611328 0.01416016
vt 0.1655273 0.01464844
vt 0.1708984 0.01416016
vt 0.1745605 0.01464844
vt 0.178833 0.01513672
vt 0.178833 0.009277344
vt 0.178833 0.003417969
vt 0.5185547 0.9498901
vt 0.515625 0.9476624
vt 0.5097656 0.9649963
vt 0.1375732 0.002929688
vt 0.1375732 0.008300781
vt 0.1409912 0.008300781
vt 0.1409912 0.002441406
vt 0.1453857 0.0078125
vt 0.1452637 0.001953125
vt 0.1497803 0.008300781
vt 0.1497803 0.002441406
vt 0.1533203 0.008789063
vt 0.1534424 0.002929688
vt 0.1375732 0.01464844
vt 0.1408691 0.015625
vt 0.1452637 0.01513672
vt 0.1496582 0.015625
vt 0.1534424 0.01513672
vt 0.1558838 0.02099609
vt 0.1553955 0.05273438
vt 0.1589355 0.05224609
vt 0.1594238 0.02197266
vt 0.1641846 0.05371094
vt 0.1646729 0.02294922
vt 0.1695557 0.05517578
vt 0.1704102 0.02197266
vt 0.1738281 0.05712891
vt 0.1744385 0.02050781
vt 0.178833 0.05859375
vt 0.1793213 0.01855469
vt 0.1373291 0.01855469
vt 0.1365967 0.05664063
vt 0.1395264 0.05712891
vt 0.1403809 0.01757813
vt 0.1436768 0.05664063
vt 0.1445313 0.01757813
vt 0.1477051 0.05517578
vt 0.1486816 0.01806641
vt 0.1512451 0.05419922
vt 0.1519775 0.01953125
vt 0.2015381 0.04980469
vt 0.2010498 0.05615234
vt 0.2042236 0.05615234
vt 0.2042236 0.04833984
vt 0.2077637 0.05615234
vt 0.2077637 0.04638672
vt 0.2119141 0.05566406
vt 0.2116699 0.04345703
vt 0.2159424 0.05566406
vt 0.2160645 0.04150391
vt 0.2220459 0.05566406
vt 0.2220459 0.04052734
vt 0.1804199 0.04248047
vt 0.180542 0.05566406
vt 0.1848145 0.05517578
vt 0.1850586 0.04394531
vt 0.1890869 0.05566406
vt 0.1896973 0.04443359
vt 0.1931152 0.05566406
vt 0.1938477 0.046875
vt 0.1971436 0.05664063
vt 0.1972656 0.04833984
vt 0.1912842 0.07617188
vt 0.1942139 0.07568359
vt 0.1960449 0.07324219
vt 0.1962891 0.06982422
vt 0.1947021 0.06689453
vt 0.1918945 0.06591797
vt 0.1890869 0.06689453
vt 0.1871338 0.06933594
vt 0.1868896 0.07226563
vt 0.1884766 0.07519531
vt 0.1323242 0.07568359
vt 0.1323242 0.07226563
vt 0.1016846 0.07226563
vt 0.1016846 0.07568359
vt 0.08795166 0.07226563
vt 0.08795166 0.07568359
vt 0.07501221 0.07226563
vt 0.07501221 0.07568359
vt 0.04330444 0.07226563
vt 0.04330444 0.07568359
vt 0.02987671 0.07226563
vt 0.02983093 0.07568359
vt 0.01939392 0.07226563
vt 0.01939392 0.07568359
vt 0.980957 0.8955688
vt 0.9824219 0.8927002
vt 0.9750977 0.8927612
vt 0.9741211 0.8956299
vt 0.9726563 0.8925781
vt 0.9711914 0.8956909
vt 0.9711914 0.8969727
vt 0.9716797 0.8977661
vt 0.9731445 0.8980713
vt 0.9799805 0.8981323
vt 0.9829102 0.8977661
vt 0.9838867 0.8954468
vt 0.9853516 0.8924561
vt 0.5151367 0.9824677
vt 0.5180664 0.9803467
vt 0.5131836 0.9650574
vt 0.972168 0.9517822
vt 0.96875 0.9527283
vt 0.9658203 0.9482727
vt 0.9677734 0.9457397
vt 0.9604492 0.9465637
vt 0.9604492 0.9434509
vt 0.9550781 0.9482727
vt 0.9536133 0.9457397
vt 0.9521484 0.9527283
vt 0.9492188 0.9517822
vt 0.9492188 0.9592285
vt 0.9521484 0.958252
vt 0.9550781 0.9627075
vt 0.9536133 0.9652405
vt 0.9604492 0.9644165
vt 0.9604492 0.9675598
vt 0.9658203 0.9627075
vt 0.9677734 0.9652405
vt 0.96875 0.958252
vt 0.972168 0.9592285
vt 0.1883545 0.07714844
vt 0.1917725 0.078125
vt 0.1917725 0.08007813
vt 0.1960449 0.078125
vt 0.1950684 0.07666016
vt 0.1986084 0.07324219
vt 0.1970215 0.07275391
vt 0.1984863 0.06787109
vt 0.1968994 0.06835938
vt 0.1958008 0.06347656
vt 0.1948242 0.06542969
vt 0.1914063 0.06201172
vt 0.1914063 0.06396484
vt 0.1871338 0.06445313
vt 0.1881104 0.06591797
vt 0.1845703 0.06884766
vt 0.1861572 0.06933594
vt 0.1846924 0.07470703
vt 0.1862793 0.07373047
vt 0.1873779 0.07861328
vt 0.5131836 0.9650574
vt 0.5097656 0.9649963
vt 0.5151367 0.9824677
vt 0.2042236 0.06396484
vt 0.2078857 0.06396484
vt 0.2080078 0.06542969
vt 0.2102051 0.06689453
vt 0.2119141 0.06640625
vt 0.2109375 0.07080078
vt 0.2125244 0.07128906
vt 0.2097168 0.07470703
vt 0.2110596 0.07617188
vt 0.2072754 0.07666016
vt 0.2071533 0.078125
vt 0.2043457 0.07666016
vt 0.2033691 0.078125
vt 0.2021484 0.07421875
vt 0.2005615 0.07519531
vt 0.201416 0.07080078
vt 0.199707 0.07080078
vt 0.2026367 0.06738281
vt 0.2010498 0.06640625
vt 0.2050781 0.06542969
vt 0.9995117 0.0004882813
vt 0.9995117 0.0009765625
vt 0.9995117 0.0009765625
vt 0.9995117 0.0004882813
vt 0.9995117 0.0004882813
vt 0.9995117 0.0004882813
vt 0.182251 0.6259766
vt 0.1211548 0.6308594
vt 0.1179199 0.6359863
vt 0.6420898 0.8948364
vt 0.6420898 0.8636475
vt 0.6289063 0.8636475
vt 0.6289063 0.8948364
vt 0.6162109 0.8636475
vt 0.6162109 0.8948364
vt 0.6030273 0.8636475
vt 0.6030273 0.8948364
vt 0.590332 0.8636475
vt 0.590332 0.8948364
vt 0.5771484 0.8636475
vt 0.5771484 0.8948364
vt 0.706543 0.8948364
vt 0.706543 0.8636475
vt 0.6933594 0.8636475
vt 0.6933594 0.8948364
vt 0.6806641 0.8636475
vt 0.6806641 0.8948364
vt 0.6679688 0.8636475
vt 0.6674805 0.8948364
vt 0.6547852 0.8636475
vt 0.6547852 0.8948364
vt 0.1573486 0.08642578
vt 0.1571045 0.06689453
vt 0.1525879 0.06591797
vt 0.1525879 0.08642578
vt 0.1485596 0.06445313
vt 0.1486816 0.08642578
vt 0.1439209 0.06201172
vt 0.1437988 0.08642578
vt 0.1402588 0.05908203
vt 0.1397705 0.08642578
vt 0.1356201 0.05859375
vt 0.1351318 0.08642578
vt 0.1791992 0.08642578
vt 0.1791992 0.06005859
vt 0.1744385 0.06054688
vt 0.1746826 0.08642578
vt 0.1702881 0.06201172
vt 0.1708984 0.08642578
vt 0.1655273 0.06396484
vt 0.1660156 0.08642578
vt 0.1618652 0.06640625
vt 0.1618652 0.08642578
vt 0.1744385 0.003417969
vt 0.178833 0.003417969
vt 0.178833 0.009277344
vt 0.1744385 0.009277344
vt 0.178833 0.01513672
vt 0.1745605 0.01464844
vt 0.1707764 0.009765625
vt 0.1708984 0.01416016
vt 0.1655273 0.01074219
vt 0.1655273 0.01464844
vt 0.1611328 0.009765625
vt 0.1611328 0.01416016
vt 0.1707764 0.00390625
vt 0.1655273 0.004882813
vt 0.1611328 0.00390625
vt 0.1577148 0.00390625
vt 0.1577148 0.009765625
vt 0.1534424 0.002929688
vt 0.1533203 0.008789063
vt 0.1578369 0.01464844
vt 0.1534424 0.01513672
vt 0.1497803 0.008300781
vt 0.1496582 0.015625
vt 0.1453857 0.0078125
vt 0.1452637 0.01513672
vt 0.1409912 0.008300781
vt 0.1408691 0.015625
vt 0.1375732 0.008300781
vt 0.1375732 0.01464844
vt 0.1497803 0.002441406
vt 0.1452637 0.001953125
vt 0.1409912 0.002441406
vt 0.1375732 0.002929688
vt 0.1179199 0.6359863
vt 0.1882324 0.6311035
vt 0.182251 0.6259766
vt 0.0001312494 0.9998758
vt 0.0001674891 0.9998431
vt 0.0001776218 0.9998608
vt 0.0001511574 0.9998312
vt 0.0001312494 0.999827
vt 0.0001114607 0.9998312
vt 3.051758E-05 0.9998431
vt 3.051758E-05 0.9998608
vt 3.051758E-05 0.9998809
vt 3.051758E-05 0.9999695
vt 0.0001026392 0.9999695
vt 0.0001211762 0.9999695
vt 0.0001413822 0.9999695
vt 0.0001599789 0.9999695
vt 0.000112772 0.9999695
vt 3.051758E-05 0.9999695
vt 3.051758E-05 0.9999695
vt 3.051758E-05 0.999885
vt 3.051758E-05 0.9998482
vt 3.051758E-05 0.9998162
vt 3.051758E-05 0.9999695
vt 3.051758E-05 0.9999695
vt 3.051758E-05 0.9998876
vt 3.051758E-05 0.9998405
vt 3.051758E-05 0.9997995
vt 3.051758E-05 0.9997716
vt 3.051758E-05 0.9997944
vt 0.0001312494 0.9997867
vt 0.0001674891 0.9997944
vt 0.0001974106 0.9998162
vt 0.0002160072 0.9998482
vt 0.0001312494 0.9997618
vt 0.0001776218 0.9997716
vt 0.0002160072 0.9997995
vt 0.0002397299 0.9998405
vt 0.0002446175 0.9998876
vt 0.0002198219 0.999885
vt 0.0001734495 0.9999695
vt 0.0002083778 0.9999695
vt 0.0001835823 0.9999695
vt 0.0001797676 0.9998809
vt 0.0001498461 0.9999695
vt 0.0002299547 0.9999695
vt 0.000198245 0.9999695
vt 0.0001549721 0.9999695
vt 0.0001075864 0.9999695
vt 0.1882324 0.6311035
vt 0.1179199 0.6359863
vt 0.1162109 0.6384277
vt 0.527832 0.9106445
vt 0.5322266 0.9165039
vt 0.5327148 0.9160156
vt 0.5361328 0.9225464
vt 0.5366211 0.9221191
vt 0.5180664 0.9313965
vt 0.527832 0.9321289
vt 0.5415039 0.9300537
vt 0.5576172 0.9240112
vt 0.1848145 0.05517578
vt 0.180542 0.05566406
vt 0.1804199 0.04248047
vt 0.1850586 0.04394531
vt 0.1890869 0.05566406
vt 0.1896973 0.04443359
vt 0.1931152 0.05566406
vt 0.1938477 0.046875
vt 0.1971436 0.05664063
vt 0.1972656 0.04833984
vt 0.2010498 0.05615234
vt 0.2015381 0.04980469
vt 0.2042236 0.05615234
vt 0.2042236 0.04833984
vt 0.2077637 0.05615234
vt 0.2077637 0.04638672
vt 0.2119141 0.05566406
vt 0.2116699 0.04345703
vt 0.2159424 0.05566406
vt 0.2160645 0.04150391
vt 0.2220459 0.05566406
vt 0.2220459 0.04052734
vt 0.1744385 0.02050781
vt 0.1793213 0.01855469
vt 0.178833 0.05859375
vt 0.1738281 0.05712891
vt 0.1704102 0.02197266
vt 0.1695557 0.05517578
vt 0.1646729 0.02294922
vt 0.1641846 0.05371094
vt 0.1594238 0.02197266
vt 0.1589355 0.05224609
vt 0.1558838 0.02099609
vt 0.1553955 0.05273438
vt 0.1519775 0.01953125
vt 0.1512451 0.05419922
vt 0.1486816 0.01806641
vt 0.1477051 0.05517578
vt 0.1445313 0.01757813
vt 0.1436768 0.05664063
vt 0.1403809 0.01757813
vt 0.1395264 0.05712891
vt 0.1373291 0.01855469
vt 0.1365967 0.05664063
vt 0.5932617 0.9295044
vt 0.5766602 0.9295044
vt 0.5766602 0.9016113
vt 0.5932617 0.9016113
vt 0.6098633 0.9295044
vt 0.6098633 0.9016113
vt 0.6264648 0.9295044
vt 0.6264648 0.9016113
vt 0.6430664 0.9295044
vt 0.6430664 0.9016113
vt 0.6591797 0.9295044
vt 0.6591797 0.9016113
vt 0.6757813 0.9295044
vt 0.6757813 0.9016113
vt 0.6923828 0.9295044
vt 0.6923828 0.9016113
vt 0.7089844 0.9295044
vt 0.7089844 0.9016113
vt 0.7255859 0.9295044
vt 0.7255859 0.9016113
vt 0.7421875 0.9295044
vt 0.7421875 0.9016113
vt 0.1851807 0.02441406
vt 0.1816406 0.02490234
vt 0.1820068 0.00390625
vt 0.1853027 0.004882813
vt 0.1894531 0.02392578
vt 0.1895752 0.006347656
vt 0.1929932 0.02294922
vt 0.1929932 0.007324219
vt 0.1968994 0.02294922
vt 0.1966553 0.0078125
vt 0.2001953 0.0234375
vt 0.2000732 0.0078125
vt 0.2036133 0.02392578
vt 0.2033691 0.006835938
vt 0.2080078 0.02490234
vt 0.2076416 0.005371094
vt 0.2114258 0.02539063
vt 0.2111816 0.004882813
vt 0.2159424 0.02587891
vt 0.2156982 0.004394531
vt 0.2202148 0.02636719
vt 0.2199707 0.005371094
vt 0.8793945 0.9636841
vt 0.887207 0.9554749
vt 0.8793945 0.9554749
vt 0.887207 0.9636841
vt 0.8950195 0.9554749
vt 0.8950195 0.9636841
vt 0.902832 0.9554749
vt 0.902832 0.9636841
vt 0.9091797 0.9554749
vt 0.9091797 0.9636841
vt 0.9169922 0.9554749
vt 0.9169922 0.9636841
vt 0.9238281 0.9554749
vt 0.9238281 0.9636841
vt 0.9316406 0.9554749
vt 0.9316406 0.9636841
vt 0.9389648 0.9554749
vt 0.9389648 0.9636841
vt 0.9453125 0.9554749
vt 0.9453125 0.9636841
vt 0.9433594 0.9421997
vt 0.9350586 0.9517822
vt 0.9433594 0.9517822
vt 0.9350586 0.9421997
vt 0.9277344 0.9517822
vt 0.9277344 0.9421997
vt 0.9199219 0.9517822
vt 0.9199219 0.9421997
vt 0.9140625 0.9517822
vt 0.9140625 0.9421997
vt 0.90625 0.9517822
vt 0.90625 0.9421997
vt 0.8989258 0.9517822
vt 0.8989258 0.9421997
vt 0.8920898 0.9517822
vt 0.8920898 0.9421997
vt 0.8842773 0.9517822
vt 0.8842773 0.9421997
vt 0.8764648 0.9517822
vt 0.8764648 0.9421997
vt 0.8701172 0.9517822
vt 0.8701172 0.9421997
vt 0.9853516 0.9241333
vt 0.987793 0.9207764
vt 0.987793 0.9165649
vt 0.9853516 0.9130859
vt 0.9814453 0.9117432
vt 0.9775391 0.9129639
vt 0.9746094 0.9163208
vt 0.9746094 0.9205322
vt 0.9770508 0.9239502
vt 0.980957 0.925354
vt 0.9770508 0.9329224
vt 0.980957 0.9331055
vt 0.9848633 0.9330444
vt 0.96875 0.9880371
vt 0.9692383 0.9819031
vt 0.9667969 0.9852524
vt 0.9726563 0.9830017
vt 0.9692383 0.9776917
vt 0.9726563 0.9766998
vt 0.9672852 0.9742432
vt 0.9692383 0.9715271
vt 0.9628906 0.9728699
vt 0.9633789 0.9694672
vt 0.9589844 0.9740906
vt 0.9570313 0.9713135
vt 0.956543 0.9774475
vt 0.953125 0.9763336
vt 0.956543 0.9816589
vt 0.953125 0.9826508
vt 0.9589844 0.9851074
vt 0.9570313 0.9878159
vt 0.9628906 0.9864807
vt 0.9628906 0.9898758
vt 0.208252 0.03515625
vt 0.2081299 0.03857422
vt 0.1992188 0.03710938
vt 0.1993408 0.03369141
vt 0.208252 0.03125
vt 0.1993408 0.02929688
vt 0.208252 0.02734375
vt 0.1993408 0.02587891
vt 0.1744385 0.06054688
vt 0.1791992 0.06005859
vt 0.1791992 0.08642578
vt 0.1746826 0.08642578
vt 0.1702881 0.06201172
vt 0.1708984 0.08642578
vt 0.1655273 0.06396484
vt 0.1660156 0.08642578
vt 0.1618652 0.06640625
vt 0.1618652 0.08642578
vt 0.1571045 0.06689453
vt 0.1573486 0.08642578
vt 0.1525879 0.06591797
vt 0.1525879 0.08642578
vt 0.1485596 0.06445313
vt 0.1486816 0.08642578
vt 0.1439209 0.06201172
vt 0.1437988 0.08642578
vt 0.1402588 0.05908203
vt 0.1397705 0.08642578
vt 0.1356201 0.05859375
vt 0.1351318 0.08642578
vt 0.2160645 0.04150391
vt 0.2220459 0.04052734
vt 0.2220459 0.05566406
vt 0.2159424 0.05566406
vt 0.2116699 0.04345703
vt 0.2119141 0.05566406
vt 0.2077637 0.04638672
vt 0.2077637 0.05615234
vt 0.2042236 0.04833984
vt 0.2042236 0.05615234
vt 0.2015381 0.04980469
vt 0.2010498 0.05615234
vt 0.1972656 0.04833984
vt 0.1971436 0.05664063
vt 0.1938477 0.046875
vt 0.1931152 0.05566406
vt 0.1896973 0.04443359
vt 0.1890869 0.05566406
vt 0.1850586 0.04394531
vt 0.1848145 0.05517578
vt 0.1804199 0.04248047
vt 0.180542 0.05566406
vt 0.1744385 0.02050781
vt 0.1793213 0.01855469
vt 0.178833 0.05859375
vt 0.1738281 0.05712891
vt 0.1704102 0.02197266
vt 0.1695557 0.05517578
vt 0.1646729 0.02294922
vt 0.1641846 0.05371094
vt 0.1594238 0.02197266
vt 0.1589355 0.05224609
vt 0.1558838 0.02099609
vt 0.1553955 0.05273438
vt 0.1519775 0.01953125
vt 0.1512451 0.05419922
vt 0.1486816 0.01806641
vt 0.1477051 0.05517578
vt 0.1445313 0.01757813
vt 0.1436768 0.05664063
vt 0.1403809 0.01757813
vt 0.1395264 0.05712891
vt 0.1373291 0.01855469
vt 0.1365967 0.05664063
vt 0.1851807 0.02441406
vt 0.1816406 0.02490234
vt 0.1820068 0.00390625
vt 0.1853027 0.004882813
vt 0.1894531 0.02392578
vt 0.1895752 0.006347656
vt 0.1929932 0.02294922
vt 0.1929932 0.007324219
vt 0.1968994 0.02294922
vt 0.1966553 0.0078125
vt 0.2001953 0.0234375
vt 0.2000732 0.0078125
vt 0.2036133 0.02392578
vt 0.2033691 0.006835938
vt 0.2080078 0.02490234
vt 0.2076416 0.005371094
vt 0.2114258 0.02539063
vt 0.2111816 0.004882813
vt 0.2159424 0.02587891
vt 0.2156982 0.004394531
vt 0.2202148 0.02636719
vt 0.2199707 0.005371094
vt 0.208252 0.03515625
vt 0.2081299 0.03857422
vt 0.1992188 0.03710938
vt 0.1993408 0.03369141
vt 0.208252 0.03125
vt 0.1993408 0.02929688
vt 0.208252 0.02734375
vt 0.1993408 0.02587891
vt 0.5952148 0.5698242
vt 0.5576172 0.5993652
vt 0.5180664 0.5993652
vt 0.5180664 0.5698242
vt 0.6069336 0.4868164
vt 0.5180664 0.4790039
vt 0.6420898 0.4301758
vt 0.5180664 0.4296875
vt 0.7070313 0.3686523
vt 0.5180664 0.371582
vt 0.7197266 0.3144531
vt 0.5180664 0.3183594
vt 0.7128906 0.2607422
vt 0.5180664 0.2651367
vt 0.6879883 0.1616211
vt 0.5180664 0.1674805
vt 0.6293945 0.1337891
vt 0.5180664 0.1274414
vt 0.6103516 0.078125
vt 0.5180664 0.07763672
vt 0.5180664 0.01757813
vt 0.605957 0.01757813
vt 0.1162109 0.6384277
vt 0.1876221 0.6342773
vt 0.1882324 0.6311035
vt 0.3356934 0.9213867
vt 0.3378906 0.9936066
vt 0.3149414 0.9936066
vt 0.3134766 0.9207764
vt 0.3383789 0.8803711
vt 0.3181152 0.8833008
vt 0.328125 0.6899414
vt 0.2425537 0.7233887
vt 0.1491699 0.7426758
vt 0.03295898 0.7214355
vt 0.02069092 0.6813965
vt 0.1588135 0.697998
vt 0.01450348 0.644043
vt 0.159668 0.6711426
vt 0.2460938 0.7004395
vt 0.03546143 0.6113281
vt 0.3308105 0.6660156
vt 0.4255371 0.6928711
vt 0.4274902 0.6621094
vt 0.244751 0.673584
vt 0.3388672 0.6367188
vt 0.972168 0.8856201
vt 0.9897461 0.8856812
vt 0.9897461 0.8905029
vt 0.1633301 0.4863281
vt 0.1594238 0.4873047
vt 0.182251 0.6259766
vt 0.9897461 0.8905029
vt 0.972168 0.8904419
vt 0.972168 0.8856201
vt 0.1322021 0.4101563
vt 0.1271973 0.4033203
vt 0.1594238 0.4873047
vt 0.9550781 0.8934326
vt 0.972168 0.8856201
vt 0.972168 0.8904419
vt 0.1594238 0.4873047
vt 0.1633301 0.4863281
vt 0.1322021 0.4101563
vt 0.972168 0.8904419
vt 0.9550781 0.9036865
vt 0.9550781 0.8934326
vt 0.05072021 0.3857422
vt 0.05505371 0.3901367
vt 0.2543945 0.3334961
vt 0.9755859 0.8312988
vt 0.9780273 0.8212891
vt 0.9882813 0.819458
vt 0.2543945 0.3334961
vt 0.2546387 0.3291016
vt 0.05072021 0.3857422
vt 0.9882813 0.819458
vt 0.9833984 0.8297119
vt 0.9755859 0.8312988
vt 0.1882324 0.6311035
vt 0.1876221 0.6342773
vt 0.1798096 0.5817871
vt 0.9697266 0.8855591
vt 0.9521484 0.8936157
vt 0.9521484 0.9014282
vt 0.2543945 0.4902344
vt 0.2546387 0.4082031
vt 0.1322021 0.4101563
vt 0.1633301 0.4863281
vt 0.1798096 0.5817871
vt 0.2539063 0.5915527
vt 0.1876221 0.6342773
vt 0.2541504 0.6303711
vt 0.9521484 0.9014282
vt 0.9697266 0.8869629
vt 0.9697266 0.8855591
vt 0.1912842 0.07617188
vt 0.1960449 0.07324219
vt 0.1962891 0.06982422
vt 0.1912842 0.07617188
vt 0.1942139 0.07568359
vt 0.1947021 0.06689453
vt 0.1918945 0.06591797
vt 0.1890869 0.06689453
vt 0.1871338 0.06933594
vt 0.1868896 0.07226563
vt 0.1884766 0.07519531
vt 0.03381348 0.1181641
vt 0.02702332 0.1181641
vt 0.02702332 0.1201172
vt 0.9897461 0.8856201
vt 0.9697266 0.8855591
vt 0.9697266 0.8869629
vt 0.02702332 0.1201172
vt 0.03381348 0.1201172
vt 0.03381348 0.1181641
vt 0.9697266 0.8869629
vt 0.9897461 0.887146
vt 0.9897461 0.8856201
vt 0.07537842 0.1181641
vt 0.03381348 0.1181641
vt 0.03381348 0.1201172
vt 0.07537842 0.1201172
vt 0.07537842 0.1181641
vt 0.08221436 0.1181641
vt 0.07537842 0.1181641
vt 0.07537842 0.1201172
vt 0.9726563 0.8394775
vt 0.9521484 0.8395996
vt 0.9521484 0.8361816
vt 0.07537842 0.1201172
vt 0.08221436 0.1201172
vt 0.08221436 0.1181641
vt 0.9521484 0.8361816
vt 0.9697266 0.8361816
vt 0.9726563 0.8394775
vt 0.08929443 0.1181641
vt 0.08221436 0.1181641
vt 0.08221436 0.1201172
vt 0.9697266 0.8361816
vt 0.9868164 0.8331299
vt 0.9892578 0.8355713
vt 0.08221436 0.1201172
vt 0.08929443 0.1201172
vt 0.08929443 0.1181641
vt 0.9697266 0.8361816
vt 0.9882813 0.8389893
vt 0.9726563 0.8394775
vt 0.1271973 0.1181641
vt 0.08929443 0.1181641
vt 0.08929443 0.1201172
vt 0.08929443 0.1201172
vt 0.1271973 0.1201172
vt 0.02702332 0.1181641
vt 0.01965332 0.1181641
vt 0.01965332 0.1201172
vt 0.9868164 0.8331299
vt 0.9897461 0.8233643
vt 0.9956055 0.8210449
vt 0.01965332 0.1201172
vt 0.02702332 0.1201172
vt 0.02702332 0.1181641
vt 0.9521484 0.8936157
vt 0.9697266 0.8855591
vt 0.9658203 0.8807373
vt 0.03381348 0.1152344
vt 0.02702332 0.1152344
vt 0.02702332 0.1181641
vt 0.9897461 0.8809814
vt 0.9658203 0.8807373
vt 0.9697266 0.8855591
vt 0.02702332 0.1181641
vt 0.03381348 0.1181641
vt 0.03381348 0.1152344
vt 0.9697266 0.8855591
vt 0.9897461 0.8856201
vt 0.9897461 0.8809814
vt 0.07537842 0.1152344
vt 0.03381348 0.1152344
vt 0.03381348 0.1181641
vt 0.07537842 0.1181641
vt 0.07537842 0.1152344
vt 0.08221436 0.1152344
vt 0.07537842 0.1152344
vt 0.07537842 0.1181641
vt 0.9677734 0.8198242
vt 0.9677734 0.8170166
vt 0.9765625 0.8186035
vt 0.9770508 0.8200684
vt 0.9667969 0.8295898
vt 0.9746094 0.8310547
vt 0.9658203 0.8327637
vt 0.9731445 0.8326416
vt 0.9648438 0.8347168
vt 0.972168 0.8342285
vt 0.9477539 0.8814697
vt 0.9448242 0.8829346
vt 0.9458008 0.8901978
vt 0.9467773 0.8890381
vt 0.9658203 0.8735352
vt 0.9658203 0.8807373
vt 0.9897461 0.8737793
vt 0.9897461 0.8809814
vt 0.1799316 0.9367676
vt 0.03701782 0.9367676
vt 0.006717682 0.9367676
vt 0.07537842 0.1181641
vt 0.08221436 0.1181641
vt 0.08221436 0.1152344
vt 0.0324707 0.06835938
vt 0.02316284 0.06835938
vt 0.02316284 0.06103516
vt 0.0324707 0.06103516
vt 0.06402588 0.06835938
vt 0.06402588 0.06103516
vt 0.07476807 0.06835938
vt 0.07476807 0.06103516
vt 0.08581543 0.06835938
vt 0.08581543 0.06103516
vt 0.1158447 0.06835938
vt 0.1158447 0.06103516
vt 0.1253662 0.06835938
vt 0.1253662 0.06103516
vt 0.1016846 0.07226563
vt 0.1323242 0.07226563
vt 0.1323242 0.07568359
vt 0.1016846 0.07568359
vt 0.08795166 0.07226563
vt 0.08795166 0.07568359
vt 0.07501221 0.07226563
vt 0.07501221 0.07568359
vt 0.04330444 0.07226563
vt 0.04330444 0.07568359
vt 0.02987671 0.07226563
vt 0.02983093 0.07568359
vt 0.01939392 0.07226563
vt 0.01939392 0.07568359
vt 0.01965332 0.1152344
vt 0.01965332 0.07910156
vt 0.02702332 0.07910156
vt 0.08929443 0.1152344
vt 0.08221436 0.1152344
vt 0.08221436 0.1181641
vt 0.02702332 0.07910156
vt 0.02702332 0.1152344
vt 0.01965332 0.1152344
vt 0.08221436 0.1181641
vt 0.08929443 0.1181641
vt 0.08929443 0.1152344
vt 0.08929443 0.1152344
vt 0.08929443 0.07910156
vt 0.1271973 0.07910156
vt 0.1271973 0.1152344
vt 0.08929443 0.1152344
vt 0.08929443 0.1181641
vt 0.1271973 0.1181641
vt 0.1271973 0.1152344
vt 0.02702332 0.1152344
vt 0.01965332 0.1152344
vt 0.01965332 0.1181641
vt 0.1271973 0.07910156
vt 0.1271973 0.1152344
vt 0.08929443 0.1152344
vt 0.01965332 0.1181641
vt 0.02702332 0.1181641
vt 0.02702332 0.1152344
vt 0.01965332 0.1181641
vt 0.01965332 0.1152344
vt 0.02702332 0.1152344
vt 0.1271973 0.07910156
vt 0.08929443 0.07910156
vt 0.08929443 0.1152344
vt 0.02702332 0.1152344
vt 0.02702332 0.1181641
vt 0.01965332 0.1181641
vt 0.08929443 0.1152344
vt 0.1271973 0.1152344
vt 0.1271973 0.07910156
vt 0.08929443 0.1181641
vt 0.08929443 0.1152344
vt 0.1271973 0.1152344
vt 0.1271973 0.1152344
vt 0.1271973 0.1181641
vt 0.08221436 0.1181641
vt 0.08221436 0.1152344
vt 0.08929443 0.1152344
vt 0.02702332 0.07910156
vt 0.01965332 0.07910156
vt 0.01965332 0.1152344
vt 0.08929443 0.1152344
vt 0.08929443 0.1181641
vt 0.08221436 0.1181641
vt 0.01965332 0.1152344
vt 0.02702332 0.1152344
vt 0.02702332 0.07910156
vt 0.07537842 0.1181641
vt 0.07537842 0.1152344
vt 0.08221436 0.1152344
vt 0.9697266 0.8855591
vt 0.9658203 0.8807373
vt 0.9897461 0.8809814
vt 0.08221436 0.1152344
vt 0.08221436 0.1181641
vt 0.07537842 0.1181641
vt 0.9897461 0.8809814
vt 0.9897461 0.8856201
vt 0.9697266 0.8855591
vt 0.03381348 0.1181641
vt 0.03381348 0.1152344
vt 0.07537842 0.1152344
vt 0.07537842 0.1152344
vt 0.07537842 0.1181641
vt 0.02702332 0.1181641
vt 0.02702332 0.1152344
vt 0.03381348 0.1152344
vt 0.9521484 0.8936157
vt 0.9658203 0.8807373
vt 0.9697266 0.8855591
vt 0.03381348 0.1152344
vt 0.03381348 0.1181641
vt 0.02702332 0.1181641
vt 0.9868164 0.8331299
vt 0.9956055 0.8210449
vt 0.9897461 0.8233643
vt 0.01965332 0.1201172
vt 0.01965332 0.1181641
vt 0.02702332 0.1181641
vt 0.9697266 0.8361816
vt 0.9892578 0.8355713
vt 0.9868164 0.8331299
vt 0.02702332 0.1181641
vt 0.02702332 0.1201172
vt 0.01965332 0.1201172
vt 0.9697266 0.8361816
vt 0.9726563 0.8394775
vt 0.9882813 0.8389893
vt 0.08929443 0.1201172
vt 0.08929443 0.1181641
vt 0.1271973 0.1181641
vt 0.1271973 0.1201172
vt 0.08929443 0.1201172
vt 0.08221436 0.1201172
vt 0.08221436 0.1181641
vt 0.08929443 0.1181641
vt 0.9521484 0.8361816
vt 0.9521484 0.8395996
vt 0.9726563 0.8394775
vt 0.08929443 0.1181641
vt 0.08929443 0.1201172
vt 0.08221436 0.1201172
vt 0.9726563 0.8394775
vt 0.9697266 0.8361816
vt 0.9521484 0.8361816
vt 0.07537842 0.1201172
vt 0.07537842 0.1181641
vt 0.08221436 0.1181641
vt 0.9697266 0.8869629
vt 0.9697266 0.8855591
vt 0.9897461 0.8856201
vt 0.08221436 0.1181641
vt 0.08221436 0.1201172
vt 0.07537842 0.1201172
vt 0.9897461 0.8856201
vt 0.9897461 0.887146
vt 0.9697266 0.8869629
vt 0.03381348 0.1201172
vt 0.03381348 0.1181641
vt 0.07537842 0.1181641
vt 0.07537842 0.1181641
vt 0.07537842 0.1201172
vt 0.02702332 0.1201172
vt 0.02702332 0.1181641
vt 0.03381348 0.1181641
vt 0.9521484 0.9014282
vt 0.9521484 0.8936157
vt 0.9697266 0.8855591
vt 0.03381348 0.1181641
vt 0.03381348 0.1201172
vt 0.02702332 0.1201172
vt 0.9697266 0.8855591
vt 0.9697266 0.8869629
vt 0.9521484 0.9014282
vt 0.1744385 0.06054688
vt 0.1791992 0.06005859
vt 0.1791992 0.08642578
vt 0.1746826 0.08642578
vt 0.1702881 0.06201172
vt 0.1708984 0.08642578
vt 0.1655273 0.06396484
vt 0.1660156 0.08642578
vt 0.1618652 0.06640625
vt 0.1618652 0.08642578
vt 0.1571045 0.06689453
vt 0.1573486 0.08642578
vt 0.1525879 0.06591797
vt 0.1525879 0.08642578
vt 0.1485596 0.06445313
vt 0.1486816 0.08642578
vt 0.1439209 0.06201172
vt 0.1437988 0.08642578
vt 0.1402588 0.05908203
vt 0.1397705 0.08642578
vt 0.1356201 0.05859375
vt 0.1351318 0.08642578
vt 0.2160645 0.04150391
vt 0.2220459 0.04052734
vt 0.2220459 0.05566406
vt 0.2159424 0.05566406
vt 0.2116699 0.04345703
vt 0.2119141 0.05566406
vt 0.2077637 0.04638672
vt 0.2077637 0.05615234
vt 0.2042236 0.04833984
vt 0.2042236 0.05615234
vt 0.2015381 0.04980469
vt 0.2010498 0.05615234
vt 0.1972656 0.04833984
vt 0.1971436 0.05664063
vt 0.1938477 0.046875
vt 0.1931152 0.05566406
vt 0.1896973 0.04443359
vt 0.1890869 0.05566406
vt 0.1850586 0.04394531
vt 0.1848145 0.05517578
vt 0.1804199 0.04248047
vt 0.180542 0.05566406
vt 0.1744385 0.02050781
vt 0.1793213 0.01855469
vt 0.178833 0.05859375
vt 0.1738281 0.05712891
vt 0.1704102 0.02197266
vt 0.1695557 0.05517578
vt 0.1646729 0.02294922
vt 0.1641846 0.05371094
vt 0.1594238 0.02197266
vt 0.1589355 0.05224609
vt 0.1558838 0.02099609
vt 0.1553955 0.05273438
vt 0.1519775 0.01953125
vt 0.1512451 0.05419922
vt 0.1486816 0.01806641
vt 0.1477051 0.05517578
vt 0.1445313 0.01757813
vt 0.1436768 0.05664063
vt 0.1403809 0.01757813
vt 0.1395264 0.05712891
vt 0.1373291 0.01855469
vt 0.1365967 0.05664063
vt 0.1851807 0.02441406
vt 0.1816406 0.02490234
vt 0.1820068 0.00390625
vt 0.1853027 0.004882813
vt 0.1894531 0.02392578
vt 0.1895752 0.006347656
vt 0.1929932 0.02294922
vt 0.1929932 0.007324219
vt 0.1968994 0.02294922
vt 0.1966553 0.0078125
vt 0.2001953 0.0234375
vt 0.2000732 0.0078125
vt 0.2036133 0.02392578
vt 0.2033691 0.006835938
vt 0.2080078 0.02490234
vt 0.2076416 0.005371094
vt 0.2114258 0.02539063
vt 0.2111816 0.004882813
vt 0.2159424 0.02587891
vt 0.2156982 0.004394531
vt 0.2202148 0.02636719
vt 0.2199707 0.005371094
vt 0.208252 0.03515625
vt 0.2081299 0.03857422
vt 0.1992188 0.03710938
vt 0.1993408 0.03369141
vt 0.208252 0.03125
vt 0.1993408 0.02929688
vt 0.208252 0.02734375
vt 0.1993408 0.02587891
vt 0.1744385 0.06054688
vt 0.1791992 0.06005859
vt 0.1791992 0.08642578
vt 0.1746826 0.08642578
vt 0.1702881 0.06201172
vt 0.1708984 0.08642578
vt 0.1655273 0.06396484
vt 0.1660156 0.08642578
vt 0.1618652 0.06640625
vt 0.1618652 0.08642578
vt 0.1571045 0.06689453
vt 0.1573486 0.08642578
vt 0.1525879 0.06591797
vt 0.1525879 0.08642578
vt 0.1485596 0.06445313
vt 0.1486816 0.08642578
vt 0.1439209 0.06201172
vt 0.1437988 0.08642578
vt 0.1402588 0.05908203
vt 0.1397705 0.08642578
vt 0.1356201 0.05859375
vt 0.1351318 0.08642578
vt 0.1882324 0.6311035
vt 0.1798096 0.5817871
vt 0.1876221 0.6342773
vt 0.9882813 0.819458
vt 0.9780273 0.8212891
vt 0.9755859 0.8312988
vt 0.2543945 0.3334961
vt 0.05505371 0.3901367
vt 0.05072021 0.3857422
vt 0.9755859 0.8312988
vt 0.9833984 0.8297119
vt 0.9882813 0.819458
vt 0.05072021 0.3857422
vt 0.2546387 0.3291016
vt 0.2543945 0.3334961
vt 0.972168 0.8904419
vt 0.972168 0.8856201
vt 0.9550781 0.8934326
vt 0.1594238 0.4873047
vt 0.1271973 0.4033203
vt 0.1322021 0.4101563
vt 0.9550781 0.8934326
vt 0.9550781 0.9036865
vt 0.972168 0.8904419
vt 0.1322021 0.4101563
vt 0.1633301 0.4863281
vt 0.1594238 0.4873047
vt 0.9897461 0.8905029
vt 0.9897461 0.8856812
vt 0.972168 0.8856201
vt 0.1633301 0.4863281
vt 0.182251 0.6259766
vt 0.1594238 0.4873047
vt 0.972168 0.8856201
vt 0.972168 0.8904419
vt 0.9897461 0.8905029
vt 0.1162109 0.6384277
vt 0.1179199 0.6359863
vt 0.1882324 0.6311035
vt 0.484375 0.9219971
vt 0.4851074 0.9214478
vt 0.4853516 0.9210815
vt 0.1882324 0.6311035
vt 0.1876221 0.6342773
vt 0.1162109 0.6384277
vt 0.6103516 0.078125
vt 0.605957 0.01757813
vt 0.5180664 0.01757813
vt 0.5180664 0.07763672
vt 0.5180664 0.1274414
vt 0.6293945 0.1337891
vt 0.5180664 0.1674805
vt 0.6879883 0.1616211
vt 0.5180664 0.2651367
vt 0.7128906 0.2607422
vt 0.1179199 0.6359863
vt 0.1211548 0.6308594
vt 0.182251 0.6259766
vt 0.3137207 0.8787842
vt 0.3134766 0.8835449
vt 0.2932129 0.883728
vt 0.182251 0.6259766
vt 0.1882324 0.6311035
vt 0.1179199 0.6359863
vt 0.371582 0.8707275
vt 0.3718262 0.8762817
vt 0.338623 0.8746338
vt 0.5185547 0.9498901
vt 0.5131836 0.9650574
vt 0.5097656 0.9649963
vt 0.338623 0.8746338
vt 0.3383789 0.8803711
vt 0.3137207 0.8787842
vt 0.5097656 0.9649963
vt 0.515625 0.9476624
vt 0.5185547 0.9498901
vt 0.371582 0.8707275
vt 0.3930664 0.8601074
vt 0.3947754 0.8658447
vt 0.5317383 0.9406738
vt 0.5185547 0.9498901
vt 0.515625 0.9476624
vt 0.4331055 0.8899536
vt 0.4348145 0.8684082
vt 0.4360352 0.8682861
vt 0.434082 0.8897705
vt 0.4321289 0.9112549
vt 0.4309082 0.911377
vt 0.4279785 0.9193115
vt 0.4291992 0.9185181
vt 0.4291992 0.9205322
vt 0.4279785 0.9210205
vt 0.425293 0.9234619
vt 0.4277344 0.9259644
vt 0.4196777 0.9281006
vt 0.4196777 0.9269409
vt 0.515625 0.9476624
vt 0.5302734 0.9371338
vt 0.5317383 0.9406738
vt 0.9750977 0.8927612
vt 0.9824219 0.8927002
vt 0.980957 0.8955688
vt 0.9741211 0.8956299
vt 0.9726563 0.8925781
vt 0.9711914 0.8956909
vt 0.9711914 0.8969727
vt 0.9716797 0.8977661
vt 0.9731445 0.8980713
vt 0.9799805 0.8981323
vt 0.9829102 0.8977661
vt 0.9838867 0.8954468
vt 0.9853516 0.8924561
vt 0.6289063 0.8636475
vt 0.6420898 0.8636475
vt 0.6420898 0.8948364
vt 0.6289063 0.8948364
vt 0.6162109 0.8636475
vt 0.6162109 0.8948364
vt 0.6030273 0.8636475
vt 0.6030273 0.8948364
vt 0.590332 0.8636475
vt 0.590332 0.8948364
vt 0.5771484 0.8636475
vt 0.5771484 0.8948364
vt 0.6933594 0.8636475
vt 0.706543 0.8636475
vt 0.706543 0.8948364
vt 0.6933594 0.8948364
vt 0.6806641 0.8636475
vt 0.6806641 0.8948364
vt 0.6679688 0.8636475
vt 0.6674805 0.8948364
vt 0.6547852 0.8636475
vt 0.6547852 0.8948364
vt 0.7094727 0.9415894
vt 0.6938477 0.9415894
vt 0.6938477 0.9375916
vt 0.5605469 0.9505615
vt 0.5473633 0.9409485
vt 0.5488281 0.937439
vt 0.6938477 0.9375916
vt 0.7094727 0.9375916
vt 0.7094727 0.9415894
vt 0.5629883 0.9832153
vt 0.5478516 0.9937363
vt 0.546875 0.9902039
vt 0.5307617 0.9899521
vt 0.5478516 0.9937363
vt 0.5297852 0.9934502
vt 0.5307617 0.9899521
vt 0.7226563 0.9415894
vt 0.7094727 0.9415894
vt 0.7094727 0.9375916
vt 0.7226563 0.9375916
vt 0.7226563 0.9415894
vt 0.637207 0.9415894
vt 0.6210938 0.9415894
vt 0.6210938 0.9375916
vt 0.6210938 0.9375916
vt 0.637207 0.9375916
vt 0.637207 0.9415894
vt 0.6518555 0.9793243
vt 0.6523438 0.990593
vt 0.6469727 0.9915924
vt 0.6518555 0.9710846
vt 0.6455078 0.9804993
vt 0.6416016 0.9936523
vt 0.6469727 0.950592
vt 0.6523438 0.9515991
vt 0.6518555 0.9628601
vt 0.6455078 0.9617004
vt 0.6459961 0.9710846
vt 0.637207 0.9826202
vt 0.637207 0.9957771
vt 0.6318359 0.9857712
vt 0.6333008 0.9978428
vt 0.637207 0.9595642
vt 0.637207 0.9710846
vt 0.6303711 0.9710846
vt 0.6318359 0.9564209
vt 0.6289063 0.9866409
vt 0.6254883 0.9710846
vt 0.6289063 0.9555359
vt 0.6333008 0.9443359
vt 0.637207 0.9464111
vt 0.6416016 0.9485168
vt 0.7314453 0.9552002
vt 0.7128906 0.9552002
vt 0.7070313 0.9684143
vt 0.7290039 0.9689026
vt 0.7006836 0.9820251
vt 0.7485352 0.9573975
vt 0.6689453 0.9931259
vt 0.6948242 0.9956398
vt 0.6801758 0.9776611
vt 0.6914063 0.9627991
vt 0.7026367 0.9541016
vt 0.7236328 0.996254
vt 0.7265625 0.9827728
vt 0.7514648 0.9834137
vt 0.75 0.9702606
vt 0.7529297 0.9965496
vt 0.7758789 0.9941864
vt 0.7744141 0.9830475
vt 0.7724609 0.9719086
vt 0.7641602 0.9620667
vt 0.6914063 0.9627991
vt 0.7026367 0.9541016
vt 0.7128906 0.9552002
vt 0.6801758 0.9776611
vt 0.7070313 0.9684143
vt 0.7314453 0.9552002
vt 0.7290039 0.9689026
vt 0.7485352 0.9573975
vt 0.75 0.9702606
vt 0.7641602 0.9620667
vt 0.7724609 0.9719086
vt 0.7514648 0.9834137
vt 0.7744141 0.9830475
vt 0.7529297 0.9965496
vt 0.7758789 0.9941864
vt 0.7236328 0.996254
vt 0.7265625 0.9827728
vt 0.6948242 0.9956398
vt 0.7006836 0.9820251
vt 0.6689453 0.9931259
vt 0.4577637 0.1782227
vt 0.5161133 0.1264648
vt 0.5004883 0.1401367
vt 0.373291 0.3676758
vt 0.3193359 0.3676758
vt 0.3220215 0.3847656
vt 0.3703613 0.3847656
vt 0.5161133 0.1264648
vt 0.4577637 0.1782227
vt 0.53125 0.1635742
vt 0.3964844 0.2333984
vt 0.5039063 0.3041992
vt 0.3769531 0.3452148
vt 0.3852539 0.3842773
vt 0.5317383 0.2368164
vt 0.4526367 0.3564453
vt 0.4892578 0.1157227
vt 0.5004883 0.1401367
vt 0.5029297 0.09619141
vt 0.4909668 0.08398438
vt 0.4733887 0.09082031
vt 0.402832 0.1176758
vt 0.451416 0.04492188
vt 0.3337402 0.1342773
vt 0.3837891 0.01708984
vt 0.3105469 0.01708984
vt 0.2088623 0.08007813
vt 0.2431641 0.04541016
vt 0.345459 0.1391602
vt 0.2445068 0.3569336
vt 0.3120117 0.3847656
vt 0.3034668 0.2670898
vt 0.2978516 0.2319336
vt 0.1900635 0.3051758
vt 0.1643066 0.2382813
vt 0.2775879 0.2148438
vt 0.1640625 0.1650391
vt 0.1915283 0.1435547
vt 0.1776123 0.1318359
vt 0.1917725 0.09765625
vt 0.208374 0.1083984
vt 0.2265625 0.08789063
vt 0.3503418 0.3701172
vt 0.373291 0.3676758
vt 0.3769531 0.3452148
vt 0.347168 0.2006836
vt 0.3964844 0.2333984
vt 0.4577637 0.1782227
vt 0.4892578 0.1157227
vt 0.5004883 0.1401367
vt 0.4733887 0.09082031
vt 0.402832 0.1176758
vt 0.345459 0.1391602
vt 0.3337402 0.1342773
vt 0.2265625 0.08789063
vt 0.208374 0.1083984
vt 0.3034668 0.2670898
vt 0.3193359 0.3676758
vt 0.2978516 0.2319336
vt 0.2775879 0.2148438
vt 0.1915283 0.1435547
vt 0.0007791519 0.998991
vt 0.00147438 0.9972668
vt 0.001077652 0.9974327
vt 0.0007748604 0.9977379
vt 0.0006113052 0.9981365
vt 0.0006132126 0.9985666
vt 0.001914024 0.9994283
vt 0.001085281 0.9992671
vt 0.001482964 0.9994302
vt 0.002309799 0.9992619
vt 0.002613068 0.9989567
vt 0.0027771 0.998558
vt 0.002775192 0.9981279
vt 0.002609253 0.9977322
vt 0.00230217 0.9974289
vt 0.001905441 0.9972649
vt 0.7895508 0.4370117
vt 0.828125 0.4975586
vt 0.7895508 0.4975586
vt 0.737793 0.3764648
vt 0.737793 0.4370117
vt 0.737793 0.4975586
vt 0.6992188 0.4975586
vt 0.737793 0.5576172
vt 0.6992188 0.5576172
vt 0.6992188 0.4370117
vt 0.6992188 0.3764648
vt 0.6992188 0.3164063
vt 0.6479492 0.4975586
vt 0.6479492 0.5576172
vt 0.6479492 0.4370117
vt 0.6479492 0.3764648
vt 0.6479492 0.3164063
vt 0.6479492 0.2558594
vt 0.5966797 0.4975586
vt 0.5966797 0.5576172
vt 0.5966797 0.4370117
vt 0.5966797 0.3764648
vt 0.5966797 0.3164063
vt 0.5966797 0.2558594
vt 0.5966797 0.1958008
vt 0.5449219 0.07470703
vt 0.5966797 0.1352539
vt 0.5449219 0.1352539
vt 0.5449219 0.1958008
vt 0.5449219 0.2558594
vt 0.5449219 0.3164063
vt 0.5449219 0.3764648
vt 0.737793 0.1352539
vt 0.6992188 0.1958008
vt 0.6992188 0.1352539
vt 0.6992188 0.07470703
vt 0.6479492 0.07470703
vt 0.6479492 0.1352539
vt 0.5966797 0.07470703
vt 0.6479492 0.1958008
vt 0.6992188 0.2558594
vt 0.737793 0.07470703
vt 0.7895508 0.1352539
vt 0.6992188 0.0004882813
vt 0.6479492 0.0004882813
vt 0.5966797 0.0004882813
vt 0.5449219 0.0004882813
vt 0.9501953 0.3764648
vt 0.9824219 0.4370117
vt 0.9501953 0.4370117
vt 0.8793945 0.3764648
vt 0.8793945 0.3164063
vt 0.828125 0.3164063
vt 0.828125 0.2558594
vt 0.7895508 0.2558594
vt 0.7895508 0.1958008
vt 0.737793 0.1958008
vt 0.9501953 0.4975586
vt 0.8793945 0.4370117
vt 0.828125 0.3764648
vt 0.7895508 0.3164063
vt 0.737793 0.2558594
vt 0.9501953 0.5576172
vt 0.8793945 0.4975586
vt 0.828125 0.4370117
vt 0.7895508 0.3764648
vt 0.737793 0.3164063
vt 0.8793945 0.5576172
vt 0.828125 0.5576172
vt 0.8793945 0.6179199
vt 0.828125 0.6179199
vt 0.8793945 0.6782227
vt 0.828125 0.6782227
vt 0.8793945 0.7387695
vt 0.828125 0.7387695
vt 0.8793945 0.7989502
vt 0.828125 0.7989502
vt 0.8793945 0.859375
vt 0.9501953 0.6179199
vt 0.9501953 0.6782227
vt 0.9501953 0.7387695
vt 0.9501953 0.7989502
vt 0.9501953 0.859375
vt 0.8793945 0.9196777
vt 0.9501953 0.9940834
vt 0.8793945 0.994175
vt 0.9501953 0.9196167
vt 0.9824219 0.9939919
vt 0.9824219 0.9195557
vt 0.9824219 0.859375
vt 0.9824219 0.7989502
vt 0.9824219 0.7387695
vt 0.9824219 0.6782227
vt 0.9824219 0.6179199
vt 0.9824219 0.5576172
vt 0.9824219 0.4975586
vt 0.737793 0.0004882813
vt 0.7895508 0.07470703
vt 0.828125 0.1352539
vt 0.828125 0.1958008
vt 0.8793945 0.2558594
vt 0.9501953 0.3164063
vt 0.9824219 0.3764648
vt 0.7895508 0.0004882813
vt 0.828125 0.07470703
vt 0.8793945 0.1352539
vt 0.8793945 0.1958008
vt 0.9501953 0.2558594
vt 0.9824219 0.3164063
vt 0.828125 0.0004882813
vt 0.8793945 0.07470703
vt 0.9501953 0.1352539
vt 0.9501953 0.1958008
vt 0.9824219 0.2558594
vt 0.8793945 0.0004882813
vt 0.9501953 0.07470703
vt 0.9824219 0.1352539
vt 0.9824219 0.1958008
vt 0.9501953 0.0004882813
vt 0.9824219 0.07470703
vt 0.9824219 0.0004882813
vt 0.3034668 0.2670898
vt 0.2978516 0.2319336
vt 0.2978516 0.2319336
vt 0.373291 0.3676758
vt 0.3703613 0.3847656
vt 0.3220215 0.3847656
vt 0.3193359 0.3676758
vt 0.5161133 0.1264648
vt 0.53125 0.1635742
vt 0.4577637 0.1782227
vt 0.3964844 0.2333984
vt 0.5039063 0.3041992
vt 0.3769531 0.3452148
vt 0.3852539 0.3842773
vt 0.4526367 0.3564453
vt 0.5317383 0.2368164
vt 0.4892578 0.1157227
vt 0.4733887 0.09082031
vt 0.4909668 0.08398438
vt 0.5029297 0.09619141
vt 0.5004883 0.1401367
vt 0.2088623 0.08007813
vt 0.2431641 0.04541016
vt 0.3105469 0.01708984
vt 0.3337402 0.1342773
vt 0.3837891 0.01708984
vt 0.451416 0.04492188
vt 0.402832 0.1176758
vt 0.345459 0.1391602
vt 0.2265625 0.08789063
vt 0.208374 0.1083984
vt 0.1917725 0.09765625
vt 0.1915283 0.1435547
vt 0.1776123 0.1318359
vt 0.1640625 0.1650391
vt 0.2775879 0.2148438
vt 0.1643066 0.2382813
vt 0.2978516 0.2319336
vt 0.1900635 0.3051758
vt 0.2445068 0.3569336
vt 0.3034668 0.2670898
vt 0.3120117 0.3847656
vt 0.2978516 0.2319336
vt 0.3034668 0.2670898
vt 0.3034668 0.2670898
vt 0.373291 0.3676758
vt 0.3703613 0.3847656
vt 0.3220215 0.3847656
vt 0.3193359 0.3676758
vt 0.3769531 0.3452148
vt 0.3852539 0.3842773
vt 0.5039063 0.3041992
vt 0.3964844 0.2333984
vt 0.53125 0.1635742
vt 0.4577637 0.1782227
vt 0.5161133 0.1264648
vt 0.5317383 0.2368164
vt 0.4526367 0.3564453
vt 0.4892578 0.1157227
vt 0.4733887 0.09082031
vt 0.4909668 0.08398438
vt 0.5029297 0.09619141
vt 0.5004883 0.1401367
vt 0.2088623 0.08007813
vt 0.2431641 0.04541016
vt 0.3105469 0.01708984
vt 0.3337402 0.1342773
vt 0.3837891 0.01708984
vt 0.451416 0.04492188
vt 0.402832 0.1176758
vt 0.345459 0.1391602
vt 0.2265625 0.08789063
vt 0.208374 0.1083984
vt 0.1917725 0.09765625
vt 0.1915283 0.1435547
vt 0.1776123 0.1318359
vt 0.1640625 0.1650391
vt 0.2775879 0.2148438
vt 0.1643066 0.2382813
vt 0.2978516 0.2319336
vt 0.1900635 0.3051758
vt 0.2445068 0.3569336
vt 0.3034668 0.2670898
vt 0.3120117 0.3847656
vt 0.3503418 0.3701172
vt 0.3193359 0.3676758
vt 0.3034668 0.2670898
vt 0.347168 0.2006836
vt 0.2978516 0.2319336
vt 0.2775879 0.2148438
vt 0.208374 0.1083984
vt 0.2265625 0.08789063
vt 0.1915283 0.1435547
vt 0.4892578 0.1157227
vt 0.402832 0.1176758
vt 0.4733887 0.09082031
vt 0.345459 0.1391602
vt 0.3337402 0.1342773
vt 0.3769531 0.3452148
vt 0.373291 0.3676758
vt 0.3964844 0.2333984
vt 0.4577637 0.1782227
vt 0.5004883 0.1401367
vt 0.3193359 0.3676758
vt 0.3034668 0.2670898
vt 0.3034668 0.2670898
vt 0.0007791519 0.998991
vt 0.002613068 0.9989567
vt 0.002309799 0.9992619
vt 0.001914024 0.9994283
vt 0.001085281 0.9992671
vt 0.001482964 0.9994302
vt 0.0006132126 0.9985666
vt 0.0006113052 0.9981365
vt 0.0007748604 0.9977379
vt 0.001077652 0.9974327
vt 0.00147438 0.9972668
vt 0.001905441 0.9972649
vt 0.00230217 0.9974289
vt 0.002609253 0.9977322
vt 0.002775192 0.9981279
vt 0.0027771 0.998558
vt 0.373291 0.3676758
vt 0.3193359 0.3676758
vt 0.3220215 0.3847656
vt 0.3703613 0.3847656
vt 0.5161133 0.1264648
vt 0.4577637 0.1782227
vt 0.53125 0.1635742
vt 0.3964844 0.2333984
vt 0.5039063 0.3041992
vt 0.3769531 0.3452148
vt 0.3852539 0.3842773
vt 0.5317383 0.2368164
vt 0.4526367 0.3564453
vt 0.4892578 0.1157227
vt 0.5004883 0.1401367
vt 0.5029297 0.09619141
vt 0.4909668 0.08398438
vt 0.4733887 0.09082031
vt 0.402832 0.1176758
vt 0.451416 0.04492188
vt 0.3337402 0.1342773
vt 0.3837891 0.01708984
vt 0.3105469 0.01708984
vt 0.2088623 0.08007813
vt 0.2431641 0.04541016
vt 0.345459 0.1391602
vt 0.2445068 0.3569336
vt 0.3120117 0.3847656
vt 0.3034668 0.2670898
vt 0.2978516 0.2319336
vt 0.1900635 0.3051758
vt 0.1643066 0.2382813
vt 0.2775879 0.2148438
vt 0.1640625 0.1650391
vt 0.1915283 0.1435547
vt 0.1776123 0.1318359
vt 0.1917725 0.09765625
vt 0.208374 0.1083984
vt 0.2265625 0.08789063
vt 0.0007791519 0.998991
vt 0.00147438 0.9972668
vt 0.001077652 0.9974327
vt 0.0007748604 0.9977379
vt 0.0006113052 0.9981365
vt 0.0006132126 0.9985666
vt 0.001914024 0.9994283
vt 0.001085281 0.9992671
vt 0.001482964 0.9994302
vt 0.002309799 0.9992619
vt 0.002613068 0.9989567
vt 0.0027771 0.998558
vt 0.002775192 0.9981279
vt 0.002609253 0.9977322
vt 0.00230217 0.9974289
vt 0.001905441 0.9972649
vt 0.3034668 0.2670898
vt 0.3193359 0.3676758
vt 0.3193359 0.3676758
vt 0.7895508 0.3764648
vt 0.737793 0.3164063
vt 0.7895508 0.3164063
vt 0.737793 0.2558594
vt 0.6992188 0.2558594
vt 0.6992188 0.1958008
vt 0.737793 0.1958008
vt 0.7895508 0.2558594
vt 0.7895508 0.1958008
vt 0.6992188 0.3164063
vt 0.737793 0.3764648
vt 0.7895508 0.4370117
vt 0.828125 0.4370117
vt 0.828125 0.3764648
vt 0.828125 0.3164063
vt 0.828125 0.2558594
vt 0.737793 0.4370117
vt 0.6992188 0.3764648
vt 0.6992188 0.4370117
vt 0.8793945 0.4370117
vt 0.9501953 0.4975586
vt 0.8793945 0.4975586
vt 0.828125 0.4975586
vt 0.7895508 0.4975586
vt 0.737793 0.4975586
vt 0.6992188 0.4975586
vt 0.6479492 0.4370117
vt 0.9824219 0.5576172
vt 0.9824219 0.4975586
vt 0.9501953 0.5576172
vt 0.8793945 0.5576172
vt 0.828125 0.5576172
vt 0.7895508 0.5576172
vt 0.737793 0.5576172
vt 0.9824219 0.6179199
vt 0.9501953 0.6179199
vt 0.8793945 0.6179199
vt 0.828125 0.6179199
vt 0.7895508 0.6179199
vt 0.828125 0.6782227
vt 0.7895508 0.6782227
vt 0.9824219 0.6782227
vt 0.9501953 0.6782227
vt 0.8793945 0.6782227
vt 0.8793945 0.7387695
vt 0.828125 0.7387695
vt 0.8793945 0.7989502
vt 0.828125 0.7989502
vt 0.9824219 0.7387695
vt 0.9501953 0.7387695
vt 0.9501953 0.7989502
vt 0.9501953 0.859375
vt 0.8793945 0.859375
vt 0.9501953 0.9196167
vt 0.8793945 0.9196777
vt 0.9501953 0.9940834
vt 0.8793945 0.994175
vt 0.9824219 0.9939919
vt 0.9824219 0.9195557
vt 0.9824219 0.859375
vt 0.9824219 0.7989502
vt 0.828125 0.859375
vt 0.828125 0.9196777
vt 0.828125 0.994175
vt 0.7895508 0.7387695
vt 0.7895508 0.7989502
vt 0.7895508 0.859375
vt 0.7895508 0.9196777
vt 0.7895508 0.994175
vt 0.737793 0.6179199
vt 0.737793 0.6782227
vt 0.737793 0.7387695
vt 0.737793 0.7989502
vt 0.737793 0.859375
vt 0.6992188 0.6782227
vt 0.6992188 0.6179199
vt 0.6992188 0.5576172
vt 0.6479492 0.4975586
vt 0.6479492 0.5576172
vt 0.6479492 0.6179199
vt 0.6479492 0.6782227
vt 0.6992188 0.7387695
vt 0.6479492 0.7387695
vt 0.6992188 0.7989502
vt 0.6479492 0.7989502
vt 0.6992188 0.859375
vt 0.5966797 0.4975586
vt 0.5966797 0.5576172
vt 0.5966797 0.6179199
vt 0.5966797 0.6782227
vt 0.5966797 0.7387695
vt 0.5966797 0.7989502
vt 0.5449219 0.6179199
vt 0.5449219 0.6782227
vt 0.5449219 0.7387695
vt 0.5449219 0.7989502
vt 0.5966797 0.859375
vt 0.5449219 0.859375
vt 0.5966797 0.9196777
vt 0.5449219 0.9196777
vt 0.5966797 0.994175
vt 0.5449219 0.994175
vt 0.6479492 0.859375
vt 0.6479492 0.9196777
vt 0.6992188 0.9196777
vt 0.737793 0.9196777
vt 0.737793 0.994175
vt 0.6992188 0.994175
vt 0.6479492 0.994175
vt 0.828125 0.2558594
vt 0.828125 0.1958008
vt 0.7895508 0.1958008
vt 0.7895508 0.2558594
vt 0.737793 0.1958008
vt 0.737793 0.2558594
vt 0.7895508 0.3164063
vt 0.737793 0.3164063
vt 0.7895508 0.3764648
vt 0.737793 0.3764648
vt 0.7895508 0.4370117
vt 0.737793 0.4370117
vt 0.6992188 0.1958008
vt 0.6992188 0.2558594
vt 0.6992188 0.3164063
vt 0.6992188 0.3764648
vt 0.6992188 0.4370117
vt 0.737793 0.4975586
vt 0.6992188 0.4975586
vt 0.6479492 0.1958008
vt 0.6479492 0.2558594
vt 0.6479492 0.3164063
vt 0.6479492 0.3764648
vt 0.6479492 0.4370117
vt 0.6479492 0.4975586
vt 0.6992188 0.5576172
vt 0.5966797 0.1958008
vt 0.6479492 0.1352539
vt 0.5966797 0.2558594
vt 0.5966797 0.3164063
vt 0.5966797 0.3764648
vt 0.5966797 0.4370117
vt 0.5966797 0.1352539
vt 0.5966797 0.07470703
vt 0.6479492 0.07470703
vt 0.5449219 0.3164063
vt 0.5449219 0.3764648
vt 0.5449219 0.2558594
vt 0.5449219 0.1958008
vt 0.5449219 0.1352539
vt 0.5449219 0.07470703
vt 0.5449219 0.0004882813
vt 0.5966797 0.0004882813
vt 0.6479492 0.0004882813
vt 0.6992188 0.07470703
vt 0.6992188 0.0004882813
vt 0.737793 0.07470703
vt 0.737793 0.0004882813
vt 0.7895508 0.07470703
vt 0.7895508 0.0004882813
vt 0.828125 0.07470703
vt 0.828125 0.1352539
vt 0.8793945 0.1352539
vt 0.7895508 0.1352539
vt 0.737793 0.1352539
vt 0.6992188 0.1352539
vt 0.8793945 0.1958008
vt 0.8793945 0.3164063
vt 0.8793945 0.3764648
vt 0.9501953 0.3764648
vt 0.9501953 0.3164063
vt 0.8793945 0.2558594
vt 0.9501953 0.2558594
vt 0.9501953 0.1958008
vt 0.9501953 0.1352539
vt 0.8793945 0.07470703
vt 0.828125 0.0004882813
vt 0.8793945 0.0004882813
vt 0.9501953 0.07470703
vt 0.9824219 0.1352539
vt 0.9824219 0.1958008
vt 0.9824219 0.2558594
vt 0.9824219 0.07470703
vt 0.9501953 0.0004882813
vt 0.9824219 0.0004882813
vt 0.9824219 0.3164063
vt 0.9824219 0.3764648
vt 0.9824219 0.4370117
vt 0.9501953 0.4370117
vt 0.9824219 0.4975586
vt 0.9501953 0.4975586
vt 0.9824219 0.5576172
vt 0.8793945 0.6179199
vt 0.8793945 0.6782227
vt 0.9501953 0.6782227
vt 0.9501953 0.6179199
vt 0.8793945 0.5576172
vt 0.9501953 0.5576172
vt 0.8793945 0.4975586
vt 0.8793945 0.4370117
vt 0.9824219 0.6179199
vt 0.9824219 0.6782227
vt 0.9824219 0.7387695
vt 0.9501953 0.7387695
vt 0.9824219 0.7989502
vt 0.9501953 0.7989502
vt 0.8793945 0.7387695
vt 0.6992188 0.6782227
vt 0.6992188 0.7387695
vt 0.737793 0.7387695
vt 0.737793 0.6782227
vt 0.7895508 0.7387695
vt 0.7895508 0.6782227
vt 0.828125 0.7387695
vt 0.828125 0.6782227
vt 0.8793945 0.7989502
vt 0.828125 0.7989502
vt 0.7895508 0.7989502
vt 0.737793 0.7989502
vt 0.6992188 0.7989502
vt 0.6479492 0.7387695
vt 0.9824219 0.859375
vt 0.9501953 0.859375
vt 0.8793945 0.859375
vt 0.828125 0.859375
vt 0.7895508 0.859375
vt 0.737793 0.859375
vt 0.9824219 0.9195557
vt 0.9501953 0.9196167
vt 0.8793945 0.9196777
vt 0.828125 0.9196777
vt 0.7895508 0.9196777
vt 0.737793 0.9196777
vt 0.9824219 0.9939919
vt 0.9501953 0.9940834
vt 0.8793945 0.994175
vt 0.828125 0.994175
vt 0.7895508 0.994175
vt 0.737793 0.994175
vt 0.6992188 0.9196777
vt 0.6992188 0.994175
vt 0.6992188 0.859375
vt 0.6479492 0.859375
vt 0.6479492 0.9196777
vt 0.6479492 0.994175
vt 0.6479492 0.7989502
vt 0.5966797 0.7989502
vt 0.5966797 0.859375
vt 0.5966797 0.9196777
vt 0.5966797 0.994175
vt 0.5966797 0.7387695
vt 0.5449219 0.7387695
vt 0.5449219 0.7989502
vt 0.5449219 0.859375
vt 0.5449219 0.9196777
vt 0.5449219 0.994175
vt 0.5966797 0.4975586
vt 0.6479492 0.5576172
vt 0.5966797 0.5576172
vt 0.6479492 0.6179199
vt 0.5966797 0.6179199
vt 0.6479492 0.6782227
vt 0.5966797 0.6782227
vt 0.5449219 0.6782227
vt 0.6992188 0.6179199
vt 0.737793 0.5576172
vt 0.737793 0.6179199
vt 0.7895508 0.4975586
vt 0.7895508 0.5576172
vt 0.7895508 0.6179199
vt 0.828125 0.3164063
vt 0.828125 0.3764648
vt 0.828125 0.4370117
vt 0.828125 0.4975586
vt 0.828125 0.5576172
vt 0.828125 0.6179199
vt 0.3503418 0.3701172
vt 0.3193359 0.3676758
vt 0.3193359 0.3676758
vt 0.3503418 0.3701172
vt 0.373291 0.3676758
vt 0.3769531 0.3452148
vt 0.347168 0.2006836
vt 0.3964844 0.2333984
vt 0.4577637 0.1782227
vt 0.4892578 0.1157227
vt 0.5004883 0.1401367
vt 0.402832 0.1176758
vt 0.345459 0.1391602
vt 0.3337402 0.1342773
vt 0.2265625 0.08789063
vt 0.208374 0.1083984
vt 0.4733887 0.09082031
vt 0.2775879 0.2148438
vt 0.1915283 0.1435547
vt 0.2978516 0.2319336
vt 0.3034668 0.2670898
vt 0.3193359 0.3676758
vt 0.3503418 0.3701172
vt 0.3193359 0.3676758
vt 0.3034668 0.2670898
vt 0.347168 0.2006836
vt 0.2978516 0.2319336
vt 0.2775879 0.2148438
vt 0.208374 0.1083984
vt 0.2265625 0.08789063
vt 0.1915283 0.1435547
vt 0.4892578 0.1157227
vt 0.402832 0.1176758
vt 0.4733887 0.09082031
vt 0.345459 0.1391602
vt 0.3337402 0.1342773
vt 0.3769531 0.3452148
vt 0.373291 0.3676758
vt 0.3964844 0.2333984
vt 0.4577637 0.1782227
vt 0.5004883 0.1401367
vt 0.3193359 0.3676758
vt 0.3503418 0.3701172
vt 0.3503418 0.3701172
vt 0.7895508 0.5576172
vt 0.7895508 0.6179199
vt 0.7895508 0.6782227
vt 0.7895508 0.7387695
vt 0.7895508 0.7989502
vt 0.737793 0.7387695
vt 0.737793 0.7989502
vt 0.828125 0.859375
vt 0.7895508 0.859375
vt 0.737793 0.859375
vt 0.828125 0.9196777
vt 0.7895508 0.9196777
vt 0.737793 0.9196777
vt 0.6992188 0.859375
vt 0.6992188 0.9196777
vt 0.6479492 0.9196777
vt 0.6992188 0.994175
vt 0.6479492 0.994175
vt 0.737793 0.994175
vt 0.7895508 0.994175
vt 0.828125 0.994175
vt 0.6479492 0.859375
vt 0.5966797 0.859375
vt 0.5966797 0.9196777
vt 0.5966797 0.994175
vt 0.5449219 0.6782227
vt 0.5966797 0.7387695
vt 0.5449219 0.7387695
vt 0.5966797 0.7989502
vt 0.5449219 0.7989502
vt 0.5449219 0.859375
vt 0.5449219 0.9196777
vt 0.5449219 0.994175
vt 0.6479492 0.7989502
vt 0.6479492 0.7387695
vt 0.5966797 0.6782227
vt 0.6479492 0.6782227
vt 0.5966797 0.6179199
vt 0.6479492 0.6179199
vt 0.6992188 0.7989502
vt 0.6992188 0.7387695
vt 0.6992188 0.6782227
vt 0.6992188 0.6179199
vt 0.737793 0.6782227
vt 0.737793 0.6179199
vt 0.0007791519 0.998991
vt 0.002613068 0.9989567
vt 0.002309799 0.9992619
vt 0.001914024 0.9994283
vt 0.001085281 0.9992671
vt 0.001482964 0.9994302
vt 0.0006132126 0.9985666
vt 0.0006113052 0.9981365
vt 0.0007748604 0.9977379
vt 0.001077652 0.9974327
vt 0.00147438 0.9972668
vt 0.001905441 0.9972649
vt 0.00230217 0.9974289
vt 0.002609253 0.9977322
vt 0.002775192 0.9981279
vt 0.0027771 0.998558
vt 0.6992188 0.07470703
vt 0.6992188 0.0004882813
vt 0.6479492 0.0004882813
vt 0.6479492 0.07470703
vt 0.5966797 0.0004882813
vt 0.5966797 0.07470703
vt 0.5449219 0.0004882813
vt 0.5449219 0.07470703
vt 0.7895508 0.1352539
vt 0.7895508 0.07470703
vt 0.737793 0.07470703
vt 0.737793 0.1352539
vt 0.6992188 0.1352539
vt 0.6479492 0.1352539
vt 0.5966797 0.1352539
vt 0.5449219 0.1352539
vt 0.6992188 0.1958008
vt 0.737793 0.1958008
vt 0.6479492 0.1958008
vt 0.5966797 0.1958008
vt 0.6992188 0.2558594
vt 0.6479492 0.2558594
vt 0.5966797 0.2558594
vt 0.6479492 0.3164063
vt 0.5966797 0.3164063
vt 0.6479492 0.3764648
vt 0.5966797 0.3764648
vt 0.6479492 0.4370117
vt 0.5966797 0.4370117
vt 0.5449219 0.1958008
vt 0.5449219 0.2558594
vt 0.5449219 0.3164063
vt 0.5449219 0.3764648
vt 0.5449219 0.4370117
vt 0.5966797 0.4975586
vt 0.5449219 0.4975586
vt 0.5966797 0.5576172
vt 0.5449219 0.5576172
vt 0.5966797 0.6179199
vt 0.5449219 0.6179199
vt 0.5966797 0.6782227
vt 0.5449219 0.6782227
vt 0.5966797 0.7387695
vt 0.5449219 0.7387695
vt 0.6479492 0.4975586
vt 0.6479492 0.5576172
vt 0.6479492 0.6179199
vt 0.6479492 0.6782227
vt 0.6479492 0.7387695
vt 0.6992188 0.7387695
vt 0.6992188 0.6782227
vt 0.6992188 0.7989502
vt 0.6479492 0.7989502
vt 0.6992188 0.859375
vt 0.6479492 0.859375
vt 0.5966797 0.7989502
vt 0.5966797 0.859375
vt 0.6479492 0.9196777
vt 0.5966797 0.9196777
vt 0.5449219 0.7989502
vt 0.5449219 0.859375
vt 0.5449219 0.9196777
vt 0.5966797 0.994175
vt 0.5449219 0.994175
vt 0.6479492 0.994175
vt 0.6992188 0.994175
vt 0.6992188 0.9196777
vt 0.737793 0.994175
vt 0.737793 0.9196777
vt 0.7895508 0.994175
vt 0.7895508 0.9196777
vt 0.828125 0.994175
vt 0.828125 0.9196777
vt 0.737793 0.859375
vt 0.7895508 0.859375
vt 0.828125 0.859375
vt 0.8793945 0.9196777
vt 0.8793945 0.859375
vt 0.828125 0.7989502
vt 0.828125 0.7387695
vt 0.7895508 0.7387695
vt 0.7895508 0.7989502
vt 0.7895508 0.6782227
vt 0.7895508 0.6179199
vt 0.737793 0.6179199
vt 0.737793 0.6782227
vt 0.737793 0.7387695
vt 0.737793 0.7989502
vt 0.737793 0.5576172
vt 0.737793 0.4975586
vt 0.6992188 0.4975586
vt 0.6992188 0.5576172
vt 0.6992188 0.6179199
vt 0.6992188 0.4370117
vt 0.6992188 0.3764648
vt 0.828125 0.3164063
vt 0.828125 0.2558594
vt 0.7895508 0.2558594
vt 0.7895508 0.3164063
vt 0.737793 0.2558594
vt 0.737793 0.3164063
vt 0.6992188 0.3164063
vt 0.828125 0.3764648
vt 0.7895508 0.3764648
vt 0.737793 0.3764648
vt 0.737793 0.4370117
vt 0.828125 0.4370117
vt 0.7895508 0.4370117
vt 0.7895508 0.4975586
vt 0.7895508 0.5576172
vt 0.828125 0.4975586
vt 0.828125 0.5576172
vt 0.828125 0.6179199
vt 0.828125 0.6782227
vt 0.8793945 0.7989502
vt 0.8793945 0.7387695
vt 0.8793945 0.6782227
vt 0.8793945 0.6179199
vt 0.8793945 0.5576172
vt 0.9501953 0.6782227
vt 0.9501953 0.6179199
vt 0.9501953 0.7387695
vt 0.9501953 0.7989502
vt 0.9501953 0.859375
vt 0.9501953 0.9196167
vt 0.8793945 0.994175
vt 0.9501953 0.9940834
vt 0.9824219 0.9939919
vt 0.9824219 0.9195557
vt 0.9824219 0.859375
vt 0.9824219 0.7989502
vt 0.9824219 0.7387695
vt 0.9824219 0.6782227
vt 0.9824219 0.6179199
vt 0.9501953 0.5576172
vt 0.9824219 0.5576172
vt 0.9501953 0.4975586
vt 0.9824219 0.4975586
vt 0.9501953 0.3764648
vt 0.9501953 0.3164063
vt 0.8793945 0.3164063
vt 0.8793945 0.3764648
vt 0.9501953 0.4370117
vt 0.8793945 0.4370117
vt 0.8793945 0.4975586
vt 0.8793945 0.2558594
vt 0.9501953 0.2558594
vt 0.9501953 0.1958008
vt 0.8793945 0.1958008
vt 0.828125 0.1958008
vt 0.7895508 0.1958008
vt 0.9824219 0.1958008
vt 0.9824219 0.1352539
vt 0.9501953 0.1352539
vt 0.8793945 0.1352539
vt 0.828125 0.1352539
vt 0.9824219 0.07470703
vt 0.9824219 0.0004882813
vt 0.9501953 0.0004882813
vt 0.9501953 0.07470703
vt 0.8793945 0.07470703
vt 0.828125 0.07470703
vt 0.8793945 0.0004882813
vt 0.828125 0.0004882813
vt 0.7895508 0.0004882813
vt 0.737793 0.0004882813
vt 0.828125 0.1958008
vt 0.828125 0.1352539
vt 0.8793945 0.1352539
vt 0.8793945 0.1958008
vt 0.8793945 0.2558594
vt 0.8793945 0.3164063
vt 0.8793945 0.3764648
vt 0.9501953 0.4370117
vt 0.9501953 0.3764648
vt 0.9501953 0.3164063
vt 0.9501953 0.2558594
vt 0.9501953 0.1958008
vt 0.9824219 0.2558594
vt 0.9824219 0.3164063
vt 0.9824219 0.3764648
vt 0.9824219 0.4370117
vt 0.7895508 0.0004882813
vt 0.828125 0.07470703
vt 0.7895508 0.07470703
vt 0.828125 0.0004882813
vt 0.8793945 0.07470703
vt 0.8793945 0.0004882813
vt 0.9501953 0.07470703
vt 0.9501953 0.1352539
vt 0.9824219 0.1352539
vt 0.9824219 0.1958008
vt 0.9501953 0.0004882813
vt 0.9824219 0.07470703
vt 0.9824219 0.0004882813
vt 0.7895508 0.1352539
vt 0.737793 0.07470703
vt 0.737793 0.1352539
vt 0.6992188 0.07470703
vt 0.6479492 0.1958008
vt 0.6992188 0.1352539
vt 0.6479492 0.1352539
vt 0.6479492 0.07470703
vt 0.5966797 0.07470703
vt 0.5966797 0.1352539
vt 0.5966797 0.1958008
vt 0.6479492 0.2558594
vt 0.5449219 0.0004882813
vt 0.5449219 0.07470703
vt 0.5966797 0.0004882813
vt 0.6479492 0.0004882813
vt 0.6992188 0.0004882813
vt 0.737793 0.0004882813
vt 0.5449219 0.3164063
vt 0.5966797 0.3764648
vt 0.5449219 0.3764648
vt 0.5966797 0.3164063
vt 0.5449219 0.2558594
vt 0.5966797 0.2558594
vt 0.5449219 0.1958008
vt 0.5449219 0.1352539
vt 0.6479492 0.3164063
vt 0.6479492 0.3764648
vt 0.5966797 0.4370117
vt 0.5449219 0.4370117
vt 0.5449219 0.4975586
vt 0.5449219 0.5576172
vt 0.373291 0.3676758
vt 0.3503418 0.3701172
vt 0.3503418 0.3701172
vt 0.5449219 0.4370117
vt 0.5449219 0.4975586
vt 0.5449219 0.5576172
vt 0.5449219 0.6179199
vt 0.5449219 0.6179199
vt 0.5449219 0.5576172
vt 0.5449219 0.4975586
vt 0.5449219 0.4370117
vt 0.9824219 0.4370117
vt 0.9824219 0.3764648
vt 0.9824219 0.3164063
vt 0.9824219 0.2558594
vt 0.3793945 0.6235352
vt 0.4470215 0.651123
vt 0.3435059 0.807251
vt 0.4987793 0.7026367
vt 0.5268555 0.7700195
vt 0.5273438 0.8430176
vt 0.4997559 0.9105225
vt 0.4482422 0.9623718
vt 0.3808594 0.9905853
vt 0.3078613 0.9908752
vt 0.2402344 0.9631958
vt 0.1884766 0.9118042
vt 0.1602783 0.8444824
vt 0.1599121 0.7713623
vt 0.1876221 0.7038574
vt 0.2390137 0.6520996
vt 0.3063965 0.6237793
vt 0.4482422 0.9623718
vt 0.3808594 0.9905853
vt 0.3435059 0.807251
vt 0.3078613 0.9908752
vt 0.2402344 0.9631958
vt 0.1884766 0.9118042
vt 0.1602783 0.8444824
vt 0.1599121 0.7713623
vt 0.1876221 0.7038574
vt 0.2390137 0.6520996
vt 0.3063965 0.6237793
vt 0.3793945 0.6235352
vt 0.4470215 0.651123
vt 0.4987793 0.7026367
vt 0.5268555 0.7700195
vt 0.5273438 0.8430176
vt 0.4997559 0.9105225
vt 0.4482422 0.9623718
vt 0.3435059 0.807251
vt 0.3808594 0.9905853
vt 0.3078613 0.9908752
vt 0.2402344 0.9631958
vt 0.1884766 0.9118042
vt 0.1602783 0.8444824
vt 0.1599121 0.7713623
vt 0.1876221 0.7038574
vt 0.2390137 0.6520996
vt 0.3063965 0.6237793
vt 0.3793945 0.6235352
vt 0.4470215 0.651123
vt 0.4987793 0.7026367
vt 0.5268555 0.7700195
vt 0.5273438 0.8430176
vt 0.4997559 0.9105225
vt 0.3503418 0.3701172
vt 0.373291 0.3676758
vt 0.373291 0.3676758
vt 0.1599121 0.7713623
vt 0.3435059 0.807251
vt 0.1876221 0.7038574
vt 0.2390137 0.6520996
vt 0.3063965 0.6237793
vt 0.3793945 0.6235352
vt 0.4470215 0.651123
vt 0.4987793 0.7026367
vt 0.5268555 0.7700195
vt 0.5273438 0.8430176
vt 0.4997559 0.9105225
vt 0.4482422 0.9623718
vt 0.3808594 0.9905853
vt 0.3078613 0.9908752
vt 0.2402344 0.9631958
vt 0.1884766 0.9118042
vt 0.1602783 0.8444824
vt 0.3769531 0.3452148
vt 0.373291 0.3676758
vt 0.373291 0.3676758
vt 0.3220215 0.3847656
vt 0.3193359 0.3676758
vt 0.3034668 0.2670898
vt 0.373291 0.3676758
vt 0.3769531 0.3452148
vt 0.3769531 0.3452148
vt 0.3703613 0.3847656
vt 0.3769531 0.3452148
vt 0.373291 0.3676758
vt 0.3964844 0.2333984
vt 0.3769531 0.3452148
vt 0.3769531 0.3452148
vt 0.2088623 0.08007813
vt 0.2265625 0.08789063
vt 0.3337402 0.1342773
vt 0.3769531 0.3452148
vt 0.3964844 0.2333984
vt 0.3964844 0.2333984
vt 0.4909668 0.08398438
vt 0.402832 0.1176758
vt 0.4733887 0.09082031
vt 0.4577637 0.1782227
vt 0.3964844 0.2333984
vt 0.3964844 0.2333984
vt 0.373291 0.3676758
vt 0.3503418 0.3701172
vt 0.3193359 0.3676758
vt 0.3964844 0.2333984
vt 0.4577637 0.1782227
vt 0.4577637 0.1782227
vt 0.2775879 0.2148438
vt 0.2978516 0.2319336
vt 0.2978516 0.2319336
vt 0.5004883 0.1401367
vt 0.4577637 0.1782227
vt 0.4577637 0.1782227
vt 0.2978516 0.2319336
vt 0.2775879 0.2148438
vt 0.2775879 0.2148438
vt 0.4577637 0.1782227
vt 0.5004883 0.1401367
vt 0.5004883 0.1401367
vt 0.1915283 0.1435547
vt 0.2775879 0.2148438
vt 0.2775879 0.2148438
vt 0.4892578 0.1157227
vt 0.5004883 0.1401367
vt 0.5004883 0.1401367
vt 0.5004883 0.1401367
vt 0.4892578 0.1157227
vt 0.4733887 0.09082031
vt 0.4892578 0.1157227
vt 0.4892578 0.1157227
vt 0.2775879 0.2148438
vt 0.1915283 0.1435547
vt 0.1915283 0.1435547
vt 0.4892578 0.1157227
vt 0.4733887 0.09082031
vt 0.4733887 0.09082031
vt 0.208374 0.1083984
vt 0.1915283 0.1435547
vt 0.1915283 0.1435547
vt 0.402832 0.1176758
vt 0.4733887 0.09082031
vt 0.4733887 0.09082031
vt 0.1915283 0.1435547
vt 0.208374 0.1083984
vt 0.208374 0.1083984
vt 0.4733887 0.09082031
vt 0.402832 0.1176758
vt 0.402832 0.1176758
vt 0.2265625 0.08789063
vt 0.208374 0.1083984
vt 0.208374 0.1083984
vt 0.2265625 0.08789063
vt 0.2265625 0.08789063
vt 0.3337402 0.1342773
vt 0.2265625 0.08789063
vt 0.2265625 0.08789063
vt 0.345459 0.1391602
vt 0.402832 0.1176758
vt 0.402832 0.1176758
vt 0.2265625 0.08789063
vt 0.3337402 0.1342773
vt 0.3337402 0.1342773
vt 0.402832 0.1176758
vt 0.345459 0.1391602
vt 0.345459 0.1391602
vt 0.345459 0.1391602
vt 0.3337402 0.1342773
vt 0.3337402 0.1342773
vt 0.3337402 0.1342773
vt 0.345459 0.1391602
vt 0.345459 0.1391602
vt 0.3337402 0.1342773
vt 0.345459 0.1391602
vt 0.345459 0.1391602
vt 0.345459 0.1391602
vt 0.3337402 0.1342773
vt 0.3337402 0.1342773
vt 0.402832 0.1176758
vt 0.345459 0.1391602
vt 0.345459 0.1391602
vt 0.2265625 0.08789063
vt 0.3337402 0.1342773
vt 0.3337402 0.1342773
vt 0.345459 0.1391602
vt 0.402832 0.1176758
vt 0.402832 0.1176758
vt 0.3337402 0.1342773
vt 0.2265625 0.08789063
vt 0.2265625 0.08789063
vt 0.4733887 0.09082031
vt 0.402832 0.1176758
vt 0.402832 0.1176758
vt 0.208374 0.1083984
vt 0.2265625 0.08789063
vt 0.2265625 0.08789063
vt 0.402832 0.1176758
vt 0.4733887 0.09082031
vt 0.4733887 0.09082031
vt 0.2265625 0.08789063
vt 0.208374 0.1083984
vt 0.208374 0.1083984
vt 0.4892578 0.1157227
vt 0.4733887 0.09082031
vt 0.4733887 0.09082031
vt 0.1915283 0.1435547
vt 0.208374 0.1083984
vt 0.208374 0.1083984
vt 0.1915283 0.1435547
vt 0.1915283 0.1435547
vt 0.2775879 0.2148438
vt 0.1915283 0.1435547
vt 0.1915283 0.1435547
vt 0.4733887 0.09082031
vt 0.4892578 0.1157227
vt 0.4892578 0.1157227
vt 0.1915283 0.1435547
vt 0.2775879 0.2148438
vt 0.2775879 0.2148438
vt 0.5004883 0.1401367
vt 0.4892578 0.1157227
vt 0.4892578 0.1157227
vt 0.2978516 0.2319336
vt 0.2775879 0.2148438
vt 0.2775879 0.2148438
vt 0.4892578 0.1157227
vt 0.5004883 0.1401367
vt 0.5004883 0.1401367
vt 0.2775879 0.2148438
vt 0.2978516 0.2319336
vt 0.2978516 0.2319336
vt 0.4577637 0.1782227
vt 0.5004883 0.1401367
vt 0.5004883 0.1401367
vt 0.373291 0.3676758
vt 0.3503418 0.3701172
vt 0.3193359 0.3676758
vt 0.5004883 0.1401367
vt 0.4577637 0.1782227
vt 0.4577637 0.1782227
vt 0.4909668 0.08398438
vt 0.402832 0.1176758
vt 0.4733887 0.09082031
vt 0.3964844 0.2333984
vt 0.4577637 0.1782227
vt 0.4577637 0.1782227
vt 0.2088623 0.08007813
vt 0.2265625 0.08789063
vt 0.3337402 0.1342773
vt 0.4577637 0.1782227
vt 0.3964844 0.2333984
vt 0.3964844 0.2333984
vt 0.3703613 0.3847656
vt 0.3769531 0.3452148
vt 0.373291 0.3676758
vt 0.3769531 0.3452148
vt 0.3964844 0.2333984
vt 0.3964844 0.2333984
vt 0.3220215 0.3847656
vt 0.3193359 0.3676758
vt 0.3034668 0.2670898
vt 0.3964844 0.2333984
vt 0.3769531 0.3452148
vt 0.3769531 0.3452148
vt 0.4577637 0.1782227
vt 0.5161133 0.1264648
vt 0.5004883 0.1401367
vt 0.373291 0.3676758
vt 0.3769531 0.3452148
vt 0.3769531 0.3452148
vt 0.3034668 0.2670898
vt 0.2978516 0.2319336
vt 0.2978516 0.2319336
vt 0.3769531 0.3452148
vt 0.373291 0.3676758
vt 0.373291 0.3676758
vt 0.2978516 0.2319336
vt 0.3034668 0.2670898
vt 0.3034668 0.2670898
vt 0.3503418 0.3701172
vt 0.373291 0.3676758
vt 0.373291 0.3676758
vt 0.3193359 0.3676758
vt 0.3034668 0.2670898
vt 0.3034668 0.2670898
vt 0.373291 0.3676758
vt 0.3503418 0.3701172
vt 0.3503418 0.3701172
vt 0.3034668 0.2670898
vt 0.3193359 0.3676758
vt 0.3193359 0.3676758
vt 0.3193359 0.3676758
vt 0.3503418 0.3701172
vt 0.3503418 0.3701172
vt 0.3503418 0.3701172
vt 0.3193359 0.3676758
vt 0.3193359 0.3676758
vt 0.3503418 0.3701172
vt 0.3193359 0.3676758
vt 0.3193359 0.3676758
vt 0.3193359 0.3676758
vt 0.3503418 0.3701172
vt 0.3503418 0.3701172
vt 0.3034668 0.2670898
vt 0.3193359 0.3676758
vt 0.3193359 0.3676758
vt 0.373291 0.3676758
vt 0.3503418 0.3701172
vt 0.3503418 0.3701172
vt 0.3193359 0.3676758
vt 0.3034668 0.2670898
vt 0.3034668 0.2670898
vt 0.3503418 0.3701172
vt 0.373291 0.3676758
vt 0.373291 0.3676758
vt 0.2978516 0.2319336
vt 0.3034668 0.2670898
vt 0.3034668 0.2670898
vt 0.3769531 0.3452148
vt 0.373291 0.3676758
vt 0.373291 0.3676758
vt 0.3034668 0.2670898
vt 0.2978516 0.2319336
vt 0.2978516 0.2319336
vt 0.373291 0.3676758
vt 0.3769531 0.3452148
vt 0.3769531 0.3452148
vt 0.4577637 0.1782227
vt 0.5004883 0.1401367
vt 0.5161133 0.1264648
vt 0.3964844 0.2333984
vt 0.3769531 0.3452148
vt 0.3769531 0.3452148
vt 0.3220215 0.3847656
vt 0.3034668 0.2670898
vt 0.3193359 0.3676758
vt 0.3769531 0.3452148
vt 0.3964844 0.2333984
vt 0.3964844 0.2333984
vt 0.3703613 0.3847656
vt 0.373291 0.3676758
vt 0.3769531 0.3452148
vt 0.4577637 0.1782227
vt 0.3964844 0.2333984
vt 0.3964844 0.2333984
vt 0.2088623 0.08007813
vt 0.3337402 0.1342773
vt 0.2265625 0.08789063
vt 0.3964844 0.2333984
vt 0.4577637 0.1782227
vt 0.4577637 0.1782227
vt 0.4909668 0.08398438
vt 0.4733887 0.09082031
vt 0.402832 0.1176758
vt 0.5004883 0.1401367
vt 0.4577637 0.1782227
vt 0.4577637 0.1782227
vt 0.373291 0.3676758
vt 0.3193359 0.3676758
vt 0.3503418 0.3701172
vt 0.4577637 0.1782227
vt 0.5004883 0.1401367
vt 0.5004883 0.1401367
vt 0.2775879 0.2148438
vt 0.2978516 0.2319336
vt 0.2978516 0.2319336
vt 0.4892578 0.1157227
vt 0.5004883 0.1401367
vt 0.5004883 0.1401367
vt 0.5004883 0.1401367
vt 0.4892578 0.1157227
vt 0.4733887 0.09082031
vt 0.4892578 0.1157227
vt 0.4892578 0.1157227
vt 0.2978516 0.2319336
vt 0.2775879 0.2148438
vt 0.2775879 0.2148438
vt 0.4892578 0.1157227
vt 0.4733887 0.09082031
vt 0.4733887 0.09082031
vt 0.1915283 0.1435547
vt 0.2775879 0.2148438
vt 0.2775879 0.2148438
vt 0.402832 0.1176758
vt 0.4733887 0.09082031
vt 0.4733887 0.09082031
vt 0.2775879 0.2148438
vt 0.1915283 0.1435547
vt 0.1915283 0.1435547
vt 0.4733887 0.09082031
vt 0.402832 0.1176758
vt 0.402832 0.1176758
vt 0.208374 0.1083984
vt 0.1915283 0.1435547
vt 0.1915283 0.1435547
vt 0.345459 0.1391602
vt 0.402832 0.1176758
vt 0.402832 0.1176758
vt 0.1915283 0.1435547
vt 0.208374 0.1083984
vt 0.208374 0.1083984
vt 0.402832 0.1176758
vt 0.345459 0.1391602
vt 0.345459 0.1391602
vt 0.2265625 0.08789063
vt 0.208374 0.1083984
vt 0.208374 0.1083984
vt 0.3337402 0.1342773
vt 0.345459 0.1391602
vt 0.345459 0.1391602
vt 0.208374 0.1083984
vt 0.2265625 0.08789063
vt 0.2265625 0.08789063
vt 0.345459 0.1391602
vt 0.3337402 0.1342773
vt 0.3337402 0.1342773
vt 0.3337402 0.1342773
vt 0.2265625 0.08789063
vt 0.2265625 0.08789063
vt 0.2265625 0.08789063
vt 0.3337402 0.1342773
vt 0.3337402 0.1342773
vt 0.2265625 0.08789063
vt 0.3337402 0.1342773
vt 0.3337402 0.1342773
vt 0.3337402 0.1342773
vt 0.2265625 0.08789063
vt 0.2265625 0.08789063
vt 0.345459 0.1391602
vt 0.3337402 0.1342773
vt 0.3337402 0.1342773
vt 0.208374 0.1083984
vt 0.2265625 0.08789063
vt 0.2265625 0.08789063
vt 0.3337402 0.1342773
vt 0.345459 0.1391602
vt 0.345459 0.1391602
vt 0.2265625 0.08789063
vt 0.208374 0.1083984
vt 0.208374 0.1083984
vt 0.402832 0.1176758
vt 0.345459 0.1391602
vt 0.345459 0.1391602
vt 0.1915283 0.1435547
vt 0.208374 0.1083984
vt 0.208374 0.1083984
vt 0.1915283 0.1435547
vt 0.1915283 0.1435547
vt 0.2775879 0.2148438
vt 0.1915283 0.1435547
vt 0.1915283 0.1435547
vt 0.345459 0.1391602
vt 0.402832 0.1176758
vt 0.402832 0.1176758
vt 0.1915283 0.1435547
vt 0.2775879 0.2148438
vt 0.2775879 0.2148438
vt 0.4733887 0.09082031
vt 0.402832 0.1176758
vt 0.402832 0.1176758
vt 0.2978516 0.2319336
vt 0.2775879 0.2148438
vt 0.2775879 0.2148438
vt 0.402832 0.1176758
vt 0.4733887 0.09082031
vt 0.4733887 0.09082031
vt 0.2775879 0.2148438
vt 0.2978516 0.2319336
vt 0.2978516 0.2319336
vt 0.4892578 0.1157227
vt 0.4733887 0.09082031
vt 0.4733887 0.09082031
vt 0.373291 0.3676758
vt 0.3193359 0.3676758
vt 0.3503418 0.3701172
vt 0.4733887 0.09082031
vt 0.4892578 0.1157227
vt 0.4892578 0.1157227
vt 0.4909668 0.08398438
vt 0.4733887 0.09082031
vt 0.402832 0.1176758
vt 0.5004883 0.1401367
vt 0.4892578 0.1157227
vt 0.4892578 0.1157227
vt 0.2088623 0.08007813
vt 0.3337402 0.1342773
vt 0.2265625 0.08789063
vt 0.4892578 0.1157227
vt 0.5004883 0.1401367
vt 0.5004883 0.1401367
vt 0.3703613 0.3847656
vt 0.373291 0.3676758
vt 0.3769531 0.3452148
vt 0.4577637 0.1782227
vt 0.5004883 0.1401367
vt 0.5004883 0.1401367
vt 0.3220215 0.3847656
vt 0.3034668 0.2670898
vt 0.3193359 0.3676758
vt 0.5004883 0.1401367
vt 0.4577637 0.1782227
vt 0.4577637 0.1782227
vt 0.4577637 0.1782227
vt 0.5004883 0.1401367
vt 0.5161133 0.1264648
vt 0.3964844 0.2333984
vt 0.4577637 0.1782227
vt 0.4577637 0.1782227
vt 0.3034668 0.2670898
vt 0.2978516 0.2319336
vt 0.2978516 0.2319336
vt 0.4577637 0.1782227
vt 0.3964844 0.2333984
vt 0.3964844 0.2333984
vt 0.2978516 0.2319336
vt 0.3034668 0.2670898
vt 0.3034668 0.2670898
vt 0.3769531 0.3452148
vt 0.3964844 0.2333984
vt 0.3964844 0.2333984
vt 0.3193359 0.3676758
vt 0.3034668 0.2670898
vt 0.3034668 0.2670898
vt 0.3964844 0.2333984
vt 0.3769531 0.3452148
vt 0.3769531 0.3452148
vt 0.3034668 0.2670898
vt 0.3193359 0.3676758
vt 0.3193359 0.3676758
vt 0.373291 0.3676758
vt 0.3769531 0.3452148
vt 0.3769531 0.3452148
vt 0.3503418 0.3701172
vt 0.3193359 0.3676758
vt 0.3193359 0.3676758
vt 0.3769531 0.3452148
vt 0.373291 0.3676758
vt 0.373291 0.3676758
vt 0.3193359 0.3676758
vt 0.3503418 0.3701172
vt 0.3503418 0.3701172
vt 0.3503418 0.3701172
vt 0.373291 0.3676758
vt 0.373291 0.3676758
vt 0.373291 0.3676758
vt 0.3503418 0.3701172
vt 0.3503418 0.3701172
vn -0.7637878 -0.1551444 0.6265447
vn -0.7430692 -0.4818339 0.4644183
vn -0.7715184 -0.5726113 0.2772644
vn 0.7129658 -0.6961241 0.08420856
vn 0.7154958 -0.6985943 0.005633825
vn 0.8398817 -0.3967945 -0.3703415
vn 0.8177905 -0.3734791 -0.4378721
vn 0.7100736 -0.6933002 0.1230049
vn 0.7694002 -0.3695545 -0.5210112
vn 0.8990602 -0.4247529 0.1061882
vn 0.8714794 -0.1509649 -0.4666189
vn 0.7587263 -0.08961335 -0.645216
vn 0.8166907 -0.141474 -0.5594652
vn 0.8760914 -0.1586622 -0.4552916
vn 0.8940559 -0.2252739 -0.3871896
vn 0.9136217 -0.395663 -0.09352033
vn -0.7090896 -0.443181 0.5484365
vn 0.9333695 0.0661443 -0.3527696
vn 0.9603041 0.151229 0.234405
vn 0.9618452 0.181766 0.2044868
vn 0.990677 0.1248097 0.05460424
vn 0.7931616 0.06245367 0.6058006
vn 0.8640255 0 0.5034479
vn 0.7098961 0 0.7043064
vn 0.9353927 -0.007365297 -0.3535343
vn 0.9901047 0 -0.1403298
vn 0.9528425 0.04501618 -0.3001079
vn 0.8958112 -0.007053631 -0.4443788
vn 0.965982 0.1216985 -0.2281847
vn 0.9430982 -0.1633714 0.2896129
vn 0.8986325 0 0.4387025
vn 0.9731872 -0.007662891 -0.2298868
vn 0.7539648 -0.07124078 0.6530404
vn 0.7588347 0 0.6512833
vn 0.7067125 -0.03338799 0.7067125
vn 0.8394963 0.0925429 0.5354268
vn 0.7397487 -0.139795 0.6582016
vn 0.7122927 -0.03365162 0.7010755
vn 0.7070629 -0.261669 0.6569561
vn 0.7100736 -0.6933002 0.1230049
vn 0.7314208 -0.4146637 0.5413665
vn 0.7129658 -0.6961241 0.08420856
vn 0.7336996 -0.5372761 0.4159557
vn 0.7154958 -0.6985943 0.005633825
vn 0.7500494 -0.1240239 0.6496491
vn 0.7797282 -0.2701421 0.5648425
vn 0.7836968 -0.4689839 0.4072755
vn 0.734964 -0.6307959 0.2488461
vn 0.7717407 -0.4496757 0.4496757
vn 0.722209 -0.4833682 0.4947416
vn 0.9111027 0.2152211 0.3515278
vn 0.7571606 0.2921328 0.5842656
vn 0.8250581 0.3962878 0.4027843
vn 0.7642564 0.4934568 0.4152259
vn 0.8884161 0.06295861 0.4547011
vn 0.8116714 0.5560269 0.1789512
vn 0.7481339 0.6597716 0.07068982
vn 0.7211139 0.6927236 -0.01135612
vn 0.7827436 0.6163335 -0.0862867
vn 0.9484746 -0.2240491 -0.2240491
vn 0.8728368 -0.00687273 0.4879638
vn 0.9068884 -0.007140854 0.4213104
vn 0.8930165 0 0.450024
vn 0.8873312 0 0.4611327
vn 0.9254063 -0.007286664 0.3789065
vn 0.9620937 0 0.2727194
vn 0.935418 0 0.3535438
vn 0.8128676 0 0.5824485
vn 0.9996902 0.007871577 -0.02361473
vn 0.9984536 -0.00786184 -0.05503288
vn 0.9984844 0 -0.05503457
vn 0.9984536 -0.00786184 -0.05503288
vn 0.9988859 0 -0.04719146
vn 0.9996902 -0.007871577 -0.02361473
vn 0.999938 -0.007873528 0.007873528
vn 0.982579 -0.007736843 0.1856842
vn 0.9995043 0 0.03148045
vn 0.9995043 0 0.03148045
vn 0.999969 0 0.007873772
vn 0.7098407 -0.08942875 0.6986621
vn 0.7098407 -0.08942875 0.6986621
vn 0.7098407 -0.08942875 0.6986621
vn 0.7098407 -0.08942875 0.6986621
vn 0.7041551 0.02217812 -0.7096997
vn 0.7041551 0.02217812 -0.7096997
vn 0.7041551 0.02217812 -0.7096997
vn 0.7041551 0.02217812 -0.7096997
vn 0.8749262 -0.3720159 0.3100132
vn 0.95605 -0.1957268 0.2183106
vn 0.8723424 -0.1991963 0.4464745
vn 0.8216838 -0.3623173 0.4399567
vn 0.8058986 -0.1776784 0.5647636
vn 0.7663266 -0.3017034 0.5672024
vn 0.7272714 -0.1202575 0.6757325
vn 0.7161781 -0.1917327 0.6710644
vn 0.7089995 -0.05024406 0.7034168
vn 0.7149513 -0.03940677 0.6980627
vn 0.7268425 0.00572317 0.6867803
vn 0.726664 0.02288705 0.6866117
vn 0.7126851 -0.005611694 0.7014617
vn 0.7154958 -0.005633825 0.6985943
vn 0.7268425 -0.00572317 0.6867803
vn 0.9313594 -0.3446763 0.1173366
vn 0.976259 -0.192177 0.09993202
vn 0.9962699 0 0.0862911
vn 0.9494283 0 0.3139842
vn 0.8757788 0 0.4827127
vn 0.7766749 0 0.6299017
vn 0.902117 0.4048871 0.1491689
vn 0.982579 -0.007736843 0.1856842
vn 0.8699039 -0.006849637 0.4931738
vn 0.7119008 0.6726622 0.2017986
vn 0.742322 0.2688726 0.6137308
vn 0.7155071 0 0.6986054
vn 0.9811705 0 -0.1931438
vn 0.9520657 -0.2473871 -0.1799179
vn 0.9406891 -0.274059 0.199989
vn 0.935418 0 0.3535438
vn 0.784399 -0.1605856 0.5991079
vn 0.7856739 0 0.6186408
vn 0.7182826 -0.2149192 0.6617249
vn 0.8355082 -0.5263044 0.1578913
vn 0.7683154 -0.3811328 0.5142268
vn 0.7337609 -0.5084327 0.4506563
vn 0.7471752 -0.6530429 0.1235486
vn 0.7179152 -0.5765933 0.3900484
vn 0.7165542 -0.6883434 0.1128432
vn 0.7068439 -0.6010956 0.3729019
vn 0.7050552 -0.6995036 0.1165839
vn 0.7069424 -0.6234453 0.3339886
vn 0.7070958 -0.4287116 0.562336
vn 0.7055011 -0.699946 0.1111025
vn 0.7049683 -0.6106025 0.3608105
vn 0.7065485 -0.4228165 0.5674641
vn 0.7090547 -0.1339946 0.6923054
vn 0.7075346 -0.1727053 0.68525
vn 0.7077983 -0.1170375 0.6966519
vn 0.7098517 -0.01117877 0.7042624
vn 0.7196652 0.1869996 0.6686652
vn 0.7115767 -0.2801483 0.6443411
vn 0.7404525 -0.4839177 0.4664268
vn 0.7095747 -0.6928131 0.1285057
vn 0.7042851 -0.7098306 -0.0110911
vn 0.7169423 -0.6943614 0.06209736
vn 0.7690616 -0.5752823 0.2785577
vn 0.7612848 -0.1558536 0.6294087
vn 0.7313722 -0.05758836 0.6795427
vn 0.7218589 0.4660821 0.5115536
vn 0.7321861 0.4958111 0.4669849
vn 0.7810248 0.3320893 0.5288829
vn 0.7695274 -0.3514377 0.5332158
vn 0.7592685 -0.5978492 0.2570752
vn 0.7448328 -0.1172965 0.6568604
vn 0.7584692 0.5852755 0.2866655
vn 0.7491485 0.3126368 0.5839819
vn 0.7141483 0.5060894 -0.4835965
vn 0.7376369 -0.389147 0.5517756
vn 0.7132918 -0.2583577 0.6515107
vn 0.7223025 -0.1421855 0.6768031
vn 0.7182826 0.01131154 0.6956595
vn 0.7402386 -0.05245785 0.6702948
vn 0.7651991 -0.3374106 0.5482923
vn 0.7569588 -0.5125863 0.4053008
vn 0.7619832 -0.6299862 0.1499967
vn 0.7155071 0 0.6986054
vn 0.7470847 0 0.6647289
vn 0.7110858 -0.06718921 0.6998876
vn 0.7096523 -0.2626272 0.6537741
vn 0.709475 -0.09496909 0.6983022
vn 0.7093976 -0.2178465 0.670297
vn 0.7098517 -0.01117877 0.7042624
vn 0.9878259 0 0.1555631
vn 0.9921572 0 0.1249962
vn 0.9736734 -0.2146682 0.0766672
vn 0.9254309 -0.3497691 0.1457371
vn 0.726664 -0.6866117 -0.02288705
vn 0.7234383 -0.6835638 -0.0968382
vn 0.8465726 -0.1999778 0.4932785
vn 0.7763846 -0.09169897 0.623553
vn 0.9279719 0 0.3726501
vn 0.8037814 0 0.5949248
vn 0.726664 -0.6866117 -0.02288705
vn 0.7243438 -0.1939188 -0.6616053
vn 0.7055447 -0.5333251 -0.4666595
vn 0.7172852 0.2372124 -0.6551582
vn 0.7172852 0.2372124 -0.6551582
vn 0.7093091 0.2904257 -0.6422877
vn 0.7042851 0.3438242 -0.6211018
vn 0.713731 0.4327345 -0.5507531
vn 0.7239553 0.4674357 -0.5073388
vn 0.7472916 0.5119241 -0.4236613
vn 0.7564484 0.5181969 -0.3990712
vn 0.7695274 0.5332158 -0.3514377
vn 0.7759352 0.5376559 -0.3299252
vn 0.8009471 0.5486802 -0.2396535
vn 0.8192696 0.54833 -0.1677245
vn 0.837013 0.5404336 -0.0856785
vn 0.8340296 0.5450745 -0.0853731
vn 0.7049358 -0.6771824 -0.2109257
vn 0.9033256 -0.2773992 -0.3271888
vn 0.7581719 -0.4954981 -0.4238598
vn 0.7055011 -0.6888357 -0.1666538
vn 0.722209 -0.4947416 -0.4833682
vn 0.7077324 -0.7021597 -0.07801774
vn 0.7043176 -0.4935769 -0.5102143
vn 0.7068329 -0.7068329 -0.02782807
vn 0.7102513 -0.5033277 -0.4921426
vn 0.7043176 -0.7098634 -0.005545808
vn 0.7115209 -0.5546501 -0.4313946
vn 0.8174178 -0.3668725 -0.4441089
vn 0.7275578 0.4525753 0.5155922
vn 0.7272714 0.4466707 0.5211158
vn 0.7199426 0.4705137 0.5101956
vn 0.7119904 0.4372854 0.5494099
vn 0.7092095 0.4076559 0.5751857
vn 0.715405 0.4055839 0.5689441
vn 0.7425377 0.4794338 0.4677403
vn 0.7576454 0.5249827 0.3877713
vn 0.8013297 0.536323 0.2650067
vn 0.8058986 0.558418 0.1967154
vn 0.8108604 0.5810102 0.070232
vn 0.7915577 0.6108083 0.01869821
vn 0.7914501 0.6107252 -0.02492756
vn 0.7765442 0.6297957 -0.01834356
vn 0.9041494 -0.007119286 -0.4271572
vn 0.7581719 -0.4954981 -0.4238598
vn 0.9033256 -0.2773992 -0.3271888
vn 0.9865733 -0.007768294 -0.1631342
vn 0.812851 -0.006400402 -0.5824366
vn 0.812851 -0.006400402 -0.5824366
vn 0.7043284 0 -0.7098743
vn 0.7043284 0 -0.7098743
vn 0.7211487 -0.005678337 -0.6927571
vn 0.855088 -0.006732977 -0.5184392
vn 0.8174178 -0.3668725 -0.4441089
vn 0.7115209 -0.5546501 -0.4313946
vn 0.7102513 -0.5033277 -0.4921426
vn 0.7071068 0 -0.7071068
vn 0.7043176 -0.4935769 -0.5102143
vn 0.7268425 -0.00572317 -0.6867803
vn 0.722209 -0.4947416 -0.4833682
vn 0.812851 -0.006400402 -0.5824366
vn 0.7043176 -0.7098634 -0.005545808
vn 0.7043284 -0.7098743 0
vn 0.7043176 -0.7098634 -0.005545808
vn 0.7043176 -0.7098634 -0.005545808
vn 0.7043176 -0.7098634 -0.005545808
vn 0.7043176 -0.7098634 -0.005545808
vn 0.7071068 0.7071068 0
vn 0.7070958 0.7070958 -0.005567683
vn 0.7071068 0.7071068 0
vn 0.7071068 0.7071068 0
vn 0.7071068 0.7071068 0
vn 0.7071068 0.7071068 0
vn 0.9696634 -0.007635145 -0.2443246
vn 0.8737038 0.233905 -0.4265326
vn 0.9974676 -0.007854076 0.07068668
vn 0.7529306 -0.005928587 -0.6580732
vn 0.7043176 -0.005545808 -0.7098634
vn 0.7043284 0 -0.7098743
vn 0.7119792 0.5157644 -0.4765215
vn 0.7155071 0 -0.6986054
vn 0.7043176 -0.005545808 -0.7098634
vn 0.9939483 -0.007826365 0.1095691
vn 0.9939483 -0.007826365 0.1095691
vn 0.9939483 -0.007826365 0.1095691
vn 0.9974676 -0.007854076 0.07068668
vn 0.9974676 -0.007854076 0.07068668
vn 0.9984536 -0.00786184 0.05503288
vn 0.999195 -0.007867677 0.03933839
vn 0.999845 -0.007872796 0.01574559
vn 0.9471548 -0.007457912 0.3206902
vn 0.9471548 -0.007457912 0.3206902
vn 0.999845 -0.007872796 0.01574559
vn 0.8552819 0.4579462 0.2424421
vn 0.8640055 -0.006803193 0.5034363
vn 0.7071068 0 0.7071068
vn 0.7070958 -0.005567683 0.7070958
vn 0.7126851 -0.005611694 0.7014617
vn 0.7325758 -0.005768314 0.680661
vn 0.7183285 0 0.695704
vn 0.7470847 0 0.6647289
vn 0.7278804 -0.1891343 0.6591042
vn 0.7297164 0 0.68375
vn 0.7071068 0 0.7071068
vn 0.7098961 0 -0.7043064
vn 0.7297164 0 -0.68375
vn 0.7154958 -0.005633825 -0.6985943
vn 0.7441548 -0.005859487 -0.6679815
vn 0.8430958 -0.006638549 -0.5377225
vn 0.9096059 -0.007162251 -0.4154105
vn 0.9979911 -0.007858197 -0.06286558
vn 0.9877961 -0.007777922 0.1555584
vn 0.8815619 -0.006941432 0.4720174
vn 0.8158813 -0.006424262 0.5781837
vn 0.8737038 0.233905 -0.4265326
vn 0.9696634 -0.007635145 -0.2443246
vn 0.9984536 -0.00786184 0.05503288
vn 0.8157467 0.5780882 0.01926961
vn 0.8640055 -0.006803193 0.5034363
vn 0.8552819 0.4579462 0.2424421
vn 0.7070958 0.7070958 -0.005567683
vn 0.7119792 0.5157644 -0.4765215
vn -0.7305584 -0.1883471 0.656361
vn 0.7155071 0 -0.6986054
vn 0.7119792 0.5157644 -0.4765215
vn 0.7297164 0 -0.68375
vn 0.7098961 0 -0.7043064
vn 0.7278804 -0.1891343 0.6591042
vn 0.8803961 -0.2911546 0.3743417
vn 0.8612001 -0.4950205 -0.1152788
vn -0.7098634 0.7043176 -0.005545808
vn 0.7043284 -0.7098743 0
vn 0.7043284 -0.7098743 0
vn 0.7043284 -0.7098743 0
vn 0.7043284 -0.7098743 0
vn 0.7043284 -0.7098743 0
vn 0.7043284 -0.7098743 0
vn 0.7043284 -0.7098743 0
vn 0.7043284 -0.7098743 0
vn 0.7043284 -0.7098743 0
vn 0.7043284 -0.7098743 0
vn 0.7043284 -0.7098743 0
vn 0.7043284 -0.7098743 0
vn 0.7043284 -0.7098743 0
vn 0.7043284 -0.7098743 0
vn 0.7043284 -0.7098743 0
vn 0.7043284 -0.7098743 0
vn 0.7043284 -0.7098743 0
vn 0.7043284 -0.7098743 0
vn 0.7043284 -0.7098743 0
vn 0.7043284 -0.7098743 0
vn 0.7043284 -0.7098743 0
vn 0.7043284 -0.7098743 0
vn 0.7043284 -0.7098743 0
vn 0.7043284 -0.7098743 0
vn 0.7043284 -0.7098743 0
vn 0.7043284 -0.7098743 0
vn 0.7043284 -0.7098743 0
vn 0.7043284 -0.7098743 0
vn 0.7043284 -0.7098743 0
vn 0.7043284 -0.7098743 0
vn 0.7043284 -0.7098743 0
vn 0.7043284 -0.7098743 0
vn 0.7043284 -0.7098743 0
vn 0.7126851 -0.005611694 0.7014617
vn 0.7325758 -0.005768314 0.680661
vn 0.7183285 0 0.695704
vn 0.7470847 0 0.6647289
vn 0.8461215 0 0.53299
vn 0.8803961 -0.2911546 0.3743417
vn 0.9984844 0 0.05503457
vn 0.8612001 -0.4950205 -0.1152788
vn 0.8786876 0 -0.4773972
vn 0.8128676 0 -0.5824485
vn 0.7297164 0 -0.68375
vn 0.7098961 0 -0.7043064
vn 0.7098961 0 -0.7043064
vn 0.7297164 0 -0.68375
vn 0.7154958 -0.005633825 -0.6985943
vn 0.7441548 -0.005859487 -0.6679815
vn 0.8430958 -0.006638549 -0.5377225
vn 0.9096059 -0.007162251 -0.4154105
vn 0.9979911 -0.007858197 -0.06286558
vn 0.9877961 -0.007777922 0.1555584
vn 0.8815619 -0.006941432 0.4720174
vn 0.8158813 -0.006424262 0.5781837
vn 0.7325881 0 -0.6806723
vn 0.7098961 0 -0.7043064
vn 0.8219591 0 -0.5695465
vn 0.8844646 0 -0.4666073
vn 0.9911596 0 -0.1326749
vn 0.9969144 0 0.07849719
vn 0.8247101 0.4675521 0.3181952
vn 0.8370858 0 0.5470718
vn 0.727188 0.6069443 0.3206498
vn 0.7826693 0 0.6224378
vn 0.7736714 -0.006091901 0.6335577
vn 0.7736714 -0.006091901 0.6335577
vn 0.8249711 -0.006495835 0.5651376
vn 0.8873096 -0.00698669 0.4611215
vn 0.9921269 -0.007812023 0.1249924
vn 0.9962393 -0.007844404 -0.08628844
vn 0.9013895 -0.007097555 -0.4329509
vn 0.8340476 -0.006567304 -0.5516535
vn 0.7383472 -0.005813757 -0.6743958
vn 0.7126851 -0.005611694 -0.7014617
vn 0.7071068 0.7071068 0
vn 0.7071068 0.7071068 0
vn 0.7071068 0.7071068 0
vn 0.7071068 0.7071068 0
vn 0.7071068 0.7071068 0
vn 0.7071068 0.7071068 0
vn 0.7071068 0.7071068 0
vn 0.7071068 0.7071068 0
vn 0.7071068 0.7071068 0
vn 0.7071068 0.7071068 0
vn 0.8844646 0 -0.4666073
vn 0.8219591 0 -0.5695465
vn 0.9911596 0 -0.1326749
vn 0.9969144 0 0.07849719
vn 0.9620937 0 0.2727194
vn 0.9620937 0 0.2727194
vn 0.9494017 -0.007475604 0.3139754
vn 0.9494017 -0.007475604 0.3139754
vn 0.9921269 -0.007812023 0.1249924
vn 0.9962393 -0.007844404 -0.08628844
vn 0.9013895 -0.007097555 -0.4329509
vn 0.8340476 -0.006567304 -0.5516535
vn 0.7383472 -0.005813757 -0.6743958
vn 0.7126851 -0.005611694 -0.7014617
vn 0.7098961 0 -0.7043064
vn 0.7325881 0 -0.6806723
vn -0.7124758 -0.02226487 0.7013433
vn -0.7124758 -0.02226487 0.7013433
vn -0.7124758 -0.02226487 0.7013433
vn -0.7124758 -0.02226487 0.7013433
vn -0.9940417 -0.007765951 0.1087233
vn -0.9940417 -0.007765951 0.1087233
vn -0.9940417 -0.007765951 0.1087233
vn -0.9940417 -0.007765951 0.1087233
vn -0.7070097 0.01657054 -0.7070097
vn -0.7070097 0.01657054 -0.7070097
vn -0.7070097 0.01657054 -0.7070097
vn -0.7070097 0.01657054 -0.7070097
vn -0.9975371 0 -0.07013933
vn -0.9975371 0 -0.07013933
vn -0.9975371 0 -0.07013933
vn -0.9975371 0 -0.07013933
vn -0.8180124 -0.006390722 -0.575165
vn -0.7071068 0 -0.7071068
vn -0.7071068 0 -0.7071068
vn -0.8180124 -0.006390722 -0.575165
vn -0.9799587 -0.007655927 -0.1990541
vn -0.8887175 -0.263838 -0.3749277
vn -0.8859458 -0.006921452 -0.4637372
vn -0.7529672 -0.4882522 -0.4411918
vn -0.7999845 -0.006249879 -0.5999883
vn -0.724727 -0.5039117 -0.4699402
vn -0.7266865 -0.005677238 -0.6869459
vn -0.7071391 -0.4972072 -0.5027317
vn -0.7071068 0 -0.7071068
vn -0.7110563 -0.4999615 -0.4944063
vn -0.7182289 -0.005611163 -0.6957842
vn -0.7119466 -0.53396 -0.4560908
vn -0.7884279 -0.3510968 -0.5050866
vn -0.8150057 -0.006367232 -0.5794181
vn -0.71543 -0.005589297 0.6986621
vn -0.7265928 -0.01702952 0.6868572
vn -0.7266865 -0.005677238 0.6869459
vn -0.7107931 -0.07218992 0.6996869
vn -0.7182402 0 0.6957952
vn -0.72891 -0.130976 0.6719639
vn -0.7672377 0 0.6413628
vn -0.794602 -0.1676114 0.5835359
vn -0.8598548 0 0.5105388
vn -0.8589057 -0.1878856 0.4764242
vn -0.9387182 0 0.3446856
vn -0.9501314 -0.1929954 0.2449557
vn -0.9940717 0 0.1087266
vn -0.9732223 -0.1900825 0.1292561
vn -0.9297357 -0.3413873 0.1380077
vn -0.869141 -0.3530885 0.3462983
vn -0.8131944 -0.3430664 0.470128
vn -0.7596205 -0.3026613 0.5756499
vn -0.719226 -0.2247581 0.6574175
vn -0.715363 -0.08942037 0.6930079
vn -0.726125 -0.03970996 0.686415
vn 0.9961474 -0.01568736 0.08628049
vn 0.9961474 -0.01568736 0.08628049
vn 0.9961474 -0.01568736 0.08628049
vn -0.7496541 -0.005856673 -0.661804
vn -0.7071068 0 -0.7071068
vn -0.7071068 0 -0.7071068
vn -0.9735882 -0.007606158 -0.2281847
vn -0.9956041 -0.007778157 0.09333789
vn -0.8828425 0.234505 -0.4069352
vn -0.7182402 0 -0.6957952
vn -0.707096 -0.005524187 -0.707096
vn -0.7128293 0.5123461 -0.4789322
vn -0.865715 -0.006763398 0.5004915
vn -0.7098634 -0.005545808 0.7043176
vn -0.7098634 -0.005545808 0.7043176
vn -0.9433722 -0.007370095 0.3316543
vn -0.854245 0.4538176 0.253604
vn -0.9992076 -0.007806309 0.03903155
vn -0.7332987 -0.1890536 0.6530941
vn -0.7098743 0 0.7043284
vn -0.7352438 0 0.6778029
vn -0.7525768 0 0.6585047
vn -0.7238689 0 0.6899376
vn -0.7126414 -0.005567511 0.7015064
vn -0.7323738 -0.005721671 0.6808788
vn -0.8150057 -0.006367232 0.5794181
vn -0.8773506 -0.006854301 0.4798011
vn -0.9855197 -0.007699373 0.1693862
vn -0.9992076 -0.007806309 -0.03903155
vn -0.9161339 -0.007157296 -0.4008086
vn -0.8509539 -0.006648078 -0.5251982
vn -0.7496541 -0.005856673 -0.661804
vn -0.721038 -0.00563311 -0.6928725
vn -0.7098743 0 -0.7043284
vn -0.7295372 0 -0.6839412
vn 0.9984536 0.00786184 -0.05503288
vn 0.9984536 0.00786184 -0.05503288
vn 0.9984536 0.00786184 -0.05503288
vn -0.7295372 0 -0.6839412
vn -0.7182402 0 -0.6957952
vn -0.7098743 0 -0.7043284
vn -0.7128293 0.5123461 -0.4789322
vn -0.861528 -0.4913402 -0.1278831
vn -0.7332987 -0.1890536 0.6530941
vn 0.7071068 0.7071068 0
vn -0.886413 -0.2908542 0.3601052
vn -0.7098743 0.7043284 0
vn -0.7098743 0.7043284 0
vn -0.7098743 0.7043284 0
vn -0.7098743 0.7043284 0
vn -0.7098743 0.7043284 0
vn -0.7098743 0.7043284 0
vn -0.7098743 0.7043284 0
vn -0.7098743 0.7043284 0
vn -0.7098743 0.7043284 0
vn -0.7098743 0.7043284 0
vn -0.7098743 0.7043284 0
vn -0.8267705 0.4650584 0.3164981
vn -0.7098743 0.7043284 0
vn -0.7298692 0.6044229 0.3193178
vn -0.7098743 0.7043284 0
vn -0.7098743 0.7043284 0
vn -0.7098743 0.7043284 0
vn -0.7098743 0.7043284 0
vn -0.7098743 0.7043284 0
vn -0.7098743 0.7043284 0
vn -0.7098743 0.7043284 0
vn 0.7097963 0.01676684 0.7042074
vn 0.7097963 0.01676684 0.7042074
vn 0.7097963 0.01676684 0.7042074
vn 0.7097963 0.01676684 0.7042074
vn 0.9939787 0 0.1095725
vn 0.9939787 0 0.1095725
vn 0.9939787 0 0.1095725
vn 0.9939787 0 0.1095725
vn 0.7041551 -0.02217812 -0.7096997
vn 0.7041551 -0.02217812 -0.7096997
vn 0.7041551 -0.02217812 -0.7096997
vn 0.7041551 -0.02217812 -0.7096997
vn 0.9974676 -0.007854076 -0.07068668
vn 0.9974676 -0.007854076 -0.07068668
vn 0.9974676 -0.007854076 -0.07068668
vn 0.9974676 -0.007854076 -0.07068668
vn 0.8695571 0.3491922 0.3491922
vn 0.9507576 0.187157 0.2470472
vn 0.858206 0.1824533 0.4797845
vn 0.8110257 0.3448456 0.4725662
vn 0.7922967 0.168441 0.5864244
vn 0.7583069 0.3104879 0.5732084
vn 0.7262244 0.131521 0.6747596
vn 0.7164971 0.2256684 0.66008
vn 0.7083045 0.0669264 0.7027273
vn 0.7132918 0.07863059 0.6964424
vn 0.7239553 0.01140087 0.6897527
vn 0.7238141 0.0227973 0.6896182
vn 0.7154958 -0.005633825 0.6985943
vn 0.7126963 0 0.7014728
vn 0.7240023 0 0.6897975
vn 0.931059 0.337234 0.1392923
vn 0.9742175 0.1841041 0.1304071
vn 0.9939483 -0.007826365 0.1095691
vn 0.9378378 0 0.3470739
vn 0.8551073 0 0.5184509
vn 0.7677115 -0.006044973 0.6407671
vn 0.9988859 0 -0.04719146
vn 0.9988859 0 -0.04719146
vn 0.9988859 0 -0.04719146
vn 0.7106849 -0.2965851 -0.6379376
vn 0.7106849 -0.2965851 -0.6379376
vn 0.7042851 -0.3438242 -0.6211018
vn 0.7047078 -0.3884216 -0.5937302
vn 0.7134269 -0.4606378 -0.5280483
vn 0.7222324 -0.4890707 -0.4890707
vn 0.7390969 -0.5179498 -0.4306549
vn 0.7464134 -0.5230771 -0.411409
vn 0.7593907 -0.5261919 -0.3826851
vn 0.7694002 -0.5210112 -0.3695545
vn 0.7945263 -0.5380257 -0.2815251
vn 0.8172993 -0.5405759 -0.1994983
vn 0.8354359 -0.5394153 -0.1052518
vn 0.8318797 -0.5436694 -0.111354
vn 0.7067235 0.6677702 -0.2337196
vn 0.8888729 0.258963 -0.377946
vn 0.7505863 0.4846305 -0.4491698
vn 0.7095747 0.6928131 -0.1285057
vn 0.7240965 0.5017362 -0.4732284
vn 0.7087896 0.7032086 -0.05581021
vn 0.7063081 0.4949718 -0.5060948
vn 0.7097188 0.7041304 -0.02235335
vn 0.7102734 0.4977507 -0.4977507
vn 0.7070629 0.7070629 -0.01113485
vn 0.7113088 0.5320814 -0.4592703
vn 0.7828031 0.345173 -0.5177595
vn 0.7254064 -0.4512371 0.5197794
vn 0.7269378 -0.4407418 0.5266006
vn 0.7159504 -0.473542 0.5130039
vn 0.7080622 -0.4404482 0.551954
vn 0.7069315 -0.4063465 0.5789045
vn 0.7131119 -0.4042839 0.5727355
vn 0.7384595 -0.4768006 0.4768006
vn 0.754111 -0.5225336 0.3978381
vn 0.7984264 -0.528093 0.2891938
vn 0.8021443 -0.5495005 0.2336956
vn 0.8110753 -0.5747778 0.1085691
vn 0.796963 -0.6024287 0.0439271
vn 0.7946507 -0.6069379 -0.01251419
vn 0.7826545 -0.622426 -0.006162634
vn 0.8815831 0 -0.4720287
vn 0.7505863 0.4846305 -0.4491698
vn 0.8888729 0.258963 -0.377946
vn 0.9796805 0 -0.2005645
vn 0.8158982 0 -0.5781956
vn 0.8158982 0 -0.5781956
vn 0.7043176 -0.005545808 -0.7098634
vn 0.7043176 -0.005545808 -0.7098634
vn 0.7126963 0 -0.7014728
vn 0.8037814 0 -0.5949248
vn 0.7828031 0.345173 -0.5177595
vn 0.7113088 0.5320814 -0.4592703
vn 0.7102734 0.4977507 -0.4977507
vn 0.7043176 -0.005545808 -0.7098634
vn 0.7063081 0.4949718 -0.5060948
vn 0.7240023 0 -0.6897975
vn 0.7240965 0.5017362 -0.4732284
vn 0.7947129 0 -0.6069854
vn 0.7070958 0.7070958 -0.005567683
vn 0.7070958 0.7070958 -0.005567683
vn 0.7070958 0.7070958 -0.005567683
vn 0.7070958 0.7070958 -0.005567683
vn 0.7070958 0.7070958 -0.005567683
vn 0.7070958 0.7070958 -0.005567683
vn 0.7043284 -0.7098743 0
vn 0.7043176 -0.7098634 -0.005545808
vn 0.7043284 -0.7098743 0
vn 0.7043284 -0.7098743 0
vn 0.7043284 -0.7098743 0
vn 0.7043284 -0.7098743 0
vn 0.9732158 0 -0.2298935
vn 0.8798466 -0.2424774 -0.4087476
vn 0.9955656 0 0.09406919
vn 0.7470847 0 -0.6647289
vn 0.7043176 -0.005545808 -0.7098634
vn 0.7043176 -0.005545808 -0.7098634
vn 0.7080293 -0.5184782 -0.4794529
vn 0.7154958 -0.005633825 -0.6985943
vn 0.7043284 0 -0.7098743
vn 0.7163718 0.2707547 -0.6430424
vn 0.7163718 0.2707547 -0.6430424
vn 0.7163718 0.2707547 -0.6430424
vn 0.9955656 0 0.09406919
vn 0.9955656 0 0.09406919
vn 0.9969144 0 0.07849719
vn 0.9984844 0 0.05503457
vn 0.999226 0 0.03933961
vn 0.9425786 0 0.3339845
vn 0.9425786 0 0.3339845
vn 0.999226 0 0.03933961
vn 0.8498073 -0.4617063 0.2542731
vn 0.8640255 0 0.5034479
vn 0.7071068 0 0.7071068
vn 0.7071068 0 0.7071068
vn 0.7098961 0 0.7043064
vn 0.7297164 0 0.68375
vn 0.7211487 -0.005678337 0.6927571
vn 0.7499971 -0.005905489 0.6614147
vn 0.7314208 0.184295 0.6565509
vn 0.7325758 -0.005768314 0.680661
vn 0.7070958 -0.005567683 0.7070958
vn 0.7070958 -0.005567683 -0.7070958
vn 0.7268425 -0.00572317 -0.6867803
vn 0.7183285 0 -0.695704
vn 0.7470847 0 -0.6647289
vn 0.8491232 0 -0.5281948
vn 0.9149961 0 -0.4034628
vn 0.999226 0 -0.03933961
vn 0.9853254 0 0.1706863
vn 0.8757788 0 0.4827127
vn 0.8128676 0 0.5824485
vn 0.7071068 0.7071068 0
vn 0.7071068 0.7071068 0
vn 0.7071068 0.7071068 0
vn 0.7071068 0.7071068 0
vn 0.7070958 0.7070958 -0.005567683
vn 0.7071068 0.7071068 0
vn 0.7071068 0.7071068 0
vn 0.7071068 0.7071068 0
vn 0.7071068 0.7071068 0
vn 0.7071068 0.7071068 0
vn 0.7071068 0.7071068 0
vn 0.7070958 0.7070958 -0.005567683
vn 0.7070958 0.7070958 -0.005567683
vn 0.7154958 -0.005633825 -0.6985943
vn 0.7080293 -0.5184782 -0.4794529
vn 0.7268425 -0.00572317 -0.6867803
vn 0.7070958 -0.005567683 -0.7070958
vn 0.7314208 0.184295 0.6565509
vn 0.8867038 0.2862587 0.3630598
vn 0.8626491 0.4890609 -0.1290578
vn -0.7071068 -0.7071068 0
vn 0.7071068 0.7071068 0
vn 0.7071068 0.7071068 0
vn 0.7071068 0.7071068 0
vn 0.7071068 0.7071068 0
vn 0.7071068 0.7071068 0
vn 0.7071068 0.7071068 0
vn 0.7071068 0.7071068 0
vn 0.7071068 0.7071068 0
vn 0.7071068 0.7071068 0
vn 0.7071068 0.7071068 0
vn 0.7071068 0.7071068 0
vn 0.7071068 0.7071068 0
vn 0.7071068 0.7071068 0
vn 0.7071068 0.7071068 0
vn 0.7071068 0.7071068 0
vn 0.7071068 0.7071068 0
vn 0.7071068 0.7071068 0
vn 0.7071068 0.7071068 0
vn 0.7071068 0.7071068 0
vn 0.7071068 0.7071068 0
vn 0.7098961 0 0.7043064
vn 0.7297164 0 0.68375
vn 0.7211487 -0.005678337 0.6927571
vn 0.7499971 -0.005905489 0.6614147
vn 0.8520995 -0.006709445 0.5233367
vn 0.8867038 0.2862587 0.3630598
vn 0.9994734 -0.007869869 0.03147948
vn 0.8626491 0.4890609 -0.1290578
vn 0.8728368 -0.00687273 -0.4879638
vn 0.8098212 -0.006376545 -0.5866421
vn 0.7268425 -0.00572317 -0.6867803
vn 0.7070958 -0.005567683 -0.7070958
vn 0.7070958 -0.005567683 -0.7070958
vn 0.7268425 -0.00572317 -0.6867803
vn 0.7183285 0 -0.695704
vn 0.7470847 0 -0.6647289
vn 0.8491232 0 -0.5281948
vn 0.9149961 0 -0.4034628
vn 0.999226 0 -0.03933961
vn 0.9853254 0 0.1706863
vn 0.8757788 0 0.4827127
vn 0.8128676 0 0.5824485
vn 0.7325758 -0.005768314 -0.680661
vn 0.7098851 -0.005589646 -0.7042954
vn 0.8219419 -0.006471983 -0.5695345
vn 0.8873096 -0.00698669 -0.4611215
vn 0.9911294 -0.007804168 -0.1326709
vn 0.9968836 -0.007849477 0.07849477
vn 0.8222002 -0.4726033 0.3172269
vn 0.8370675 -0.006591083 0.5470599
vn 0.724662 -0.610542 0.319536
vn 0.7826545 -0.006162634 0.622426
vn 0.7736858 0 0.6335695
vn 0.7736858 0 0.6335695
vn 0.8249884 0 0.5651495
vn 0.8901821 0 0.455605
vn 0.9921572 0 0.1249962
vn 0.9962699 0 -0.0862911
vn 0.9014122 0 -0.4329618
vn 0.8340655 0 -0.5516654
vn 0.7412592 0 -0.671219
vn 0.7126963 0 -0.7014728
vn 0.7070958 0.7070958 -0.005567683
vn 0.7070958 0.7070958 -0.005567683
vn 0.7070958 0.7070958 -0.005567683
vn 0.7070958 0.7070958 -0.005567683
vn 0.7070958 0.7070958 -0.005567683
vn 0.7070958 0.7070958 -0.005567683
vn 0.7070958 0.7070958 -0.005567683
vn 0.7070958 0.7070958 -0.005567683
vn 0.7070958 0.7070958 -0.005567683
vn 0.7070958 0.7070958 -0.005567683
vn 0.7070958 0.7070958 -0.005567683
vn 0.7070958 0.7070958 -0.005567683
vn 0.7070958 0.7070958 -0.005567683
vn 0.7070958 0.7070958 -0.005567683
vn 0.7070958 0.7070958 -0.005567683
vn 0.7070958 0.7070958 -0.005567683
vn 0.7070958 0.7070958 -0.005567683
vn 0.7070958 0.7070958 -0.005567683
vn 0.7070958 0.7070958 -0.005567683
vn 0.7070958 0.7070958 -0.005567683
vn 0.7043284 -0.7098743 0
vn 0.7043284 -0.7098743 0
vn 0.7043284 -0.7098743 0
vn 0.7043284 -0.7098743 0
vn 0.7043284 -0.7098743 0
vn 0.7043284 -0.7098743 0
vn 0.7043284 -0.7098743 0
vn 0.7043284 -0.7098743 0
vn 0.7043284 -0.7098743 0
vn 0.8873096 -0.00698669 -0.4611215
vn 0.8219419 -0.006471983 -0.5695345
vn 0.9911294 -0.007804168 -0.1326709
vn 0.9968836 -0.007849477 0.07849477
vn 0.9620659 -0.007575322 0.2727116
vn 0.9620659 -0.007575322 0.2727116
vn 0.9494283 0 0.3139842
vn 0.9494283 0 0.3139842
vn 0.9921572 0 0.1249962
vn 0.9962699 0 -0.0862911
vn 0.9014122 0 -0.4329618
vn 0.8340655 0 -0.5516654
vn 0.7412592 0 -0.671219
vn 0.7126963 0 -0.7014728
vn 0.7098851 -0.005589646 -0.7042954
vn 0.7325758 -0.005768314 -0.680661
vn 0.7161781 0.484971 -0.5018886
vn 0.7059807 0.4780656 -0.5225369
vn 0.7078972 0.6465833 -0.2842737
vn 0.7124159 0.5777861 -0.3982798
vn 0.7242378 0.4904287 -0.4847261
vn 0.7253118 0.633934 -0.2684225
vn 0.7689066 0.5085681 -0.3874805
vn 0.7089995 0.7034168 -0.05024406
vn 0.8201404 0.5359972 -0.2001918
vn 0.7793025 0.6258965 -0.0306812
vn 0.8273836 0.5602755 0.03908899
vn 0.7482118 0.6539489 0.1119372
vn 0.7999296 0.5416846 0.258245
vn 0.7326245 0.6403254 0.2307479
vn 0.7532749 0.5100917 0.4151909
vn 0.7170908 0.6267487 0.3049048
vn 0.7182022 0.4863416 0.4976519
vn 0.7093976 0.6200247 0.3351485
vn 0.7080293 0.4794529 0.5184782
vn 0.7133143 0.623448 0.3201489
vn 0.7262362 0.491782 0.4803452
vn 0.7274981 0.6358448 0.2577749
vn 0.7694002 0.5210112 0.3695545
vn 0.7441548 0.650403 0.1523466
vn 0.8136013 0.5509425 0.185783
vn 0.7528247 0.6579807 0.01778326
vn 0.8271554 0.5601209 -0.04559124
vn 0.7477059 0.6535067 -0.117749
vn 0.7986158 0.540795 -0.2641092
vn 0.7316391 0.6394641 -0.2361985
vn 0.7514135 0.5088312 -0.4200816
vn 0.715848 0.6256624 -0.3100129
vn 0.7163718 0.2707547 -0.6430424
vn 0.7163718 0.2707547 -0.6430424
vn 0.7163718 0.2707547 -0.6430424
vn 0.7730835 0.5052435 0.3834981
vn 0.8211856 0.5366803 0.1939809
vn 0.7346689 0.6652514 0.1330503
vn 0.7824316 0.6222487 0.02464351
vn 0.8359244 0.5463128 -0.05265666
vn 0.7505863 0.6501141 -0.1182026
vn 0.8107282 0.5170786 -0.2744985
vn 0.7080293 0.7024543 -0.07247543
vn 0.7548699 0.4755086 -0.4517332
vn 0.7193419 0.5664109 -0.4021517
vn 0.7157685 0.4677857 -0.5185094
vn 0.7063736 0.6118196 -0.3559678
vn 0.7052617 0.4609191 -0.5386645
vn 0.7118561 0.6165683 -0.33631
vn 0.7261649 0.4745802 -0.4974515
vn 0.7268068 0.6295177 -0.2746986
vn 0.7712709 0.5040589 -0.3886719
vn 0.7456026 0.6457976 -0.1643848
vn 0.8201404 0.5359972 -0.2001918
vn 0.7556713 0.6545184 -0.02380067
vn 0.8361962 0.5464904 0.04608955
vn 0.7505863 0.6501141 0.1182026
vn 0.8053637 0.5263401 0.2726822
vn 0.7343372 0.63604 0.2370695
vn 0.7543105 0.4929745 0.4335801
vn 0.7171022 0.6211122 0.3162026
vn 0.717858 0.4691513 0.5143707
vn 0.7077653 0.6130251 0.3510962
vn 0.70737 0.4622969 0.5347049
vn 0.7131906 0.6177241 0.3313247
vn 0.7282273 0.4759281 0.4931303
vn 0.7279401 0.6304994 0.2693952
vn 0.8703122 0.4591411 0.1781742
vn 0.8703122 0.4591411 0.1781742
vn 0.8703122 0.4591411 0.1781742
vn -0.7129398 0.08354764 0.6962303
vn -0.7129398 0.08354764 0.6962303
vn -0.7129398 0.08354764 0.6962303
vn -0.7129398 0.08354764 0.6962303
vn -0.7068372 -0.02761083 -0.7068372
vn -0.7068372 -0.02761083 -0.7068372
vn -0.7068372 -0.02761083 -0.7068372
vn -0.7068372 -0.02761083 -0.7068372
vn -0.8150222 0 -0.5794298
vn -0.707096 -0.005524187 -0.707096
vn -0.707096 -0.005524187 -0.707096
vn -0.8150222 0 -0.5794298
vn -0.9868075 0 -0.1618981
vn -0.9063665 0.2690776 -0.3257255
vn -0.9054589 0 -0.4244339
vn -0.7629191 0.4887451 -0.4231817
vn -0.8150222 0 -0.5794298
vn -0.7269325 0.4884078 -0.4827286
vn -0.7295372 0 -0.6839412
vn -0.7090134 0.4874467 -0.5096034
vn -0.707096 -0.005524187 -0.707096
vn -0.7130283 0.4957775 -0.4957775
vn -0.7238689 0 -0.6899376
vn -0.7164715 0.5485485 -0.4310024
vn -0.8214417 0.3593807 -0.4428084
vn -0.8569017 0 -0.5154799
vn -0.7154411 0 0.698673
vn -0.7294899 -0.01139828 0.6838967
vn -0.7266982 0 0.6869569
vn -0.7117594 0.05004558 0.7006382
vn -0.7154411 0 0.698673
vn -0.7304395 0.1141312 0.6733739
vn -0.7790698 -0.006086483 0.6269077
vn -0.8089931 0.170647 0.562503
vn -0.8773506 -0.006854301 0.4798011
vn -0.8751332 0.1914354 0.4444036
vn -0.9501314 -0.007422901 0.3117618
vn -0.958056 0.1871203 0.2170596
vn -0.9962976 -0.007783575 0.08561933
vn -0.9780115 0.1833771 0.09932929
vn -0.9346303 0.3358828 0.1168288
vn -0.8787346 0.3638511 0.3089302
vn -0.825669 0.3547797 0.4386366
vn -0.7701766 0.2948332 0.5655984
vn -0.7189083 0.19096 0.6683601
vn -0.7148942 0.03909577 0.6981388
vn -0.7293476 -0.02279211 0.6837634
vn 0.8686007 0.4650775 0.1709844
vn 0.8686007 0.4650775 0.1709844
vn 0.8686007 0.4650775 0.1709844
vn -0.7554942 0 -0.6551552
vn -0.7071068 0 -0.7071068
vn -0.707096 -0.005524187 -0.707096
vn -0.9701425 0 -0.2425356
vn -0.9975371 0 0.07013933
vn -0.8739085 -0.2389593 -0.4232994
vn -0.7182289 -0.005611163 -0.6957842
vn -0.7071068 0 -0.7071068
vn -0.7126746 -0.5178026 -0.4732604
vn -0.8657349 0 0.500503
vn -0.7098634 -0.005545808 0.7043176
vn -0.7098743 0 0.7043284
vn -0.9479401 0 0.3184486
vn -0.8544543 -0.4606043 0.2403153
vn -0.9998779 0 0.01562309
vn -0.7313331 0.1828333 0.657057
vn -0.7098634 -0.005545808 0.7043176
vn -0.7323738 -0.005721671 0.6808788
vn -0.7496541 -0.005856673 0.661804
vn -0.721038 -0.00563311 0.6928725
vn -0.7154411 0 0.698673
vn -0.7352438 0 0.6778029
vn -0.8180292 0 0.5751768
vn -0.8831157 0 0.4691552
vn -0.9880121 0 0.1543769
vn -0.9980526 0 -0.06237829
vn -0.9108532 0 -0.4127304
vn -0.845018 0 -0.5347379
vn -0.7467652 0 -0.6650878
vn -0.7182402 0 -0.6957952
vn -0.7126414 -0.005567511 -0.7015064
vn -0.7323738 -0.005721671 -0.6808788
vn 0.7046536 -0.7046536 -0.0832268
vn 0.7046536 -0.7046536 -0.0832268
vn 0.7046536 -0.7046536 -0.0832268
vn -0.7071068 -0.7071068 0
vn -0.7071068 -0.7071068 0
vn -0.7071068 -0.7071068 0
vn -0.7071068 -0.7071068 0
vn -0.7071068 -0.7071068 0
vn -0.7071068 -0.7071068 0
vn -0.7071068 -0.7071068 0
vn -0.7071068 -0.7071068 0
vn -0.7071068 -0.7071068 0
vn -0.7071068 -0.7071068 0
vn -0.7071068 -0.7071068 0
vn -0.8242812 -0.4700979 0.3155451
vn -0.7071068 -0.7071068 0
vn -0.7273549 -0.6080233 0.3182178
vn -0.7071068 -0.7071068 0
vn -0.7071068 -0.7071068 0
vn -0.7071068 -0.7071068 0
vn -0.7071068 -0.7071068 0
vn -0.7071068 -0.7071068 0
vn -0.7071068 -0.7071068 0
vn -0.7071068 -0.7071068 0
vn 0.9974676 -0.007854076 -0.07068668
vn 0.9974676 -0.007854076 -0.07068668
vn 0.9974676 -0.007854076 -0.07068668
vn 0.9974676 -0.007854076 -0.07068668
vn 0.9984844 0 -0.05503457
vn 0.9984844 0 -0.05503457
vn 0.9984844 0 -0.05503457
vn 0.9984844 0 -0.05503457
vn 0.7043284 0 -0.7098743
vn 0.7043284 0 -0.7098743
vn 0.7043284 0 -0.7098743
vn 0.7043284 0 -0.7098743
vn -0.9852861 -0.02309264 -0.169346
vn -0.9866902 -0.01541703 -0.1618789
vn -0.9850817 -0.0307838 -0.1693109
vn -0.9818307 -0.04602331 -0.1840933
vn -0.9800447 -0.0535962 -0.191415
vn -0.9729972 -0.06841386 -0.2204447
vn -0.9361038 -0.02193993 -0.3510389
vn -0.9285851 -0.02901828 -0.3699831
vn -0.9335111 0.02917222 -0.3573597
vn -0.9227517 0.05046298 -0.3820769
vn -0.9101852 0.08532986 -0.4053168
vn -0.8933591 0.04885558 -0.4466795
vn -0.9544799 0 -0.298275
vn -0.9586468 0 -0.2845983
vn -0.9521006 0.02231486 -0.3049697
vn -0.9336849 0.02188324 -0.3574263
vn -0.9230636 0.04326861 -0.3822061
vn -0.9027302 0 -0.4302073
vn -0.9239289 0 -0.3825643
vn -0.8972135 0 -0.4415972
vn -0.9134937 0.1498701 -0.3782435
vn -0.8940344 0.2304932 -0.3841554
vn -0.8586737 0.3085859 -0.4092117
vn -0.8464209 0.2512812 -0.4694991
vn -0.7096015 0.1275065 0.6929702
vn -0.7103004 0.1720259 0.6825543
vn -0.7116165 0.1612256 0.6838189
vn -0.7094816 0.09422802 0.698396
vn -0.7098743 0 0.7043284
vn -0.7098743 0 0.7043284
vn 0.7043176 -0.7043176 -0.08873292
vn 0.7043176 -0.7043176 -0.08873292
vn 0.7043176 -0.7043176 -0.08873292
vn -0.7235219 0.197838 0.6613442
vn -0.7299523 0.3079486 0.6101945
vn -0.7227833 0.265397 0.6380821
vn -0.7215878 0.1183855 0.682126
vn -0.7238689 0 0.6899376
vn -0.7238689 0 0.6899376
vn 0.8247101 0.4675521 0.3181952
vn 0.7071068 0.7071068 0
vn 0.7071068 0.7071068 0
vn 0.727188 0.6069443 0.3206498
vn 0.7071068 0.7071068 0
vn 0.7071068 0.7071068 0
vn 0.7071068 0.7071068 0
vn 0.7071068 0.7071068 0
vn 0.7071068 0.7071068 0
vn 0.7071068 0.7071068 0
vn 0.7071068 0.7071068 0
vn 0.7071068 0.7071068 0
vn 0.7071068 0.7071068 0
vn 0.7071068 0.7071068 0
vn 0.7071068 0.7071068 0
vn 0.7071068 0.7071068 0
vn 0.7071068 0.7071068 0
vn 0.7071068 0.7071068 0
vn 0.7071068 0.7071068 0
vn 0.7071068 0.7071068 0
vn 0.7071068 0.7071068 0
vn -0.7160342 0.2573248 -0.648906
vn -0.7160342 0.2573248 -0.648906
vn -0.7160342 0.2573248 -0.648906
vn -0.7154411 0 0.698673
vn -0.7126524 0 0.7015172
vn -0.7160566 0.117478 0.6880856
vn -0.7183081 0.1515181 0.6790257
vn -0.7189083 0.19096 0.6683601
vn -0.7252503 0.1643145 0.6685901
vn -0.7109137 0.2943627 -0.6387115
vn -0.7293477 0.3418818 -0.592595
vn -0.7133936 0.5406186 -0.445871
vn -0.7083183 0.5312387 -0.4648339
vn -0.7457379 0.05243469 -0.6641728
vn -0.7536587 -0.1118712 -0.6476755
vn -0.8488556 -0.1790555 -0.4973764
vn -0.8471621 0.1257506 -0.5162394
vn -0.7530845 0.1706207 -0.6354151
vn -0.8379807 0.2749624 -0.4713641
vn -0.7779179 0.4193464 -0.4679663
vn -0.7129398 0.08354764 -0.6962303
vn -0.7063634 0.09933235 -0.700845
vn -0.7070637 0.342484 -0.6186807
vn -0.7090026 0.5816037 -0.3988139
vn -0.7145376 -0.05024092 -0.6977906
vn -0.7296675 -0.3306306 -0.5985554
vn -0.7324817 -0.2975707 -0.6123089
vn -0.709776 -0.01663538 -0.7042309
vn -0.7227948 -0.2202266 -0.6550328
vn -0.7543258 -0.5244922 -0.3948424
vn -0.7500401 -0.5742494 -0.3281425
vn -0.7760569 -0.4971615 -0.3880285
vn -0.7160342 0.2573248 -0.648906
vn -0.7160342 0.2573248 -0.648906
vn -0.7160342 0.2573248 -0.648906
vn -0.95097 -0.1263007 -0.2823192
vn -0.9243383 0.1877562 -0.3321841
vn -0.8471621 0.1257506 -0.5162394
vn -0.8488556 -0.1790555 -0.4973764
vn -0.8259612 -0.542037 -0.1548677
vn -0.7760569 -0.4971615 -0.3880285
vn -0.8379807 0.2749624 -0.4713641
vn -0.8914288 0.313393 -0.3273215
vn -0.9689742 0.1589723 -0.1892528
vn -0.9681424 -0.2269084 -0.1058906
vn -0.802938 -0.5959305 -0.01254591
vn -0.7880244 -0.5910183 0.1723803
vn -0.731811 -0.5888792 0.3430364
vn -0.7596205 -0.3026613 0.5756499
vn -0.9291476 -0.2685817 0.2540638
vn -0.9786688 0.1452712 0.1452712
vn -0.9316301 0.3056911 -0.1965157
vn -0.8451469 0.4819978 -0.2310949
vn -0.8125061 0.4760778 -0.3364283
vn -0.7779179 0.4193464 -0.4679663
vn -0.7897925 0.05553228 0.6108552
vn -0.9181822 0.337145 0.2080256
vn -0.8230702 0.5465701 0.1543257
vn -0.7543258 0.1826883 0.6305692
vn -0.7395386 0.3639916 0.5662092
vn -0.8777837 0.4663225 0.109723
vn -0.8777837 0.4663225 0.109723
vn -0.8777837 0.4663225 0.109723
vn 0.7237672 0.4616153 0.5129059
vn 0.7237672 0.4616153 0.5129059
vn 0.7237672 0.4616153 0.5129059
vn 0.7237672 0.4616153 0.5129059
vn 0.7237672 0.4616153 0.5129059
vn 0.7237672 0.4616153 0.5129059
vn 0.7237672 0.4616153 0.5129059
vn 0.7237672 0.4616153 0.5129059
vn 0.7237672 0.4616153 0.5129059
vn 0.7237672 0.4616153 0.5129059
vn 0.7237672 0.4616153 0.5129059
vn 0.7237672 0.4616153 0.5129059
vn 0.7237672 0.4616153 0.5129059
vn -0.8756039 0.4720052 0.1026098
vn -0.8756039 0.4720052 0.1026098
vn -0.8756039 0.4720052 0.1026098
vn -0.8604373 0.2621645 -0.4369408
vn -0.8604373 0.2621645 -0.4369408
vn -0.8604373 0.2621645 -0.4369408
vn -0.8604373 0.2621645 -0.4369408
vn -0.8604373 0.2621645 -0.4369408
vn -0.8604373 0.2621645 -0.4369408
vn -0.8604373 0.2621645 -0.4369408
vn -0.8604373 0.2621645 -0.4369408
vn -0.8604373 0.2621645 -0.4369408
vn -0.8604373 0.2621645 -0.4369408
vn -0.8604373 0.2621645 -0.4369408
vn -0.8604373 0.2621645 -0.4369408
vn -0.8604373 0.2621645 -0.4369408
vn -0.840343 0.5317796 -0.1050429
vn -0.8232746 0.5338421 -0.192955
vn -0.8368158 0.5360851 -0.1111396
vn -0.8008608 0.5318216 -0.2752959
vn -0.7759857 0.515303 -0.3637433
vn -0.7642778 0.5194701 -0.3821389
vn -0.7539725 0.5065752 -0.4182191
vn -0.742369 0.5045789 -0.4407816
vn -0.7267919 0.4712791 -0.4996695
vn -0.7176868 0.4485542 -0.5326582
vn -0.7089917 0.3821908 -0.5926728
vn -0.7108259 0.338753 -0.6164194
vn -0.713438 0.295408 -0.6354057
vn -0.713438 0.295408 -0.6354057
vn -0.7080365 -0.702505 -0.07190996
vn -0.7080365 -0.702505 -0.07190996
vn -0.7080365 -0.702505 -0.07190996
vn 0.7083265 -0.3179103 0.6302433
vn 0.708558 -0.3849646 0.5913948
vn 0.7090878 -0.1005006 0.6979211
vn 0.7068329 -0.02782807 0.7068329
vn 0.7570933 -0.3040296 0.5782524
vn 0.7291389 -0.5913489 0.3444751
vn 0.7155753 -0.5803485 0.3887771
vn 0.7258802 -0.6229995 0.2914952
vn 0.7091874 0.04467322 0.7036033
vn 0.7077983 0.1170375 0.6966519
vn 0.7083265 0.3179103 0.6302433
vn 0.7088559 0.452105 0.5414096
vn 0.7109966 0.4534703 0.5374462
vn 0.736904 0.3655508 0.5686346
vn 0.7517689 0.1835026 0.6333801
vn 0.787454 0.05580382 0.6138421
vn -0.7077442 -0.702215 -0.07740952
vn -0.7077442 -0.702215 -0.07740952
vn -0.7077442 -0.702215 -0.07740952
vn -0.7205809 0.4672517 0.512288
vn -0.7205809 0.4672517 0.512288
vn -0.7205809 0.4672517 0.512288
vn -0.7205809 0.4672517 0.512288
vn -0.7205809 0.4672517 0.512288
vn -0.7205809 0.4672517 0.512288
vn -0.7205809 0.4672517 0.512288
vn -0.7205809 0.4672517 0.512288
vn -0.7205809 0.4672517 0.512288
vn -0.7205809 0.4672517 0.512288
vn -0.7205809 0.4672517 0.512288
vn -0.7205809 0.4672517 0.512288
vn -0.7205809 0.4672517 0.512288
vn -0.7205809 0.4672517 0.512288
vn -0.7205809 0.4672517 0.512288
vn -0.7205809 0.4672517 0.512288
vn -0.7205809 0.4672517 0.512288
vn -0.7205809 0.4672517 0.512288
vn -0.7205809 0.4672517 0.512288
vn -0.7205809 0.4672517 0.512288
vn -0.8652995 -0.08788198 0.4934912
vn -0.8106788 0.1583357 0.5636751
vn -0.746397 -0.2740676 0.6064475
vn -0.7375347 -0.4033393 0.541627
vn -0.7086548 -0.5536366 0.4373729
vn -0.7164715 -0.5485485 0.4310024
vn -0.7411236 -0.6542732 0.1505407
vn -0.8228661 -0.5271486 0.2121452
vn -0.8245033 -0.521756 -0.2190087
vn -0.9429881 -0.2946838 -0.154709
vn -0.7427688 0.3017498 0.5976968
vn -0.7299523 -0.1197578 0.6729248
vn -0.7107931 -0.5164356 0.4775641
vn -0.7098415 -0.6987503 0.08873019
vn -0.7324937 -0.6065964 -0.3090208
vn -0.7557577 -0.2952178 -0.5845313
vn -0.8377472 -0.130898 -0.5301369
vn -0.8727701 0.1022777 -0.4772961
vn -0.7119466 -0.53396 -0.4560908
vn -0.7070637 -0.7070637 -0.01104787
vn -0.7884279 -0.3510968 -0.5050866
vn -0.7110563 -0.4999615 -0.4944063
vn -0.709776 -0.7042309 -0.01663538
vn -0.7071391 -0.4972072 -0.5027317
vn -0.7089917 -0.7034527 -0.04985098
vn -0.724727 -0.5039117 -0.4699402
vn -0.7096015 -0.6929702 -0.1275065
vn -0.7529672 -0.4882522 -0.4411918
vn -0.7068803 -0.6682228 -0.2319451
vn -0.8887175 -0.263838 -0.3749277
vn -0.7999375 0.5999532 -0.01249902
vn -0.802228 0.5954036 0.04387185
vn -0.7880095 0.6156324 -0.006156324
vn -0.8161978 0.5675125 0.1084013
vn -0.8098995 0.5378239 0.2341116
vn -0.8018501 0.5199497 0.2944294
vn -0.7594867 0.5102801 0.4034773
vn -0.7430692 0.4644183 0.4818339
vn -0.7174613 0.3979668 0.571727
vn -0.7112867 0.4000987 0.5779204
vn -0.7147381 0.4355436 0.5472214
vn -0.7224723 0.4628338 0.5136327
vn -0.7299523 0.4448147 0.5189505
vn -0.7310348 0.4283407 0.5311425
vn -0.707096 -0.707096 -0.005524187
vn -0.707096 -0.707096 -0.005524187
vn -0.707096 -0.707096 -0.005524187
vn -0.707096 -0.707096 -0.005524187
vn -0.707096 -0.707096 -0.005524187
vn -0.7071068 -0.7071068 0
vn -0.7098743 0.7043284 0
vn -0.7098743 0.7043284 0
vn -0.7098743 0.7043284 0
vn -0.7098743 0.7043284 0
vn -0.7098743 0.7043284 0
vn -0.7098743 0.7043284 0
vn -0.9992076 -0.007806309 0.03903155
vn -0.9984776 -0.007800606 0.05460424
vn -0.9433722 -0.007370095 0.3316543
vn -0.996932 -0.007788531 0.07788531
vn -0.9956041 -0.007778157 0.09333789
vn -0.9956041 -0.007778157 0.09333789
vn -0.854245 0.4538176 0.253604
vn -0.7098743 0.7043284 0
vn 0.7306336 -0.1898497 0.6558443
vn -0.8176119 0.5748833 0.03193796
vn -0.7128293 0.5123461 -0.4789322
vn -0.865715 -0.006763398 0.5004915
vn -0.996932 -0.007788531 0.07788531
vn -0.8828425 0.234505 -0.4069352
vn -0.9735882 -0.007606158 -0.2281847
vn -0.7071068 -0.7071068 0
vn -0.7071068 -0.7071068 0
vn -0.7071068 -0.7071068 0
vn -0.7071068 -0.7071068 0
vn -0.7071068 -0.7071068 0
vn -0.7071068 -0.7071068 0
vn -0.7071068 -0.7071068 0
vn -0.7071068 -0.7071068 0
vn -0.707096 -0.707096 -0.005524187
vn -0.7071068 -0.7071068 0
vn -0.707096 -0.707096 -0.005524187
vn -0.707096 -0.707096 -0.005524187
vn -0.7071068 -0.7071068 0
vn -0.707096 -0.707096 -0.005524187
vn -0.707096 -0.707096 -0.005524187
vn -0.707096 -0.707096 -0.005524187
vn -0.707096 -0.707096 -0.005524187
vn -0.707096 -0.707096 -0.005524187
vn -0.707096 -0.707096 -0.005524187
vn -0.707096 -0.707096 -0.005524187
vn -0.7071068 -0.7071068 0
vn -0.707096 -0.707096 -0.005524187
vn -0.707096 -0.707096 -0.005524187
vn -0.707096 -0.707096 -0.005524187
vn -0.707096 -0.707096 -0.005524187
vn -0.707096 -0.707096 -0.005524187
vn -0.7071068 -0.7071068 0
vn -0.7071068 -0.7071068 0
vn -0.707096 -0.707096 -0.005524187
vn -0.707096 -0.707096 -0.005524187
vn -0.707096 -0.707096 -0.005524187
vn -0.7071068 -0.7071068 0
vn -0.7071068 -0.7071068 0
vn -0.7323738 -0.005721671 0.6808788
vn -0.8150057 -0.006367232 0.5794181
vn -0.7126414 -0.005567511 0.7015064
vn -0.8773506 -0.006854301 0.4798011
vn -0.9855197 -0.007699373 0.1693862
vn -0.9992076 -0.007806309 -0.03903155
vn -0.9161339 -0.007157296 -0.4008086
vn -0.8509539 -0.006648078 -0.5251982
vn -0.7496541 -0.005856673 -0.661804
vn -0.721038 -0.00563311 -0.6928725
vn -0.7098743 0 -0.7043284
vn -0.7295372 0 -0.6839412
vn -0.7295372 0 -0.6839412
vn -0.8120154 0 -0.583636
vn -0.7098743 0 -0.7043284
vn -0.8744794 0 -0.4850628
vn -0.861528 -0.4913402 -0.1278831
vn -0.9995121 0 0.03123475
vn -0.886413 -0.2908542 0.3601052
vn -0.8539408 0 0.5203702
vn -0.7525768 0 0.6585047
vn -0.7238689 0 0.6899376
vn -0.7438593 -0.005811401 -0.6683111
vn -0.8360301 -0.006531485 -0.5486447
vn -0.71543 -0.005589297 -0.6986621
vn -0.9027077 -0.007052404 -0.4301966
vn -0.9962976 -0.007783575 -0.08561933
vn -0.9922481 -0.007751938 0.124031
vn -0.8916019 -0.00696564 0.4527666
vn -0.8270293 -0.006461167 0.5621215
vn -0.7760997 -0.006063279 0.630581
vn -0.7760997 -0.006063279 0.630581
vn -0.7298692 0.6044229 0.3193178
vn -0.8390422 0 0.5440664
vn -0.7850398 0 0.6194454
vn -0.8267705 0.4650584 0.3164981
vn -0.9969622 0 0.07788767
vn -0.9912955 0 -0.1316564
vn -0.8888031 0 -0.4582891
vn -0.8240419 0 -0.5665288
vn -0.7352438 0 -0.6778029
vn -0.7126524 0 -0.7015172
vn -0.707096 -0.707096 -0.005524187
vn -0.707096 -0.707096 -0.005524187
vn -0.707096 -0.707096 -0.005524187
vn -0.707096 -0.707096 -0.005524187
vn -0.707096 -0.707096 -0.005524187
vn -0.707096 -0.707096 -0.005524187
vn -0.707096 -0.707096 -0.005524187
vn -0.707096 -0.707096 -0.005524187
vn -0.707096 -0.707096 -0.005524187
vn -0.707096 -0.707096 -0.005524187
vn -0.707096 -0.707096 -0.005524187
vn -0.707096 -0.707096 -0.005524187
vn -0.707096 -0.707096 -0.005524187
vn -0.707096 -0.707096 -0.005524187
vn -0.707096 -0.707096 -0.005524187
vn -0.707096 -0.707096 -0.005524187
vn -0.707096 -0.707096 -0.005524187
vn -0.707096 -0.707096 -0.005524187
vn -0.707096 -0.707096 -0.005524187
vn -0.707096 -0.707096 -0.005524187
vn -0.7098743 0.7043284 0
vn -0.7098743 0.7043284 0
vn -0.7098743 0.7043284 0
vn -0.7098743 0.7043284 0
vn -0.7098743 0.7043284 0
vn -0.7098743 0.7043284 0
vn -0.7098743 0.7043284 0
vn -0.7098743 0.7043284 0
vn -0.7098743 0.7043284 0
vn -0.7098743 0.7043284 0
vn -0.8727701 0.1022777 -0.4772961
vn -0.8377472 -0.130898 -0.5301369
vn -0.7530845 0.2824067 -0.5942307
vn -0.7362648 0.3911406 -0.5521985
vn -0.7090896 0.5484365 -0.443181
vn -0.7169209 0.5432916 -0.4368737
vn -0.7417579 0.6548331 -0.1448746
vn -0.8157501 0.5480821 -0.1848184
vn -0.8074465 0.5361949 0.2460189
vn -0.9252555 0.3252851 0.1951711
vn -0.7557577 -0.2952178 -0.5845313
vn -0.734505 0.1319814 -0.6656451
vn -0.7089047 0.5150636 -0.4818337
vn -0.7201474 0.6863905 -0.1012707
vn -0.7414592 0.596643 0.3070105
vn -0.8818991 0.4202801 -0.2135849
vn -0.8846118 0.3593735 -0.2971743
vn -0.8771857 0.4797109 -0.02055904
vn -0.8744182 0.4781974 0.0819767
vn -0.8688205 0.4140473 0.2715064
vn -0.8670844 0.352253 0.352253
vn -0.8632505 0.1955802 0.4653459
vn -0.8618795 0.09426808 0.4982741
vn -0.8613136 -0.1009352 0.4979469
vn -0.8620946 -0.2020534 0.4647229
vn -0.8650032 -0.3581654 0.3514075
vn -0.8663692 -0.4196476 0.2707404
vn -0.8715553 -0.4834408 0.08170831
vn -0.8742958 -0.4849609 -0.02049131
vn -0.8793358 -0.4259283 -0.2129641
vn -0.8824019 -0.3653696 -0.2964319
vn -0.8831788 -0.206995 -0.4208899
vn -0.8867958 -0.1039214 -0.450326
vn -0.8874137 0.09706087 -0.4506398
vn -0.8844218 0.2003768 -0.4214823
vn -0.7081015 0.4093712 -0.5753325
vn -0.7081015 0.4093712 -0.5753325
vn -0.7081015 0.4093712 -0.5753325
vn -0.7081015 0.4093712 -0.5753325
vn -0.7064926 -0.4139605 -0.5740252
vn -0.7064926 -0.4139605 -0.5740252
vn -0.7064926 -0.4139605 -0.5740252
vn -0.7064926 -0.4139605 -0.5740252
vn -0.7060302 -0.6729351 -0.2206344
vn -0.7060302 -0.6729351 -0.2206344
vn -0.7060302 -0.6729351 -0.2206344
vn -0.7060302 -0.6729351 -0.2206344
vn -0.7068803 -0.6737453 0.2153776
vn -0.7068803 -0.6737453 0.2153776
vn -0.7068803 -0.6737453 0.2153776
vn -0.7068803 -0.6737453 0.2153776
vn -0.7087308 -0.415272 0.5703068
vn -0.7087308 -0.415272 0.5703068
vn -0.7087308 -0.415272 0.5703068
vn -0.7087308 -0.415272 0.5703068
vn -0.7103551 0.410674 0.5716138
vn -0.7103551 0.410674 0.5716138
vn -0.7103551 0.410674 0.5716138
vn -0.7103551 0.410674 0.5716138
vn -0.7095143 0.6707128 0.2161801
vn -0.7095143 0.6707128 0.2161801
vn -0.7095143 0.6707128 0.2161801
vn -0.7095143 0.6707128 0.2161801
vn -0.7086548 0.6699002 -0.2214546
vn -0.7086548 0.6699002 -0.2214546
vn -0.7086548 0.6699002 -0.2214546
vn -0.7086548 0.6699002 -0.2214546
vn -0.998508 0 -0.0546059
vn -0.998508 0 -0.0546059
vn -0.998508 0 -0.0546059
vn -0.998508 0 -0.0546059
vn -0.998508 0 -0.0546059
vn -0.998508 0 -0.0546059
vn -0.9984776 -0.007800606 -0.05460424
vn -0.9984776 -0.007800606 -0.05460424
vn -0.9984776 -0.007800606 -0.05460424
vn -0.9984776 -0.007800606 -0.05460424
vn -0.998508 0 -0.0546059
vn -0.998508 0 -0.0546059
vn -0.998508 0 -0.0546059
vn -0.998508 0 -0.0546059
vn -0.998508 0 -0.0546059
vn -0.998508 0 -0.0546059
vn -0.7106178 0.5218599 0.4718946
vn -0.7105302 0.6106119 0.3497141
vn -0.7095361 0.288249 0.6430171
vn -0.7107164 0.1443643 0.6885065
vn -0.7101364 -0.1497944 0.6879447
vn -0.7083943 -0.2933195 0.6419823
vn -0.7085571 -0.5258822 0.4705262
vn -0.7081231 -0.6140755 0.3485294
vn -0.7080365 -0.702505 0.07190996
vn -0.7077442 -0.702215 -0.07740952
vn -0.706751 -0.6128857 -0.3533755
vn -0.706708 -0.5245098 -0.4748194
vn -0.706708 -0.5245098 -0.4748194
vn -0.706751 -0.6128857 -0.3533755
vn -0.70588 -0.2922784 -0.6452184
vn -0.7074307 -0.1492237 -0.6908503
vn -0.708004 0.1438133 -0.6914102
vn -0.7070097 0.2872227 -0.6462511
vn -0.7087526 0.5204902 -0.4761931
vn -0.709144 0.6094206 -0.354572
vn -0.7104973 0.6993958 -0.07771064
vn -0.7107931 0.6996869 0.07218992
vn -0.9984776 -0.007800606 -0.05460424
vn -0.9577877 -0.1795852 -0.2244815
vn -0.9629505 -0.2332146 -0.1354149
vn -0.9657971 -0.2565399 -0.03772645
vn -0.9713429 -0.2276585 0.06829754
vn -0.9763883 -0.1601887 0.1449326
vn -0.9776691 -0.06874235 0.198589
vn -0.9780115 0.03056286 0.2062993
vn -0.9772132 0.1297861 0.1679585
vn -0.9743776 0.2055328 0.0913479
vn -0.9701147 0.2425287 -0.007579021
vn -0.9656597 0.2338707 -0.1131633
vn -0.9022142 0.08458257 0.4229129
vn -0.9016321 0.260628 0.345156
vn -0.9023712 -0.1127964 0.4159367
vn -0.8989598 -0.287948 0.3300868
vn -0.8930981 -0.4116624 0.1814106
vn -0.885967 -0.4637483 0
vn -0.8156673 -0.2612684 -0.5161645
vn -0.8199066 -0.4355754 -0.3715202
vn -0.8752763 -0.3350667 -0.3487429
vn -0.8804168 -0.4333301 -0.1925912
vn -0.8242469 -0.540912 -0.1674252
vn -0.8312916 -0.5520296 0.06494465
vn -0.8390242 -0.4653962 0.2818597
vn -0.8417411 -0.3025007 0.4471749
vn -0.8719597 -0.1771168 -0.4564164
vn -0.9567971 -0.08969972 -0.2765742
vn -0.8715553 0.006809026 -0.4902498
vn -0.9565567 0.007473099 -0.2914509
vn -0.9610758 0.1877101 -0.2027269
vn -0.9565833 0.1120996 -0.269039
vn -0.872466 0.1908519 -0.4498653
vn -0.8157501 0.1848184 -0.5480821
vn -0.8142138 -0.04452732 -0.5788552
vn -0.8773506 0.3427151 -0.3358608
vn -0.883747 0.4349692 -0.1726068
vn -0.8914288 0.4526787 0.02089286
vn -0.8970371 0.3924537 0.203235
vn -0.8453311 -0.07924979 0.5283319
vn -0.8440621 0.1516674 0.5143504
vn -0.8416318 0.3616387 0.4010901
vn -0.8394752 0.4984384 0.2164272
vn -0.8329796 0.5531505 -0.01301531
vn -0.8263397 0.5100065 -0.2388638
vn -0.8202095 0.3780653 -0.4293284
vn -0.7201245 -0.05063375 0.6919947
vn -0.7175176 -0.04484485 0.6950952
vn -0.7182402 0 0.6957952
vn -0.7210495 0 0.6928836
vn -0.7265226 -0.6811149 0.09081532
vn -0.7148942 -0.6981388 0.03909577
vn -0.7355836 -0.6551291 0.1724024
vn -0.7332506 -0.6702368 0.1145704
vn -0.7554942 0 0.6551552
vn -0.7266982 0 0.6869569
vn -0.7494612 -0.02342066 0.6616338
vn -0.7523686 -0.02351152 0.6583226
vn -0.7408752 -0.01736426 0.6714182
vn -0.7464477 -0.02915811 0.664805
vn -0.7522517 -0.02938483 0.6582202
vn -0.7521088 -0.0352551 0.6580952
vn -0.7126414 -0.005567511 -0.7015064
vn -0.707096 -0.005524187 -0.707096
vn -0.7110672 0.06666255 -0.6999568
vn 0.7178579 0.1300058 -0.6839434
vn -0.7129952 0.5458869 0.4400517
vn -0.7167748 0.5095821 0.4759833
vn -0.7174613 0.3979668 0.571727
vn -0.7129398 0.5068557 0.4845763
vn -0.710366 0.4328793 0.5549734
vn -0.7113197 0.5890617 0.3834458
vn -0.7101256 0.6047163 0.3606106
vn -0.7095361 0.6430171 0.288249
vn -0.7184891 0.6904231 0.08419795
vn -0.7677344 0.5218195 -0.3718714
vn -0.750801 0.4399225 -0.4927131
vn -0.7965074 0.5973806 -0.09334072
vn -0.8017244 0.5950298 0.05637124
vn -0.7868175 0.516349 0.3380856
vn -0.7699674 0.4451374 0.4571682
vn -0.7699674 0.4451374 0.4571682
vn -0.7868175 0.516349 0.3380856
vn -0.7349407 0.2468941 0.6315897
vn -0.7210952 0.1239382 0.6816604
vn -0.7105631 -0.1165767 0.6939092
vn -0.7180594 -0.2468329 0.6507413
vn -0.7510077 -0.4459108 0.4869815
vn -0.7670173 -0.5273244 0.3655317
vn -0.7670173 -0.5273244 0.3655317
vn -0.7510077 -0.4459108 0.4869815
vn -0.7939903 -0.6016957 0.08684269
vn -0.7984421 -0.5988316 -0.06237829
vn -0.782688 -0.5197538 -0.342426
vn -0.7657946 -0.4487078 -0.4606734
vn -0.7657946 -0.4487078 -0.4606734
vn -0.782688 -0.5197538 -0.342426
vn -0.7312376 -0.2513629 -0.6341201
vn -0.7178222 -0.1289837 -0.6841743
vn -0.7082749 0.110668 -0.6972081
vn -0.7164155 0.2406708 -0.6548485
vn -0.750801 0.4399225 -0.4927131
vn -0.7677344 0.5218195 -0.3718714
vn -0.8902423 0.4520762 0.05564015
vn -0.8902423 0.4520762 0.05564015
vn -0.8902423 0.4520762 0.05564015
vn -0.8902423 0.4520762 0.05564015
vn -0.8902423 0.4520762 0.05564015
vn -0.8902423 0.4520762 0.05564015
vn -0.8902423 0.4520762 0.05564015
vn -0.8902423 0.4520762 0.05564015
vn -0.8902423 0.4520762 0.05564015
vn -0.8902423 0.4520762 0.05564015
vn -0.8902423 0.4520762 0.05564015
vn -0.8902423 0.4520762 0.05564015
vn -0.8902423 0.4520762 0.05564015
vn -0.8902423 0.4520762 0.05564015
vn -0.8902423 0.4520762 0.05564015
vn -0.8902423 0.4520762 0.05564015
vn -0.8902423 0.4520762 0.05564015
vn -0.8902423 0.4520762 0.05564015
vn -0.8902423 0.4520762 0.05564015
vn -0.8902423 0.4520762 0.05564015
vn -0.7703438 -0.5296114 0.3550804
vn -0.7160566 -0.6209553 0.3188689
vn -0.7294899 -0.6838967 -0.01139828
vn -0.801096 -0.5945635 -0.06884419
vn -0.719726 -0.6128917 -0.3261259
vn -0.7719111 -0.4342 -0.4643528
vn -0.7059873 -0.430211 -0.5625836
vn -0.7165164 -0.1119557 -0.6885275
vn -0.7383565 -0.1730523 -0.6518303
vn -0.7170559 0.25209 -0.6498319
vn -0.8628974 0.08089663 -0.4988626
vn -0.7735587 0.5197347 -0.3626056
vn -0.7735587 0.5197347 -0.3626056
vn -0.8628974 0.08089663 -0.4988626
vn -0.9796142 0.1913309 -0.06122589
vn -0.8073982 0.5866253 0.06307799
vn -0.9168621 0.06446686 0.3939642
vn -0.7781191 0.4255339 0.4620082
vn -0.7814617 -0.1770499 0.5983066
vn -0.7225069 0.1072471 0.6829948
vn -0.7125531 -0.4342121 0.5511153
vn -0.7186363 -0.25826 0.6456499
vn -0.7059873 -0.430211 -0.5625836
vn -0.7081448 -0.3762019 -0.5974972
vn -0.7510077 -0.1642829 -0.63953
vn -0.7383565 -0.1730523 -0.6518303
vn -0.8943399 0.01397406 -0.44717
vn -0.8628974 0.08089663 -0.4988626
vn -0.997416 0.07013081 -0.01558463
vn -0.9796142 0.1913309 -0.06122589
vn -0.9126806 -0.0427819 0.4064281
vn -0.9168621 0.06446686 0.3939642
vn -0.7717428 -0.2351404 0.5908656
vn -0.7814617 -0.1770499 0.5983066
vn -0.7112428 -0.4445267 0.5445452
vn -0.7125531 -0.4342121 0.5511153
vn -0.7274137 -0.6137553 0.3068776
vn -0.7160566 -0.6209553 0.3188689
vn -0.7488454 -0.6610901 -0.04680284
vn -0.7294899 -0.6838967 -0.01139828
vn -0.7308441 -0.5652623 -0.3825512
vn -0.719726 -0.6128917 -0.3261259
vn -0.7112428 -0.4445267 0.5445452
vn -0.7189083 -0.1460282 0.679593
vn -0.8129811 -0.3683821 0.4509504
vn -0.7274137 -0.6137553 0.3068776
vn -0.8916235 -0.4527775 0
vn -0.7488454 -0.6610901 -0.04680284
vn -0.828848 -0.3367195 -0.4468009
vn -0.7308441 -0.5652623 -0.3825512
vn -0.7309037 -0.1084935 -0.6738019
vn -0.7081448 -0.3762019 -0.5974972
vn -0.7250175 -0.0679704 0.6853681
vn -0.8582297 -0.1743279 0.4827542
vn -0.9752823 -0.2209624 0
vn -0.866667 -0.1557292 -0.4739585
vn -0.7314166 -0.05142773 -0.6799889
vn -0.7227142 0.05646204 -0.6888369
vn -0.716741 0.1399885 -0.6831438
vn -0.7510077 -0.1642829 -0.63953
vn -0.9027077 -0.007052404 -0.4301966
vn -0.9962976 -0.007783575 -0.08561933
vn -0.8360301 -0.006531485 -0.5486447
vn -0.9922481 -0.007751938 0.124031
vn -0.9501314 -0.007422901 0.3117618
vn -0.9501314 -0.007422901 0.3117618
vn -0.962651 0 0.2707455
vn -0.9969622 0 0.07788767
vn -0.962651 0 0.2707455
vn -0.9912955 0 -0.1316564
vn -0.8888031 0 -0.4582891
vn -0.8240419 0 -0.5665288
vn -0.7352438 0 -0.6778029
vn -0.7126524 0 -0.7015172
vn -0.71543 -0.005589297 -0.6986621
vn -0.7438593 -0.005811401 -0.6683111
vn -0.7169546 -0.4873051 -0.4985075
vn -0.7081232 -0.6472688 -0.2821428
vn -0.7068803 -0.4804577 -0.5191153
vn -0.7128624 -0.5792007 -0.3954159
vn -0.7249129 -0.4927142 -0.4813875
vn -0.7253901 -0.6347163 -0.2663542
vn -0.769008 -0.5106694 -0.384504
vn -0.7089917 -0.7034527 -0.04985098
vn -0.8194193 -0.5377439 -0.1984531
vn -0.7787237 -0.6266292 -0.0304189
vn -0.8264259 -0.5617113 0.03873871
vn -0.7479244 -0.6544338 0.11102
vn -0.7994692 -0.5433892 0.25608
vn -0.7325897 -0.6410159 0.2289343
vn -0.7535542 -0.5121813 0.4120999
vn -0.7172923 -0.6276308 0.3026077
vn -0.7189537 -0.4886638 0.4942807
vn -0.7097105 -0.6209967 0.3326768
vn -0.7089047 -0.4818337 0.5150636
vn -0.713571 -0.6243746 0.3177621
vn -0.7268856 -0.4940551 0.4770187
vn -0.7275428 -0.6366 0.2557768
vn -0.7694386 -0.5229778 0.3666856
vn -0.7439346 -0.6509428 0.1511117
vn -0.8128991 -0.5525174 0.1841725
vn -0.7524596 -0.6584022 0.01763577
vn -0.826202 -0.5615591 -0.04518292
vn -0.747427 -0.6539986 -0.1167855
vn -0.7981781 -0.5425116 -0.2619022
vn -0.7316198 -0.6401673 -0.234347
vn -0.7517196 -0.5109344 -0.4169694
vn -0.7160678 -0.6265593 -0.3076854
vn 0.7122478 -0.2635878 -0.6505571
vn 0.7122478 -0.2635878 -0.6505571
vn 0.7122478 -0.2635878 -0.6505571
vn -0.7510077 -0.1642829 -0.63953
vn -0.716741 0.1399885 -0.6831438
vn -0.8125224 0.3618264 -0.4570438
vn -0.8943399 0.01397406 -0.44717
vn -0.8944053 0.4472027 -0.006987541
vn -0.997416 0.07013081 -0.01558463
vn -0.8348379 0.3261085 0.4435076
vn -0.9126806 -0.0427819 0.4064281
vn -0.7345896 0.09756269 0.6714608
vn -0.7717428 -0.2351404 0.5908656
vn -0.7227142 0.05646204 -0.6888369
vn -0.8564221 0.1672699 -0.4884282
vn -0.9752539 0.220956 -0.007619171
vn -0.8703456 0.1495907 0.4691707
vn -0.7346501 0.04017618 0.6772556
vn -0.7250175 -0.0679704 0.6853681
vn -0.7196919 0.2923748 0.6297305
vn -0.8647662 0.2769954 0.4188711
vn -0.8582297 -0.1743279 0.4827542
vn -0.9891915 0.1391051 -0.04636835
vn -0.9752823 -0.2209624 0
vn -0.8817737 -0.05511085 -0.4684422
vn -0.866667 -0.1557292 -0.4739585
vn -0.7396002 -0.1849001 -0.6471502
vn -0.7314166 -0.05142773 -0.6799889
vn -0.7186363 -0.25826 -0.6456499
vn -0.7227142 0.05646204 -0.6888369
vn -0.7227142 0.05646204 -0.6888369
vn -0.7186363 -0.25826 -0.6456499
vn -0.8629562 -0.262932 -0.4314781
vn -0.8564221 0.1672699 -0.4884282
vn -0.9905531 -0.1315578 0.03869348
vn -0.9752539 0.220956 -0.007619171
vn -0.8894681 0.0694897 0.451683
vn -0.8703456 0.1495907 0.4691707
vn -0.7453458 0.2212746 0.6288856
vn -0.7346501 0.04017618 0.6772556
vn -0.7196919 0.2923748 0.6297305
vn -0.7118475 0.6562344 0.2502589
vn -0.7914817 0.5997947 0.1174856
vn -0.8647662 0.2769954 0.4188711
vn -0.9472131 0.3034042 -0.1036014
vn -0.9891915 0.1391051 -0.04636835
vn -0.9287073 -0.1886437 -0.3192432
vn -0.8817737 -0.05511085 -0.4684422
vn -0.7694386 -0.5229778 -0.3666856
vn -0.7396002 -0.1849001 -0.6471502
vn -0.7072363 -0.6409329 -0.2983653
vn -0.7186363 -0.25826 -0.6456499
vn -0.7186363 -0.25826 -0.6456499
vn -0.7072363 -0.6409329 -0.2983653
vn -0.7911491 -0.5933619 -0.1483405
vn -0.8629562 -0.262932 -0.4314781
vn -0.9457641 -0.3103288 0.09605416
vn -0.9905531 -0.1315578 0.03869348
vn -0.9320992 0.1820506 0.3131271
vn -0.8894681 0.0694897 0.451683
vn -0.7752025 0.5329517 0.3391511
vn -0.7453458 0.2212746 0.6288856
vn -0.8902423 0.4520762 0.05564015
vn -0.8902423 0.4520762 0.05564015
vn -0.8902423 0.4520762 0.05564015
vn -0.8902423 0.4520762 0.05564015
vn -0.8902423 0.4520762 0.05564015
vn -0.8902423 0.4520762 0.05564015
vn -0.8902423 0.4520762 0.05564015
vn -0.8902423 0.4520762 0.05564015
vn -0.8902423 0.4520762 0.05564015
vn -0.8902423 0.4520762 0.05564015
vn -0.7118475 0.6562344 0.2502589
vn -0.7125531 0.7014195 0.01670046
vn -0.7558235 0.6495358 -0.08266819
vn -0.7914817 0.5997947 0.1174856
vn -0.9092661 0.3693894 -0.1917983
vn -0.9472131 0.3034042 -0.1036014
vn -0.9537114 -0.2011735 -0.2235261
vn -0.9287073 -0.1886437 -0.3192432
vn -0.7947704 -0.5898687 -0.1428103
vn -0.7694386 -0.5229778 -0.3666856
vn -0.70934 -0.7037982 -0.03879203
vn -0.7072363 -0.6409329 -0.2983653
vn -0.7072363 -0.6409329 -0.2983653
vn -0.70934 -0.7037982 -0.03879203
vn -0.753907 -0.6537787 0.06478889
vn -0.7911491 -0.5933619 -0.1483405
vn -0.9067986 -0.3825557 0.1771091
vn -0.9457641 -0.3103288 0.09605416
vn -0.9595892 0.1874198 0.2099102
vn -0.9320992 0.1820506 0.3131271
vn -0.7996877 0.5872707 0.1249512
vn -0.7752025 0.5329517 0.3391511
vn -0.7677344 0.5218195 -0.3718714
vn -0.750801 0.4399225 -0.4927131
vn -0.7965074 0.5973806 -0.09334072
vn -0.8017244 0.5950298 0.05637124
vn -0.7868175 0.516349 0.3380856
vn -0.7699674 0.4451374 0.4571682
vn -0.7699674 0.4451374 0.4571682
vn -0.7868175 0.516349 0.3380856
vn -0.7349407 0.2468941 0.6315897
vn -0.7210952 0.1239382 0.6816604
vn -0.7105631 -0.1165767 0.6939092
vn -0.7180594 -0.2468329 0.6507413
vn -0.7510077 -0.4459108 0.4869815
vn -0.7670173 -0.5273244 0.3655317
vn -0.7670173 -0.5273244 0.3655317
vn -0.7510077 -0.4459108 0.4869815
vn -0.7939903 -0.6016957 0.08684269
vn -0.7984421 -0.5988316 -0.06237829
vn -0.782688 -0.5197538 -0.342426
vn -0.7657946 -0.4487078 -0.4606734
vn -0.7657946 -0.4487078 -0.4606734
vn -0.782688 -0.5197538 -0.342426
vn -0.7312376 -0.2513629 -0.6341201
vn -0.7178222 -0.1289837 -0.6841743
vn -0.7082749 0.110668 -0.6972081
vn -0.7164155 0.2406708 -0.6548485
vn -0.750801 0.4399225 -0.4927131
vn -0.7677344 0.5218195 -0.3718714
vn -0.8902423 0.4520762 0.05564015
vn -0.8902423 0.4520762 0.05564015
vn -0.8902423 0.4520762 0.05564015
vn -0.8902423 0.4520762 0.05564015
vn -0.8902423 0.4520762 0.05564015
vn -0.8902423 0.4520762 0.05564015
vn -0.8902423 0.4520762 0.05564015
vn -0.8902423 0.4520762 0.05564015
vn -0.8902423 0.4520762 0.05564015
vn -0.8902423 0.4520762 0.05564015
vn -0.8902423 0.4520762 0.05564015
vn -0.8902423 0.4520762 0.05564015
vn -0.8902423 0.4520762 0.05564015
vn -0.8902423 0.4520762 0.05564015
vn -0.8902423 0.4520762 0.05564015
vn -0.8902423 0.4520762 0.05564015
vn -0.8902423 0.4520762 0.05564015
vn -0.8902423 0.4520762 0.05564015
vn -0.8902423 0.4520762 0.05564015
vn -0.8902423 0.4520762 0.05564015
vn -0.7703438 -0.5296114 0.3550804
vn -0.7160566 -0.6209553 0.3188689
vn -0.7294899 -0.6838967 -0.01139828
vn -0.801096 -0.5945635 -0.06884419
vn -0.719726 -0.6128917 -0.3261259
vn -0.7719111 -0.4342 -0.4643528
vn -0.7059873 -0.430211 -0.5625836
vn -0.7165164 -0.1119557 -0.6885275
vn -0.7383565 -0.1730523 -0.6518303
vn -0.7170559 0.25209 -0.6498319
vn -0.8628974 0.08089663 -0.4988626
vn -0.7735587 0.5197347 -0.3626056
vn -0.7735587 0.5197347 -0.3626056
vn -0.8628974 0.08089663 -0.4988626
vn -0.9796142 0.1913309 -0.06122589
vn -0.8073982 0.5866253 0.06307799
vn -0.9168621 0.06446686 0.3939642
vn -0.7781191 0.4255339 0.4620082
vn -0.7814617 -0.1770499 0.5983066
vn -0.7225069 0.1072471 0.6829948
vn -0.7125531 -0.4342121 0.5511153
vn -0.7186363 -0.25826 0.6456499
vn -0.7059873 -0.430211 -0.5625836
vn -0.7081448 -0.3762019 -0.5974972
vn -0.7510077 -0.1642829 -0.63953
vn -0.7383565 -0.1730523 -0.6518303
vn -0.8943399 0.01397406 -0.44717
vn -0.8628974 0.08089663 -0.4988626
vn -0.997416 0.07013081 -0.01558463
vn -0.9796142 0.1913309 -0.06122589
vn -0.9126806 -0.0427819 0.4064281
vn -0.9168621 0.06446686 0.3939642
vn -0.7717428 -0.2351404 0.5908656
vn -0.7814617 -0.1770499 0.5983066
vn -0.7112428 -0.4445267 0.5445452
vn -0.7125531 -0.4342121 0.5511153
vn -0.7274137 -0.6137553 0.3068776
vn -0.7160566 -0.6209553 0.3188689
vn -0.7488454 -0.6610901 -0.04680284
vn -0.7294899 -0.6838967 -0.01139828
vn -0.7308441 -0.5652623 -0.3825512
vn -0.719726 -0.6128917 -0.3261259
vn -0.7112428 -0.4445267 0.5445452
vn -0.7189083 -0.1460282 0.679593
vn -0.8129811 -0.3683821 0.4509504
vn -0.7274137 -0.6137553 0.3068776
vn -0.8916235 -0.4527775 0
vn -0.7488454 -0.6610901 -0.04680284
vn -0.828848 -0.3367195 -0.4468009
vn -0.7308441 -0.5652623 -0.3825512
vn -0.7309037 -0.1084935 -0.6738019
vn -0.7081448 -0.3762019 -0.5974972
vn -0.7250175 -0.0679704 0.6853681
vn -0.8582297 -0.1743279 0.4827542
vn -0.9752823 -0.2209624 0
vn -0.866667 -0.1557292 -0.4739585
vn -0.7314166 -0.05142773 -0.6799889
vn -0.7227142 0.05646204 -0.6888369
vn -0.716741 0.1399885 -0.6831438
vn -0.7510077 -0.1642829 -0.63953
vn 0.7122478 -0.2635878 -0.6505571
vn 0.7122478 -0.2635878 -0.6505571
vn 0.7122478 -0.2635878 -0.6505571
vn -0.7510077 -0.1642829 -0.63953
vn -0.716741 0.1399885 -0.6831438
vn -0.8125224 0.3618264 -0.4570438
vn -0.8943399 0.01397406 -0.44717
vn -0.8944053 0.4472027 -0.006987541
vn -0.997416 0.07013081 -0.01558463
vn -0.8348379 0.3261085 0.4435076
vn -0.9126806 -0.0427819 0.4064281
vn -0.7345896 0.09756269 0.6714608
vn -0.7717428 -0.2351404 0.5908656
vn -0.7227142 0.05646204 -0.6888369
vn -0.8564221 0.1672699 -0.4884282
vn -0.9752539 0.220956 -0.007619171
vn -0.8703456 0.1495907 0.4691707
vn -0.7346501 0.04017618 0.6772556
vn -0.7250175 -0.0679704 0.6853681
vn -0.7196919 0.2923748 0.6297305
vn -0.8647662 0.2769954 0.4188711
vn -0.8582297 -0.1743279 0.4827542
vn -0.9891915 0.1391051 -0.04636835
vn -0.9752823 -0.2209624 0
vn -0.8817737 -0.05511085 -0.4684422
vn -0.866667 -0.1557292 -0.4739585
vn -0.7396002 -0.1849001 -0.6471502
vn -0.7314166 -0.05142773 -0.6799889
vn -0.7186363 -0.25826 -0.6456499
vn -0.7227142 0.05646204 -0.6888369
vn -0.7227142 0.05646204 -0.6888369
vn -0.7186363 -0.25826 -0.6456499
vn -0.8629562 -0.262932 -0.4314781
vn -0.8564221 0.1672699 -0.4884282
vn -0.9905531 -0.1315578 0.03869348
vn -0.9752539 0.220956 -0.007619171
vn -0.8894681 0.0694897 0.451683
vn -0.8703456 0.1495907 0.4691707
vn -0.7453458 0.2212746 0.6288856
vn -0.7346501 0.04017618 0.6772556
vn -0.7196919 0.2923748 0.6297305
vn -0.7118475 0.6562344 0.2502589
vn -0.7914817 0.5997947 0.1174856
vn -0.8647662 0.2769954 0.4188711
vn -0.9472131 0.3034042 -0.1036014
vn -0.9891915 0.1391051 -0.04636835
vn -0.9287073 -0.1886437 -0.3192432
vn -0.8817737 -0.05511085 -0.4684422
vn -0.7694386 -0.5229778 -0.3666856
vn -0.7396002 -0.1849001 -0.6471502
vn -0.7072363 -0.6409329 -0.2983653
vn -0.7186363 -0.25826 -0.6456499
vn -0.7186363 -0.25826 -0.6456499
vn -0.7072363 -0.6409329 -0.2983653
vn -0.7911491 -0.5933619 -0.1483405
vn -0.8629562 -0.262932 -0.4314781
vn -0.9457641 -0.3103288 0.09605416
vn -0.9905531 -0.1315578 0.03869348
vn -0.9320992 0.1820506 0.3131271
vn -0.8894681 0.0694897 0.451683
vn -0.7752025 0.5329517 0.3391511
vn -0.7453458 0.2212746 0.6288856
vn -0.7118475 0.6562344 0.2502589
vn -0.7125531 0.7014195 0.01670046
vn -0.7558235 0.6495358 -0.08266819
vn -0.7914817 0.5997947 0.1174856
vn -0.9092661 0.3693894 -0.1917983
vn -0.9472131 0.3034042 -0.1036014
vn -0.9537114 -0.2011735 -0.2235261
vn -0.9287073 -0.1886437 -0.3192432
vn -0.7947704 -0.5898687 -0.1428103
vn -0.7694386 -0.5229778 -0.3666856
vn -0.70934 -0.7037982 -0.03879203
vn -0.7072363 -0.6409329 -0.2983653
vn -0.7072363 -0.6409329 -0.2983653
vn -0.70934 -0.7037982 -0.03879203
vn -0.753907 -0.6537787 0.06478889
vn -0.7911491 -0.5933619 -0.1483405
vn -0.9067986 -0.3825557 0.1771091
vn -0.9457641 -0.3103288 0.09605416
vn -0.9595892 0.1874198 0.2099102
vn -0.9320992 0.1820506 0.3131271
vn -0.7996877 0.5872707 0.1249512
vn -0.7752025 0.5329517 0.3391511
vn -0.7081232 0.6472688 -0.2821428
vn -0.7081232 0.6472688 -0.2821428
vn -0.7081232 0.6472688 -0.2821428
vn -0.7081232 0.6472688 -0.2821428
vn -0.707096 -0.005524187 -0.707096
vn -0.707096 -0.005524187 -0.707096
vn -0.707096 -0.005524187 -0.707096
vn -0.707096 -0.005524187 -0.707096
vn -0.7063313 -0.6070035 -0.3642021
vn -0.7063313 -0.6070035 -0.3642021
vn -0.7063313 -0.6070035 -0.3642021
vn -0.7063313 -0.6070035 -0.3642021
vn -0.7061378 -0.6344206 0.314452
vn -0.7061378 -0.6344206 0.314452
vn -0.7061378 -0.6344206 0.314452
vn -0.7061378 -0.6344206 0.314452
vn -0.7098634 -0.005545808 0.7043176
vn -0.7098634 -0.005545808 0.7043176
vn -0.7098634 -0.005545808 0.7043176
vn -0.7098634 -0.005545808 0.7043176
vn -0.7097105 0.6209967 0.3326768
vn -0.7097105 0.6209967 0.3326768
vn -0.7097105 0.6209967 0.3326768
vn -0.7097105 0.6209967 0.3326768
vn -0.7092202 -0.6482716 0.2770391
vn -0.7092202 -0.6482716 0.2770391
vn -0.7092202 -0.6482716 0.2770391
vn -0.7092202 -0.6482716 0.2770391
vn -0.7098743 0 0.7043284
vn -0.7098743 0 0.7043284
vn -0.7098743 0 0.7043284
vn -0.7098743 0 0.7043284
vn -0.7101256 0.6047163 0.3606106
vn -0.7101256 0.6047163 0.3606106
vn -0.7101256 0.6047163 0.3606106
vn -0.7101256 0.6047163 0.3606106
vn -0.7098306 0.6266474 -0.321642
vn -0.7098306 0.6266474 -0.321642
vn -0.7098306 0.6266474 -0.321642
vn -0.7098306 0.6266474 -0.321642
vn -0.8226622 -0.5655803 -0.05784344
vn -0.7117594 -0.7006382 0.05004558
vn -0.7083183 -0.5312387 -0.4648339
vn -0.8312038 -0.2142947 -0.5130087
vn -0.7092528 0.2493467 -0.6593835
vn -0.8306611 0.3634143 -0.4218201
vn -0.7146044 0.692273 -0.1004912
vn -0.8415772 0.5391354 0.03287411
vn -0.7288509 0.4953908 0.4726143
vn -0.8582104 0.2078478 0.4693338
vn -0.722024 -0.2820406 0.631771
vn -0.8562112 -0.3879707 0.3411467
vn -0.7117594 -0.7006382 0.05004558
vn -0.8226622 -0.5655803 -0.05784344
vn -0.9999695 0 0.007812262
vn -0.9997255 0 -0.02343106
vn -0.9363291 0 0.3511234
vn -0.9994816 -0.00780845 0.0312338
vn -0.9988728 -0.007803693 -0.04682216
vn -0.998508 0 -0.0546059
vn -0.998508 0 -0.0546059
vn -0.998508 0 -0.0546059
vn -0.9996036 -0.01561881 -0.02342821
vn -0.9999695 0 0.007812262
vn -0.9994816 -0.00780845 0.0312338
vn -0.962651 0 0.2707455
vn -0.9081669 0 0.4186082
vn -0.8944272 0 0.4472136
vn -0.8150222 0 0.5794298
vn -0.8744794 0 0.4850628
vn -0.8888031 0 0.4582891
vn 0.8640856 -0.4898753 0.115665
vn 0.8640856 -0.4898753 0.115665
vn 0.8640856 -0.4898753 0.115665
vn -0.9962976 -0.007783575 0.08561933
vn -0.9980526 0 0.06237829
vn -0.9994816 -0.00780845 0.0312338
vn -0.9992076 -0.007806309 -0.03903155
vn -0.9948521 -0.007772282 -0.1010397
vn -0.9922779 0 -0.1240347
vn -0.9254732 0.3687432 -0.08676311
vn -0.9350042 0.2994936 -0.1899227
vn -0.9458932 0.2808121 -0.1625754
vn -0.9941615 0.09320264 -0.05436821
vn -0.9701147 0.1515804 -0.1894755
vn -0.9606697 0 -0.2776936
vn -0.9868075 0 -0.1618981
vn -0.9717907 -0.01518423 -0.2353556
vn -0.9782115 0.02292683 -0.2063415
vn -0.9718748 0.08352049 -0.2201904
vn -0.9962071 0.01556574 -0.08561154
vn -0.9991162 -0.01561119 -0.03902798
vn -0.9996036 -0.01561881 -0.02342821
vn -0.999756 -0.01562119 -0.01562119
vn -0.9244347 0.2311087 -0.3033302
vn -0.9212687 0.244712 -0.3022913
vn -0.8933591 0.3280303 -0.3070922
vn -0.9506291 0.1114018 -0.2896448
vn -0.9637418 0.07529233 -0.2559939
vn -0.9701147 0.06063217 -0.2349497
vn -0.9566902 0.2167501 -0.1943277
vn -0.9390212 0.286108 -0.1907387
vn -0.9523377 0.06696124 -0.2976055
vn -0.9470057 0.08138331 -0.3107362
vn -0.9456866 0 -0.3250798
vn -0.9054589 0 -0.4244339
vn -0.9376848 0.1098849 -0.3296548
vn -0.8768563 0.2603167 -0.404176
vn -0.8752763 0.3350667 -0.3487429
vn -0.8669255 0.3386427 -0.3657342
vn -0.8400534 0.4462784 -0.3084571
vn -0.8432009 0.4347755 -0.3162003
vn -0.8434021 0.4480574 -0.2965086
vn -0.8467172 0.4167436 -0.3307489
vn -0.8497905 0.3983393 -0.3452274
vn -0.8545496 0.3738655 -0.3605131
vn -0.8545496 0.3605131 -0.3738655
vn -0.8584227 0.3420278 -0.3822663
vn -0.8581525 0.3352158 -0.3888503
vn -0.923568 0.3607687 -0.1298767
vn -0.9162278 0.3793755 -0.1288445
vn -0.9004043 0.4009613 -0.1688258
vn -0.8907595 0.4105844 -0.1948536
vn -0.8688205 0.4344102 -0.2375681
vn -0.857902 0.4423557 -0.261392
vn -0.8466431 0.4497791 -0.2844191
vn 0.7071068 0 0.7071068
vn 0.7071068 0 0.7071068
vn 0.7070958 -0.005567683 0.7070958
vn 0.7069315 0.02226556 0.7069315
vn 0.7116997 0.2521771 0.6556603
vn 0.7095747 0.3128833 0.6313539
vn 0.7078533 0.4737601 0.5239229
vn 0.7094751 0.4636727 0.5307097
vn -0.7122331 0.4618387 0.5286105
vn -0.7106178 0.4718946 0.5218599
vn -0.7115395 0.5614491 0.4224766
vn -0.7108479 0.6553129 0.255461
vn -0.7091767 0.7036362 0.04432354
vn -0.7103004 0.6825543 -0.1720259
vn -0.7094816 0.6152536 -0.3436552
vn -0.7119686 0.5951613 -0.3726711
vn -0.7189537 0.4942807 -0.4886638
vn -0.7229332 0.4857207 -0.4913686
vn -0.7229332 0.4857207 -0.4913686
vn -0.7189537 0.4942807 -0.4886638
vn -0.7259966 0.3970293 -0.5615129
vn -0.721038 0.2985548 -0.6252752
vn -0.7176868 0.156994 -0.6784383
vn -0.7126414 0.005567511 -0.7015064
vn -0.7096997 -0.02217812 -0.7041551
vn -0.7098306 -0.0110911 -0.7042851
vn -0.7098743 0 -0.7043284
vn -0.7098743 0 -0.7043284
vn 0.7525735 -0.1777733 0.6340581
vn 0.7525735 -0.1777733 0.6340581
vn 0.7525735 -0.1777733 0.6340581
vn 0.7525735 -0.1777733 0.6340581
vn 0.7525735 -0.1777733 0.6340581
vn 0.7525735 -0.1777733 0.6340581
vn -0.9489555 0.1260332 0.2891349
vn -0.9489555 0.1260332 0.2891349
vn -0.9489555 0.1260332 0.2891349
vn -0.9489555 0.1260332 0.2891349
vn -0.9489555 0.1260332 0.2891349
vn -0.950865 0.1560013 0.2674308
vn -0.950865 0.1560013 0.2674308
vn -0.950865 0.1560013 0.2674308
vn -0.950865 0.1560013 0.2674308
vn -0.950865 0.1560013 0.2674308
vn -0.950865 0.1560013 0.2674308
vn -0.9050741 -0.3111192 -0.2899066
vn -0.9050741 -0.3111192 -0.2899066
vn -0.9050741 -0.3111192 -0.2899066
vn -0.9050741 -0.3111192 -0.2899066
vn -0.9050741 -0.3111192 -0.2899066
vn -0.7108259 0.4387129 0.5497794
vn 0.9162096 0.3895694 -0.09378523
vn -0.709776 -0.01663538 0.7042309
vn -0.7105631 0.1165767 0.6939092
vn -0.7098634 0.005545808 0.7043176
vn -0.7091004 0.09971724 0.6980208
vn -0.7098634 0.005545808 0.7043176
vn -0.7110124 0.1110957 0.694348
vn -0.7098743 0 0.7043284
vn -0.7123323 0.1279972 0.6900719
vn -0.7098634 -0.005545808 0.7043176
vn -0.7109686 0.1666333 0.6831964
vn -0.7139372 0.3569686 0.6023846
vn -0.7268856 0.4770187 0.4940551
vn -0.7115395 0.3557698 0.6059204
vn -0.7115396 0.4224766 0.5614492
vn -0.7109686 0.4165832 0.5665531
vn -0.71543 0.2738755 0.6427692
vn -0.7229677 0.5704667 0.3897248
vn -0.7119686 0.5951613 0.3726711
vn -0.7121559 0.6175727 0.3338231
vn -0.7101256 0.6047163 0.3606106
vn -0.7451438 0.4773577 0.4657149
vn -0.7342632 0.05162788 0.6768989
vn -0.7644823 0.149313 0.6271144
vn -0.7220584 0.6825708 0.1128216
vn -0.7105631 0.6939092 0.1165767
vn -0.7110124 0.694348 0.1110957
vn -0.7150726 0.6871401 0.1284896
vn -0.7741809 0.5685391 0.2782213
vn -0.7224724 0.6886065 0.06208747
vn -0.7098306 0.7042851 -0.0110911
vn -0.7098306 0.7042851 -0.0110911
vn -0.7179577 0.6955216 -0.02804522
vn -0.7478223 0.6601868 -0.07010834
vn -0.7526157 0.6467792 0.123476
vn -0.8185642 0.5627629 -0.1151106
vn -0.773601 0.3444942 0.5318507
vn -0.7385531 0.5019853 0.4500558
vn -0.840343 0.5186492 0.1575643
vn -0.7478223 -0.07010834 0.6601868
vn -0.754601 -0.1002204 0.6484852
vn -0.7888471 -0.07395441 0.6101239
vn -0.7479244 0.11102 0.6544338
vn -0.7644823 0.5912793 0.2568183
vn -0.9004044 -0.1055161 0.4220646
vn -0.7240773 -0.08485281 0.6844794
vn -0.95862 -0.007489218 0.2845903
vn -0.7070097 0.01657054 -0.7070097
vn -0.7071068 0 -0.7071068
vn -0.7126524 0 -0.7015172
vn -0.7234525 0.03391184 -0.6895407
vn -0.7210495 0 -0.6928836
vn -0.7440603 0.2964615 -0.598736
vn -0.7098743 0 -0.7043284
vn -0.7103989 0.5272492 -0.4661992
vn -0.7352438 0 -0.6778029
vn -0.7290991 0.26202 -0.6322656
vn -0.7294306 -0.01709603 -0.6838412
vn -0.7295254 0.005699417 -0.6839301
vn 0.8618542 -0.4953965 0.1085801
vn 0.8618542 -0.4953965 0.1085801
vn 0.8618542 -0.4953965 0.1085801
vn -0.7173261 0.3138302 0.6220562
vn -0.713571 0.3177621 0.6243746
vn -0.7229332 0.4857207 0.4913686
vn -0.7285675 0.5065821 0.4610466
vn -0.7325897 0.6410159 0.2289343
vn -0.7587259 0.6461025 0.08298564
vn -0.7110673 0.3666441 0.599963
vn -0.7097105 0.3326768 0.6209967
vn -0.7129398 0.3509001 0.6071128
vn -0.713438 0.2563918 0.6521269
vn -0.7130061 0.2116737 0.6684433
vn -0.713438 0.2563918 0.6521269
vn -0.7306654 0.4623742 0.5023325
vn -0.7525768 0.6585047 0
vn -0.7138373 0.6692225 0.2063436
vn -0.7108479 0.677527 0.188819
vn -0.7110672 0.5999629 0.366644
vn -0.7126083 0.5678598 0.4119767
vn -0.7115396 0.4224766 0.5614492
vn -0.7103551 0.410674 0.5716138
vn -0.7149945 0.6758933 -0.1787486
vn -0.721141 0.591561 -0.3605705
vn -0.7089917 0.5926728 -0.3821908
vn -0.7702184 0.6197851 -0.1504333
vn -0.715363 0.6930079 0.08942037
vn -0.7838465 0.6185039 0.05511421
vn -0.7664121 0.6167222 0.1796279
vn -0.7387868 0.5598618 0.3751652
vn -0.7209237 0.4956351 0.4843706
vn -0.7494099 0.6147503 0.2459001
vn -0.7733751 0.6223252 0.1208399
vn -0.7930297 0.6071633 0.04956435
vn -0.7981161 0.598587 -0.0685881
vn -0.7335394 0.5960008 0.3266543
vn -0.7293476 0.6837634 0.02279211
vn -0.7238573 0.6899265 -0.005655135
vn -0.720638 0.6924881 -0.03377991
vn -0.7183081 0.6790257 -0.1515181
vn -0.8362442 0.5095863 -0.2025279
vn -0.7245529 0.6509655 0.2264228
vn -0.71356 0.6968359 0.07247093
vn -0.7096015 0.7040578 0.02771881
vn -0.7086982 0.6976249 -0.1051974
vn -0.7081448 0.3762019 -0.5974972
vn -0.7335394 0.3266543 -0.5960008
vn -0.8344475 0.4889341 -0.2542457
vn -0.7098634 0.4270272 -0.5601265
vn -0.7198285 0.5286241 0.4498928
vn -0.7499757 0.6269328 0.2109306
vn -0.743558 0.5518594 0.377588
vn -0.7390453 0.4792247 0.4734509
vn -0.7332385 0.3379771 0.5900279
vn -0.7280959 0.5176307 0.4493717
vn -0.7255765 0.1360456 0.6745594
vn -0.713438 0.2563918 0.6521269
vn -0.7306654 0.4623742 0.5023325
vn -0.7138373 0.06692225 0.6971067
vn -0.7180594 -0.02243936 0.6956201
vn -0.7430692 0.04644183 0.6676012
vn -0.7692163 0.3305226 0.5468647
vn -0.7792141 0.08522654 0.6209362
vn -0.8495471 0.1924755 0.4911444
vn -0.7673481 0.6234702 0.1498727
vn -0.9287807 0.3410366 0.145122
vn -0.7289454 0.6776915 -0.09681307
vn -0.7321941 0.6807117 -0.02288106
vn -0.9756224 0.2057953 0.0762205
vn -0.9289764 0 0.370139
vn -0.8060045 0 0.5919095
vn -0.9880121 0 0.1543769
vn -0.9922779 0 0.1240347
vn -0.7525768 0.6585047 0
vn -0.7123323 0.1279972 0.6900719
vn -0.7130061 0.2116737 0.6684433
vn -0.7126083 -0.01113451 0.7014738
vn -0.7182402 0 0.6957952
vn -0.7496669 0 0.6618153
vn 0.7080293 0.7024543 -0.07247543
vn 0.7080293 0.7024543 -0.07247543
vn 0.7080293 0.7024543 -0.07247543
vn 0.7126963 0 0.7014728
vn 0.7126963 0 0.7014728
vn 0.7126963 0 0.7014728
vn 0.7126963 0 0.7014728
vn 0.7491485 0.3126368 0.5839819
vn -0.7168872 0.5040613 -0.4816585
vn -0.9565833 0 -0.291459
vn -0.7169209 -0.5432916 0.4368737
vn 0.7196652 0.1869996 0.6686652
vn 0.7810248 0.3320893 0.5288829
vn 0.7584692 0.5852755 0.2866655
vn 0.7491485 0.3126368 0.5839819
vn 0.7141822 -0.5454777 0.4386316
vn 0.9640319 -0.007590802 0.2656781
vn 0.965982 0 0.2586094
vn 0.9580064 -0.007543358 0.2866476
vn 0.7213697 -0.08520115 0.6872893
vn 0.8990602 -0.1061882 0.4247529
vn 0.7865021 -0.07431516 0.6131001
vn 0.7520456 -0.1006675 0.6513781
vn 0.7452302 -0.07041545 0.6630788
vn 0.7070958 -0.005567683 0.7070958
vn 0.7098961 0 0.7043064
vn 0.7071068 0 0.7071068
vn 0.7071068 0 0.7071068
vn 0.7071068 0 0.7071068
vn 0.7071068 0 0.7071068
vn 0.7071068 0 0.7071068
vn 0.7071068 0 0.7071068
vn 0.7211487 -0.005678337 0.6927571
vn 0.8246927 0.1233792 0.5519597
vn 0.8246927 0.1233792 0.5519597
vn 0.7067125 -0.09459931 0.7011479
vn 0.7068439 -0.1781024 0.6845811
vn 0.7196652 0.1869996 0.6686652
vn -0.7245644 0.4641741 0.5094594
vn 0.7321861 0.4958111 0.4669849
vn 0.7810248 0.3320893 0.5288829
vn 0.981874 0.03865645 -0.185551
vn 0.9730729 0.06129593 -0.2221978
vn 0.980118 0.04630479 -0.1929366
vn 0.9850585 0.0232691 -0.1706401
vn 0.9852069 0.01551507 -0.1706658
vn 0.9865733 0.007768294 -0.1631342
vn 0.7077324 0.7021597 -0.07801774
vn 0.7077324 0.7021597 -0.07801774
vn 0.7077324 0.7021597 -0.07801774
vn 0.9213064 -0.05803505 -0.3844822
vn 0.8916068 -0.05616421 -0.4493137
vn 0.9083719 -0.09298294 -0.4076945
vn 0.9323377 -0.03670621 -0.3597208
vn 0.9353166 0.01472939 -0.3535055
vn 0.9277491 0.02191533 -0.3725607
vn 0.8640255 0 0.5034479
vn 0.8498073 -0.4617063 0.2542731
vn 0.8124517 -0.5821505 0.03198629
vn 0.9969144 0 0.07849719
vn 0.8798466 -0.2424774 -0.4087476
vn 0.7080293 -0.5184782 -0.4794529
vn 0.7043284 -0.7098743 0
vn -0.734082 0.1835205 0.6537918
vn 0.9732158 0 -0.2298935
vn 0.9325639 -0.02937209 -0.3598081
vn 0.9013895 -0.007097555 -0.4329509
vn 0.9216702 -0.05080072 -0.384634
vn 0.9512108 -0.0299594 -0.3070838
vn 0.9538094 0 -0.3004124
vn 0.9580337 0 -0.2866558
vn 0.8222002 -0.4726033 0.3172269
vn 0.7043284 -0.7098743 0
vn 0.7043284 -0.7098743 0
vn 0.724662 -0.610542 0.319536
vn 0.7043284 -0.7098743 0
vn 0.7043284 -0.7098743 0
vn 0.7043284 -0.7098743 0
vn 0.7043284 -0.7098743 0
vn 0.7043284 -0.7098743 0
vn 0.7043284 -0.7098743 0
vn 0.7043284 -0.7098743 0
vn 0.7043284 -0.7098743 0
vn 0.7043284 -0.7098743 0
vn 0.7043284 -0.7098743 0
vn 0.7043284 -0.7098743 0
vn 0.7043284 -0.7098743 0
vn 0.7043284 -0.7098743 0
vn 0.7043284 -0.7098743 0
vn 0.7043284 -0.7098743 0
vn 0.7043284 -0.7098743 0
vn 0.7043284 -0.7098743 0
vn 0.7043284 -0.7098743 0
vn 0.7043284 -0.7098743 0
vn 0.7043284 -0.7098743 0
vn 0.7069753 -0.3006037 -0.6401745
vn 0.7034527 -0.5372828 -0.4652758
vn 0.7084808 -0.5467017 -0.4462871
vn 0.725229 -0.3483384 -0.5938883
vn 0.7428933 -0.05849554 -0.6668491
vn 0.8445486 -0.1329998 -0.5186991
vn 0.8479868 0.1736036 -0.5007796
vn 0.7497488 -0.177106 -0.6375816
vn 0.8344795 -0.2825403 -0.4730907
vn 0.7734993 -0.4263381 -0.468972
vn 0.7098407 -0.08942875 -0.6986621
vn 0.7031831 -0.1052006 -0.7031831
vn 0.7029353 -0.3487002 -0.6199114
vn 0.7039388 -0.5875395 -0.3990834
vn 0.7070629 0.01113485 -0.7070629
vn 0.7119792 0.04484908 -0.7007669
vn 0.7515845 0.1065238 -0.6509787
vn 0.731057 0.2935741 -0.61593
vn 0.728359 0.3269013 -0.6021866
vn 0.7209743 0.2157246 -0.6585277
vn 0.754111 0.5225336 -0.3978381
vn 0.7499971 0.5728324 -0.3307074
vn 0.7759787 0.4949155 -0.3910444
vn -0.7731493 -0.5073792 0.3805344
vn -0.7317034 -0.6688226 0.131478
vn -0.8204454 -0.5384173 0.1922919
vn -0.7816948 -0.6229131 0.03053495
vn -0.8351755 -0.5480839 -0.04567366
vn -0.7502848 -0.6506376 -0.117232
vn -0.8102401 -0.5190601 -0.27219
vn -0.7080365 -0.702505 -0.07190996
vn -0.7572771 -0.4792144 -0.4437171
vn -0.7197602 -0.5679358 -0.399242
vn -0.7166175 -0.4702802 -0.5150688
vn -0.706751 -0.6128857 -0.3533755
vn -0.7062345 -0.4634663 -0.5351933
vn -0.7121559 -0.6175727 -0.3338231
vn -0.7268856 -0.4770187 -0.4940551
vn -0.7268856 -0.6303461 -0.2725821
vn -0.7713643 -0.5062078 -0.3856822
vn -0.7446644 -0.6457637 -0.168713
vn -0.8194193 -0.5377439 -0.1984531
vn -0.7551655 -0.6548701 -0.02949865
vn -0.8354067 -0.5482356 0.03915969
vn -0.7502848 -0.6506376 0.117232
vn -0.8062602 -0.5291083 0.2645541
vn -0.7342994 -0.6367753 0.2352053
vn -0.7565625 -0.4964941 0.4255664
vn -0.7173261 -0.6220562 0.3138302
vn -0.7186816 -0.4716348 0.5109378
vn -0.7081231 -0.6140755 0.3485294
vn -0.7083184 -0.4648339 0.5312387
vn -0.7134712 -0.6187133 0.3288656
vn -0.7289218 -0.478355 0.4897443
vn -0.7280017 -0.6313139 0.2673131
vn -0.9940717 0 0.1087266
vn -0.9940717 0 0.1087266
vn -0.9940717 0 0.1087266
vn -0.7245644 -0.4641741 0.5094594
vn -0.7245644 -0.4641741 0.5094594
vn -0.7245644 -0.4641741 0.5094594
vn -0.7245644 -0.4641741 0.5094594
vn -0.7245644 -0.4641741 0.5094594
vn -0.7245644 -0.4641741 0.5094594
vn -0.7245644 -0.4641741 0.5094594
vn -0.7245644 -0.4641741 0.5094594
vn -0.7245644 -0.4641741 0.5094594
vn -0.7245644 -0.4641741 0.5094594
vn -0.7245644 -0.4641741 0.5094594
vn -0.7245644 -0.4641741 0.5094594
vn -0.7245644 -0.4641741 0.5094594
vn -0.9962976 0.007783575 0.08561933
vn -0.9962976 0.007783575 0.08561933
vn -0.9962976 0.007783575 0.08561933
vn 0.8571303 -0.2699623 -0.4386888
vn 0.8571303 -0.2699623 -0.4386888
vn 0.8571303 -0.2699623 -0.4386888
vn 0.8571303 -0.2699623 -0.4386888
vn 0.8571303 -0.2699623 -0.4386888
vn 0.8571303 -0.2699623 -0.4386888
vn 0.8571303 -0.2699623 -0.4386888
vn 0.8571303 -0.2699623 -0.4386888
vn 0.8571303 -0.2699623 -0.4386888
vn 0.8571303 -0.2699623 -0.4386888
vn 0.8571303 -0.2699623 -0.4386888
vn 0.8571303 -0.2699623 -0.4386888
vn 0.8571303 -0.2699623 -0.4386888
vn -0.9983864 -0.01559979 -0.05459926
vn -0.9983864 -0.01559979 -0.05459926
vn -0.9983864 -0.01559979 -0.05459926
vn -0.7123324 0.3116454 0.6288559
vn -0.7096997 0.02217812 0.7041551
vn -0.7122331 0.09459346 0.6955401
vn -0.7128293 0.3786905 0.5903118
vn -0.7609751 0.2972559 0.5766765
vn -0.7342753 0.5851256 0.3441916
vn -0.720638 0.5742584 0.3884689
vn -0.7311421 0.6169012 0.2913144
vn -0.7117594 -0.05004558 0.7006382
vn -0.7100927 -0.1220472 0.69345
vn -0.7098306 -0.321642 0.6266474
vn -0.7098306 -0.4547352 0.5379185
vn -0.7119466 -0.4560908 0.53396
vn -0.7379759 -0.3689879 0.5650128
vn -0.753502 -0.1883755 0.6298805
vn -0.789507 -0.06168023 0.6106343
vn -0.9988728 -0.007803693 -0.04682216
vn -0.9988728 -0.007803693 -0.04682216
vn -0.9988728 -0.007803693 -0.04682216
vn 0.9511307 0.1198275 -0.2845903
vn 0.8479868 0.1736036 -0.5007796
vn 0.8445486 -0.1329998 -0.5186991
vn 0.8268046 0.5403526 -0.1562465
vn 0.9693244 0.2213418 -0.1068547
vn 0.803717 0.5948772 -0.01265696
vn 0.9299601 0.2636107 0.2562882
vn 0.7885613 0.5898687 0.173856
vn 0.7759787 0.4949155 -0.3910444
vn 0.9772123 -0.1538917 0.1461971
vn 0.7871665 -0.06198162 0.613618
vn 0.7584557 0.2986046 0.579293
vn 0.7316149 0.5875962 0.3456448
vn 0.967298 -0.1675634 -0.190413
vn 0.9219859 -0.1960128 -0.3339476
vn 0.8880033 -0.321639 -0.3286312
vn 0.9285422 -0.3143883 -0.1974066
vn 0.9147823 -0.3457445 0.2088873
vn 0.7509404 -0.1892133 0.6326821
vn 0.818062 -0.5539632 0.1545944
vn 0.7353336 -0.3705618 0.5674227
vn 0.8405252 -0.4897549 -0.2316408
vn 0.8078527 -0.4834394 -0.3371354
vn 0.8344795 -0.2825403 -0.4730907
vn 0.7734993 -0.4263381 -0.468972
vn 0.7346689 -0.1330503 0.6652514
vn 0.7354692 0 0.6775582
vn 0.7240023 0 0.6897975
vn 0.7412592 0 0.671219
vn 0.7380977 -0.1976009 0.645109
vn 0.7400626 -0.3146723 0.594381
vn 0.7331737 -0.4387496 0.519572
vn 0.7284668 -0.137663 0.6711072
vn 0.7129658 -0.08420856 0.6961241
vn 0.7183285 0 0.695704
vn 0.7256669 -0.5142522 0.457113
vn 0.7385468 -0.5582716 0.3779964
vn 0.7343494 -0.4857114 0.4741469
vn 0.7291389 -0.3444751 0.5913489
vn 0.7470717 0.005882455 0.6647174
vn 0.7529438 0 0.6580848
vn 0.7529438 0 0.6580848
vn 0.7098961 0 0.7043064
vn 0.7071068 0 0.7071068
vn 0.7071068 0 0.7071068
vn 0.7067125 -0.03338799 0.7067125
vn 0.708558 -0.06137117 0.7029788
vn 0.7143179 -0.2531047 0.6524478
vn 0.7326124 -0.3518847 0.5826287
vn 0.7424616 -0.4618462 0.4852308
vn 0.7059261 -0.105611 0.7003676
vn 0.7080843 -0.2564715 0.657905
vn 0.7115209 -0.4313946 0.5546501
vn 0.7348902 -0.4050576 0.5439345
vn 0.7060242 -0.2668438 0.655991
vn 0.7077653 -0.3510962 0.6130251
vn -0.7180029 -0.2748605 -0.6394714
vn -0.7180029 -0.2748605 -0.6394714
vn -0.7180029 -0.2748605 -0.6394714
vn 0.7169423 0.06209736 -0.6943614
vn 0.7122478 0.179464 -0.6785983
vn 0.7091874 0.04467322 -0.7036033
vn 0.7098517 0.01117877 -0.7042624
vn 0.7070082 0.01670098 -0.7070082
vn 0.7070958 -0.005567683 -0.7070958
vn 0.7070958 -0.005567683 -0.7070958
vn 0.7154958 -0.005633825 -0.6985943
vn 0.7467617 0.02940007 -0.6644415
vn 0.7441548 -0.005859487 -0.6679815
vn 0.7706884 -0.006068413 -0.6371834
vn 0.7057843 0.06113093 -0.7057843
vn 0.7280837 0.3382436 -0.596226
vn 0.7289467 0.5739738 -0.3730829
vn 0.7470329 0.3411646 -0.5705684
vn 0.7328685 0.1500361 -0.6636211
vn 0.7126851 -0.005611694 -0.7014617
vn 0.7239906 -0.005700713 -0.6897863
vn 0.7808475 0.1106713 -0.6148406
vn 0.7487057 0.0589532 -0.6602759
vn 0.8146048 0.1026274 -0.5708648
vn 0.7250872 -0.673703 0.1427337
vn 0.7091874 -0.4579005 0.5360786
vn 0.7353336 -0.3705618 0.5674227
vn 0.818062 -0.5539632 0.1545944
vn 0.7397486 -0.6465519 -0.1863934
vn 0.8405252 -0.4897549 -0.2316408
vn 0.8078527 -0.4834394 -0.3371354
vn 0.7305731 -0.6270273 -0.2703696
vn 0.7734993 -0.4263381 -0.468972
vn 0.7256669 -0.5828191 -0.3656904
vn 0.725229 -0.3483384 -0.5938883
vn 0.7084808 -0.5467017 -0.4462871
vn 0.7034419 -0.6923641 0.1606285
vn 0.7070629 -0.4565288 0.5400401
vn 0.7052291 -0.6941231 -0.1443776
vn 0.7044801 -0.6601034 -0.2607131
vn 0.7034527 -0.5372828 -0.4652758
vn 0.7039388 -0.5875395 -0.3990834
vn 0.7031831 -0.6699618 -0.2380856
vn 0.7045885 -0.6990405 -0.1220547
vn 0.7064829 -0.6619801 0.2503286
vn 0.7070629 -0.3229106 0.629119
vn 0.7159504 -0.473542 0.5130039
vn 0.7159504 -0.473542 0.5130039
vn 0.7159504 -0.473542 0.5130039
vn 0.7159504 -0.473542 0.5130039
vn 0.7159504 -0.473542 0.5130039
vn 0.7159504 -0.473542 0.5130039
vn 0.7159504 -0.473542 0.5130039
vn 0.7159504 -0.473542 0.5130039
vn 0.7159504 -0.473542 0.5130039
vn 0.7159504 -0.473542 0.5130039
vn 0.7159504 -0.473542 0.5130039
vn 0.7159504 -0.473542 0.5130039
vn 0.7159504 -0.473542 0.5130039
vn 0.7159504 -0.473542 0.5130039
vn 0.7159504 -0.473542 0.5130039
vn 0.7159504 -0.473542 0.5130039
vn 0.7159504 -0.473542 0.5130039
vn 0.7159504 -0.473542 0.5130039
vn 0.7159504 -0.473542 0.5130039
vn 0.7159504 -0.473542 0.5130039
vn -0.7180029 -0.2748605 -0.6394714
vn -0.7180029 -0.2748605 -0.6394714
vn -0.7180029 -0.2748605 -0.6394714
vn 0.9442184 0.2899568 -0.1561306
vn 0.8704963 -0.1096688 -0.4798011
vn 0.8364863 0.1251436 -0.533507
vn 0.8252148 0.5198203 -0.2209236
vn 0.7545235 0.2911153 -0.5881718
vn 0.7323809 0.6055118 -0.311406
vn 0.7413223 0.6537645 0.1517668
vn 0.7098407 0.6986621 0.08942875
vn 0.7080623 0.551954 0.4404482
vn 0.7100736 0.5143841 0.4808373
vn 0.7449866 0.2698377 0.6100677
vn 0.7277609 0.114608 0.6761872
vn 0.8235821 0.5252768 0.2140016
vn 0.715939 0.5468195 0.4340732
vn 0.7366064 0.4002035 0.5452048
vn 0.8640856 0.08164588 0.4966791
vn 0.8076566 -0.165347 0.5659956
vn 0.9219859 -0.3339477 0.1960128
vn 0.8024806 -0.543412 0.2464311
vn 0.7388343 -0.3083324 0.5992121
vn 0.7362598 -0.6029214 0.307258
vn 0.7363092 -0.660939 -0.1449428
vn 0.7146344 -0.6921262 -0.1012868
vn 0.7041551 -0.5544528 -0.4435623
vn 0.7041011 -0.5211457 -0.4823369
vn 0.7492528 -0.2890818 -0.5958624
vn 0.7312752 -0.1381937 -0.6679364
vn 0.8364863 0.1251436 -0.533507
vn 0.7545235 0.2911153 -0.5881718
vn 0.8107282 -0.5553807 -0.1851269
vn 0.7119904 -0.5494099 -0.4372854
vn 0.7319429 -0.3976697 -0.5532796
vn 0.8704963 -0.1096688 -0.4798011
vn -0.8692411 -0.4617843 0.1765646
vn -0.8692411 -0.4617843 0.1765646
vn -0.8692411 -0.4617843 0.1765646
vn 0.8777637 -0.4285146 -0.2142573
vn 0.8699039 -0.4863242 0.08219564
vn 0.872672 -0.4878717 -0.0206143
vn 0.8646662 -0.4221205 0.2723358
vn 0.8632866 -0.3602692 0.3534717
vn 0.86035 -0.2032323 0.4674342
vn 0.8595613 -0.101523 0.5008467
vn 0.8601328 0.09481778 0.5011798
vn 0.861517 0.1967243 0.4680682
vn 0.8653885 0.3543323 0.3543323
vn 0.8671417 0.4165011 0.2731155
vn 0.8727955 0.4810684 0.08246887
vn 0.8755914 0.4826094 -0.02068326
vn 0.8803538 0.4228471 -0.2148895
vn 0.883095 0.3615822 -0.2990007
vn 0.8829029 0.2016077 -0.4240715
vn 0.8859267 0.09766121 -0.453427
vn 0.8853024 -0.1045633 -0.4531075
vn 0.8816469 -0.208263 -0.4234682
vn 0.8808619 -0.3676038 -0.2982446
vn -0.8675225 -0.4676488 0.169438
vn -0.8675225 -0.4676488 0.169438
vn -0.8675225 -0.4676488 0.169438
vn 0.7037118 -0.4155779 -0.5762679
vn 0.7037118 -0.4155779 -0.5762679
vn 0.7037118 -0.4155779 -0.5762679
vn 0.7037118 -0.4155779 -0.5762679
vn 0.7058824 0.6725336 -0.2223252
vn 0.7058824 0.6725336 -0.2223252
vn 0.7058824 0.6725336 -0.2223252
vn 0.7058824 0.6725336 -0.2223252
vn 0.7067454 0.6733559 0.217032
vn 0.7067454 0.6733559 0.217032
vn 0.7067454 0.6733559 0.217032
vn 0.7067454 0.6733559 0.217032
vn 0.7075895 0.4122963 0.5738718
vn 0.7075895 0.4122963 0.5738718
vn 0.7075895 0.4122963 0.5738718
vn 0.7075895 0.4122963 0.5738718
vn 0.7059588 -0.4169048 0.5725492
vn 0.7059588 -0.4169048 0.5725492
vn 0.7059588 -0.4169048 0.5725492
vn 0.7059588 -0.4169048 0.5725492
vn 0.7041011 -0.6763806 0.21622
vn 0.7041011 -0.6763806 0.21622
vn 0.7041011 -0.6763806 0.21622
vn 0.7041011 -0.6763806 0.21622
vn 0.7032477 -0.6755608 -0.2214953
vn 0.7032477 -0.6755608 -0.2214953
vn 0.7032477 -0.6755608 -0.2214953
vn 0.7032477 -0.6755608 -0.2214953
vn 0.9988859 0 -0.04719146
vn 0.9988859 0 -0.04719146
vn 0.9988859 0 -0.04719146
vn 0.9988859 0 -0.04719146
vn 0.9988859 0 -0.04719146
vn 0.9984844 0 -0.05503457
vn 0.9984844 0 -0.05503457
vn 0.9984844 0 -0.05503457
vn 0.9984844 0 -0.05503457
vn 0.9984844 0 -0.05503457
vn 0.9984844 0 -0.05503457
vn 0.9984844 0 -0.05503457
vn 0.9984844 0 -0.05503457
vn 0.982579 -0.007736843 0.1856842
vn 0.9254063 -0.007286664 0.3789065
vn 0.9068884 -0.007140854 0.4213104
vn 0.8844432 -0.006964119 0.466596
vn 0.8728368 -0.00687273 0.4879638
vn 0.8639455 -0.01360544 0.5034013
vn 0.7175943 0.04520279 0.6949929
vn 0.7183285 0 0.695704
vn 0.7155071 0 0.6986054
vn 0.7149513 0.03940677 0.6980627
vn 0.7266521 0.6808788 0.09154673
vn 0.7334182 0.6698938 0.1154989
vn 0.7357159 0.6546134 0.1737912
vn 0.7149513 0.6980627 0.03940677
vn 0.7439633 0.02343192 0.6678095
vn 0.7496834 0.02951509 0.6611381
vn 0.749801 0.02361578 0.6612419
vn 0.7383097 0.01162693 0.6743616
vn 0.7498925 0.017714 0.6613225
vn 0.7469684 0.01764492 0.6646254
vn 0.7529438 0 0.6580848
vn 0.7240023 0 0.6897975
vn -0.8360123 -0.5421017 -0.08490749
vn -0.8184973 -0.5499278 -0.1662573
vn -0.8330503 -0.5466892 -0.08460666
vn -0.8004379 -0.5503011 -0.23763
vn -0.7758146 -0.5394336 -0.3272968
vn -0.7695082 -0.5350487 -0.3486834
vn -0.756655 -0.5202004 -0.3960616
vn -0.7476308 -0.5139962 -0.4205423
vn -0.724727 -0.4699402 -0.5039117
vn -0.7147381 -0.4355436 -0.5472214
vn -0.706751 -0.3533755 -0.6128857
vn -0.7097433 -0.299423 -0.63766
vn -0.7180594 -0.2468329 -0.6507413
vn -0.7180594 -0.2468329 -0.6507413
vn -0.7101802 0.6990836 -0.08322424
vn -0.7101802 0.6990836 -0.08322424
vn -0.7101802 0.6990836 -0.08322424
vn 0.7098851 -0.005589646 -0.7042954
vn -0.7200449 -0.1350084 -0.6806674
vn 0.7080293 -0.07247543 -0.7024543
vn 0.7043176 -0.005545808 -0.7098634
vn 0.7049683 -0.6106025 0.3608105
vn 0.7129658 -0.6961241 0.08420856
vn 0.7062207 -0.5950049 0.3836947
vn 0.7081614 -0.5129988 0.4851184
vn 0.7058824 -0.4390922 0.5558129
vn 0.7131119 -0.4042839 0.5727355
vn 0.7080623 -0.551954 0.4404482
vn 0.7042309 -0.6487796 0.2883465
vn 0.7119792 -0.5157644 0.4765215
vn 0.7441676 0 0.6679929
vn 0.7529438 0 0.6580848
vn 0.7470717 0.005882455 0.6647174
vn 0.7382473 0.01743891 0.6743046
vn 0.7325881 0 0.6806723
vn 0.7319915 0.04034599 0.6801181
vn 0.7348655 0.0405044 0.6770021
vn 0.7325881 0 0.6806723
vn 0.7070629 -0.01113485 0.7070629
vn 0.7070629 -0.01113485 0.7070629
vn 0.7059261 -0.105611 0.7003676
vn 0.7073261 -0.1225289 0.6961871
vn 0.7070629 0.01113485 0.7070629
vn 0.706319 -0.4449253 0.5505951
vn -0.9147993 -0.3930778 -0.0929093
vn 0.709752 -0.3632589 0.6035687
vn 0.707359 -0.3620341 0.6071034
vn 0.8859484 -0.4604141 0.05580777
vn 0.8859484 -0.4604141 0.05580777
vn 0.8859484 -0.4604141 0.05580777
vn 0.8859484 -0.4604141 0.05580777
vn 0.8859484 -0.4604141 0.05580777
vn 0.8859484 -0.4604141 0.05580777
vn 0.8859484 -0.4604141 0.05580777
vn 0.8859484 -0.4604141 0.05580777
vn 0.8859484 -0.4604141 0.05580777
vn 0.8859484 -0.4604141 0.05580777
vn 0.7964613 -0.6020495 0.05644214
vn 0.7654215 -0.4520206 0.4580475
vn 0.7819421 -0.523347 0.3386363
vn 0.791235 -0.6043291 -0.09345296
vn 0.762835 -0.5285786 -0.3724076
vn 0.7462717 -0.4465878 -0.493597
vn -0.7098415 0.6987503 -0.08873019
vn -0.7098415 0.6987503 -0.08873019
vn -0.7098415 0.6987503 -0.08873019
vn 0.7163147 0.2425317 0.6542717
vn 0.7669692 0.5254041 0.3683868
vn 0.7504029 0.4431513 0.4904208
vn 0.7082494 0.1115353 0.6970959
vn 0.7178579 -0.1300058 0.6839434
vn 0.7312267 -0.2533384 0.633346
vn 0.7654215 -0.4520206 0.4580475
vn 0.7819421 -0.523347 0.3386363
vn -0.7164715 0.5485485 -0.4310024
vn -0.7098634 0.7043176 -0.005545808
vn -0.8214417 0.3593807 -0.4428084
vn -0.7130283 0.4957775 -0.4957775
vn -0.7123765 0.7012455 -0.02782721
vn -0.7090134 0.4874467 -0.5096034
vn -0.7132607 0.6965437 -0.07801289
vn -0.7269325 0.4884078 -0.4827286
vn -0.7109685 0.6831963 -0.1666332
vn -0.7629191 0.4887451 -0.4231817
vn -0.7103551 0.6715075 -0.2108867
vn -0.9063665 0.2690776 -0.3257255
vn -0.7907716 -0.6116124 -0.02471161
vn -0.7908772 -0.6116941 0.01853618
vn -0.7759857 -0.6304883 -0.01818716
vn -0.8100455 -0.5822202 0.06961329
vn -0.8052704 -0.5599146 0.1950264
vn -0.8008764 -0.5380889 0.2627876
vn -0.7578078 -0.5269133 0.3848243
vn -0.7430692 -0.4818339 0.4644183
vn -0.7165052 -0.4086319 0.5653674
vn -0.7103551 -0.410674 0.5716138
vn -0.7129952 -0.4400517 0.5458869
vn -0.7207408 -0.4729861 0.5067709
vn -0.7262301 -0.4538938 0.5163043
vn -0.7280959 -0.4493717 0.5176307
vn -0.7098634 0.7043176 -0.005545808
vn -0.7098634 0.7043176 -0.005545808
vn -0.7098634 0.7043176 -0.005545808
vn -0.7098634 0.7043176 -0.005545808
vn -0.7098634 0.7043176 -0.005545808
vn -0.7098743 0.7043284 0
vn -0.7071068 -0.7071068 0
vn -0.7071068 -0.7071068 0
vn -0.7071068 -0.7071068 0
vn -0.7071068 -0.7071068 0
vn -0.7071068 -0.7071068 0
vn -0.707096 -0.707096 -0.005524187
vn -0.9998779 0 0.01562309
vn -0.9992379 0 0.03903273
vn -0.9479401 0 0.3184486
vn -0.998508 0 0.0546059
vn -0.9975371 0 0.07013933
vn -0.9975371 0 0.07013933
vn -0.8544543 -0.4606043 0.2403153
vn -0.707096 -0.707096 -0.005524187
vn 0.7286587 0.183599 0.6598091
vn -0.8148735 -0.5793242 0.0190986
vn -0.7126746 -0.5178026 -0.4732604
vn -0.8657349 0 0.500503
vn -0.998508 0 0.0546059
vn -0.8739085 -0.2389593 -0.4232994
vn -0.9701425 0 -0.2425356
vn -0.7098634 0.7043176 -0.005545808
vn -0.7098634 0.7043176 -0.005545808
vn -0.7098634 0.7043176 -0.005545808
vn -0.7098634 0.7043176 -0.005545808
vn -0.7098634 0.7043176 -0.005545808
vn -0.7098634 0.7043176 -0.005545808
vn -0.7098634 0.7043176 -0.005545808
vn -0.7098634 0.7043176 -0.005545808
vn -0.7098634 0.7043176 -0.005545808
vn -0.7098634 0.7043176 -0.005545808
vn -0.7098634 0.7043176 -0.005545808
vn -0.7098634 0.7043176 -0.005545808
vn -0.7098634 0.7043176 -0.005545808
vn -0.7098634 0.7043176 -0.005545808
vn -0.7098634 0.7043176 -0.005545808
vn -0.7098634 0.7043176 -0.005545808
vn -0.7098634 0.7043176 -0.005545808
vn -0.7098634 0.7043176 -0.005545808
vn -0.7098634 0.7043176 -0.005545808
vn -0.7098634 0.7043176 -0.005545808
vn -0.7071068 -0.7071068 0
vn -0.7071068 -0.7071068 0
vn -0.7071068 -0.7071068 0
vn -0.7071068 -0.7071068 0
vn -0.7071068 -0.7071068 0
vn -0.7071068 -0.7071068 0
vn -0.7071068 -0.7071068 0
vn -0.7071068 -0.7071068 0
vn -0.7071068 -0.7071068 0
vn -0.7071068 -0.7071068 0
vn 0.799169 0.5978036 -0.06292669
vn 0.7653658 0.4459612 -0.4640407
vn 0.7828031 0.5177595 -0.345173
vn 0.7946662 0.6006926 0.087601
vn 0.7669692 0.5254041 0.3683868
vn 0.7504029 0.4431513 0.4904208
vn -0.9027302 0 -0.4302073
vn -0.9963278 0 -0.08562192
vn -0.8360479 0 -0.5486564
vn -0.9922779 0 0.1240347
vn -0.9501575 0 0.3117704
vn -0.9501575 0 0.3117704
vn -0.9626238 -0.007520498 0.2707379
vn -0.996932 -0.007788531 0.07788531
vn -0.9626238 -0.007520498 0.2707379
vn -0.9912657 -0.007744263 -0.1316525
vn -0.8859458 -0.006921452 -0.4637372
vn -0.8240249 -0.006437695 -0.5665171
vn -0.7352316 -0.005743997 -0.6777916
vn -0.7126414 -0.005567511 -0.7015064
vn -0.7154411 0 -0.698673
vn -0.740987 0 -0.6715195
vn 0.7043284 -0.7098743 0
vn 0.7043284 -0.7098743 0
vn 0.7043284 -0.7098743 0
vn 0.8859484 -0.4604141 0.05580777
vn 0.8859484 -0.4604141 0.05580777
vn 0.8859484 -0.4604141 0.05580777
vn 0.8859484 -0.4604141 0.05580777
vn 0.8859484 -0.4604141 0.05580777
vn 0.8859484 -0.4604141 0.05580777
vn 0.8859484 -0.4604141 0.05580777
vn 0.8859484 -0.4604141 0.05580777
vn 0.8859484 -0.4604141 0.05580777
vn 0.8859484 -0.4604141 0.05580777
vn 0.8859484 -0.4604141 0.05580777
vn 0.8859484 -0.4604141 0.05580777
vn 0.8859484 -0.4604141 0.05580777
vn 0.8859484 -0.4604141 0.05580777
vn 0.8859484 -0.4604141 0.05580777
vn 0.8859484 -0.4604141 0.05580777
vn 0.8859484 -0.4604141 0.05580777
vn 0.8859484 -0.4604141 0.05580777
vn 0.8859484 -0.4604141 0.05580777
vn 0.8859484 -0.4604141 0.05580777
vn 0.7043176 -0.7098634 -0.005545808
vn 0.7043176 -0.7098634 -0.005545808
vn 0.7043176 -0.7098634 -0.005545808
vn 0.7048814 0.4273691 -0.5661252
vn 0.7364453 0.1681647 -0.6552624
vn 0.7491485 0.1592678 -0.64297
vn 0.8928178 -0.02109018 -0.4499239
vn 0.8606659 -0.08809966 -0.5014904
vn 0.9967915 -0.07848752 -0.01569751
vn 0.9778203 -0.2001837 -0.06159498
vn 0.9117364 0.03589513 0.4092045
vn 0.9152573 -0.07206751 0.3963713
vn 0.7703764 0.2305063 0.5944637
vn 0.7799047 0.1719475 0.6018162
vn 0.7102402 0.4418029 0.5480593
vn 0.7115209 0.4313946 0.5546501
vn 0.7272714 0.6127405 0.3092335
vn 0.7158139 0.6199963 0.3212708
vn 0.7491746 0.6606894 -0.0471921
vn 0.7296682 0.6837049 -0.01149084
vn 0.7305369 0.5637214 -0.3854013
vn 0.7194919 0.6118514 -0.3285868
vn 0.7068439 0.3729019 -0.6010956
vn 0.8219591 0 -0.5695465
vn 0.7098851 -0.005589646 -0.7042954
vn 0.7325881 0 -0.6806723
vn 0.8844646 0 -0.4666073
vn 0.9889933 0 -0.1479596
vn 0.9988859 0 0.04719146
vn 0.9714774 0 0.2371323
vn 0.9714774 0 0.2371323
vn 0.812851 0.006400402 0.5824366
vn 0.7736858 0 0.6335695
vn 0.7617913 0 0.6478225
vn 0.9013895 0.007097555 0.4329509
vn 0.9974983 0 0.07068885
vn 0.9984844 0 -0.05503457
vn 0.9378123 0.007384349 -0.3470644
vn 0.8580689 0.006756448 -0.5134901
vn 0.7412592 0 -0.671219
vn 0.7126851 -0.005611694 -0.7014617
vn 0.9889933 0 -0.1479596
vn 0.8219419 -0.006471983 -0.5695345
vn 0.8844646 0 -0.4666073
vn 0.9988859 0 0.04719146
vn 0.9714774 0 0.2371323
vn 0.9714774 0 0.2371323
vn 0.9901047 0 0.1403298
vn 0.9471811 0 0.3206991
vn 0.9471811 0 0.3206991
vn 0.9984536 -0.00786184 -0.05503288
vn 0.9149723 -0.007204507 -0.4034524
vn 0.8491043 -0.00668586 -0.528183
vn 0.7470717 -0.005882455 -0.6647174
vn 0.7154958 -0.005633825 -0.6985943
vn 0.7098851 -0.005589646 -0.7042954
vn 0.7325758 -0.005768314 -0.680661
vn -0.7112758 0.6890484 -0.1389211
vn -0.7112758 0.6890484 -0.1389211
vn -0.7112758 0.6890484 -0.1389211
vn 0.7068439 0.3729019 -0.6010956
vn 0.7491485 0.1592678 -0.64297
vn 0.7134269 -0.1460559 -0.6853392
vn 0.7286707 0.1032761 -0.6770325
vn 0.7197576 -0.06234121 -0.6914207
vn 0.7289467 0.0459179 -0.6830288
vn 0.8286154 0.332751 -0.4501926
vn 0.865871 0.1499934 -0.4772517
vn 0.8930165 0.450024 0
vn 0.9765475 0.2153018 0
vn 0.8127179 0.3647631 0.454354
vn 0.8574429 0.168788 0.4861093
vn 0.7305369 0.5637214 -0.3854013
vn 0.7491746 0.6606894 -0.0471921
vn 0.7272714 0.6127405 0.3092335
vn 0.7102402 0.4418029 0.5480593
vn 0.7167595 0.1410944 0.6828969
vn 0.7703764 0.2305063 0.5944637
vn 0.7315056 -0.103678 0.6739067
vn 0.7225831 0.06258593 0.6884453
vn 0.7318093 -0.04609822 0.6799487
vn 0.8310422 -0.3337256 0.4449674
vn 0.8677689 -0.157155 0.471465
vn 0.8901602 -0.4555938 -0.007009136
vn 0.9731872 -0.2298868 -0.007662891
vn 0.8084581 -0.3692171 -0.4583384
vn 0.8536381 -0.1747605 -0.4906739
vn 0.7134269 -0.1460559 -0.6853392
vn 0.7197576 -0.06234121 -0.6914207
vn 0.9117364 0.03589513 0.4092045
vn 0.9967915 -0.07848752 -0.01569751
vn 0.8928178 -0.02109018 -0.4499239
vn 0.7491485 0.1592678 -0.64297
vn -0.7236145 0.6501223 -0.2317827
vn -0.7236145 0.6501223 -0.2317827
vn -0.7236145 0.6501223 -0.2317827
vn 0.8859484 -0.4604141 0.05580777
vn 0.8859484 -0.4604141 0.05580777
vn 0.8859484 -0.4604141 0.05580777
vn 0.8859484 -0.4604141 0.05580777
vn 0.8859484 -0.4604141 0.05580777
vn 0.8859484 -0.4604141 0.05580777
vn 0.8859484 -0.4604141 0.05580777
vn 0.8859484 -0.4604141 0.05580777
vn 0.8859484 -0.4604141 0.05580777
vn 0.8859484 -0.4604141 0.05580777
vn 0.7028061 -0.653001 -0.2822292
vn 0.7028061 -0.653001 -0.2822292
vn 0.7028061 -0.653001 -0.2822292
vn 0.7028061 -0.653001 -0.2822292
vn 0.7043284 0 -0.7098743
vn 0.7043284 0 -0.7098743
vn 0.7043284 0 -0.7098743
vn 0.7043284 0 -0.7098743
vn 0.7059261 0.6058735 -0.3668592
vn 0.7059261 0.6058735 -0.3668592
vn 0.7059261 0.6058735 -0.3668592
vn 0.7059261 0.6058735 -0.3668592
vn 0.7058389 0.6335877 0.3167938
vn 0.7058389 0.6335877 0.3167938
vn 0.7058389 0.6335877 0.3167938
vn 0.7058389 0.6335877 0.3167938
vn 0.7071068 0 0.7071068
vn 0.7071068 0 0.7071068
vn 0.7071068 0 0.7071068
vn 0.7071068 0 0.7071068
vn 0.7044909 -0.6268305 0.3328304
vn 0.7044909 -0.6268305 0.3328304
vn 0.7044909 -0.6268305 0.3328304
vn 0.7044909 -0.6268305 0.3328304
vn 0.7090105 0.6476002 0.279138
vn 0.7090105 0.6476002 0.279138
vn 0.7090105 0.6476002 0.279138
vn 0.7090105 0.6476002 0.279138
vn 0.7070958 -0.005567683 0.7070958
vn 0.7070958 -0.005567683 0.7070958
vn 0.7070958 -0.005567683 0.7070958
vn 0.7070958 -0.005567683 0.7070958
vn 0.7049683 -0.6106025 0.3608105
vn 0.7049683 -0.6106025 0.3608105
vn 0.7049683 -0.6106025 0.3608105
vn 0.7049683 -0.6106025 0.3608105
vn 0.7045885 -0.6324652 -0.3217806
vn 0.7045885 -0.6324652 -0.3217806
vn 0.7045885 -0.6324652 -0.3217806
vn 0.7045885 -0.6324652 -0.3217806
vn 0.999226 0 -0.03933961
vn 0.9921269 -0.007812023 -0.1249924
vn 0.9948019 0 -0.1018301
vn 0.9995043 0 0.03148045
vn 0.9962699 0 0.0862911
vn 0.9979911 -0.007858197 0.06286558
vn -0.7191011 0.6741573 -0.1685393
vn -0.7191011 0.6741573 -0.1685393
vn -0.7191011 0.6741573 -0.1685393
vn 0.921913 -0.3774762 -0.08710989
vn 0.9933097 -0.1016774 -0.05474935
vn 0.9430982 -0.2896129 -0.1633714
vn 0.9319862 -0.3082159 -0.1908003
vn 0.9685066 -0.1601468 -0.1906509
vn 0.999845 0.007872796 -0.01574559
vn 0.986603 0 -0.1631391
vn 0.9200484 -0.3694682 -0.1304006
vn 0.9361292 -0.2948439 -0.1916485
vn 0.9544557 -0.225462 -0.1954004
vn 0.9707959 -0.09172875 -0.2216778
vn 0.9691833 -0.06868228 -0.2365723
vn 0.9600571 -0.007559505 -0.2797017
vn 0.9626186 -0.08337642 -0.2577089
vn 0.9041722 0 -0.427168
vn 0.9360021 -0.1179215 -0.3316543
vn 0.9456307 -0.08935093 -0.3127283
vn 0.9448976 0 -0.3273661
vn 0.9889933 0 -0.1479596
vn 0.9938571 -0.01565129 -0.1095591
vn 0.9776754 -0.03079293 -0.2078522
vn 0.8736625 -0.2682901 -0.4058747
vn 0.9217916 -0.2395207 -0.3048445
vn 0.9511307 -0.07489219 -0.2995687
vn 0.9490836 -0.1195696 -0.2914509
vn 0.918507 -0.2531318 -0.3037582
vn 0.8898543 -0.3363229 -0.308296
vn 0.8716231 -0.3431587 -0.3500219
vn 0.8632069 -0.3466421 -0.3670329
vn 0.8544105 -0.3431097 -0.3902032
vn 0.8546426 -0.3499324 -0.3835797
vn 0.8506457 -0.3683898 -0.3750879
vn 0.8505693 -0.3817516 -0.3616594
vn 0.8456525 -0.4061795 -0.3462514
vn 0.8424648 -0.4245492 -0.331679
vn 0.8388368 -0.4425359 -0.3170407
vn 0.8356168 -0.4539965 -0.309244
vn 0.8389649 -0.4558156 -0.297271
vn 0.8422055 -0.4575762 -0.2851562
vn 0.8535416 -0.4502936 -0.2621112
vn 0.8645459 -0.4424841 -0.2382607
vn 0.8867254 -0.4189254 -0.1954985
vn 0.8964804 -0.4094163 -0.1694136
vn 0.9125363 -0.3880076 -0.1293358
vn 0.7070958 0.005567683 -0.7070958
vn 0.7071068 0 -0.7071068
vn 0.7071068 0 -0.7071068
vn 0.7070082 0.01670098 -0.7070082
vn 0.7098517 -0.01117877 -0.7042624
vn 0.7143065 -0.1631093 -0.6805598
vn 0.7170908 -0.3049048 -0.6267487
vn 0.7216492 -0.4034416 -0.5625454
vn 0.7216492 -0.4034416 -0.5625454
vn 0.7199889 -0.4081827 -0.5612512
vn -0.7744926 0.5869202 -0.2359782
vn -0.7744926 0.5869202 -0.2359782
vn -0.7744926 0.5869202 -0.2359782
vn -0.7559026 0.1712592 0.6318873
vn -0.7559026 0.1712592 0.6318873
vn -0.7559026 0.1712592 0.6318873
vn -0.7559026 0.1712592 0.6318873
vn -0.7559026 0.1712592 0.6318873
vn -0.7559026 0.1712592 0.6318873
vn 0.949004 -0.1643944 0.269009
vn 0.949004 -0.1643944 0.269009
vn 0.949004 -0.1643944 0.269009
vn 0.949004 -0.1643944 0.269009
vn 0.949004 -0.1643944 0.269009
vn 0.949004 -0.1643944 0.269009
vn 0.9472864 -0.1342611 0.290899
vn 0.9472864 -0.1342611 0.290899
vn 0.9472864 -0.1342611 0.290899
vn 0.9472864 -0.1342611 0.290899
vn 0.9472864 -0.1342611 0.290899
vn 0.9057806 0.3066816 -0.2924173
vn 0.9057806 0.3066816 -0.2924173
vn 0.9057806 0.3066816 -0.2924173
vn 0.9057806 0.3066816 -0.2924173
vn 0.9057806 0.3066816 -0.2924173
vn -0.7323738 -0.005721671 -0.6808788
vn -0.7182289 -0.005611163 -0.6957842
vn -0.7126414 -0.005567511 -0.7015064
vn -0.7126746 -0.5178026 -0.4732604
vn -0.8657942 0.4870093 -0.1149883
vn -0.7313331 0.1828333 0.657057
vn 0.7043176 -0.7098634 -0.005545808
vn -0.8836838 0.283055 0.3728041
vn 0.9984844 0 -0.05503457
vn 0.9984844 0 -0.05503457
vn 0.9984844 0 -0.05503457
vn 0.9984844 0 -0.05503457
vn 0.9988859 0 -0.04719146
vn 0.9988859 0 -0.04719146
vn 0.9988859 0 -0.04719146
vn 0.9988859 0 -0.04719146
vn -0.7438719 0 0.6683224
vn -0.7415588 0.1911831 0.6430705
vn -0.7378656 0.1268207 0.6629261
vn -0.7381109 0 0.6746795
vn -0.7266982 0 0.6869569
vn -0.7160342 0.07831623 0.6936581
vn -0.7210495 0 0.6928836
vn -0.7317034 0.131478 0.6688226
vn -0.7440226 0.3080719 0.592893
vn -0.7376695 0.4322282 0.5186738
vn -0.7554942 0 0.6551552
vn -0.7554942 0 0.6551552
vn -0.7496156 -0.01171274 0.6617699
vn -0.7332385 0.3379771 0.5900279
vn -0.7390453 0.4792247 0.4734509
vn -0.743558 0.5518594 0.377588
vn -0.7304751 0.5079085 0.4565469
vn -0.7470577 0.4552383 0.4844202
vn -0.7367402 0.345347 0.5813341
vn -0.7392425 0.3984979 0.5428812
vn -0.7159782 0.4251121 0.5537643
vn -0.7180594 0.2468329 0.6507413
vn -0.7118475 0.2502589 0.6562344
vn -0.7115505 0.05558988 0.7004325
vn -0.7091004 0.09971724 0.6980208
vn -0.7096015 0.02771881 0.7040578
vn -0.7119025 0.3448278 0.6117913
vn -0.7098306 0.2606409 0.6543751
vn -0.7098743 0 0.7043284
vn -0.7098743 0 0.7043284
vn -0.7126524 0 0.7015172
vn -0.8892106 0.3404009 -0.3056661
vn -0.9701425 0 -0.2425356
vn -0.9618624 0.2179219 -0.1653201
vn -0.870406 0.4148029 -0.2652018
vn -0.8164633 0.4146103 -0.4018531
vn -0.8139668 0.4324198 -0.387906
vn -0.7619048 0.3809524 -0.5238096
vn -0.7608272 0.3090861 -0.5706204
vn -0.7191011 0.4382023 -0.5393258
vn -0.7219665 0.451229 -0.5245538
vn -0.7137485 0.5353113 -0.4516689
vn -0.7119687 0.5729123 -0.4060447
vn -0.7094816 0.5431969 -0.4489688
vn -0.7083183 0.5312387 -0.4648339
vn -0.748116 -0.3448347 -0.5669316
vn -0.727684 -0.5741881 -0.375212
vn -0.7307608 -0.336835 -0.5937431
vn -0.7348801 -0.1550138 -0.6602439
vn -0.71543 -0.005589297 -0.6986621
vn -0.7266865 -0.005677238 -0.6869459
vn -0.7731352 -0.006040119 -0.6342125
vn -0.782688 -0.1161802 -0.611475
vn -0.7492046 -0.03511896 -0.6614072
vn -0.7510077 -0.06453972 -0.6571317
vn -0.7194077 -0.06744447 -0.6913058
vn -0.7142706 -0.1841479 -0.6752089
vn -0.8161978 -0.1084013 -0.5675125
vn -0.7117594 -0.05004558 -0.7006382
vn -0.7125531 -0.01670046 -0.7014195
vn -0.7096997 -0.02217812 -0.7041551
vn -0.7098634 -0.005545808 -0.7043176
vn -0.7098634 -0.005545808 -0.7043176
vn -0.7182289 -0.005611163 -0.6957842
vn -0.7467525 -0.005834004 -0.6650764
vn -0.7083075 -0.06640383 -0.7027739
vn -0.7126524 0 0.7015172
vn -0.8657349 0 0.500503
vn -0.7951384 -0.06833221 0.6025658
vn -0.989842 -0.1314634 0.05413198
vn -0.9902565 0 -0.1392548
vn -0.9363042 -0.007314876 -0.3511141
vn -0.9597781 -0.1574636 0.2324463
vn -0.9531822 -0.05212715 -0.2978694
vn -0.8971915 -0.007009308 -0.4415864
vn -0.9655772 -0.1282407 -0.2263072
vn -0.9610758 -0.1877101 0.2027269
vn -0.933834 -0.07295579 -0.3501878
vn -0.87399 0.143389 -0.4643072
vn -0.7616349 0.08330382 -0.6426295
vn -0.8409051 -0.09854357 0.5321352
vn -0.9030671 0.4162574 0.1058282
vn -0.7735586 0.3626056 -0.5197347
vn -0.8195367 0.1344552 -0.5570289
vn -0.8218478 0.3659791 -0.4366066
vn -0.8786104 0.1510112 -0.4530335
vn -0.8439887 0.389026 -0.3692451
vn -0.8968389 0.2172032 -0.3853605
vn -0.9173566 0.3870098 -0.09316903
vn -0.721038 0.6928725 0.00563311
vn 0.7080622 0.4404482 0.551954
vn -0.7155753 0.6876231 0.1229895
vn -0.7184891 0.6904231 0.08419795
vn -0.7108479 0.255461 0.6553129
vn -0.7155753 0.6876231 0.1229895
vn -0.7151619 0.02793601 0.6984003
vn -0.7429565 0.1335 0.6558913
vn -0.7096015 0.02771881 0.7040578
vn -0.7568137 0.06503868 0.6503868
vn -0.9450163 0.1550417 0.2879347
vn -0.8894681 -0.0694897 0.451683
vn -0.7531497 0.1176796 0.6472381
vn -0.7644823 -0.495719 0.4121037
vn -0.7821617 -0.6171745 -0.08554894
vn -0.9507601 0.2154066 -0.2228344
vn -0.9735882 -0.007606158 -0.2281847
vn -0.8999813 0 0.4359284
vn -0.761352 0 0.6483388
vn -0.7218632 0.2086636 0.659828
vn -0.7437588 -0.2730989 0.6101146
vn -0.7583663 -0.2962368 0.5806242
vn -0.7119797 -0.6730433 0.2002443
vn -0.8109717 -0.557543 0.1774001
vn -0.9108993 -0.2206084 0.3487037
vn -0.7478223 -0.6601868 0.07010834
vn -0.8249999 -0.3996093 0.3996093
vn -0.7210037 -0.6928396 -0.01126568
vn -0.7833914 0.2631705 0.5630625
vn -0.7883083 0.4618994 0.4064714
vn -0.776271 0.4427171 0.4487817
vn -0.7725295 0.374194 0.5130078
vn -0.9433979 0.2653306 0.198998
vn -0.7875171 0.1538119 0.5967903
vn -0.9544799 0.23862 -0.178965
vn -0.9814555 0 -0.1916905
vn -0.9363291 0 0.3511234
vn -0.7880244 0 0.615644
vn -0.7182402 0 0.6957952
vn -0.8715553 -0.006809026 0.4902498
vn -0.9008502 -0.4081977 0.1477957
vn -0.9828432 -0.007678463 0.1842831
vn -0.7225069 0.163693 0.6717056
vn -0.7438719 0 0.6683224
vn -0.7295372 0 0.6839412
vn -0.7189083 0.1460282 0.679593
vn -0.7146045 0.2903081 0.6364446
vn -0.7183081 0.2862009 0.6341314
vn -0.7677344 0.5218195 -0.3718714
vn -0.750801 0.4399225 -0.4927131
vn -0.7965074 0.5973806 -0.09334072
vn -0.8017244 0.5950298 0.05637124
vn -0.7868175 0.516349 0.3380856
vn -0.7699674 0.4451374 0.4571682
vn -0.7699674 0.4451374 0.4571682
vn -0.7868175 0.516349 0.3380856
vn -0.7349407 0.2468941 0.6315897
vn -0.7210952 0.1239382 0.6816604
vn -0.7105631 -0.1165767 0.6939092
vn -0.7180594 -0.2468329 0.6507413
vn -0.7510077 -0.4459108 0.4869815
vn -0.7670173 -0.5273244 0.3655317
vn -0.7670173 -0.5273244 0.3655317
vn -0.7510077 -0.4459108 0.4869815
vn -0.7939903 -0.6016957 0.08684269
vn -0.7984421 -0.5988316 -0.06237829
vn -0.782688 -0.5197538 -0.342426
vn -0.7657946 -0.4487078 -0.4606734
vn 0.8911458 -0.2385744 -0.3859293
vn 0.8430958 -0.2589034 -0.471337
vn 0.855088 -0.3164499 -0.4107116
vn 0.9112903 -0.1578613 -0.3803023
vn 0.9228618 0 -0.3851313
vn 0.8958335 0 -0.4443898
vn -0.7116165 0.4503198 0.5392718
vn -0.7110891 0.3166569 0.6277584
vn -0.7118475 0.6562344 0.2502589
vn -0.7137485 0.4516689 0.5353113
vn -0.7089155 0.6867619 0.1606137
vn -0.7100927 0.69345 -0.1220472
vn -0.7107164 0.6885065 -0.1443643
vn -0.7085679 0.6642824 -0.2380345
vn -0.7305585 0.667776 0.1426872
vn -0.7395386 0.3639916 0.5662092
vn -0.8230702 0.5465701 0.1543257
vn -0.7451438 0.640358 -0.1862859
vn -0.8451469 0.4819978 -0.2310949
vn -0.8125061 0.4760778 -0.3364283
vn -0.7358631 0.6208845 -0.2701997
vn -0.7779179 0.4193464 -0.4679663
vn -0.7307608 0.5766159 -0.3653804
vn -0.7293477 0.3418818 -0.592595
vn -0.7133936 0.5406186 -0.445871
vn -0.7098306 0.6543751 -0.2606409
vn -0.7083183 0.5312387 -0.4648339
vn -0.7090026 0.5816037 -0.3988139
vn 0.7268544 0 0.6867916
vn 0.7412592 0 0.671219
vn 0.7191111 -0.1698688 0.6738128
vn 0.7155753 -0.1521302 0.6817686
vn 0.7106849 -0.2965851 0.6379376
vn 0.7144082 -0.2925136 0.6356545
vn -0.9842369 0 -0.1768551
vn -0.9842369 0 -0.1768551
vn -0.9842369 0 -0.1768551
vn 0.7071068 0 0.7071068
vn 0.7071068 0 0.7071068
vn 0.7063299 -0.1001097 0.7007682
vn 0.7063189 -0.1334776 0.6951958
vn 0.7082053 -0.1672926 0.6858997
vn 0.7068439 -0.1781024 0.6845811
vn 0.7211604 0 0.6927682
vn 0.7211604 0 0.6927682
vn 0.7183744 -0.1244428 0.6844355
vn 0.7199889 -0.2040913 0.6632968
vn 0.7189729 -0.2717378 0.639716
vn 0.7259751 -0.3143987 0.6116483
vn 0.7238141 -0.6896182 0.0227973
vn 0.728359 -0.6021866 0.3269013
vn 0.7441165 -0.6210737 0.2460858
vn 0.7680063 -0.6289185 0.1209459
vn 0.7161781 -0.5018886 0.484971
vn 0.7337487 -0.5661998 0.3755406
vn 0.7070958 -0.4287116 0.562336
vn 0.7075896 -0.5738719 0.4122963
vn 0.7068439 -0.3729019 0.6010956
vn 0.7059261 -0.6058735 0.3668592
vn 0.7182252 -0.4920125 0.4920125
vn 0.7272238 -0.6470574 0.2290469
vn 0.7237672 -0.5129059 0.4616153
vn 0.7532749 -0.6524428 0.08303817
vn 0.7095415 -0.3240426 0.6257374
vn 0.7056209 -0.3389203 0.6222798
vn 0.7133143 -0.3201489 0.623448
vn 0.7096523 -0.2626272 0.6537741
vn 0.7185584 -0.5375043 0.4413193
vn 0.7290908 -0.6487186 -0.2181532
vn 0.7087787 -0.3571798 0.6083218
vn 0.7096523 -0.2626272 0.6537741
vn 0.7093976 -0.2178465 0.670297
vn 0.7167253 -0.6377162 -0.2821753
vn 0.7619832 -0.6299862 0.1499967
vn 0.7814978 -0.5784314 -0.233834
vn 0.7468779 -0.6645449 0.02352371
vn 0.7054031 -0.6831857 0.1888481
vn 0.7084146 -0.6749462 0.2063885
vn 0.7610797 -0.6232463 0.1797826
vn 0.7150987 -0.6982067 -0.03378419
vn 0.7183171 -0.695693 -0.00565604
vn 0.7877114 -0.6140428 0.04961962
vn 0.7928369 -0.6055526 -0.06867091
vn 0.7784821 -0.6252376 0.05516802
vn 0.7098407 -0.6986621 0.08942875
vn 0.7046536 -0.7046536 0.0832268
vn 0.7040578 -0.7096015 0.02771881
vn 0.7080293 -0.7024543 0.07247543
vn 0.7031831 -0.7031831 -0.1052006
vn 0.712831 -0.6847668 -0.1515468
vn 0.8314517 -0.5172023 -0.2029528
vn 0.764866 -0.6263469 -0.1505642
vn 0.7095415 -0.6816068 -0.1787821
vn 0.7038847 -0.3824255 -0.5985792
vn 0.7054031 -0.4332397 -0.5609899
vn 0.7294876 -0.3331518 -0.5973756
vn 0.8297641 -0.4965517 -0.2548094
vn 0.7160074 -0.5976124 -0.3608226
vn 0.7038847 -0.5985792 -0.3824255
vn 0.7076335 -0.6686301 -0.2284486
vn 0.7610797 -0.6232463 -0.1797826
vn 0.786804 -0.5885541 -0.1858592
vn 0.7169994 -0.6887711 -0.1072676
vn 0.7331616 -0.5426551 -0.4098777
vn 0.7401506 -0.3030538 -0.6002796
vn 0.7055447 -0.5333251 -0.4666595
vn 0.726664 -0.6866117 -0.02288705
vn 0.7234383 -0.6835638 -0.0968382
vn 0.7291389 -0.3444751 0.5913489
vn 0.7343494 -0.4857114 0.4741469
vn 0.7385468 -0.5582716 0.3779964
vn 0.7446279 -0.6332269 0.2110756
vn 0.7149513 -0.5348061 0.450363
vn 0.7059588 -0.4169048 0.5725492
vn 0.7191688 -0.6568786 0.2265099
vn 0.7232506 -0.5239295 0.449896
vn 0.7964613 -0.6020495 0.05644214
vn 0.7654215 -0.4520206 0.4580475
vn 0.7819421 -0.523347 0.3386363
vn 0.791235 -0.6043291 -0.09345296
vn 0.762835 -0.5285786 -0.3724076
vn 0.7462717 -0.4465878 -0.493597
vn -0.7071068 0 -0.7071068
vn -0.7071068 0 -0.7071068
vn -0.7071068 0 -0.7071068
vn 0.7163147 0.2425317 0.6542717
vn 0.7669692 0.5254041 0.3683868
vn 0.7504029 0.4431513 0.4904208
vn 0.7082494 0.1115353 0.6970959
vn 0.7178579 -0.1300058 0.6839434
vn 0.7312267 -0.2533384 0.633346
vn 0.7654215 -0.4520206 0.4580475
vn 0.7819421 -0.523347 0.3386363
vn -0.7071068 0 -0.7071068
vn -0.7071068 0 -0.7071068
vn -0.7071068 0 -0.7071068
vn 0.799169 0.5978036 -0.06292669
vn 0.7653658 0.4459612 -0.4640407
vn 0.7828031 0.5177595 -0.345173
vn 0.7946662 0.6006926 0.087601
vn 0.7669692 0.5254041 0.3683868
vn 0.7504029 0.4431513 0.4904208
vn -0.7098634 -0.005545808 0.7043176
vn -0.7098634 -0.005545808 0.7043176
vn -0.7098634 -0.005545808 0.7043176
vn 0.8859484 -0.4604141 0.05580777
vn 0.8859484 -0.4604141 0.05580777
vn 0.8859484 -0.4604141 0.05580777
vn 0.8859484 -0.4604141 0.05580777
vn 0.8859484 -0.4604141 0.05580777
vn 0.8859484 -0.4604141 0.05580777
vn 0.8859484 -0.4604141 0.05580777
vn 0.8859484 -0.4604141 0.05580777
vn 0.8859484 -0.4604141 0.05580777
vn 0.8859484 -0.4604141 0.05580777
vn 0.8859484 -0.4604141 0.05580777
vn 0.8859484 -0.4604141 0.05580777
vn 0.8859484 -0.4604141 0.05580777
vn 0.8859484 -0.4604141 0.05580777
vn 0.8859484 -0.4604141 0.05580777
vn 0.8859484 -0.4604141 0.05580777
vn 0.8859484 -0.4604141 0.05580777
vn 0.8859484 -0.4604141 0.05580777
vn 0.8859484 -0.4604141 0.05580777
vn 0.8859484 -0.4604141 0.05580777
vn -0.7098743 0 0.7043284
vn -0.7098743 0 0.7043284
vn -0.7098743 0 0.7043284
vn 0.7048814 0.4273691 -0.5661252
vn 0.7364453 0.1681647 -0.6552624
vn 0.7491485 0.1592678 -0.64297
vn 0.8928178 -0.02109018 -0.4499239
vn 0.8606659 -0.08809966 -0.5014904
vn 0.9967915 -0.07848752 -0.01569751
vn 0.9778203 -0.2001837 -0.06159498
vn 0.9117364 0.03589513 0.4092045
vn 0.9152573 -0.07206751 0.3963713
vn 0.7703764 0.2305063 0.5944637
vn 0.7799047 0.1719475 0.6018162
vn 0.7102402 0.4418029 0.5480593
vn 0.7115209 0.4313946 0.5546501
vn 0.7272714 0.6127405 0.3092335
vn 0.7158139 0.6199963 0.3212708
vn 0.7491746 0.6606894 -0.0471921
vn 0.7296682 0.6837049 -0.01149084
vn 0.7305369 0.5637214 -0.3854013
vn 0.7194919 0.6118514 -0.3285868
vn 0.7068439 0.3729019 -0.6010956
vn -0.9984776 -0.007800606 -0.05460424
vn -0.9984776 -0.007800606 -0.05460424
vn -0.9984776 -0.007800606 -0.05460424
vn 0.7068439 0.3729019 -0.6010956
vn 0.7491485 0.1592678 -0.64297
vn 0.7134269 -0.1460559 -0.6853392
vn 0.7286707 0.1032761 -0.6770325
vn 0.7197576 -0.06234121 -0.6914207
vn 0.7289467 0.0459179 -0.6830288
vn 0.8286154 0.332751 -0.4501926
vn 0.865871 0.1499934 -0.4772517
vn 0.8930165 0.450024 0
vn 0.9765475 0.2153018 0
vn 0.8127179 0.3647631 0.454354
vn 0.8574429 0.168788 0.4861093
vn 0.7305369 0.5637214 -0.3854013
vn 0.7491746 0.6606894 -0.0471921
vn 0.7272714 0.6127405 0.3092335
vn 0.7102402 0.4418029 0.5480593
vn 0.7167595 0.1410944 0.6828969
vn 0.7703764 0.2305063 0.5944637
vn 0.7315056 -0.103678 0.6739067
vn 0.7225831 0.06258593 0.6884453
vn 0.7318093 -0.04609822 0.6799487
vn 0.8310422 -0.3337256 0.4449674
vn 0.8677689 -0.157155 0.471465
vn 0.8901602 -0.4555938 -0.007009136
vn 0.9731872 -0.2298868 -0.007662891
vn 0.8084581 -0.3692171 -0.4583384
vn 0.8536381 -0.1747605 -0.4906739
vn 0.7134269 -0.1460559 -0.6853392
vn 0.7197576 -0.06234121 -0.6914207
vn 0.9117364 0.03589513 0.4092045
vn 0.9967915 -0.07848752 -0.01569751
vn 0.8928178 -0.02109018 -0.4499239
vn 0.7491485 0.1592678 -0.64297
vn -0.9988728 -0.007803693 -0.04682216
vn -0.9988728 -0.007803693 -0.04682216
vn -0.9988728 -0.007803693 -0.04682216
vn -0.9988728 -0.007803693 -0.04682216
vn -0.9988728 -0.007803693 -0.04682216
vn 0.8859484 -0.4604141 0.05580777
vn 0.8859484 -0.4604141 0.05580777
vn 0.8859484 -0.4604141 0.05580777
vn 0.8859484 -0.4604141 0.05580777
vn 0.8859484 -0.4604141 0.05580777
vn 0.8859484 -0.4604141 0.05580777
vn 0.8859484 -0.4604141 0.05580777
vn 0.8859484 -0.4604141 0.05580777
vn 0.8859484 -0.4604141 0.05580777
vn 0.8859484 -0.4604141 0.05580777
vn 0.7964613 -0.6020495 0.05644214
vn 0.7654215 -0.4520206 0.4580475
vn 0.7819421 -0.523347 0.3386363
vn 0.791235 -0.6043291 -0.09345296
vn 0.762835 -0.5285786 -0.3724076
vn 0.7462717 -0.4465878 -0.493597
vn -0.9988728 -0.007803693 -0.04682216
vn -0.9988728 -0.007803693 -0.04682216
vn -0.9988728 -0.007803693 -0.04682216
vn 0.7163147 0.2425317 0.6542717
vn 0.7669692 0.5254041 0.3683868
vn 0.7504029 0.4431513 0.4904208
vn 0.7082494 0.1115353 0.6970959
vn 0.7178579 -0.1300058 0.6839434
vn 0.7312267 -0.2533384 0.633346
vn 0.7654215 -0.4520206 0.4580475
vn 0.7819421 -0.523347 0.3386363
vn -0.998508 0 -0.0546059
vn -0.998508 0 -0.0546059
vn -0.998508 0 -0.0546059
vn 0.799169 0.5978036 -0.06292669
vn 0.7653658 0.4459612 -0.4640407
vn 0.7828031 0.5177595 -0.345173
vn 0.7946662 0.6006926 0.087601
vn 0.7669692 0.5254041 0.3683868
vn 0.7504029 0.4431513 0.4904208
vn -0.998508 0 -0.0546059
vn -0.998508 0 -0.0546059
vn -0.998508 0 -0.0546059
vn -0.7657946 -0.4487078 -0.4606734
vn -0.782688 -0.5197538 -0.342426
vn -0.7312376 -0.2513629 -0.6341201
vn -0.7178222 -0.1289837 -0.6841743
vn -0.7082749 0.110668 -0.6972081
vn -0.7164155 0.2406708 -0.6548485
vn -0.750801 0.4399225 -0.4927131
vn -0.7677344 0.5218195 -0.3718714
vn -0.8902423 0.4520762 0.05564015
vn -0.8902423 0.4520762 0.05564015
vn -0.8902423 0.4520762 0.05564015
vn -0.8902423 0.4520762 0.05564015
vn -0.8902423 0.4520762 0.05564015
vn -0.8902423 0.4520762 0.05564015
vn -0.8902423 0.4520762 0.05564015
vn -0.8902423 0.4520762 0.05564015
vn -0.8902423 0.4520762 0.05564015
vn -0.8902423 0.4520762 0.05564015
vn -0.8902423 0.4520762 0.05564015
vn -0.8902423 0.4520762 0.05564015
vn -0.8902423 0.4520762 0.05564015
vn -0.8902423 0.4520762 0.05564015
vn -0.8902423 0.4520762 0.05564015
vn -0.8902423 0.4520762 0.05564015
vn -0.8902423 0.4520762 0.05564015
vn -0.8902423 0.4520762 0.05564015
vn -0.8902423 0.4520762 0.05564015
vn -0.8902423 0.4520762 0.05564015
vn -0.7703438 -0.5296114 0.3550804
vn -0.7160566 -0.6209553 0.3188689
vn -0.7294899 -0.6838967 -0.01139828
vn -0.801096 -0.5945635 -0.06884419
vn -0.719726 -0.6128917 -0.3261259
vn -0.7719111 -0.4342 -0.4643528
vn -0.7059873 -0.430211 -0.5625836
vn -0.7165164 -0.1119557 -0.6885275
vn -0.7383565 -0.1730523 -0.6518303
vn -0.7170559 0.25209 -0.6498319
vn -0.8628974 0.08089663 -0.4988626
vn -0.7735587 0.5197347 -0.3626056
vn -0.7735587 0.5197347 -0.3626056
vn -0.8628974 0.08089663 -0.4988626
vn -0.9796142 0.1913309 -0.06122589
vn -0.8073982 0.5866253 0.06307799
vn -0.9168621 0.06446686 0.3939642
vn -0.7781191 0.4255339 0.4620082
vn -0.7814617 -0.1770499 0.5983066
vn -0.7225069 0.1072471 0.6829948
vn -0.7125531 -0.4342121 0.5511153
vn -0.7186363 -0.25826 0.6456499
vn -0.7059873 -0.430211 -0.5625836
vn -0.7081448 -0.3762019 -0.5974972
vn -0.7510077 -0.1642829 -0.63953
vn -0.7383565 -0.1730523 -0.6518303
vn -0.8943399 0.01397406 -0.44717
vn -0.8628974 0.08089663 -0.4988626
vn -0.997416 0.07013081 -0.01558463
vn -0.9796142 0.1913309 -0.06122589
vn -0.9126806 -0.0427819 0.4064281
vn -0.9168621 0.06446686 0.3939642
vn -0.7717428 -0.2351404 0.5908656
vn -0.7814617 -0.1770499 0.5983066
vn -0.7112428 -0.4445267 0.5445452
vn -0.7125531 -0.4342121 0.5511153
vn -0.7274137 -0.6137553 0.3068776
vn -0.7160566 -0.6209553 0.3188689
vn -0.7488454 -0.6610901 -0.04680284
vn -0.7294899 -0.6838967 -0.01139828
vn -0.7308441 -0.5652623 -0.3825512
vn -0.719726 -0.6128917 -0.3261259
vn -0.7112428 -0.4445267 0.5445452
vn -0.7189083 -0.1460282 0.679593
vn -0.8129811 -0.3683821 0.4509504
vn -0.7274137 -0.6137553 0.3068776
vn -0.8916235 -0.4527775 0
vn -0.7488454 -0.6610901 -0.04680284
vn -0.828848 -0.3367195 -0.4468009
vn -0.7308441 -0.5652623 -0.3825512
vn -0.7309037 -0.1084935 -0.6738019
vn -0.7081448 -0.3762019 -0.5974972
vn -0.7250175 -0.0679704 0.6853681
vn -0.8582297 -0.1743279 0.4827542
vn -0.9752823 -0.2209624 0
vn -0.866667 -0.1557292 -0.4739585
vn -0.7314166 -0.05142773 -0.6799889
vn -0.7227142 0.05646204 -0.6888369
vn -0.716741 0.1399885 -0.6831438
vn -0.7510077 -0.1642829 -0.63953
vn -0.9989032 0 -0.04682359
vn -0.9989032 0 -0.04682359
vn -0.9989032 0 -0.04682359
vn -0.7510077 -0.1642829 -0.63953
vn -0.716741 0.1399885 -0.6831438
vn -0.8125224 0.3618264 -0.4570438
vn -0.8943399 0.01397406 -0.44717
vn -0.8944053 0.4472027 -0.006987541
vn -0.997416 0.07013081 -0.01558463
vn -0.8348379 0.3261085 0.4435076
vn -0.9126806 -0.0427819 0.4064281
vn -0.7345896 0.09756269 0.6714608
vn -0.7717428 -0.2351404 0.5908656
vn -0.7227142 0.05646204 -0.6888369
vn -0.8564221 0.1672699 -0.4884282
vn -0.9752539 0.220956 -0.007619171
vn -0.8703456 0.1495907 0.4691707
vn -0.7346501 0.04017618 0.6772556
vn -0.7250175 -0.0679704 0.6853681
vn -0.7196919 0.2923748 0.6297305
vn -0.8647662 0.2769954 0.4188711
vn -0.8582297 -0.1743279 0.4827542
vn -0.9891915 0.1391051 -0.04636835
vn -0.9752823 -0.2209624 0
vn -0.8817737 -0.05511085 -0.4684422
vn -0.866667 -0.1557292 -0.4739585
vn -0.7396002 -0.1849001 -0.6471502
vn -0.7314166 -0.05142773 -0.6799889
vn -0.7186363 -0.25826 -0.6456499
vn -0.7227142 0.05646204 -0.6888369
vn -0.7227142 0.05646204 -0.6888369
vn -0.7186363 -0.25826 -0.6456499
vn -0.8629562 -0.262932 -0.4314781
vn -0.8564221 0.1672699 -0.4884282
vn -0.9905531 -0.1315578 0.03869348
vn -0.9752539 0.220956 -0.007619171
vn -0.8894681 0.0694897 0.451683
vn -0.8703456 0.1495907 0.4691707
vn -0.7453458 0.2212746 0.6288856
vn -0.7346501 0.04017618 0.6772556
vn -0.7196919 0.2923748 0.6297305
vn -0.7118475 0.6562344 0.2502589
vn -0.7914817 0.5997947 0.1174856
vn -0.8647662 0.2769954 0.4188711
vn -0.9472131 0.3034042 -0.1036014
vn -0.9891915 0.1391051 -0.04636835
vn -0.9287073 -0.1886437 -0.3192432
vn -0.8817737 -0.05511085 -0.4684422
vn -0.7694386 -0.5229778 -0.3666856
vn -0.7396002 -0.1849001 -0.6471502
vn -0.7072363 -0.6409329 -0.2983653
vn -0.7186363 -0.25826 -0.6456499
vn -0.7186363 -0.25826 -0.6456499
vn -0.7072363 -0.6409329 -0.2983653
vn -0.7911491 -0.5933619 -0.1483405
vn -0.8629562 -0.262932 -0.4314781
vn -0.9457641 -0.3103288 0.09605416
vn -0.9905531 -0.1315578 0.03869348
vn -0.9320992 0.1820506 0.3131271
vn -0.8894681 0.0694897 0.451683
vn -0.7752025 0.5329517 0.3391511
vn -0.7453458 0.2212746 0.6288856
vn -0.8902423 0.4520762 0.05564015
vn -0.8902423 0.4520762 0.05564015
vn -0.8902423 0.4520762 0.05564015
vn -0.8902423 0.4520762 0.05564015
vn -0.8902423 0.4520762 0.05564015
vn -0.8902423 0.4520762 0.05564015
vn -0.8902423 0.4520762 0.05564015
vn -0.8902423 0.4520762 0.05564015
vn -0.8902423 0.4520762 0.05564015
vn -0.8902423 0.4520762 0.05564015
vn -0.8562112 -0.3879707 0.3411467
vn -0.9938919 -0.06988302 0.08541259
vn -0.9939517 0.0155305 0.1087135
vn -0.8582104 0.2078478 0.4693338
vn -0.9955139 0.09332942 0.0155549
vn -0.8415772 0.5391354 0.03287411
vn -0.9912063 0.0464628 -0.1239008
vn -0.8306611 0.3634143 -0.4218201
vn -0.9920096 -0.02325023 -0.1240012
vn -0.8312038 -0.2142947 -0.5130087
vn -0.9941316 -0.1009665 -0.03883326
vn -0.8226622 -0.5655803 -0.05784344
vn -0.9938919 -0.06988302 0.08541259
vn -0.8562112 -0.3879707 0.3411467
vn -0.7483844 -0.6606831 -0.05846753
vn -0.7583396 -0.6457736 -0.08886793
vn -0.7454976 -0.6639588 0.058242
vn -0.7349892 -0.6718261 0.09187365
vn -0.7285675 -0.6204208 0.2902886
vn -0.7183081 -0.5780135 0.3872129
vn -0.731811 -0.5888792 0.3430364
vn -0.7880244 -0.5910183 0.1723803
vn -0.802938 -0.5959305 -0.01254591
vn -0.8259612 -0.542037 -0.1548677
vn -0.7760569 -0.4971615 -0.3880285
vn -0.7500401 -0.5742494 -0.3281425
vn -0.7543258 -0.5244922 -0.3948424
vn -0.9989032 0 -0.04682359
vn -0.9989032 0 -0.04682359
vn -0.9989032 0 -0.04682359
vn 0.7043176 -0.7098634 -0.005545808
vn 0.7043176 -0.7098634 -0.005545808
vn 0.7043176 -0.7098634 -0.005545808
vn 0.7043176 -0.7098634 -0.005545808
vn 0.7043176 -0.7098634 -0.005545808
vn 0.7043176 -0.7098634 -0.005545808
vn 0.7043176 -0.7098634 -0.005545808
vn 0.7043176 -0.7098634 -0.005545808
vn 0.7043176 -0.7098634 -0.005545808
vn 0.7043176 -0.7098634 -0.005545808
vn 0.7043176 -0.7098634 -0.005545808
vn 0.7043176 -0.7098634 -0.005545808
vn 0.7043176 -0.7098634 -0.005545808
vn 0.7043176 -0.7098634 -0.005545808
vn 0.7043176 -0.7098634 -0.005545808
vn 0.7043176 -0.7098634 -0.005545808
vn 0.7043176 -0.7098634 -0.005545808
vn 0.7043176 -0.7098634 -0.005545808
vn 0.7043176 -0.7098634 -0.005545808
vn 0.7043176 -0.7098634 -0.005545808
vn 0.8859484 -0.4604141 0.05580777
vn 0.8859484 -0.4604141 0.05580777
vn 0.8859484 -0.4604141 0.05580777
vn 0.8859484 -0.4604141 0.05580777
vn 0.8859484 -0.4604141 0.05580777
vn 0.8859484 -0.4604141 0.05580777
vn 0.8859484 -0.4604141 0.05580777
vn 0.8859484 -0.4604141 0.05580777
vn 0.8859484 -0.4604141 0.05580777
vn 0.8859484 -0.4604141 0.05580777
vn 0.8859484 -0.4604141 0.05580777
vn 0.8859484 -0.4604141 0.05580777
vn 0.8859484 -0.4604141 0.05580777
vn 0.8859484 -0.4604141 0.05580777
vn 0.8859484 -0.4604141 0.05580777
vn 0.8859484 -0.4604141 0.05580777
vn 0.8859484 -0.4604141 0.05580777
vn 0.8859484 -0.4604141 0.05580777
vn 0.8859484 -0.4604141 0.05580777
vn 0.8859484 -0.4604141 0.05580777
vn -0.9984776 -0.007800606 -0.05460424
vn -0.9984776 -0.007800606 -0.05460424
vn -0.9984776 -0.007800606 -0.05460424
vn 0.7048814 0.4273691 -0.5661252
vn 0.7364453 0.1681647 -0.6552624
vn 0.7491485 0.1592678 -0.64297
vn 0.8928178 -0.02109018 -0.4499239
vn 0.8606659 -0.08809966 -0.5014904
vn 0.9967915 -0.07848752 -0.01569751
vn 0.9778203 -0.2001837 -0.06159498
vn 0.9117364 0.03589513 0.4092045
vn 0.9152573 -0.07206751 0.3963713
vn 0.7703764 0.2305063 0.5944637
vn 0.7799047 0.1719475 0.6018162
vn 0.7102402 0.4418029 0.5480593
vn 0.7115209 0.4313946 0.5546501
vn 0.7272714 0.6127405 0.3092335
vn 0.7158139 0.6199963 0.3212708
vn 0.7491746 0.6606894 -0.0471921
vn 0.7296682 0.6837049 -0.01149084
vn 0.7305369 0.5637214 -0.3854013
vn 0.7194919 0.6118514 -0.3285868
vn 0.7068439 0.3729019 -0.6010956
vn -0.885967 0 0.4637483
vn -0.865715 0.006763398 0.5004915
vn -0.8744794 0 0.4850628
vn -0.9081669 0 0.4186082
vn -0.9363291 0 0.3511234
vn -0.8150222 0 0.5794298
vn -0.7303681 -0.07417801 0.6790141
vn -0.7303681 -0.07417801 0.6790141
vn -0.7303681 -0.07417801 0.6790141
vn -0.7739262 -0.465565 0.4292872
vn -0.7342631 -0.5105423 0.4474416
vn -0.8830737 -0.3104556 0.3518497
vn -0.946074 -0.1847801 0.2660833
vn -0.9924569 0.1163035 0.03876785
vn -0.9606697 0.2626831 -0.09006278
vn -0.8456817 0.4558752 -0.2774893
vn -0.7876513 0.5107426 -0.3445974
vn -0.7199082 0.5511797 -0.4218212
vn -0.7090896 0.5484365 -0.443181
vn -0.7345049 0.5049722 -0.4533273
vn -0.7740677 0.4596027 -0.435413
vn -0.7740677 0.4596027 -0.435413
vn -0.7345049 0.5049722 -0.4533273
vn -0.8827796 0.3034555 -0.3586292
vn -0.9454544 0.1772727 -0.2732954
vn -0.9912063 -0.1239008 -0.0464628
vn -0.9593737 -0.2698238 0.08244618
vn -0.8446499 -0.4619179 0.2705519
vn -0.7868175 -0.516349 0.3380856
vn -0.7193623 -0.5563818 0.4158813
vn -0.7086548 -0.5536366 0.4373729
vn -0.7125531 0.7014195 0.01670046
vn -0.7118475 0.6562344 0.2502589
vn -0.7752025 0.5329517 0.3391511
vn -0.7996877 0.5872707 0.1249512
vn -0.9320992 0.1820506 0.3131271
vn -0.9595892 0.1874198 0.2099102
vn -0.9457641 -0.3103288 0.09605416
vn -0.9067986 -0.3825557 0.1771091
vn -0.7911491 -0.5933619 -0.1483405
vn -0.753907 -0.6537787 0.06478889
vn -0.7072363 -0.6409329 -0.2983653
vn -0.70934 -0.7037982 -0.03879203
vn -0.70934 -0.7037982 -0.03879203
vn -0.7072363 -0.6409329 -0.2983653
vn -0.7694386 -0.5229778 -0.3666856
vn -0.7947704 -0.5898687 -0.1428103
vn -0.9287073 -0.1886437 -0.3192432
vn -0.9537114 -0.2011735 -0.2235261
vn -0.9472131 0.3034042 -0.1036014
vn -0.9092661 0.3693894 -0.1917983
vn -0.7914817 0.5997947 0.1174856
vn -0.7558235 0.6495358 -0.08266819
vn 0.7068439 0.3729019 -0.6010956
vn 0.7491485 0.1592678 -0.64297
vn 0.7134269 -0.1460559 -0.6853392
vn 0.7286707 0.1032761 -0.6770325
vn 0.7197576 -0.06234121 -0.6914207
vn 0.7289467 0.0459179 -0.6830288
vn 0.8286154 0.332751 -0.4501926
vn 0.865871 0.1499934 -0.4772517
vn 0.8930165 0.450024 0
vn 0.9765475 0.2153018 0
vn 0.8127179 0.3647631 0.454354
vn 0.8574429 0.168788 0.4861093
vn 0.7305369 0.5637214 -0.3854013
vn 0.7491746 0.6606894 -0.0471921
vn 0.7272714 0.6127405 0.3092335
vn 0.7102402 0.4418029 0.5480593
vn 0.7167595 0.1410944 0.6828969
vn 0.7703764 0.2305063 0.5944637
vn 0.7315056 -0.103678 0.6739067
vn 0.7225831 0.06258593 0.6884453
vn 0.7318093 -0.04609822 0.6799487
vn 0.8310422 -0.3337256 0.4449674
vn 0.8677689 -0.157155 0.471465
vn 0.8901602 -0.4555938 -0.007009136
vn 0.9731872 -0.2298868 -0.007662891
vn 0.8084581 -0.3692171 -0.4583384
vn 0.8536381 -0.1747605 -0.4906739
vn 0.7134269 -0.1460559 -0.6853392
vn 0.7197576 -0.06234121 -0.6914207
vn 0.9117364 0.03589513 0.4092045
vn 0.9967915 -0.07848752 -0.01569751
vn 0.8928178 -0.02109018 -0.4499239
vn 0.7491485 0.1592678 -0.64297
vn -0.7171122 -0.05602439 0.6947024
vn -0.7171122 -0.05602439 0.6947024
vn -0.7171122 -0.05602439 0.6947024
vn 0.9984844 0 -0.05503457
vn 0.9590986 -0.1963509 -0.2039029
vn 0.9633938 -0.2427449 -0.1137867
vn 0.9551033 -0.120328 -0.2707379
vn 0.9558333 -0.01505249 -0.2935236
vn 0.9567822 0.0828709 -0.2787476
vn 0.9584429 0.1735763 -0.2264038
vn 0.9640875 0.2277372 -0.1366423
vn 0.9671578 0.2513087 -0.03807708
vn 0.9725877 0.222087 0.06892353
vn 0.9772123 0.1538917 0.1461971
vn 0.9778203 0.06159498 0.2001837
vn 0.9774148 -0.0384809 0.2077969
vn 0.9758554 -0.1383102 0.1690458
vn 0.901753 0.1065063 0.4189246
vn 0.8994208 0.2832821 0.3328565
vn 0.8942553 0.4084001 0.1830759
vn 0.8873312 0.4611327 0
vn 0.8814983 0.4303378 -0.1943461
vn 0.8756747 0.3309636 -0.3516489
vn 0.8414841 0.2981637 0.4505584
vn 0.8396431 0.4627954 0.2842886
vn 0.8322726 0.5504795 0.06553327
vn 0.8250582 0.5392112 -0.1689095
vn 0.820089 0.4326454 -0.3745289
vn 0.814873 0.2566529 -0.5197222
vn 0.8713564 0.1715268 -0.4596919
vn 0.8698426 -0.01369831 -0.4931391
vn 0.8696591 -0.1985836 -0.4519488
vn 0.8736625 -0.3508408 -0.3370824
vn 0.8795301 -0.4432277 -0.1731358
vn 0.8122689 0.03837491 -0.5820194
vn 0.812618 -0.191957 -0.5502767
vn 0.8160835 -0.3855513 -0.4305322
vn 0.8215291 -0.5174986 -0.2393431
vn 0.827946 -0.5606563 -0.01303852
vn 0.8871363 -0.4610315 0.02095598
vn 0.9724167 -0.2143911 0.09188189
vn 0.8931489 -0.4008621 0.2039474
vn 0.8986099 -0.2688754 0.3467078
vn 0.9678315 -0.2514838 -0.00762072
vn 0.9003244 -0.09215919 0.4253501
vn 0.8347499 -0.5061082 0.2169035
vn 0.8376681 -0.3693655 0.4023445
vn 0.841281 -0.1589822 0.5166923
vn 0.8438585 0.07309011 0.5315644
vn -0.8275477 -0.0775826 0.5560086
vn -0.8275477 -0.0775826 0.5560086
vn -0.8275477 -0.0775826 0.5560086
vn -0.7358145 0.4081471 0.5403638
vn -0.7184891 0.6904231 0.08419795
vn -0.7386146 0.5308792 0.4154707
vn -0.721038 0.6928725 0.00563311
vn -0.7402803 0.6246115 0.2486879
vn 0.7042851 -0.7098306 -0.0110911
vn 0.7124159 -0.7011968 -0.02804787
vn 0.7423347 -0.6663477 -0.07014187
vn 0.8134677 -0.5700679 -0.1152946
vn 0.7917423 0.5922481 -0.1496206
vn 0.7069753 0.6401745 -0.3006037
vn 0.7169423 0.2540347 -0.6491997
vn 0.8627487 0.2581453 -0.434771
vn 0.9471548 0.3057744 0.09695285
vn 0.9914013 0.1249009 0.03903155
vn 0.9298604 -0.1903651 0.3148346
vn 0.8875479 -0.07687423 0.4542568
vn 0.7702489 -0.5397807 0.3396373
vn 0.7417648 -0.227786 0.6307921
vn 0.7064829 -0.6619801 0.2503286
vn 0.7157685 -0.2987065 0.6312289
vn 0.7862006 -0.6066744 0.1176206
vn 0.8613982 -0.2848718 0.4205251
vn 0.9442706 -0.3122784 -0.1040928
vn 0.9879156 -0.1477984 -0.04667318
vn 0.9289644 0.182867 -0.3218459
vn 0.8805442 0.04853393 -0.4714725
vn 0.7694002 0.5210112 -0.3695545
vn 0.7377489 0.1800804 -0.6506132
vn 0.7069753 0.6401745 -0.3006037
vn 0.7169423 0.2540347 -0.6491997
vn 0.7289467 0.0459179 -0.6830288
vn 0.7197576 -0.06234121 -0.6914207
vn 0.7169423 0.2540347 -0.6491997
vn 0.7377489 0.1800804 -0.6506132
vn 0.865871 0.1499934 -0.4772517
vn 0.8805442 0.04853393 -0.4714725
vn 0.9765475 0.2153018 0
vn 0.9879156 -0.1477984 -0.04667318
vn 0.8574429 0.168788 0.4861093
vn 0.8613982 -0.2848718 0.4205251
vn 0.7225831 0.06258593 0.6884453
vn 0.7157685 -0.2987065 0.6312289
vn 0.7318093 -0.04609822 0.6799487
vn 0.7417648 -0.227786 0.6307921
vn 0.8677689 -0.157155 0.471465
vn 0.8875479 -0.07687423 0.4542568
vn 0.9731872 -0.2298868 -0.007662891
vn 0.9914013 0.1249009 0.03903155
vn 0.8536381 -0.1747605 -0.4906739
vn 0.8627487 0.2581453 -0.434771
vn 0.7197576 -0.06234121 -0.6914207
vn 0.7169423 0.2540347 -0.6491997
vn 0.7077324 0.7021597 -0.07801774
vn 0.7059806 0.5225368 -0.4780656
vn 0.7063736 0.6118196 -0.3559678
vn 0.7080293 0.7024543 0.07247543
vn 0.7077653 0.6130251 0.3510962
vn 0.7078533 0.5239229 0.4737601
vn 0.7067673 0.289385 0.6455512
vn 0.7079522 0.1449351 0.6912289
vn 0.70737 -0.1503858 0.6906605
vn 0.7056209 -0.2944717 0.6445041
vn 0.7057843 -0.5279489 0.4723753
vn 0.7053487 -0.6164859 0.3498974
vn 0.7052617 -0.7052617 0.07219214
vn 0.7049683 -0.7049683 -0.07771304
vn 0.7039712 -0.6152819 -0.3547571
vn 0.7039279 -0.5265602 -0.4766756
vn 0.7030969 -0.2934184 -0.6477349
vn 0.7046536 -0.1498082 -0.6935567
vn 0.7052291 0.1443776 -0.6941231
vn 0.7042309 0.2883465 -0.6487796
vn 0.7059806 0.5225368 -0.4780656
vn 0.7063736 0.6118196 -0.3559678
vn 0.7132918 -0.2583577 -0.6515107
vn 0.7686671 -0.5265672 -0.3631498
vn 0.8606659 -0.08809966 -0.5014904
vn 0.7364453 0.1681647 -0.6552624
vn 0.7142161 0.1068512 -0.6917211
vn 0.7048814 0.4273691 -0.5661252
vn 0.7714843 0.4313022 -0.4677503
vn 0.7194919 0.6118514 -0.3285868
vn 0.8018405 0.5934883 -0.06945076
vn 0.7296682 0.6837049 -0.01149084
vn 0.7703481 0.5277187 0.3578782
vn 0.7158139 0.6199963 0.3212708
vn 0.7169423 0.2540347 0.6491997
vn 0.7115209 0.4313946 0.5546501
vn 0.7193418 -0.1132822 0.6853572
vn 0.7799047 0.1719475 0.6018162
vn 0.7736714 -0.4325249 0.4629845
vn 0.9152573 -0.07206751 0.3963713
vn 0.8021764 -0.5937369 0.0631635
vn 0.9778203 -0.2001837 -0.06159498
vn 0.7686671 -0.5265672 -0.3631498
vn 0.8606659 -0.08809966 -0.5014904
vn -0.7273549 -0.6080233 0.3182178
vn -0.8390242 -0.006554876 0.5440547
vn -0.785025 -0.006133008 0.6194338
vn -0.8242812 -0.4700979 0.3155451
vn -0.996932 -0.007788531 0.07788531
vn -0.9912657 -0.007744263 -0.1316525
vn -0.8859458 -0.006921452 -0.4637372
vn -0.8240249 -0.006437695 -0.5665171
vn -0.7352316 -0.005743997 -0.6777916
vn -0.7126414 -0.005567511 -0.7015064
vn -0.7154411 0 -0.698673
vn -0.740987 0 -0.6715195
vn -0.8360479 0 -0.5486564
vn -0.9027302 0 -0.4302073
vn -0.9963278 0 -0.08562192
vn -0.9922779 0 0.1240347
vn -0.8888031 0 0.4582891
vn -0.8270467 0 0.5621333
vn -0.776114 0 0.6305926
vn -0.776114 0 0.6305926
vn -0.7323738 -0.005721671 -0.6808788
vn -0.8150057 -0.006367232 -0.5794181
vn -0.7126414 -0.005567511 -0.7015064
vn -0.8802293 -0.006876791 -0.4744986
vn -0.8657942 0.4870093 -0.1149883
vn -0.9984776 -0.007800606 0.05460424
vn -0.8836838 0.283055 0.3728041
vn -0.8479797 -0.006624842 0.5299873
vn -0.7496541 -0.005856673 0.661804
vn -0.721038 -0.00563311 0.6928725
vn -0.7154411 0 0.698673
vn -0.7352438 0 0.6778029
vn -0.8180292 0 0.5751768
vn -0.8831157 0 0.4691552
vn -0.9880121 0 0.1543769
vn -0.9980526 0 -0.06237829
vn -0.9108532 0 -0.4127304
vn -0.845018 0 -0.5347379
vn -0.7467652 0 -0.6650878
vn -0.7182402 0 -0.6957952
vn -0.7126414 -0.005567511 -0.7015064
vn -0.7323738 -0.005721671 -0.6808788
vn -0.7098743 0.7043284 0
vn -0.7098743 0.7043284 0
vn -0.7098743 0.7043284 0
vn -0.7098743 0.7043284 0
vn -0.7098743 0.7043284 0
vn -0.7098743 0.7043284 0
vn -0.7098743 0.7043284 0
vn -0.7098743 0.7043284 0
vn -0.7098743 0.7043284 0
vn -0.7098743 0.7043284 0
vn -0.7098743 0.7043284 0
vn -0.7098743 0.7043284 0
vn -0.7098743 0.7043284 0
vn -0.7098743 0.7043284 0
vn -0.7098743 0.7043284 0
vn -0.7098743 0.7043284 0
vn -0.7098743 0.7043284 0
vn -0.7098743 0.7043284 0
vn -0.7098743 0.7043284 0
vn -0.7098743 0.7043284 0
vn -0.7098743 0.7043284 0
vn -0.7098743 0.7043284 0
vn -0.7098743 0.7043284 0
vn -0.7098743 0.7043284 0
vn -0.7098743 0.7043284 0
vn -0.7098743 0.7043284 0
vn -0.7098743 0.7043284 0
vn -0.7098743 0.7043284 0
vn -0.7098743 0.7043284 0
vn -0.7098743 0.7043284 0
vn -0.7098743 0.7043284 0
vn -0.7098743 0.7043284 0
vn -0.7098743 0.7043284 0
vn 0.7126963 -0.2469184 -0.6565785
vn 0.762835 -0.5285786 -0.3724076
vn 0.7462717 -0.4465878 -0.493597
vn 0.7050552 -0.1165839 -0.6995036
vn 0.715598 0.1239619 -0.6874249
vn 0.729608 0.2470326 -0.6376889
vn 0.7653658 0.4459612 -0.4640407
vn 0.7828031 0.5177595 -0.345173
vn 0.7694002 0.5210112 -0.3695545
vn 0.7069753 0.6401745 -0.3006037
vn 0.7093533 0.7037679 -0.03909821
vn 0.7953984 0.5887201 -0.1440485
vn 0.9289644 0.182867 -0.3218459
vn 0.9544557 0.1954004 -0.225462
vn 0.9442706 -0.3122784 -0.1040928
vn 0.9055964 -0.3779261 -0.1925284
vn 0.7862006 -0.6066744 0.1176206
vn 0.7503635 -0.6558295 -0.08271724
vn 0.7064829 -0.6619801 0.2503286
vn 0.7070082 -0.7070082 0.01670098
vn 0.7702489 -0.5397807 0.3396373
vn 0.7944641 -0.5942841 0.1251124
vn 0.9298604 -0.1903651 0.3148346
vn 0.9575979 -0.1960436 0.2111239
vn 0.9471548 0.3057744 0.09695285
vn 0.9080003 0.3789293 0.1787402
vn 0.7917423 0.5922481 -0.1496206
vn 0.7542706 0.6533052 0.06533053
vn 0.7069753 0.6401745 -0.3006037
vn 0.7093533 0.7037679 -0.03909821
vn 0.7377489 0.1800804 -0.6506132
vn 0.7169423 0.2540347 -0.6491997
vn 0.7069753 0.6401745 -0.3006037
vn 0.7694002 0.5210112 -0.3695545
vn 0.8805442 0.04853393 -0.4714725
vn 0.9289644 0.182867 -0.3218459
vn 0.9879156 -0.1477984 -0.04667318
vn 0.9442706 -0.3122784 -0.1040928
vn 0.8613982 -0.2848718 0.4205251
vn 0.7862006 -0.6066744 0.1176206
vn 0.7157685 -0.2987065 0.6312289
vn 0.7064829 -0.6619801 0.2503286
vn 0.7417648 -0.227786 0.6307921
vn 0.7702489 -0.5397807 0.3396373
vn 0.8875479 -0.07687423 0.4542568
vn 0.9298604 -0.1903651 0.3148346
vn 0.9914013 0.1249009 0.03903155
vn 0.9471548 0.3057744 0.09695285
vn 0.8627487 0.2581453 -0.434771
vn 0.7917423 0.5922481 -0.1496206
vn 0.7169423 0.2540347 -0.6491997
vn 0.7069753 0.6401745 -0.3006037
vn 0.7289467 0.0459179 -0.6830288
vn 0.7197576 -0.06234121 -0.6914207
vn 0.7169423 0.2540347 -0.6491997
vn 0.7377489 0.1800804 -0.6506132
vn 0.865871 0.1499934 -0.4772517
vn 0.8805442 0.04853393 -0.4714725
vn 0.9765475 0.2153018 0
vn 0.9879156 -0.1477984 -0.04667318
vn 0.8574429 0.168788 0.4861093
vn 0.8613982 -0.2848718 0.4205251
vn 0.7225831 0.06258593 0.6884453
vn 0.7157685 -0.2987065 0.6312289
vn 0.7318093 -0.04609822 0.6799487
vn 0.7417648 -0.227786 0.6307921
vn 0.8677689 -0.157155 0.471465
vn 0.8875479 -0.07687423 0.4542568
vn 0.9731872 -0.2298868 -0.007662891
vn 0.9914013 0.1249009 0.03903155
vn 0.8536381 -0.1747605 -0.4906739
vn 0.8627487 0.2581453 -0.434771
vn 0.7197576 -0.06234121 -0.6914207
vn 0.7169423 0.2540347 -0.6491997
vn 0.7132918 -0.2583577 -0.6515107
vn 0.7686671 -0.5265672 -0.3631498
vn 0.8606659 -0.08809966 -0.5014904
vn 0.7364453 0.1681647 -0.6552624
vn 0.7142161 0.1068512 -0.6917211
vn 0.7048814 0.4273691 -0.5661252
vn 0.7714843 0.4313022 -0.4677503
vn 0.7194919 0.6118514 -0.3285868
vn 0.8018405 0.5934883 -0.06945076
vn 0.7296682 0.6837049 -0.01149084
vn 0.7703481 0.5277187 0.3578782
vn 0.7158139 0.6199963 0.3212708
vn 0.7169423 0.2540347 0.6491997
vn 0.7115209 0.4313946 0.5546501
vn 0.7193418 -0.1132822 0.6853572
vn 0.7799047 0.1719475 0.6018162
vn 0.7736714 -0.4325249 0.4629845
vn 0.9152573 -0.07206751 0.3963713
vn 0.8021764 -0.5937369 0.0631635
vn 0.9778203 -0.2001837 -0.06159498
vn 0.7686671 -0.5265672 -0.3631498
vn 0.8606659 -0.08809966 -0.5014904
vn 0.7126963 -0.2469184 -0.6565785
vn 0.762835 -0.5285786 -0.3724076
vn 0.7462717 -0.4465878 -0.493597
vn 0.7050552 -0.1165839 -0.6995036
vn 0.715598 0.1239619 -0.6874249
vn 0.729608 0.2470326 -0.6376889
vn 0.7653658 0.4459612 -0.4640407
vn 0.7828031 0.5177595 -0.345173
vn 0.7243438 -0.1939188 -0.6616053
vn 0.7183171 -0.00565604 -0.695693
vn 0.7268425 0.00572317 -0.6867803
vn 0.7325881 0 -0.6806723
vn 0.7055447 -0.5333251 -0.4666595
vn 0.7071068 0 -0.7071068
vn 0.7401506 -0.3030538 -0.6002796
vn 0.7183285 0 -0.695704
vn 0.7205912 -0.03971763 -0.6922215
vn 0.7098961 0 -0.7043064
vn 0.7041551 -0.02217812 -0.7096997
vn 0.7043284 0 -0.7098743
vn 0.7042309 -0.01663538 -0.709776
vn 0.7071068 0 -0.7071068
vn 0.7126851 -0.005611694 -0.7014617
vn 0.7098961 0 -0.7043064
vn 0.7294876 -0.3331518 -0.5973756
vn 0.7043284 0 -0.7098743
vn 0.7038847 -0.3824255 -0.5985792
vn 0.7043284 0 -0.7098743
vn 0.7043284 0 -0.7098743
vn 0.7054031 -0.4332397 -0.5609899
vn -0.7636248 -0.04176073 0.6443084
vn -0.7636248 -0.04176073 0.6443084
vn -0.7636248 -0.04176073 0.6443084
vn 0.712831 -0.1234825 0.6903797
vn 0.7098961 0 0.7043064
vn 0.7126963 0 0.7014728
vn 0.7149513 -0.1576271 0.6811741
vn 0.7153937 -0.1971557 0.6703295
vn 0.7218589 -0.1705179 0.6707035
vn -0.7523686 0.6583226 0.02351152
vn -0.7866392 0.5715426 -0.2335335
vn -0.722024 0.631771 -0.2820406
vn -0.7673481 0.6234702 0.1498727
vn -0.7289454 0.6776915 -0.09681307
vn -0.7225069 0.6829948 -0.1072471
vn -0.7321941 0.6807117 -0.02288106
vn -0.7103989 0.5272492 -0.4661992
vn -0.7919967 0.5816226 -0.1856242
vn -0.7290991 0.26202 -0.6322656
vn -0.7664121 0.6167222 -0.1796279
vn -0.7101802 0.6990836 0.08322424
vn -0.7130283 0.6628935 -0.2283919
vn -0.7440603 0.2964615 -0.598736
vn -0.7380986 0.5362747 -0.409414
vn 0.7098961 0 -0.7043064
vn 0.7098961 0 -0.7043064
vn 0.7098961 0 -0.7043064
vn -0.7530715 -0.3471189 0.5589202
vn -0.7530715 -0.3471189 0.5589202
vn -0.7530715 -0.3471189 0.5589202
vn 0.7098961 0 -0.7043064
vn 0.7098961 0 -0.7043064
vn 0.7098961 0 -0.7043064
vn -0.7547585 -0.3773792 0.5365861
vn -0.7547585 -0.3773792 0.5365861
vn -0.7547585 -0.3773792 0.5365861
vn 0.7092206 -0.2010389 -0.6757141
vn 0.7092206 -0.2010389 -0.6757141
vn 0.7092206 -0.2010389 -0.6757141
vn -0.7555469 -0.3482599 0.5548548
vn -0.7555469 -0.3482599 0.5548548
vn -0.7555469 -0.3482599 0.5548548
vn 0.7054031 -0.1888481 -0.6831857
vn 0.7054031 -0.1888481 -0.6831857
vn 0.7054031 -0.1888481 -0.6831857
vn -0.9024608 0.1551105 0.4018771
vn -0.9024608 0.1551105 0.4018771
vn -0.9024608 0.1551105 0.4018771
vn 0.7049358 -0.6771824 -0.2109257
vn 0.7049358 -0.6771824 -0.2109257
vn 0.7049358 -0.6771824 -0.2109257
vn -0.9162982 0.1646473 0.3650876
vn -0.9162982 0.1646473 0.3650876
vn -0.9162982 0.1646473 0.3650876
vn 0.7032477 -0.6755608 -0.2214953
vn 0.7032477 -0.6755608 -0.2214953
vn 0.7032477 -0.6755608 -0.2214953
vn 0.7305852 -0.6730588 0.1150528
vn 0.7105069 -0.6993178 -0.07832359
vn 0.723826 -0.6839301 0.09119067
vn -0.7119466 0.04449666 0.7008225
vn -0.7119466 0.04449666 0.7008225
vn -0.7119466 0.04449666 0.7008225
vn -0.7352438 0 0.6778029
vn -0.7352438 0 0.6778029
vn -0.7373267 -0.04608292 0.6739627
vn -0.7344687 -0.04590429 0.6770883
vn -0.7407884 -0.02314964 0.6713395
vn -0.7467652 0 0.6650878
vn -0.7496156 -0.01171274 0.6617699
vn -0.7554942 0 0.6551552
vn -0.7369967 -0.2648582 0.621841
vn -0.7369967 -0.2648582 0.621841
vn -0.7369967 -0.2648582 0.621841
vn -0.8902423 0.4520762 0.05564015
vn -0.8902423 0.4520762 0.05564015
vn -0.8902423 0.4520762 0.05564015
vn -0.8902423 0.4520762 0.05564015
vn -0.8902423 0.4520762 0.05564015
vn -0.8902423 0.4520762 0.05564015
vn -0.8902423 0.4520762 0.05564015
vn -0.8902423 0.4520762 0.05564015
vn -0.8902423 0.4520762 0.05564015
vn -0.8902423 0.4520762 0.05564015
vn -0.8902423 0.4520762 0.05564015
vn -0.9944016 -0.0621501 0.08545639
vn -0.9944016 -0.0621501 0.08545639
vn -0.9944016 -0.0621501 0.08545639
vn -0.740987 0 0.6715195
vn -0.740987 0 0.6715195
vn -0.740987 0 0.6715195
vn -0.997416 -0.01558463 0.07013081
vn -0.997416 -0.01558463 0.07013081
vn -0.997416 -0.01558463 0.07013081
vn -0.7381109 0 0.6746795
vn -0.7381109 0 0.6746795
vn -0.7381109 0 0.6746795
vn -0.9969622 0 0.07788767
vn -0.9969622 0 0.07788767
vn -0.9969622 0 0.07788767
vn -0.9969622 0 0.07788767
vn -0.9969622 0 0.07788767
vn -0.9960561 -0.02334507 0.08559858
vn -0.9960561 -0.02334507 0.08559858
vn -0.9960561 -0.02334507 0.08559858
vn 0.9471548 0.007457912 -0.3206902
vn 0.9471548 0.007457912 -0.3206902
vn 0.9471548 0.007457912 -0.3206902
vn -0.990227 0.04641689 0.1315145
vn -0.990227 0.04641689 0.1315145
vn -0.990227 0.04641689 0.1315145
vn 0.9620659 -0.007575322 -0.2727116
vn 0.9620659 -0.007575322 -0.2727116
vn 0.9620659 -0.007575322 -0.2727116
vn -0.9877178 0.05401582 -0.1466144
vn -0.9877178 0.05401582 -0.1466144
vn -0.9877178 0.05401582 -0.1466144
vn 0.9155189 0.3243965 -0.2378908
vn 0.9155189 0.3243965 -0.2378908
vn 0.9155189 0.3243965 -0.2378908
vn -0.9933231 -0.03880168 -0.1086447
vn -0.9933231 -0.03880168 -0.1086447
vn -0.9933231 -0.03880168 -0.1086447
vn 0.8523106 0.2885776 -0.436222
vn 0.8523106 0.2885776 -0.436222
vn 0.8523106 0.2885776 -0.436222
vn -0.9956343 0 -0.09334071
vn -0.9956343 0 -0.09334071
vn -0.9956343 0 -0.09334071
vn -0.9956343 0 -0.09334071
vn -0.9956343 0 -0.09334071
vn -0.9960561 -0.02334507 -0.08559858
vn -0.9960561 -0.02334507 -0.08559858
vn -0.9960561 -0.02334507 -0.08559858
vn 0.9442706 -0.1040928 0.3122784
vn 0.9442706 -0.1040928 0.3122784
vn 0.9442706 -0.1040928 0.3122784
vn -0.9934128 -0.05432726 -0.1008935
vn -0.9934128 -0.05432726 -0.1008935
vn -0.9934128 -0.05432726 -0.1008935
vn -0.7599417 0.1840484 0.6233897
vn -0.7599417 0.1840484 0.6233897
vn -0.7599417 0.1840484 0.6233897
vn -0.8236153 -0.5147595 0.2380763
vn -0.8236153 -0.5147595 0.2380763
vn -0.8236153 -0.5147595 0.2380763
vn -0.7999375 -0.01249902 0.5999532
vn -0.7999375 -0.01249902 0.5999532
vn -0.7999375 -0.01249902 0.5999532
vn -0.8304513 -0.4995684 0.2465402
vn -0.8304513 -0.4995684 0.2465402
vn -0.8304513 -0.4995684 0.2465402
vn -0.8029854 -0.006273323 0.5959657
vn -0.8029854 -0.006273323 0.5959657
vn -0.8029854 -0.006273323 0.5959657
vn -0.8390422 0 0.5440664
vn -0.8390422 0 0.5440664
vn -0.8390422 0 0.5440664
vn -0.8390422 0 0.5440664
vn -0.8390422 0 0.5440664
vn -0.833421 0.4557771 0.3125329
vn -0.833421 0.4557771 0.3125329
vn -0.833421 0.4557771 0.3125329
vn 0.7068439 -0.6010956 -0.3729019
vn 0.7133256 -0.6290745 -0.3089205
vn 0.7106403 -0.5427725 -0.4476475
vn 0.7042851 -0.6211018 -0.3438242
vn 0.704838 -0.6881883 -0.1720471
vn 0.7036362 -0.7091767 0.04432354
vn 0.7054903 -0.66105 0.2555319
vn 0.7065485 -0.5674641 0.4228164
vn 0.7076335 -0.468041 0.5293322
vn 0.7059807 -0.4780656 0.5225369
vn -0.7110891 -0.3166569 0.6277584
vn -0.7103989 -0.4661992 0.5272492
vn -0.7087526 -0.4761931 0.5204902
vn -0.713438 -0.2563918 0.6521269
vn -0.7096015 -0.02771881 0.7040578
vn -0.7098743 0 0.7043284
vn -0.7098634 -0.005545808 0.7043176
vn -0.7098634 -0.005545808 0.7043176
vn 0.9620937 0 0.2727194
vn 0.9254063 -0.007286664 0.3789065
vn 0.982579 -0.007736843 0.1856842
vn -0.8233427 0.4631302 0.3280506
vn -0.8233427 0.4631302 0.3280506
vn -0.8233427 0.4631302 0.3280506
vn 0.8566428 0.3844775 0.3440062
vn 0.8235821 0.5641862 -0.05836408
vn 0.711789 0.7005798 0.05044174
vn 0.7204521 0.2779697 0.6353593
vn 0.8552043 -0.2154846 0.4713725
vn 0.7240965 -0.5017362 0.4732284
vn 0.8366315 -0.5467749 0.03293825
vn 0.7090879 -0.6979212 -0.1005006
vn 0.826647 -0.3710148 -0.423087
vn 0.7054903 -0.2555319 -0.66105
vn 0.8303314 0.2092174 -0.5165054
vn 0.7076335 0.5293322 -0.468041
vn 0.8235821 0.5641862 -0.05836408
vn 0.711789 0.7005798 0.05044174
vn 0.9937049 -0.02347334 0.1095423
vn 0.994314 0.06263395 0.08612169
vn 0.8566428 0.3844775 0.3440062
vn 0.8552043 -0.2154846 0.4713725
vn 0.9946797 -0.1018176 0.01566425
vn 0.8366315 -0.5467749 0.03293825
vn 0.990677 -0.05460424 -0.1248097
vn 0.826647 -0.3710148 -0.423087
vn 0.9920362 0.01562262 -0.1249809
vn 0.8303314 0.2092174 -0.5165054
vn 0.9948019 0.09399702 -0.03916543
vn 0.8235821 0.5641862 -0.05836408
vn 0.994314 0.06263395 0.08612169
vn 0.8566428 0.3844775 0.3440062
vn 0.7056209 0.6222799 -0.3389203
vn 0.7056209 0.6222799 -0.3389203
vn 0.7056209 0.6222799 -0.3389203
vn -0.8282232 0.4788165 -0.2911722
vn -0.8282232 0.4788165 -0.2911722
vn -0.8282232 0.4788165 -0.2911722
vn 0.7080622 0.6188576 -0.3400929
vn 0.7080622 0.6188576 -0.3400929
vn 0.7080622 0.6188576 -0.3400929
vn -0.8417411 0.4471749 -0.3025007
vn -0.8417411 0.4471749 -0.3025007
vn -0.8417411 0.4471749 -0.3025007
vn 0.7043284 0 -0.7098743
vn 0.7043284 0 -0.7098743
vn 0.7043284 0 -0.7098743
vn -0.845018 0 -0.5347379
vn -0.845018 0 -0.5347379
vn -0.845018 0 -0.5347379
vn -0.845018 0 -0.5347379
vn -0.845018 0 -0.5347379
vn -0.8333326 -0.4687496 -0.2929685
vn -0.8333326 -0.4687496 -0.2929685
vn -0.8333326 -0.4687496 -0.2929685
vn 0.7043176 -0.005545808 -0.7098634
vn 0.7043176 -0.005545808 -0.7098634
vn 0.7043176 -0.005545808 -0.7098634
vn -0.8291957 -0.4729007 -0.2979922
vn -0.8291957 -0.4729007 -0.2979922
vn -0.8291957 -0.4729007 -0.2979922
vn 0.8338857 0.4661881 -0.2954713
vn 0.8338857 0.4661881 -0.2954713
vn 0.8338857 0.4661881 -0.2954713
vn -0.707096 -0.005524187 -0.707096
vn -0.707096 -0.005524187 -0.707096
vn -0.707096 -0.005524187 -0.707096
vn 0.829711 0.4703873 -0.3005252
vn 0.829711 0.4703873 -0.3005252
vn 0.829711 0.4703873 -0.3005252
vn -0.7071068 0 -0.7071068
vn -0.7071068 0 -0.7071068
vn -0.7071068 0 -0.7071068
vn 0.8430958 -0.006638549 -0.5377225
vn 0.8430958 -0.006638549 -0.5377225
vn 0.8430958 -0.006638549 -0.5377225
vn 0.8430958 -0.006638549 -0.5377225
vn 0.8430958 -0.006638549 -0.5377225
vn 0.8235821 -0.4863674 -0.2918204
vn 0.8235821 -0.4863674 -0.2918204
vn 0.8235821 -0.4863674 -0.2918204
vn -0.7059659 -0.6232355 -0.3364369
vn -0.7059659 -0.6232355 -0.3364369
vn -0.7059659 -0.6232355 -0.3364369
vn 0.837304 -0.4549132 -0.3032755
vn 0.837304 -0.4549132 -0.3032755
vn 0.837304 -0.4549132 -0.3032755
vn -0.7083943 -0.619845 -0.3375942
vn -0.7083943 -0.619845 -0.3375942
vn -0.7083943 -0.619845 -0.3375942
vn 0.8289154 -0.4634094 0.3132909
vn 0.8289154 -0.4634094 0.3132909
vn 0.8289154 -0.4634094 0.3132909
vn 0.7977173 0.006281239 0.6029989
vn 0.7977173 0.006281239 0.6029989
vn 0.7977173 0.006281239 0.6029989
vn 0.8187757 -0.4706348 0.3287997
vn 0.8187757 -0.4706348 0.3287997
vn 0.8187757 -0.4706348 0.3287997
vn 0.8007559 0 0.5989906
vn 0.8007559 0 0.5989906
vn 0.8007559 0 0.5989906
vn 0.8370675 -0.006591083 0.5470599
vn 0.8370675 -0.006591083 0.5470599
vn 0.8370675 -0.006591083 0.5470599
vn 0.8370675 -0.006591083 0.5470599
vn 0.8370675 -0.006591083 0.5470599
vn 0.8242757 0.5127385 0.2401433
vn 0.8242757 0.5127385 0.2401433
vn 0.8242757 0.5127385 0.2401433
vn 0.7565691 -0.1906316 0.6255099
vn 0.7565691 -0.1906316 0.6255099
vn 0.7565691 -0.1906316 0.6255099
vn 0.8311312 0.4973699 0.2486849
vn 0.8311312 0.4973699 0.2486849
vn 0.8311312 0.4973699 0.2486849
vn -0.9457641 0.09605416 0.3103288
vn -0.9457641 0.09605416 0.3103288
vn -0.9457641 0.09605416 0.3103288
vn 0.9961474 0.01568736 -0.08628049
vn 0.9961474 0.01568736 -0.08628049
vn 0.9961474 0.01568736 -0.08628049
vn -0.9145424 -0.3286637 -0.2357804
vn -0.9145424 -0.3286637 -0.2357804
vn -0.9145424 -0.3286637 -0.2357804
vn 0.993705 0.04694669 -0.1017178
vn 0.993705 0.04694669 -0.1017178
vn 0.993705 0.04694669 -0.1017178
vn -0.8524812 -0.2930405 -0.4329006
vn -0.8524812 -0.2930405 -0.4329006
vn -0.8524812 -0.2930405 -0.4329006
vn 0.995535 -0.007838858 -0.0940663
vn 0.995535 -0.007838858 -0.0940663
vn 0.995535 -0.007838858 -0.0940663
vn 0.995535 -0.007838858 -0.0940663
vn 0.995535 -0.007838858 -0.0940663
vn 0.9870798 -0.06217825 -0.1476734
vn 0.9870798 -0.06217825 -0.1476734
vn 0.9870798 -0.06217825 -0.1476734
vn -0.9478362 -0.01480994 -0.3184137
vn -0.9478362 -0.01480994 -0.3184137
vn -0.9478362 -0.01480994 -0.3184137
vn 0.9934919 0.03129109 -0.1095188
vn 0.9934919 0.03129109 -0.1095188
vn 0.9934919 0.03129109 -0.1095188
vn -0.962651 0 -0.2707455
vn -0.962651 0 -0.2707455
vn -0.962651 0 -0.2707455
vn 0.9961474 0.01568736 0.08628049
vn 0.9961474 0.01568736 0.08628049
vn 0.9961474 0.01568736 0.08628049
vn 0.7383472 -0.005813757 0.6743958
vn 0.7383472 -0.005813757 0.6743958
vn 0.7383472 -0.005813757 0.6743958
vn 0.9896839 -0.0545495 0.1324774
vn 0.9896839 -0.0545495 0.1324774
vn 0.9896839 -0.0545495 0.1324774
vn 0.7354568 -0.005790999 0.6775468
vn 0.7354568 -0.005790999 0.6775468
vn 0.7354568 -0.005790999 0.6775468
vn 0.9968836 -0.007849477 0.07849477
vn 0.9968836 -0.007849477 0.07849477
vn 0.9968836 -0.007849477 0.07849477
vn 0.9968836 -0.007849477 0.07849477
vn 0.9968836 -0.007849477 0.07849477
vn 0.9947713 0.05482991 0.0861613
vn 0.9947713 0.05482991 0.0861613
vn 0.9947713 0.05482991 0.0861613
vn 0.7089995 -0.05024406 0.7034168
vn 0.7089995 -0.05024406 0.7034168
vn 0.7089995 -0.05024406 0.7034168
vn 0.9974676 0.007854076 0.07068668
vn 0.9974676 0.007854076 0.07068668
vn 0.9974676 0.007854076 0.07068668
vn 0.7354692 0.2605993 0.6254383
vn 0.7354692 0.2605993 0.6254383
vn 0.7354692 0.2605993 0.6254383
vn 0.7694002 0.5210112 -0.3695545
vn 0.7069753 0.6401745 -0.3006037
vn 0.7093533 0.7037679 -0.03909821
vn 0.7953984 0.5887201 -0.1440485
vn 0.9289644 0.182867 -0.3218459
vn 0.9544557 0.1954004 -0.225462
vn 0.9442706 -0.3122784 -0.1040928
vn 0.9055964 -0.3779261 -0.1925284
vn 0.7862006 -0.6066744 0.1176206
vn 0.7503635 -0.6558295 -0.08271724
vn 0.7064829 -0.6619801 0.2503286
vn 0.7070082 -0.7070082 0.01670098
vn 0.7702489 -0.5397807 0.3396373
vn 0.7944641 -0.5942841 0.1251124
vn 0.9298604 -0.1903651 0.3148346
vn 0.9575979 -0.1960436 0.2111239
vn 0.9471548 0.3057744 0.09695285
vn 0.9080003 0.3789293 0.1787402
vn 0.7917423 0.5922481 -0.1496206
vn 0.7542706 0.6533052 0.06533053
vn 0.7069753 0.6401745 -0.3006037
vn 0.7093533 0.7037679 -0.03909821
vn 0.7377489 0.1800804 -0.6506132
vn 0.7169423 0.2540347 -0.6491997
vn 0.7069753 0.6401745 -0.3006037
vn 0.7694002 0.5210112 -0.3695545
vn 0.8805442 0.04853393 -0.4714725
vn 0.9289644 0.182867 -0.3218459
vn 0.9879156 -0.1477984 -0.04667318
vn 0.9442706 -0.3122784 -0.1040928
vn 0.8613982 -0.2848718 0.4205251
vn 0.7862006 -0.6066744 0.1176206
vn 0.7157685 -0.2987065 0.6312289
vn 0.7064829 -0.6619801 0.2503286
vn 0.7417648 -0.227786 0.6307921
vn 0.7702489 -0.5397807 0.3396373
vn 0.8875479 -0.07687423 0.4542568
vn 0.9298604 -0.1903651 0.3148346
vn 0.9914013 0.1249009 0.03903155
vn 0.9471548 0.3057744 0.09695285
vn 0.8627487 0.2581453 -0.434771
vn 0.7917423 0.5922481 -0.1496206
vn 0.7169423 0.2540347 -0.6491997
vn 0.7069753 0.6401745 -0.3006037
vn 0.7289467 0.0459179 -0.6830288
vn 0.7197576 -0.06234121 -0.6914207
vn 0.7169423 0.2540347 -0.6491997
vn 0.7377489 0.1800804 -0.6506132
vn 0.865871 0.1499934 -0.4772517
vn 0.8805442 0.04853393 -0.4714725
vn 0.9765475 0.2153018 0
vn 0.9879156 -0.1477984 -0.04667318
vn 0.8574429 0.168788 0.4861093
vn 0.8613982 -0.2848718 0.4205251
vn 0.7225831 0.06258593 0.6884453
vn 0.7157685 -0.2987065 0.6312289
vn 0.7318093 -0.04609822 0.6799487
vn 0.7417648 -0.227786 0.6307921
vn 0.8677689 -0.157155 0.471465
vn 0.8875479 -0.07687423 0.4542568
vn 0.9731872 -0.2298868 -0.007662891
vn 0.9914013 0.1249009 0.03903155
vn 0.8536381 -0.1747605 -0.4906739
vn 0.8627487 0.2581453 -0.434771
vn 0.7197576 -0.06234121 -0.6914207
vn 0.7169423 0.2540347 -0.6491997
vn 0.7132918 -0.2583577 -0.6515107
vn 0.7686671 -0.5265672 -0.3631498
vn 0.8606659 -0.08809966 -0.5014904
vn 0.7364453 0.1681647 -0.6552624
vn 0.7142161 0.1068512 -0.6917211
vn 0.7048814 0.4273691 -0.5661252
vn 0.7714843 0.4313022 -0.4677503
vn 0.7194919 0.6118514 -0.3285868
vn 0.8018405 0.5934883 -0.06945076
vn 0.7296682 0.6837049 -0.01149084
vn 0.7703481 0.5277187 0.3578782
vn 0.7158139 0.6199963 0.3212708
vn 0.7169423 0.2540347 0.6491997
vn 0.7115209 0.4313946 0.5546501
vn 0.7193418 -0.1132822 0.6853572
vn 0.7799047 0.1719475 0.6018162
vn 0.7736714 -0.4325249 0.4629845
vn 0.9152573 -0.07206751 0.3963713
vn 0.8021764 -0.5937369 0.0631635
vn 0.9778203 -0.2001837 -0.06159498
vn 0.7686671 -0.5265672 -0.3631498
vn 0.8606659 -0.08809966 -0.5014904
vn 0.7126963 -0.2469184 -0.6565785
vn 0.762835 -0.5285786 -0.3724076
vn 0.7462717 -0.4465878 -0.493597
vn 0.7050552 -0.1165839 -0.6995036
vn 0.715598 0.1239619 -0.6874249
vn 0.729608 0.2470326 -0.6376889
vn 0.7653658 0.4459612 -0.4640407
vn 0.7828031 0.5177595 -0.345173
vn 0.7694002 0.5210112 -0.3695545
vn 0.7069753 0.6401745 -0.3006037
vn 0.7093533 0.7037679 -0.03909821
vn 0.7953984 0.5887201 -0.1440485
vn 0.9289644 0.182867 -0.3218459
vn 0.9544557 0.1954004 -0.225462
vn 0.9442706 -0.3122784 -0.1040928
vn 0.9055964 -0.3779261 -0.1925284
vn 0.7862006 -0.6066744 0.1176206
vn 0.7503635 -0.6558295 -0.08271724
vn 0.7064829 -0.6619801 0.2503286
vn 0.7070082 -0.7070082 0.01670098
vn 0.7702489 -0.5397807 0.3396373
vn 0.7944641 -0.5942841 0.1251124
vn 0.9298604 -0.1903651 0.3148346
vn 0.9575979 -0.1960436 0.2111239
vn 0.9471548 0.3057744 0.09695285
vn 0.9080003 0.3789293 0.1787402
vn 0.7917423 0.5922481 -0.1496206
vn 0.7542706 0.6533052 0.06533053
vn 0.7069753 0.6401745 -0.3006037
vn 0.7093533 0.7037679 -0.03909821
vn -0.73607 0.6670634 0.1150109
vn -0.7293358 0.6780545 0.09116698
vn -0.7160342 0.6936581 -0.07831623
vn -0.7103551 0.6715075 -0.2108867
vn -0.7103551 0.6715075 -0.2108867
vn -0.7103551 0.6715075 -0.2108867
vn 0.9001209 -0.163014 0.4039913
vn 0.9001209 -0.163014 0.4039913
vn 0.9001209 -0.163014 0.4039913
vn -0.7086548 0.6699002 -0.2214546
vn -0.7086548 0.6699002 -0.2214546
vn -0.7086548 0.6699002 -0.2214546
vn 0.9140239 -0.1727289 0.367049
vn 0.9140239 -0.1727289 0.367049
vn 0.9140239 -0.1727289 0.367049
vn -0.712763 0.1948961 -0.6737838
vn -0.712763 0.1948961 -0.6737838
vn -0.712763 0.1948961 -0.6737838
vn 0.7538851 0.3739745 0.5401855
vn 0.7538851 0.3739745 0.5401855
vn 0.7538851 0.3739745 0.5401855
vn -0.7089047 0.1827645 -0.6812131
vn -0.7089047 0.1827645 -0.6812131
vn -0.7089047 0.1827645 -0.6812131
vn 0.7545502 0.3445977 0.5584859
vn 0.7545502 0.3445977 0.5584859
vn 0.7545502 0.3445977 0.5584859
vn -0.7126414 -0.005567511 -0.7015064
vn -0.7126414 -0.005567511 -0.7015064
vn -0.7126414 -0.005567511 -0.7015064
vn 0.7520456 0.3434539 0.5625538
vn 0.7520456 0.3434539 0.5625538
vn 0.7520456 0.3434539 0.5625538
vn -0.7126414 -0.005567511 -0.7015064
vn -0.7126414 -0.005567511 -0.7015064
vn -0.7126414 -0.005567511 -0.7015064
vn 0.8258951 0.07153422 0.5592675
vn 0.8258951 0.07153422 0.5592675
vn 0.8258951 0.07153422 0.5592675
vn 0.7717407 0.5712096 0.2795281
vn 0.7425377 0.4794338 0.4677403
vn 0.7619832 0.1499967 0.6299862
vn 0.7612984 0.03596685 0.6474034
vn 0.7612984 0.03596685 0.6474034
vn 0.7612984 0.03596685 0.6474034
vn -0.7081448 0.3762019 -0.5974972
vn -0.7098634 0.4270272 -0.5601265
vn -0.7071068 0 -0.7071068
vn -0.7071068 0 -0.7071068
vn -0.7071068 0 -0.7071068
vn -0.7335394 0.3266543 -0.5960008
vn -0.7126524 0 -0.7015172
vn -0.7154411 0 -0.698673
vn -0.7098743 0 -0.7043284
vn -0.7070637 0.01104787 -0.7070637
vn 0.7279879 0.06878626 0.6821304
vn 0.7279879 0.06878626 0.6821304
vn 0.7279879 0.06878626 0.6821304
vn 0.7057843 -0.6946696 -0.1389339
vn 0.7057843 -0.6946696 -0.1389339
vn 0.7057843 -0.6946696 -0.1389339
vn 0.7145891 0.05064017 0.6977091
vn 0.7145891 0.05064017 0.6977091
vn 0.7145891 0.05064017 0.6977091
vn 0.7182367 -0.6560272 -0.2318717
vn 0.7182367 -0.6560272 -0.2318717
vn 0.7182367 -0.6560272 -0.2318717
vn 0.9984536 -0.00786184 -0.05503288
vn 0.9984536 -0.00786184 -0.05503288
vn 0.9984536 -0.00786184 -0.05503288
vn 0.7136408 -0.6799255 -0.1685766
vn 0.7136408 -0.6799255 -0.1685766
vn 0.7136408 -0.6799255 -0.1685766
vn 0.998855 -0.007865 -0.04719
vn 0.998855 -0.007865 -0.04719
vn 0.998855 -0.007865 -0.04719
vn 0.7692873 -0.5936233 -0.2362379
vn 0.7692873 -0.5936233 -0.2362379
vn 0.7692873 -0.5936233 -0.2362379
vn 0.9988859 0 -0.04719146
vn 0.9988859 0 -0.04719146
vn 0.9988859 0 -0.04719146
vn 0.7088559 -0.5414096 -0.452105
vn 0.7034527 -0.5372828 -0.4652758
vn 0.7045668 -0.5492293 -0.4493694
vn 0.7069315 -0.5789045 -0.4063465
vn 0.7145891 -0.4445082 -0.5401618
vn 0.7173996 -0.4575541 -0.5253398
vn 0.7576454 -0.3877713 -0.5249827
vn 0.7568915 -0.3158681 -0.5721385
vn 0.812136 -0.4220549 -0.4028706
vn 0.8095415 -0.4398296 -0.3888349
vn 0.8856035 -0.3486628 -0.3068233
vn 0.8662537 -0.4228955 -0.2660149
vn 0.9596734 -0.2266945 -0.1662426
vn 0.9696634 -0.007635145 -0.2443246
vn 0.9984536 -0.00786184 -0.05503288
vn 0.9984536 -0.00786184 -0.05503288
vn 0.9984536 -0.00786184 -0.05503288
vn 0.7457954 0.6635817 0.05872405
vn 0.7587263 0.645216 -0.08961335
vn 0.7487057 0.6602759 -0.05895321
vn 0.7351857 0.6715083 0.09262183
vn 0.7284668 0.6194836 0.2925339
vn 0.7179152 0.5765933 0.3900484
vn 0.7316149 0.5875962 0.3456448
vn 0.7885613 0.5898687 0.173856
vn 0.803717 0.5948772 -0.01265696
vn 0.8268046 0.5403526 -0.1562465
vn 0.7759787 0.4949155 -0.3910444
vn 0.7499971 0.5728324 -0.3307074
vn 0.754111 0.5225336 -0.3978381
vn 0.8834368 0.3060726 0.354766
vn 0.7337609 0.5084327 0.4506563
vn 0.7736714 0.4629845 0.4325249
vn 0.9465758 0.1788805 0.2683207
vn 0.9914013 -0.1249009 0.03903155
vn 0.9581426 -0.2715995 -0.09053316
vn 0.8412072 -0.4636575 -0.2781945
vn 0.7828031 -0.5177595 -0.345173
vn 0.7149401 -0.5573155 -0.4222087
vn 0.7041551 -0.5544528 -0.4435623
vn 0.7297043 -0.5113676 -0.4539106
vn 0.7694568 -0.4665211 -0.4362274
vn 0.8793614 -0.3115847 -0.3600535
vn 0.7297043 -0.5113676 -0.4539106
vn 0.7694568 -0.4665211 -0.4362274
vn 0.9433844 -0.1857056 -0.2748443
vn 0.9920059 0.117166 -0.04686642
vn 0.9607162 0.2647643 0.08321165
vn 0.8453339 0.4592759 0.2729031
vn 0.78697 0.514319 0.3408138
vn 0.7188922 0.5547357 0.4188821
vn 0.7080623 0.551954 0.4404482
vn 0.7043176 -0.005545808 -0.7098634
vn 0.7043176 -0.005545808 -0.7098634
vn 0.7043176 -0.005545808 -0.7098634
vn 0.9984536 -0.00786184 -0.05503288
vn 0.9984536 -0.00786184 -0.05503288
vn 0.9984536 -0.00786184 -0.05503288
vn 0.7043284 0 -0.7098743
vn 0.7043284 0 -0.7098743
vn 0.7043284 0 -0.7098743
vn 0.9984536 -0.00786184 -0.05503288
vn 0.9984536 -0.00786184 -0.05503288
vn 0.9984536 -0.00786184 -0.05503288
vn 0.9984536 -0.00786184 -0.05503288
vn 0.9984844 0 -0.05503457
vn 0.9984844 0 -0.05503457
vn 0.9984844 0 -0.05503457
vn 0.705327 0.410978 -0.5775906
vn 0.705327 0.410978 -0.5775906
vn 0.705327 0.410978 -0.5775906
vn 0.705327 0.410978 -0.5775906
vn 0.705327 0.410978 -0.5775906
vn 0.7070958 -0.005567683 0.7070958
vn 0.7070958 -0.005567683 0.7070958
vn 0.7070958 -0.005567683 0.7070958
vn 0.7071068 0 0.7071068
vn 0.7071068 0 0.7071068
vn 0.7071068 0 0.7071068
vn 0.7387968 0.08144216 0.6689892
vn 0.7372019 0.1044853 0.667545
vn 0.7494876 0.1298325 0.6491625
vn 0.7383596 0 0.6744072
vn 0.7495789 0.09443513 0.6551437
vn 0.7759352 0.2321696 0.5865337
vn 0.7489009 -0.1356277 0.6486543
vn 0.7367427 -0.1102214 0.6671292
vn 0.7384345 -0.08721668 0.6686611
vn 0.7491485 -0.1002797 0.6547676
vn 0.7529438 0 0.6580848
vn 0.7691745 0.1635253 0.6177622
vn 0.7841747 0.4198731 0.4569207
vn 0.7717264 0.2916761 0.5651225
vn 0.7629313 0.54066 0.3544327
vn 0.7683998 -0.169411 0.6171399
vn 0.7677256 0 0.6407788
vn 0.7707025 0 0.6371951
vn 0.7703481 -0.2972209 0.5641131
vn 0.7615584 0.2458574 0.5996523
vn 0.7796695 0 0.6261912
vn 0.7604246 -0.251479 0.5987595
vn 0.7604517 -0.5448906 0.3532807
vn 0.7821348 -0.4249393 0.4557321
vn 0.7748225 -0.2379376 0.5856926
vn -0.7105631 -0.5828838 0.3941404
vn -0.7083943 -0.619845 0.3375942
vn -0.7077442 -0.6082177 0.3594013
vn -0.7086548 -0.5536366 0.4373729
vn -0.7132607 -0.6129584 0.3399133
vn -0.7090134 -0.5096034 0.4874467
vn -0.7227833 -0.6380821 0.265397
vn -0.713571 -0.6243746 0.3177621
vn -0.7132054 -0.6407705 0.2841678
vn -0.7073659 -0.6299978 0.3205252
vn -0.7061378 -0.6344206 0.314452
vn -0.7083943 -0.619845 0.3375942
vn -0.7081448 -0.5974972 0.3762019
vn -0.7108259 -0.5497794 0.4387129
vn -0.7103989 -0.5272492 0.4661992
vn -0.7129952 -0.5458869 0.4400517
vn -0.72306 -0.5366461 0.4349658
vn -0.7203755 -0.5177699 0.4614905
vn -0.7173261 -0.5379946 0.4427247
vn -0.7151619 -0.5419586 0.441389
vn 0.7070629 0.629119 0.3229106
vn 0.7058389 0.6335877 0.3167938
vn 0.7080622 0.6188576 0.3400929
vn 0.7130108 0.6400254 0.2863272
vn 0.707359 0.6071034 0.3620341
vn 0.710107 0.5815049 0.3969889
vn 0.7080623 0.551954 0.4404482
vn 0.7082494 0.5074858 0.4907555
vn 0.7097188 0.5253037 0.4694203
vn 0.7145891 0.5401618 0.4445082
vn 0.7167595 0.5361587 0.4458583
vn 0.7102402 0.5480593 0.4418029
vn 0.7197576 0.5157319 0.4647254
vn 0.7124159 0.5441287 0.4431563
vn 0.7225479 0.5347993 0.4380803
vn 0.7080622 0.6188576 0.3400929
vn 0.7077214 0.5962692 0.3789374
vn 0.7133143 0.623448 0.3201489
vn 0.7129545 0.6119059 0.3424427
vn 0.7226883 0.6373314 0.2674516
vn 0.7045885 -0.6990405 -0.1220547
vn 0.7067125 -0.7011479 -0.09459931
vn 0.7070739 -0.7015064 -0.08908017
vn -0.7082749 -0.6972081 0.110668
vn 1 0 0
vn -0.7077442 -0.702215 0.07740952
vn -0.7082749 -0.6972081 0.110668
vn -0.7096015 -0.7040578 -0.02771881
vn -0.7126083 -0.7014738 0.01113451
vn -0.709776 -0.7042309 0.01663538
vn -0.7110672 -0.6999568 0.06666255
vn -0.7089917 -0.7034527 0.04985098
vn -0.7082749 -0.6972081 0.110668
vn -0.7080365 -0.702505 0.07190996
vn -0.7071068 -0.7071068 0
vn -0.7071068 -0.7071068 0
vn -0.70934 -0.7037982 -0.03879203
vn -0.7121119 -0.7009851 -0.03894362
vn -0.7094816 -0.7039388 -0.03325695
vn -0.7089917 -0.7034527 -0.04985098
vn -0.70934 -0.7037982 -0.03879203
vn -0.7091005 -0.6980208 -0.09971725
vn -0.7094816 -0.698396 -0.09422802
vn -0.7082749 -0.6972081 -0.110668
vn -0.7086982 -0.6976249 -0.1051974
vn -0.7077442 -0.702215 -0.07740952
vn -0.7077442 -0.702215 -0.07740952
vn -0.707096 -0.707096 -0.005524187
vn -0.7078308 -0.6967709 -0.1161285
vn -0.7089917 -0.7034527 0.04985098
vn -0.7071068 -0.7071068 0
vn -0.7107931 -0.6996869 0.07218992
vn -0.7121119 -0.7009851 0.03894362
vn -0.7121119 -0.7009851 0.03894362
vn -0.7126083 -0.7014738 0.01113451
vn -0.709776 -0.7042309 -0.01663538
vn -0.7117594 -0.7006382 -0.05004558
vn -0.7113197 -0.7002053 -0.06112904
vn -0.7085571 -0.7030215 -0.06089162
vn -0.7104973 -0.6993958 -0.07771064
vn -0.7098415 -0.6987503 -0.08873019
vn -0.7091005 -0.6980208 -0.09971725
vn -0.7078308 -0.6967709 0.1161285
vn -0.708004 -0.6914102 0.1438133
vn -0.7073659 -0.6963133 0.1215785
vn -0.7070637 -0.7070637 -0.01104787
vn -0.7104973 -0.6993958 0.07771064
vn -0.7126083 -0.7014738 -0.01113451
vn -0.7119466 -0.7008225 -0.04449666
vn -0.7121119 -0.7009851 -0.03894362
vn -0.7121119 -0.7009851 -0.03894362
vn -0.7110672 -0.6999568 -0.06666255
vn -0.7078308 -0.6967709 -0.1161285
vn -0.7078308 -0.6967709 -0.1161285
vn -0.7086982 -0.6976249 -0.1051974
vn -0.7107931 -0.6996869 -0.07218992
vn -0.7098415 -0.6987503 0.08873019
vn -0.7059659 -0.7004505 0.1047918
vn -0.7119466 -0.7008225 0.04449666
vn -0.7123765 -0.7012455 -0.02782721
vn -0.7113197 -0.7002053 -0.06112904
vn -0.7089917 -0.7034527 -0.04985098
vn -0.7097105 -0.6209967 0.3326768
vn -0.7172923 -0.6276308 0.3026077
vn -0.7325897 -0.6410159 0.2289343
vn -0.7479244 -0.6544338 0.11102
vn -0.7787237 -0.6266292 -0.0304189
vn -0.7081232 -0.6472688 -0.2821428
vn -0.7253901 -0.6347163 -0.2663542
vn -0.7128624 -0.5792007 -0.3954159
vn -0.7160678 -0.6265593 -0.3076854
vn -0.7316198 -0.6401673 -0.234347
vn -0.747427 -0.6539986 -0.1167855
vn -0.7524596 -0.6584022 0.01763577
vn -0.7439346 -0.6509428 0.1511117
vn -0.7275428 -0.6366 0.2557768
vn -0.713571 -0.6243746 0.3177621
vn 0.9969144 0.07849719 0
vn 0.9304592 0.0732645 -0.3589961
vn 0.9304592 0.0732645 -0.3589961
vn 0.9323628 -0.08075584 0.3523891
vn 0.9962393 -0.08628844 -0.007844404
vn 0.9299352 -0.08054557 -0.3587939
vn 0.9299352 -0.08054557 -0.3587939
vn 0.8138685 -0.07049255 -0.5767573
vn 0.8138685 -0.07049255 -0.5767573
vn 0.9962699 -0.0862911 0
vn 0.9323628 -0.08075584 0.3523891
vn 0.8168765 -0.07075309 0.5724568
vn 0.9176195 0.1806338 -0.3540422
vn 0.8084909 0.1591517 -0.5665802
vn 0.9811412 0.193138 -0.007725521
vn 0.9222533 0.1815459 0.3413063
vn 0.8114064 0.1597257 0.5622343
vn 0.7334916 0.1443881 0.6641853
vn 0.822994 0.5054609 -0.2592107
vn 0.7652547 0.4699989 -0.4398708
vn 0.8520421 0.5233014 -0.01341799
vn 0.827015 0.5079305 0.2409414
vn 0.7712851 0.4737027 0.4251178
vn 0.725099 0.4453364 0.5252686
vn 0.7075895 0.4122963 0.5738718
vn 0.7395103 0.5822915 0.3377291
vn 0.7261649 0.4745802 0.4974515
vn 0.7160414 0.5638121 0.4115829
vn 0.709309 0.558511 0.4300535
vn 0.7209744 0.5676964 0.3973875
vn 0.7492658 0.5899731 0.3008863
vn 0.7764426 0.6113722 0.152843
vn 0.7330638 -0.08081018 0.6753423
vn 0.7077324 -0.07801774 0.7021597
vn 0.7348655 -0.0405044 0.6770021
vn 0.8168765 -0.07075309 0.5724568
vn 0.8114064 0.1597257 0.5622343
vn 0.7325758 0.1961226 0.6518194
vn 0.7672771 0.471241 0.4349917
vn 0.7067125 0.09459931 0.7011479
vn 0.7339814 -0.0635732 0.6761876
vn 0.8168765 -0.07075309 0.5724568
vn 0.7350256 0.03472562 0.6771495
vn 0.9323628 -0.08075584 0.3523891
vn 0.9199518 0.1810929 0.3476983
vn 0.8243626 0.5063014 0.2531507
vn 0.7688502 0.6053938 0.2058339
vn 0.7875751 -0.5767282 0.2170482
vn 0.7324784 -0.6805704 0.01730264
vn 0.8067436 -0.590765 0.01270462
vn 0.918411 -0.2024843 0.3398844
vn 0.8087859 -0.178315 0.5604186
vn 0.8172316 0.06434894 0.5727056
vn 0.734239 0.05781409 0.6764249
vn 0.734239 0.05781409 0.6764249
vn 0.7080293 0.07247543 0.7024543
vn 0.7065703 -0.03894482 0.7065703
vn 0.7906368 -0.5789703 -0.1992156
vn 0.9765475 -0.2153018 0
vn 0.932891 0.07345598 0.3525887
vn 0.8172316 0.06434894 0.5727056
vn 0.7339814 -0.0635732 0.6761876
vn 0.7522963 -0.5508941 -0.3613392
vn 0.9161381 -0.2019832 -0.3462569
vn 0.9968836 0.07849477 -0.007849477
vn 0.932891 0.07345598 0.3525887
vn 0.8168765 -0.07075309 0.5724568
vn 0.8087859 -0.178315 -0.5604186
vn 0.8142197 0.06411178 -0.577006
vn 0.7315542 -0.1612875 -0.6624309
vn 0.7313722 0.05758836 -0.6795427
vn 0.7040578 -0.1552253 -0.6929702
vn 0.7032478 0.05537384 -0.7087852
vn 0.7287667 -0.160673 -0.6656451
vn 0.7313722 0.05758836 -0.6795427
vn 0.8058986 -0.1776784 -0.5647636
vn 0.8142197 0.06411178 -0.577006
vn 0.9161381 -0.2019832 -0.3462569
vn 0.7173996 -0.5253398 -0.4575541
vn 0.7042309 -0.5156966 -0.487971
vn 0.7155412 -0.523979 -0.462003
vn 0.7473951 -0.5473051 -0.3766401
vn 0.7865021 -0.5759425 -0.2229455
vn 0.9765187 -0.2152955 -0.007689124
vn 0.7916038 -0.5796784 0.1932261
vn 0.918411 -0.2024843 0.3398844
vn 0.8066623 -0.5907055 -0.01905501
vn 0.729861 -0.6781385 0.08620405
vn 0.7323931 -0.6804912 -0.0230675
vn 0.7267592 -0.6752566 -0.1258953
vn 0.7164515 -0.6656793 -0.20873
vn 0.7070629 -0.6569561 -0.261669
vn 0.7049683 -0.6550099 -0.2719957
vn 0.7100736 -0.6597534 -0.2460098
vn 0.7196652 -0.6686652 -0.1869996
vn 0.7294876 -0.6777916 -0.09190395
vn 0.9323628 -0.08075584 0.3523891
vn 0.8172316 0.06434894 0.5727056
vn 0.7333938 0.0750718 0.6756462
vn 0.7067125 0.03338799 0.7067125
vn 0.7315542 -0.1612875 0.6624309
vn 0.7490442 -0.5485127 0.3715731
vn 0.7272714 -0.6757325 0.1202575
vn 0.932891 0.07345598 0.3525887
vn 0.8172316 0.06434894 0.5727056
vn 0.7338957 -0.1097954 0.6703299
vn 0.7049357 -0.2109257 0.6771824
vn 0.7173996 -0.5253398 0.4575541
vn 0.7172853 -0.666454 0.2033249
vn 0.932891 0.07345598 0.3525887
vn 0.8116714 -0.1789512 0.5560269
vn 0.7216492 -0.4602644 0.5170872
vn 0.7059588 -0.5725493 0.4169048
vn 0.7080843 -0.657905 0.2564715
vn 0.918411 -0.2024843 0.3398844
vn 0.7538984 -0.5520673 0.3561725
vn 0.7090879 -0.6588376 0.2512516
vn 0.7060242 -0.655991 0.2668438
vn 0.7916038 -0.5796784 0.1932261
vn 0.7204174 -0.6693642 0.1815225
vn 0.729861 -0.6781385 0.08620405
vn 0.8699039 -0.4931738 -0.006849637
vn 0.8699039 -0.4931738 -0.006849637
vn 0.8699039 -0.4931738 -0.006849637
vn 0.7082494 0.6970959 0.1115353
vn 0.7082494 0.6970959 0.1115353
vn 0.7077324 0.7021597 0.07801774
vn 1 0 0
vn 0.709619 0.7040315 -0.02793776
vn 0.7097963 0.7042074 0.01676684
vn 0.7126514 0.7014286 0.01122286
vn 0.7110858 0.6998876 0.06718921
vn 0.7089995 0.7034168 0.05024406
vn 0.7082494 0.6970959 0.1115353
vn 0.7080293 0.7024543 0.07247543
vn 0.7071068 0.7071068 0
vn 0.7071068 0.7071068 0
vn 0.7093533 0.7037679 -0.03909821
vn 0.7093533 0.7037679 -0.03909821
vn 0.7089995 0.7034168 -0.05024406
vn 0.7094973 0.7039107 -0.03351955
vn 0.7121471 0.7009321 -0.0392522
vn 0.7077324 0.7021597 -0.07801774
vn 0.7070958 0.7070958 -0.005567683
vn 0.7077324 0.7021597 -0.07801774
vn 0.7082494 0.6970959 -0.1115353
vn 0.7086793 0.697519 -0.1060229
vn 0.7094751 0.6983023 -0.0949691
vn 0.7090879 0.6979212 -0.1005006
vn 0.7077983 0.6966519 -0.1170375
vn 0.7090879 0.6979212 -0.1005006
vn 0.7098407 0.6986621 -0.08942875
vn 0.7105069 0.6993178 -0.07832359
vn 0.7113423 0.7001401 -0.06161233
vn 0.708558 0.7029788 -0.06137117
vn 0.711789 0.7005798 -0.05044174
vn 0.7097963 0.7042074 -0.01676684
vn 0.7126514 0.7014286 0.01122286
vn 0.7121471 0.7009321 0.0392522
vn 0.7121471 0.7009321 0.0392522
vn 0.7089995 0.7034168 0.05024406
vn 0.7108073 0.6996135 0.0727598
vn 0.7071068 0.7071068 0
vn 0.8640055 -0.5034363 0.006803193
vn 0.8640055 -0.5034363 0.006803193
vn 0.8640055 -0.5034363 0.006803193
vn 0.7124159 0.7011968 -0.02804787
vn 0.7124159 0.7011968 -0.02804787
vn 0.7098851 0.7042954 -0.005589646
vn 1 0 0
vn 0.7108073 0.6996135 -0.0727598
vn 0.7093533 0.7037679 -0.03909821
vn 0.7083045 0.7027273 -0.0669264
vn 0.7073261 0.6961871 -0.1225289
vn 0.7067125 0.7011479 -0.09459931
vn 0.7073261 0.6961871 -0.1225289
vn 0.7094751 0.6983023 -0.0949691
vn 0.7070958 0.7070958 -0.005567683
vn 0.7070958 0.7070958 -0.005567683
vn 0.7077324 0.7021597 -0.07801774
vn 0.7098407 0.6986621 -0.08942875
vn 0.7080293 0.7024543 -0.07247543
vn 0.7083045 0.7027273 -0.0669264
vn 0.7098407 0.6986621 -0.08942875
vn 0.7083045 0.7027273 0.0669264
vn 0.7071068 0.7071068 0
vn 0.7094973 0.7039107 0.03351955
vn 0.7125953 0.7013734 0.01683296
vn 0.7126963 0.7014728 0
vn 0.7122927 0.7010755 -0.03365162
vn 0.7124159 0.7011968 -0.02804787
vn 0.7126851 0.7014617 -0.005611694
vn 0.7098407 0.6986621 0.08942875
vn 0.7086793 0.697519 0.1060229
vn 0.7082494 0.6970959 0.1115353
vn 0.7082494 0.6970959 0.1115353
vn 0.7082494 0.6970959 0.1115353
vn 0.7082494 0.6970959 0.1115353
vn 0.7086793 0.697519 0.1060229
vn 0.7086793 0.697519 0.1060229
vn 0.7101846 0.6990007 0.08388007
vn 0.7105069 0.6993178 0.07832359
vn 0.7091874 0.7036033 0.04467322
vn 0.7115767 0.7003708 0.05602966
vn 0.7070958 0.7070958 -0.005567683
vn 0.7125953 0.7013734 -0.01683296
vn 0.7124159 0.7011968 -0.02804787
vn 0.7125953 0.7013734 0.01683296
vn 0.7070958 0.7070958 0.005567683
vn 0.7098407 0.6986621 0.08942875
vn 0.7082494 0.6970959 0.1115353
vn 0.7082494 0.6970959 0.1115353
vn 0.7094751 0.6983023 0.0949691
vn 0.7082494 0.6970959 0.1115353
vn 0.7094751 0.6983023 -0.0949691
vn 0.7110858 0.6998876 -0.06718921
vn 0.7094751 0.6983023 -0.0949691
vn 0.7126851 0.7014617 0.005611694
vn 0.7115767 0.7003708 0.05602966
vn 0.711789 0.7005798 -0.05044174
vn 0.7149513 0.6980627 -0.03940677
vn 0.7077983 0.6966519 -0.1170375
vn 0.7082494 0.6970959 -0.1115353
vn 0.7090879 0.6979212 -0.1005006
vn -0.8650228 -0.5000914 0.04054794
vn 0.8633066 -0.5030291 0.04078614
vn 0.8633066 -0.5030291 0.04078614
vn 0.7080293 0.7024543 -0.07247543
vn 0.7131906 0.6177241 0.3313247
vn 0.7279401 0.6304994 0.2693952
vn 0.7346689 0.6652514 0.1330503
vn 0.7505863 0.6501141 -0.1182026
vn 0.7824316 0.6222487 0.02464351
vn 0.7193419 0.5664109 -0.4021517
vn 0.7063736 0.6118196 -0.3559678
vn 0.7118561 0.6165683 -0.33631
vn 0.7268068 0.6295177 -0.2746986
vn 0.7456026 0.6457976 -0.1643848
vn 0.7556713 0.6545184 -0.02380067
vn 0.7505863 0.6501141 0.1182026
vn 0.7343372 0.63604 0.2370695
vn 0.7171022 0.6211122 0.3162026
vn 0.7077653 0.6130251 0.3510962
vn -0.7123765 -0.7012455 -0.02782721
vn 1 0 0
vn -0.7098306 -0.7042851 -0.0110911
vn -0.7123765 -0.7012455 -0.02782721
vn -0.7094816 -0.698396 -0.09422802
vn -0.7073659 -0.6963133 -0.1215785
vn -0.7067402 -0.7012188 -0.09386393
vn -0.7073659 -0.6963133 -0.1215785
vn -0.7083075 -0.7027739 -0.06640383
vn -0.7107931 -0.6996869 -0.07218992
vn -0.7091767 -0.7036362 -0.04432354
vn -0.707096 -0.707096 -0.005524187
vn -0.707096 -0.707096 -0.005524187
vn -0.7077442 -0.702215 -0.07740952
vn -0.7098415 -0.6987503 -0.08873019
vn -0.7083075 -0.7027739 -0.06640383
vn -0.7080365 -0.702505 -0.07190996
vn -0.7098415 -0.6987503 -0.08873019
vn -0.7123765 -0.7012455 -0.02782721
vn -0.7122552 -0.7011262 -0.03338696
vn -0.7125531 -0.7014195 0.01670046
vn -0.7126524 -0.7015172 0
vn -0.7094816 -0.7039388 0.03325695
vn -0.7083075 -0.7027739 0.06640383
vn -0.7071068 -0.7071068 0
vn -0.7126524 -0.7015172 0
vn -0.70934 -0.7037982 0.03879203
vn -0.7071068 -0.7071068 0
vn -0.7115505 -0.7004325 0.05558988
vn -0.7101802 -0.6990836 0.08322424
vn -0.7104973 -0.6993958 0.07771064
vn -0.7091005 -0.6980208 0.09971725
vn -0.7086982 -0.6976249 0.1051974
vn -0.7082749 -0.6972081 0.110668
vn -0.7082749 -0.6972081 0.110668
vn -0.7082749 -0.6972081 0.110668
vn -0.7082749 -0.6972081 0.110668
vn -0.7086982 -0.6976249 0.1051974
vn -0.7098415 -0.6987503 0.08873019
vn -0.7080365 -0.702505 -0.07190996
vn -0.7446644 -0.6457637 -0.168713
vn -0.7268856 -0.6303461 -0.2725821
vn -0.7121559 -0.6175727 -0.3338231
vn -0.706751 -0.6128857 -0.3533755
vn -0.7197602 -0.5679358 -0.399242
vn -0.7317034 -0.6688226 0.131478
vn -0.7502848 -0.6506376 -0.117232
vn -0.7816948 -0.6229131 0.03053495
vn -0.7280017 -0.6313139 0.2673131
vn -0.7134712 -0.6187133 0.3288656
vn -0.7081231 -0.6140755 0.3485294
vn -0.7173261 -0.6220562 0.3138302
vn -0.7342994 -0.6367753 0.2352053
vn -0.7502848 -0.6506376 0.117232
vn -0.7551655 -0.6548701 -0.02949865
vn 0.8573843 -0.5130804 0.04050634
vn -0.8591571 -0.5101246 0.04027299
vn 0.8573843 -0.5130804 0.04050634
vn 0.7032478 0.05537384 -0.7087852
vn 0.7311177 -0.06332515 -0.6793061
vn 0.7313722 0.05758836 -0.6795427
vn 0.8138685 -0.07049255 -0.5767573
vn 0.8138685 -0.07049255 -0.5767573
vn 0.9273533 -0.1095299 -0.3577977
vn 0.9313594 -0.05866831 -0.3593434
vn 0.8142197 0.06411178 -0.577006
vn 0.928071 0.102307 -0.3580746
vn 0.7311177 -0.06332515 -0.6793061
vn 0.7030215 -0.06089162 -0.7085571
vn 0.7313722 0.05758836 -0.6795427
vn 0.7313722 0.05758836 -0.6795427
vn 0.7032478 0.05537384 -0.7087852
vn 0.7313722 0.05758836 -0.6795427
vn 0.8142197 0.06411178 -0.577006
vn 0.7311177 -0.06332515 -0.6793061
vn 0.7030215 -0.06089162 -0.7085571
vn 0.7311177 -0.06332515 -0.6793061
vn 0.7301504 -0.1724765 -0.6611598
vn 0.7457954 -0.5578784 -0.3640891
vn 0.8068901 -0.190604 -0.559105
vn 0.8142197 0.06411178 -0.577006
vn 0.8142197 0.06411178 -0.577006
vn 0.8138685 -0.07049255 -0.5767573
vn 0.8138685 -0.07049255 -0.5767573
vn 0.7322226 0.1556694 -0.6630362
vn 0.7244616 -0.6788262 -0.1197929
vn 0.7153937 -0.6703295 -0.1971557
vn 0.7819421 -0.5849173 -0.2154958
vn 0.9133855 -0.2157604 -0.3452165
vn 0.9304592 0.0732645 -0.3589961
vn 0.9304592 0.0732645 -0.3589961
vn 0.9299352 -0.08054557 -0.3587939
vn 0.729608 -0.6836484 -0.01723483
vn 0.8006127 -0.5988836 -0.01891211
vn 0.9731872 -0.2298868 -0.007662891
vn 0.9969144 0.07849719 0
vn 0.9969144 0.07849719 0
vn 0.932891 0.07345598 0.3525887
vn 0.932891 0.07345598 0.3525887
vn 0.7273668 -0.6815484 0.08018216
vn 0.786804 -0.5885541 0.1858592
vn 0.915638 -0.2162924 0.3388582
vn 0.8097554 -0.1912808 0.5547143
vn 0.8172316 0.06434894 0.5727056
vn 0.7329295 -0.173133 0.6579052
vn 0.734239 0.05781409 0.6764249
vn 0.7191111 -0.6738128 0.1698688
vn 0.7520456 -0.5625538 0.3434539
vn 0.7203478 -0.5388429 0.4367463
vn 0.7057843 -0.5279489 0.4723753
vn 0.7055011 -0.1666538 0.6888357
vn 0.7167595 -0.5361587 0.4458583
vn 0.7329295 -0.173133 0.6579052
vn 0.7473821 -0.5590653 0.3589788
vn 0.8097554 -0.1912808 0.5547143
vn 0.7161781 -0.6710644 0.1917327
vn 0.7084147 -0.6637901 0.2398569
vn 0.7054903 -0.66105 0.2555319
vn 0.7102735 -0.6655319 0.2293009
vn 0.7060133 0.0555916 0.7060133
vn 0.734239 0.05781409 0.6764249
vn 0.8172316 0.06434894 0.5727056
vn 0.8172316 0.06434894 0.5727056
vn 0.734239 0.05781409 0.6764249
vn 0.7060133 0.0555916 0.7060133
vn 0.734239 0.05781409 0.6764249
vn 0.8172316 0.06434894 0.5727056
vn 0.9962699 -0.0862911 0
vn 0.9323628 -0.08075584 0.3523891
vn 0.8168765 -0.07075309 0.5724568
vn 0.7339814 -0.0635732 0.6761876
vn 0.7057843 -0.06113093 0.7057843
vn 0.9323628 -0.08075584 0.3523891
vn 0.9962699 -0.0862911 0
vn 0.9299352 -0.08054557 -0.3587939
vn 0.8096895 0.1721387 -0.5610447
vn 0.9197347 0.1955341 -0.3403742
vn 0.9781393 0.2079509 0
vn 0.9197347 0.1955341 0.3403742
vn 0.8168765 -0.07075309 0.5724568
vn 0.8096895 0.1721387 0.5610447
vn 0.7339814 -0.0635732 0.6761876
vn 0.7322226 0.1556694 0.6630362
vn 0.7057843 -0.06113093 0.7057843
vn 0.766522 0.4888842 -0.4164568
vn 0.8187757 0.5222113 -0.2385409
vn 0.8461028 0.5329781 0.006662227
vn 0.820243 0.5166885 0.245427
vn 0.7668294 0.4830421 0.4226618
vn 0.7216492 0.4602644 0.5170872
vn 0.7763121 0.6296074 0.03056347
vn 0.7613258 0.6174532 0.1978248
vn 0.7347795 0.5959235 0.3239973
vn 0.7140017 0.5790722 0.3935442
vn 0.7067125 0.4507379 0.5453373
vn 0.7075896 0.5738719 0.4122963
vn 0.7237672 0.4616153 0.5129059
vn 0.718685 0.5828705 0.3791488
vn 0.7684419 0.4901086 0.4114492
vn 0.7439888 0.6033925 0.2870508
vn 0.70737 0.1503858 0.6906605
vn 0.7350256 0.1562653 0.6597868
vn 0.7339814 -0.0635732 0.6761876
vn 0.7339814 -0.0635732 0.6761876
vn 0.8168765 -0.07075309 0.5724568
vn 0.8168765 -0.07075309 0.5724568
vn 0.8125848 0.1727542 0.5566525
vn -0.7366304 -0.06330418 0.6733263
vn -0.70934 -0.03879203 0.7037982
vn -0.7104973 -0.07771064 0.6993958
vn -0.7366304 -0.06330418 0.6733263
vn -0.7094816 0.03325695 0.7039388
vn -0.7368867 0.05756927 0.6735605
vn -0.8189998 -0.0703828 0.5694608
vn -0.8193521 0.06401188 0.5697058
vn -0.9356785 -0.08040988 0.3435695
vn -0.936204 0.07314094 0.3437624
vn -0.996932 -0.07788531 -0.007788531
vn -0.9975069 0.0701372 -0.007793023
vn -0.7107931 0.07218992 0.6996869
vn -0.7368867 0.05756927 0.6735605
vn -0.8193521 0.06401188 0.5697058
vn -0.936204 0.07314094 0.3437624
vn -0.9975069 0.0701372 -0.007793023
vn -0.9290009 0.07257819 -0.362891
vn -0.9290009 0.07257819 -0.362891
vn -0.7091004 -0.09971724 0.6980208
vn -0.7383196 -0.1499712 0.6575659
vn -0.8156176 -0.1656723 0.554365
vn -0.9243383 -0.1877562 0.3321841
vn -0.9798725 -0.1990366 -0.01531051
vn -0.917545 -0.1863763 -0.3512477
vn -0.8133749 0.06354491 -0.5782588
vn -0.7087308 -0.415272 0.5703068
vn -0.7343962 -0.2008114 0.6483341
vn -0.7259498 -0.4480472 0.5217764
vn -0.7734739 -0.4773784 0.4169508
vn -0.8275997 -0.5107842 0.2327624
vn -0.8508976 -0.5251634 -0.01329528
vn -0.7248432 -0.4756783 0.4983297
vn -0.7675688 -0.4737338 0.4317574
vn -0.8127353 -0.1650869 0.5587556
vn -0.7505428 -0.5922251 0.2931808
vn -0.776671 -0.6128419 0.1456258
vn -0.7229677 -0.5704667 0.3897248
vn -0.7098634 -0.5601265 0.4270272
vn -0.7148607 -0.5640698 0.4132789
vn -0.7396373 -0.58362 0.3351482
vn -0.7685089 -0.6064016 0.2041352
vn -0.8223904 -0.5075691 0.256997
vn -0.9198403 -0.1868426 0.3449401
vn -0.8163638 0.06377842 0.5740058
vn -0.9314328 0.07276818 0.3565641
vn -0.8163638 0.06377842 0.5740058
vn -0.9314328 0.07276818 0.3565641
vn -0.8160153 -0.07012632 0.5737607
vn -0.9309153 -0.08000053 0.356366
vn -0.8160153 -0.07012632 0.5737607
vn -0.7357172 -0.08046907 0.6724915
vn -0.7369967 0.1036401 0.6679032
vn -0.7375103 -0.04033259 0.6741304
vn -0.7360456 0.07475463 0.6727917
vn -0.7376695 0.03457826 0.674276
vn -0.7111769 0.2055746 0.6722845
vn -0.8147415 0.1718595 0.5537696
vn -0.9208395 0.1942396 0.3381208
vn -0.7927102 0.5697605 0.2167567
vn -0.7540247 0.5419553 0.3711216
vn -0.7376695 0.1556022 0.6569868
vn -0.7222423 0.5191116 0.4570439
vn -0.7109685 0.566553 0.4165831
vn -0.7262301 0.4538938 0.5163043
vn -0.8118684 0.1712535 0.5581595
vn -0.9309153 -0.08000053 0.356366
vn -0.9208395 0.1942396 0.3381208
vn -0.7588992 0.5454588 0.355734
vn -0.7144486 0.6530507 0.2511733
vn -0.7113637 0.6502309 0.2667614
vn -0.713438 0.6521269 0.2563918
vn -0.7258564 0.6634781 0.1814641
vn -0.7967542 0.5726671 0.1929639
vn -0.7353651 0.6721696 0.0861756
vn -0.7227027 0.6605954 0.2032601
vn -0.7327577 0.6697863 0.1202181
vn -0.7380618 0.6746346 0.01153222
vn -0.811999 0.5836243 0.006343742
vn -0.7349892 0.6718261 -0.09187365
vn -0.7957836 0.5719694 -0.1989459
vn -0.725099 0.6627858 -0.1869396
vn -0.7320983 0.154427 -0.663464
vn -0.7074307 0.1492237 -0.6908503
vn -0.7090134 0.5096034 -0.4874467
vn -0.7222423 0.5191116 -0.4570439
vn -0.8089931 0.170647 -0.562503
vn -0.7572904 0.5443025 -0.3608962
vn -0.9185841 0.1937638 -0.344469
vn -0.97844 0.2063897 -0.007644062
vn -0.7154411 0.6539579 -0.2459329
vn -0.7103004 0.649259 -0.2719119
vn -0.7124096 0.6511869 -0.2615879
vn -0.7203755 0.5177699 -0.4614905
vn -0.7218632 0.659828 -0.2086636
vn -0.7523686 0.540765 -0.3761843
vn -0.7348801 0.1550138 -0.6602439
vn -0.7060303 0.05515862 -0.7060303
vn -0.7340338 0.05734639 -0.6766874
vn -0.7340338 0.05734639 -0.6766874
vn -0.7060303 0.05515862 -0.7060303
vn -0.7337804 -0.06305926 -0.6764538
vn -0.7058048 -0.06065511 -0.7058048
vn -0.7337804 -0.06305926 -0.6764538
vn -0.7058048 -0.06065511 -0.7058048
vn -0.8118684 0.1712535 -0.5581595
vn -0.8160153 -0.07012632 -0.5737607
vn -0.8160153 -0.07012632 -0.5737607
vn -0.8163638 0.06377842 -0.5740058
vn -0.8163638 0.06377842 -0.5740058
vn -0.7355229 -0.1494031 -0.6608213
vn -0.732242 0.6693149 -0.1258541
vn -0.7916331 0.5689863 -0.2226468
vn -0.9185841 0.1937638 -0.344469
vn -0.9333127 -0.08020656 -0.3499922
vn -0.9333127 -0.08020656 -0.3499922
vn -0.933834 0.07295579 -0.3501878
vn -0.7380005 0.6745785 -0.01729689
vn -0.81195 0.5835891 -0.01268672
vn -0.9784687 0.2063957 0
vn -0.9969622 -0.07788767 0
vn -0.9969622 -0.07788767 0
vn -0.9975371 0.07013933 0
vn -0.7353651 0.6721696 0.0861756
vn -0.7967542 0.5726671 0.1929639
vn -0.9208395 0.1942396 0.3381208
vn -0.9309153 -0.08000053 0.356366
vn -0.9309153 -0.08000053 0.356366
vn -0.9314328 0.07276818 0.3565641
vn -0.9975371 0.07013933 0
vn -0.9314328 0.07276818 0.3565641
vn -0.933834 0.07295579 -0.3501878
vn -0.922105 -0.1873026 -0.3385854
vn -0.9799587 -0.1990541 0.007655927
vn -0.9198403 -0.1868426 0.3449401
vn -0.8127353 -0.1650869 -0.5587556
vn -0.7715184 -0.4761715 -0.4219241
vn -0.8263397 -0.5100065 -0.2388638
vn -0.8509539 -0.5251982 0.006648078
vn -0.8223904 -0.5075691 0.256997
vn -0.7237995 -0.44672 -0.5258856
vn -0.72137 -0.5692061 -0.3944992
vn -0.749243 -0.5911995 -0.2985265
vn -0.7759714 -0.6122899 -0.1515569
vn -0.7846708 -0.6191543 0.0306512
vn -0.7685089 -0.6064016 0.2041352
vn -0.8210191 -0.5067227 -0.2629827
vn -0.8098509 -0.164501 -0.5630994
vn -0.7655754 -0.4725036 -0.4366173
vn -0.7327337 -0.1488365 -0.6640399
vn -0.7216452 -0.4453904 -0.5299582
vn -0.708004 -0.1438133 -0.6914102
vn -0.7064819 -0.4360318 -0.5574583
vn -0.7081774 -0.5587962 -0.4315456
vn -0.7340338 0.05734639 -0.6766874
vn -0.8133749 0.06354491 -0.5782588
vn -0.7340338 0.05734639 -0.6766874
vn -0.9284875 -0.0797919 -0.3626904
vn -0.8130303 -0.06986979 -0.5780138
vn -0.7337804 -0.06305926 -0.6764538
vn -0.8189998 -0.0703828 0.5694608
vn -0.9356785 -0.08040988 0.3435695
vn -0.996932 -0.07788531 -0.007788531
vn -0.9284875 -0.0797919 -0.3626904
vn -0.8130303 -0.06986979 -0.5780138
vn -0.7337804 -0.06305926 -0.6764538
vn 0.715405 -0.4055839 0.5689441
vn 0.715405 -0.4055839 0.5689441
vn 0.715405 -0.4055839 0.5689441
vn -0.7124758 -0.7013433 -0.02226487
vn -0.714727 -0.6979756 -0.04467044
vn -0.7117594 -0.7006382 -0.05004558
vn -0.707096 -0.707096 0.005524187
vn -0.7078308 -0.6967709 -0.1161285
vn -0.7082749 -0.6972081 -0.110668
vn -0.7094816 -0.698396 -0.09422802
vn -0.7091005 -0.6980208 -0.09971725
vn -0.7110672 -0.6999568 -0.06666255
vn -0.7126414 -0.7015064 0.005567511
vn -0.7115505 -0.7004325 0.05558988
vn -0.7094816 -0.698396 0.09422802
vn -0.7082749 -0.6972081 0.110668
vn -0.7094816 -0.698396 -0.09422802
vn -0.7082749 -0.6972081 0.110668
vn -0.7082749 -0.6972081 0.110668
vn -0.7098415 -0.6987503 0.08873019
vn -0.7125531 -0.7014195 0.01670046
vn -0.7123765 -0.7012455 -0.02782721
vn 0.7077983 0.6966519 0.1170375
vn 0.7059261 0.7003676 0.105611
vn 0.7098407 0.6986621 0.08942875
vn 0.7070629 0.7070629 -0.01113485
vn 0.7119792 0.7007669 0.04484908
vn 0.7124159 0.7011968 -0.02804787
vn 0.7108073 0.6996135 -0.0727598
vn 0.7086793 0.697519 -0.1060229
vn 0.7113423 0.7001401 -0.06161233
vn 0.7119792 0.7007669 -0.04484908
vn 0.7110858 0.6998876 -0.06718921
vn 0.7121471 0.7009321 -0.0392522
vn 0.7077983 0.6966519 -0.1170375
vn 0.7077983 0.6966519 -0.1170375
vn 0.7073261 0.6961871 0.1225289
vn 0.7079522 0.6912289 0.1449351
vn 0.7105069 0.6993178 0.07832359
vn 0.7126514 0.7014286 -0.01122286
vn 0.7121471 0.7009321 -0.0392522
vn 0.715405 -0.4055839 0.5689441
vn 0.715405 -0.4055839 0.5689441
vn 0.715405 -0.4055839 0.5689441
vn 0.8142197 0.06411178 -0.577006
vn 0.7313722 0.05758836 -0.6795427
vn 0.7032478 0.05537384 -0.7087852
vn 0.7313722 0.05758836 -0.6795427
vn 0.8142197 0.06411178 -0.577006
vn 0.7311177 -0.06332515 -0.6793061
vn 0.8138685 -0.07049255 -0.5767573
vn 0.9304592 0.0732645 -0.3589961
vn 0.9304592 0.0732645 -0.3589961
vn 0.9299352 -0.08054557 -0.3587939
vn 0.9969144 0.07849719 0
vn 0.9968836 0.07849477 -0.007849477
vn 0.9962699 -0.0862911 0
vn 0.9299352 -0.08054557 -0.3587939
vn 0.9962393 -0.08628844 -0.007844404
vn 0.9811705 0.1931438 0
vn 0.9323628 -0.08075584 0.3523891
vn 0.9199518 0.1810929 0.3476983
vn 0.9323628 -0.08075584 0.3523891
vn 0.932891 0.07345598 0.3525887
vn 0.932891 0.07345598 0.3525887
vn 0.9199518 0.1810929 -0.3476983
vn 0.8257031 0.5071247 -0.2470608
vn 0.8520995 0.5233367 0.006709445
vn 0.8243626 0.5063014 0.2531507
vn 0.7076005 0.5571657 -0.4345893
vn 0.7229224 0.4439996 -0.5293841
vn 0.7193419 0.5664109 -0.4021517
vn 0.7692873 0.4724757 -0.430074
vn 0.7479264 0.5889184 -0.3062375
vn 0.7757036 0.6107903 -0.1588055
vn 0.7852983 0.6183451 0.03091726
vn 0.7688502 0.6053938 0.2058339
vn 0.8084909 0.1591517 -0.5665802
vn 0.7306819 0.143835 -0.6673945
vn 0.7054031 0.4332397 -0.5609899
vn 0.7057843 0.1389339 -0.6946696
vn 0.7207421 0.4426605 -0.5334626
vn 0.7306819 0.143835 -0.6673945
vn 0.8138685 -0.07049255 -0.5767573
vn 0.7311177 -0.06332515 -0.6793061
vn 0.7030215 -0.06089162 -0.7085571
vn 0.7311177 -0.06332515 -0.6793061
vn 0.7030215 -0.06089162 -0.7085571
vn 0.7311177 -0.06332515 -0.6793061
vn 0.7089995 0.7034168 -0.05024406
vn 0.7316391 0.6394641 -0.2361985
vn 0.715848 0.6256624 -0.3100129
vn 0.7078972 0.6465833 -0.2842737
vn 0.7253118 0.633934 -0.2684225
vn 0.7124159 0.5777861 -0.3982798
vn 0.7793025 0.6258965 -0.0306812
vn 0.7482118 0.6539489 0.1119372
vn 0.7326245 0.6403254 0.2307479
vn 0.7170908 0.6267487 0.3049048
vn 0.7093976 0.6200247 0.3351485
vn 0.7133143 0.623448 0.3201489
vn 0.7274981 0.6358448 0.2577749
vn 0.7441548 0.650403 0.1523466
vn 0.7528247 0.6579807 0.01778326
vn 0.7477059 0.6535067 -0.117749
vn -0.933834 0.07295579 0.3501878
vn -0.8193521 0.06401188 0.5697058
vn -0.8138351 -0.1780264 0.5531536
vn -0.9217463 -0.201632 0.3312526
vn -0.7686336 -0.4924059 0.4083366
vn -0.8193688 -0.5249082 0.2304475
vn -0.7439724 -0.6044775 0.2848019
vn -0.7686752 -0.6245486 0.1381213
vn -0.9980223 -0.06237639 -0.007797049
vn -0.9333127 -0.08020656 0.3499922
vn -0.933834 0.07295579 0.3501878
vn -0.9940417 0.1087233 -0.007765951
vn -0.9984776 0.05460424 -0.007800606
vn -0.9606426 -0.2776858 -0.007505021
vn -0.8299798 -0.5576427 0.01296843
vn -0.775601 -0.6301758 -0.03635629
vn -0.9290742 0.1016175 -0.3556612
vn -0.9326929 0.05100664 -0.3570465
vn -0.9250622 -0.1373139 -0.3541254
vn -0.8290566 -0.5052063 -0.2396492
vn -0.8163638 0.06377842 -0.5740058
vn -0.8081059 -0.1767732 -0.5618861
vn -0.7651376 -0.4841886 -0.4244123
vn -0.7314405 -0.1600026 -0.662868
vn -0.7203755 -0.4614905 -0.5177699
vn -0.7068372 -0.1546206 -0.6902707
vn -0.7055903 -0.4520188 -0.54573
vn -0.7342149 -0.1606095 -0.6596462
vn -0.7224723 -0.4628338 -0.5136327
vn -0.7601293 -0.617605 -0.2019093
vn -0.7335394 -0.5960008 -0.3266543
vn -0.7128624 -0.5792007 -0.3954159
vn -0.7064926 -0.5740252 -0.4139605
vn -0.7175177 -0.5829831 -0.3811813
vn -0.7667421 -0.4911941 -0.4133219
vn -0.7427313 -0.6034692 -0.2901294
vn -0.8181461 -0.5241249 -0.2364954
vn -0.7680246 -0.62402 -0.1440046
vn -0.8449996 -0.5347263 0.006601559
vn -0.7757576 -0.630303 0.03030303
vn -0.8196208 -0.5186663 0.2433249
vn -0.761029 -0.618336 0.1962028
vn -0.7670724 -0.485413 0.4194927
vn -0.7349043 -0.5971098 0.3215207
vn -0.8109717 -0.1774001 -0.557543
vn -0.9195317 -0.2011476 -0.3376406
vn -0.9769001 -0.2136969 0
vn -0.9195317 -0.2011476 0.3376406
vn -0.8109717 -0.1774001 0.557543
vn -0.8193521 0.06401188 0.5697058
vn -0.933834 0.07295579 0.3501878
vn -0.7368867 0.05756927 0.6735605
vn -0.7342149 -0.1606095 0.6596462
vn -0.7087852 0.05537384 0.7032478
vn -0.709536 -0.155211 0.687363
vn -0.7224723 -0.4628338 0.5136327
vn -0.7077118 -0.4533779 0.5418419
vn -0.7369967 -0.161218 0.6563877
vn -0.7245644 -0.4641741 0.5094594
vn -0.7144263 -0.5804714 0.3907019
vn -0.7081015 -0.5753325 0.4093712
vn -0.7190444 -0.5842236 0.3763748
vn -0.7686336 -0.4924059 0.4083366
vn -0.7439724 -0.6044775 0.2848019
vn -0.8138351 -0.1780264 0.5531536
vn -0.8193521 0.06401188 0.5697058
vn -0.7368867 0.05756927 0.6735605
vn -0.8193521 0.06401188 0.5697058
vn -0.7368867 0.05756927 0.6735605
vn -0.8189998 -0.0703828 0.5694608
vn -0.7366304 -0.06330418 0.6733263
vn -0.8189998 -0.0703828 0.5694608
vn -0.7366304 -0.06330418 0.6733263
vn -0.7087852 0.05537384 0.7032478
vn -0.7085571 -0.06089162 0.7030215
vn -0.7085571 -0.06089162 0.7030215
vn -0.7363013 0.1668183 0.6557684
vn -0.7089155 0.1606137 0.6867619
vn -0.7366304 -0.06330418 0.6733263
vn -0.8189998 -0.0703828 0.5694608
vn -0.8189998 -0.0703828 0.5694608
vn -0.7366304 -0.06330418 0.6733263
vn -0.9333127 -0.08020656 0.3499922
vn -0.9963278 -0.08562192 0
vn -0.9969622 0.07788767 0
vn -0.933834 0.07295579 0.3501878
vn -0.8193521 0.06401188 0.5697058
vn -0.7368867 0.05756927 0.6735605
vn -0.9314328 0.07276818 -0.3565641
vn -0.8163638 0.06377842 -0.5740058
vn -0.8163638 0.06377842 -0.5740058
vn -0.9314328 0.07276818 -0.3565641
vn -0.9969622 0.07788767 0
vn -0.7340338 0.05734639 -0.6766874
vn -0.7060303 0.05515862 -0.7060303
vn -0.7337804 -0.06305926 -0.6764538
vn -0.8160153 -0.07012632 -0.5737607
vn -0.8160153 -0.07012632 -0.5737607
vn -0.7337804 -0.06305926 -0.6764538
vn -0.8163638 0.06377842 -0.5740058
vn -0.7340338 0.05734639 -0.6766874
vn -0.7340338 0.05734639 -0.6766874
vn -0.7058048 -0.06065511 -0.7058048
vn -0.7058048 -0.06065511 -0.7058048
vn -0.7060303 0.05515862 -0.7060303
vn -0.7340338 0.05734639 -0.6766874
vn -0.7337804 -0.06305926 -0.6764538
vn -0.7337804 -0.06305926 -0.6764538
vn -0.8160153 -0.07012632 -0.5737607
vn -0.9309153 -0.08000053 -0.356366
vn -0.8160153 -0.07012632 -0.5737607
vn -0.9309153 -0.08000053 -0.356366
vn -0.9963278 -0.08562192 0
vn -0.9333127 -0.08020656 0.3499922
vn -0.7363013 0.1668183 0.6557684
vn -0.8128991 0.1841725 0.5525174
vn -0.9181822 0.2080256 0.337145
vn -0.9752539 0.220956 -0.007619171
vn -0.9159462 0.2075191 -0.3434798
vn -0.7919967 0.5816226 0.1856242
vn -0.8058607 0.591804 -0.01888736
vn -0.7570916 0.5559892 0.3430572
vn -0.7252503 0.5326057 0.4362834
vn -0.7106178 0.5218599 0.4718946
vn -0.7216452 0.5299582 0.4453904
vn -0.8128991 0.1841725 0.5525174
vn -0.7524077 0.5525494 0.3585693
vn -0.7216108 0.6652349 0.1916779
vn -0.7137929 0.6580278 0.2397898
vn -0.7108479 0.6553129 0.255461
vn -0.7156648 0.6597534 0.2292364
vn -0.7245644 0.6679578 0.1698198
vn -0.7328779 0.6756217 0.08015852
vn -0.7351347 0.6777022 -0.01722972
vn -0.787115 0.5780376 -0.2152267
vn -0.7299523 0.6729248 -0.1197578
vn -0.7508138 0.5513789 -0.3636754
vn -0.7208208 0.6645067 -0.1970994
vn -0.7087526 0.5204902 -0.4761931
vn -0.7234525 0.5312855 -0.4408539
vn -0.7335274 0.1661898 -0.6590285
vn -0.7062237 0.1600038 -0.6896716
vn -0.7198285 0.5286241 -0.4498928
vn -0.7335274 0.1661898 -0.6590285
vn -0.8100455 0.1835259 -0.5569063
vn -0.8100455 0.1835259 -0.5569063
vn -0.7555469 0.5548548 -0.3482599
vn -0.765165 0.6216965 -0.1673798
vn -0.9042606 0.2684524 -0.3320332
vn -0.9323217 -0.05827011 -0.3569044
vn -0.9283654 -0.1087928 -0.3553899
vn -0.7313451 0.6742087 -0.1028454
vn -0.7352316 0.6777916 -0.005743997
vn -0.8420141 0.5394153 -0.006578235
vn -0.9891325 0.1468243 -0.007727597
vn -0.9931735 -0.1163875 -0.007759168
vn -0.7304395 0.6733739 0.1141312
vn -0.7216108 0.6652349 0.1916779
vn -0.7524077 0.5525494 0.3585693
vn -0.7881439 0.5787932 0.2093507
vn -0.9181822 0.2080256 0.337145
vn -0.9333127 -0.08020656 0.3499922
vn -0.8128991 0.1841725 0.5525174
vn -0.8189998 -0.0703828 0.5694608
vn -0.8189998 -0.0703828 0.5694608
vn -0.8193521 0.06401188 0.5697058
vn 0.9317353 0.05135549 -0.3594884
vn 0.9939483 0.1095691 -0.007826365
vn 0.9877961 -0.1555584 -0.007777922
vn 0.901208 -0.2767489 -0.3335179
vn 0.8068901 -0.190604 -0.559105
vn 0.7301504 -0.1724765 -0.6611598
vn 0.7028061 -0.1660172 -0.6917383
vn 0.7149513 -0.5348061 -0.450363
vn 0.7039279 -0.5265602 -0.4766756
vn 0.7185584 -0.5375043 -0.4413193
vn 0.7505077 -0.5614033 -0.348661
vn 0.7598119 -0.6281909 -0.1675176
vn 0.7184091 -0.673155 -0.1753597
vn 0.7093533 -0.6646696 -0.2345893
vn 0.7044801 -0.6601034 -0.2607131
vn 0.7074578 -0.6628935 -0.2451035
vn 0.8172316 0.06434894 0.5727056
vn 0.932891 0.07345598 0.3525887
vn 0.932891 0.07345598 0.3525887
vn 0.8172316 0.06434894 0.5727056
vn 0.915638 -0.2162924 0.3388582
vn 0.8097554 -0.1912808 0.5547143
vn 0.7829667 -0.5856838 0.2096131
vn 0.8370675 -0.5470599 -0.006591083
vn 0.7297043 -0.6837386 -0.005745703
vn 0.7258447 -0.6801221 -0.1028756
vn 0.7473821 -0.5590653 0.3589788
vn 0.7249454 -0.6792795 0.1141646
vn 0.7161781 -0.6710644 0.1917327
vn 0.9984536 0.05503288 -0.00786184
vn 0.9323628 -0.08075584 0.3523891
vn 0.9930668 -0.1172914 -0.007819423
vn 0.9323628 -0.08075584 0.3523891
vn 0.9249153 0.1310904 -0.3568571
vn 0.9979911 -0.06286558 -0.007858197
vn 0.9620659 0.2727116 -0.007575322
vn 0.9219859 0.1960128 0.3339476
vn 0.8200207 0.5230053 0.2324468
vn 0.8309711 0.5561617 0.01308616
vn 0.8297464 0.5030746 -0.2417371
vn 0.8067924 0.1715228 -0.56539
vn 0.7439888 0.6033925 0.2870508
vn 0.769104 0.6237615 0.1392865
vn 0.7684419 0.4901086 0.4114492
vn 0.8125848 0.1727542 0.5566525
vn 0.8168765 -0.07075309 0.5724568
vn 0.8168765 -0.07075309 0.5724568
vn 0.7124159 0.5777861 -0.3982798
vn 0.7045668 0.4493694 -0.5492293
vn 0.7059588 0.5725493 -0.4169048
vn 0.7195265 0.4589106 -0.5212318
vn 0.7333938 0.5947996 -0.329161
vn 0.764866 0.4818054 -0.4276022
vn 0.7604109 0.6167112 -0.2035746
vn 0.7761526 0.629478 -0.03666862
vn 0.7294275 0.1550751 -0.6662487
vn 0.7046536 0.1498082 -0.6935567
vn 0.7216492 0.4602644 -0.5170872
vn 0.7171366 0.5816147 -0.3839786
vn 0.7427282 0.6023701 -0.2924127
vn 0.768442 0.6232246 -0.1452174
vn 0.7085249 -0.4016834 0.5802094
vn 0.7085249 -0.4016834 0.5802094
vn 0.7085249 -0.4016834 0.5802094
vn 0.7851332 0.6182151 -0.03709291
vn 0.7678799 0.6046298 -0.2116204
vn 0.7380478 0.58114 -0.3428726
vn 0.7143743 0.5624995 -0.4162496
vn -0.7132054 -0.5627636 -0.4178938
vn -0.7381968 -0.5824834 -0.3402626
vn -0.7675549 -0.6056488 -0.2098783
vn -0.7845087 -0.6190264 -0.03677385
vn -0.7128293 0.6571395 -0.2450351
vn -0.7098306 0.6543751 -0.2606409
vn -0.7147382 0.6588992 -0.2345235
vn -0.7238573 0.667306 -0.1753092
vn 0.7211487 -0.6927571 -0.005678337
vn 0.7188922 -0.6905894 0.07924796
vn 0.7043176 -0.7098634 -0.005545808
vn 0.712831 -0.6847668 0.1515468
vn 0.7065485 -0.6787317 0.2002815
vn 0.7041011 -0.6763806 0.21622
vn 0.7065485 -0.6787317 0.2002815
vn 0.7122142 -0.6841743 0.1570236
vn 0.7185584 -0.6902688 0.08486911
vn 0.7211604 -0.6927682 0
vn 0.7185584 -0.6902688 -0.08486911
vn 0.7122142 -0.6841743 -0.1570236
vn 0.7057516 -0.6779661 -0.2056127
vn 0.7032477 -0.6755608 -0.2214953
vn 0.7057516 -0.6779661 -0.2056127
vn 0.7115767 -0.6835619 -0.162486
vn 0.7182022 -0.6899265 -0.09048216
vn 0.7188922 -0.6905894 0.07924796
vn 0.7134269 -0.6853392 0.1460559
vn 0.7043284 -0.7098743 0
vn 0.7080842 -0.6802069 0.1895659
vn 0.7057516 -0.6779661 0.2056127
vn 0.7080842 -0.6802069 0.1895659
vn 0.7134269 -0.6853392 0.1460559
vn 0.7188922 -0.6905894 0.07924796
vn 0.7211604 -0.6927682 0
vn 0.7185584 -0.6902688 -0.08486911
vn 0.712831 -0.6847668 -0.1515468
vn 0.7073261 -0.6794786 -0.1949324
vn 0.7049358 -0.6771824 -0.2109257
vn 0.7073261 -0.6794786 -0.1949324
vn 0.712831 -0.6847668 -0.1515468
vn 0.7185584 -0.6902688 -0.08486911
vn 0.7211487 -0.6927571 -0.005678337
vn -0.7183081 0.6790257 0.1515181
vn -0.7098634 0.7043176 -0.005545808
vn -0.7240773 0.6844794 0.08485281
vn -0.7266982 0.6869569 0
vn -0.7237185 0.6841401 -0.09046481
vn -0.7176868 0.6784383 -0.156994
vn -0.7111769 0.6722845 -0.2055746
vn -0.7086548 0.6699002 -0.2214546
vn -0.7111769 0.6722845 -0.2055746
vn -0.7176868 0.6784383 -0.156994
vn -0.7237185 0.6841401 -0.09046481
vn -0.7266982 0.6869569 0
vn -0.7240773 0.6844794 0.08485281
vn -0.7183081 0.6790257 0.1515181
vn -0.7119797 0.6730433 0.2002443
vn -0.7095143 0.6707128 0.2161801
vn -0.7119797 0.6730433 0.2002443
vn 0.7069315 -0.4063465 0.5789045
vn 0.7069315 -0.4063465 0.5789045
vn 0.7069315 -0.4063465 0.5789045
vn -0.7244135 0.6847972 0.07923273
vn -0.7098743 0.7043284 0
vn -0.7266982 0.6869569 0
vn -0.7240773 0.6844794 -0.08485281
vn -0.7183081 0.6790257 -0.1515181
vn -0.712763 0.6737838 -0.1948961
vn -0.7103551 0.6715075 -0.2108867
vn -0.712763 0.6737838 -0.1948961
vn -0.7183081 0.6790257 -0.1515181
vn -0.7240773 0.6844794 -0.08485281
vn -0.7266865 0.6869459 -0.005677238
vn -0.7244135 0.6847972 0.07923273
vn -0.7189083 0.679593 0.1460282
vn -0.7135266 0.6745057 0.1895305
vn -0.7111769 0.6722845 0.2055746
vn -0.7135266 0.6745057 0.1895305
vn -0.7189083 0.679593 0.1460282
vn 0.813668 -0.4933263 0.3075281
vn 0.813668 -0.4933263 0.3075281
vn 0.813668 -0.4933263 0.3075281
vn 0.7070629 -0.7070629 -0.01113485
vn 1 0 0
vn 0.7087896 -0.7032086 0.05581021
vn 0.813785 -0.4805817 0.3267955
vn 0.813785 -0.4805817 0.3267955
vn 0.813785 -0.4805817 0.3267955
vn 0.709619 -0.7040315 -0.02793776
vn 0.7080293 -0.7024543 -0.07247543
vn 0.709619 -0.7040315 -0.02793776
vn 0.8220108 -0.4854394 0.2977362
vn 0.8220108 -0.4854394 0.2977362
vn 0.8220108 -0.4854394 0.2977362
vn 0.7055337 -0.7055337 0.06666461
vn 0.7070739 -0.7015064 0.08908017
vn 0.7097963 -0.7042074 0.01676684
vn 0.8245884 -0.4804689 0.2986698
vn 0.8245884 -0.4804689 0.2986698
vn 0.8245884 -0.4804689 0.2986698
vn 0.7052617 -0.7052617 -0.07219214
vn 0.709619 -0.7040315 -0.02793776
vn 0.7070739 -0.7015064 -0.08908017
vn 0.7479652 -0.4358223 0.5006066
vn 0.7479652 -0.4358223 0.5006066
vn 0.7479652 -0.4358223 0.5006066
vn -0.7123765 -0.7012455 -0.02782721
vn 0.7125953 0.7013734 0.01683296
vn 1 0 0
vn 0.7482248 -0.4418651 0.4948888
vn 0.7482248 -0.4418651 0.4948888
vn 0.7482248 -0.4418651 0.4948888
vn 0.821237 -0.4461839 0.3556538
vn 0.821237 -0.4461839 0.3556538
vn 0.821237 -0.4461839 0.3556538
vn 0.7525735 -0.4444332 0.4859136
vn 0.7525735 -0.4444332 0.4859136
vn 0.7525735 -0.4444332 0.4859136
vn 0.8225623 -0.4533808 0.343274
vn 0.8225623 -0.4533808 0.343274
vn 0.8225623 -0.4533808 0.343274
vn 0.752838 -0.4564451 0.4742287
vn 0.752838 -0.4564451 0.4742287
vn 0.752838 -0.4564451 0.4742287
vn 0.8092456 -0.4460409 0.3823208
vn 0.8092456 -0.4460409 0.3823208
vn 0.8092456 -0.4460409 0.3823208
vn 0.8554177 -0.4849612 -0.1818604
vn 0.8554177 -0.4849612 -0.1818604
vn 0.8554177 -0.4849612 -0.1818604
vn 0.8554177 -0.4849612 -0.1818604
vn 0.8554177 -0.4849612 -0.1818604
vn 0.8418723 -0.4772819 -0.2518988
vn 0.8418723 -0.4772819 -0.2518988
vn 0.8418723 -0.4772819 -0.2518988
vn 0.8046198 -0.4561624 0.3801354
vn 0.8046198 -0.4561624 0.3801354
vn 0.8046198 -0.4561624 0.3801354
vn 0.8445299 -0.4721387 -0.252694
vn 0.8445299 -0.4721387 -0.252694
vn 0.8445299 -0.4721387 -0.252694
vn 0.7124271 -0.381457 0.5890145
vn 0.7124271 -0.381457 0.5890145
vn 0.7124271 -0.381457 0.5890145
vn 0.7043176 -0.4214814 -0.5712182
vn 0.7043176 -0.4214814 -0.5712182
vn 0.7043176 -0.4214814 -0.5712182
vn 0.7147815 -0.3827176 0.5853329
vn 0.7147815 -0.3827176 0.5853329
vn 0.7147815 -0.3827176 0.5853329
vn 0.705327 -0.410978 -0.5775906
vn 0.705327 -0.410978 -0.5775906
vn 0.705327 -0.410978 -0.5775906
vn 0.7406538 -0.3965705 0.5423685
vn 0.7406538 -0.3965705 0.5423685
vn 0.7406538 -0.3965705 0.5423685
vn 0.7406538 -0.3965705 0.5423685
vn 0.7406538 -0.3965705 0.5423685
vn 0.8699039 -0.4863242 -0.08219564
vn 0.8699039 -0.4863242 -0.08219564
vn 0.8699039 -0.4863242 -0.08219564
vn 0.705327 -0.410978 -0.5775906
vn 0.705327 -0.410978 -0.5775906
vn 0.705327 -0.410978 -0.5775906
vn 0.8751548 -0.4754778 -0.08958277
vn 0.8751548 -0.4754778 -0.08958277
vn 0.8751548 -0.4754778 -0.08958277
vn 0.7039388 -0.3990834 -0.5875395
vn 0.7039388 -0.3990834 -0.5875395
vn 0.7039388 -0.3990834 -0.5875395
vn 0.8698222 -0.4794295 -0.1164329
vn 0.8698222 -0.4794295 -0.1164329
vn 0.8698222 -0.4794295 -0.1164329
vn 0.742322 -0.4149989 -0.526055
vn 0.742322 -0.4149989 -0.526055
vn 0.742322 -0.4149989 -0.526055
vn 0.8732081 -0.4675445 -0.1375131
vn 0.8732081 -0.4675445 -0.1375131
vn 0.8732081 -0.4675445 -0.1375131
vn 0.7386968 -0.4246053 -0.5234859
vn 0.7386968 -0.4246053 -0.5234859
vn 0.7386968 -0.4246053 -0.5234859
vn 0.8321654 -0.4521213 0.3210717
vn 0.8321654 -0.4521213 0.3210717
vn 0.8321654 -0.4521213 0.3210717
vn 0.7341899 -0.4220147 -0.5318542
vn 0.7341899 -0.4220147 -0.5318542
vn 0.7341899 -0.4220147 -0.5318542
vn 0.827208 -0.4624548 0.319159
vn 0.827208 -0.4624548 0.319159
vn 0.827208 -0.4624548 0.319159
vn 0.732393 -0.4267487 -0.5305524
vn 0.732393 -0.4267487 -0.5305524
vn 0.732393 -0.4267487 -0.5305524
vn 0.8338857 -0.4661881 0.2954713
vn 0.8338857 -0.4661881 0.2954713
vn 0.8338857 -0.4661881 0.2954713
vn 0.7514135 -0.4200816 -0.5088312
vn 0.7514135 -0.4200816 -0.5088312
vn 0.7514135 -0.4200816 -0.5088312
vn 0.8287565 -0.4763718 0.2936539
vn 0.8287565 -0.4763718 0.2936539
vn 0.8287565 -0.4763718 0.2936539
vn 0.7536727 -0.4213446 -0.5044266
vn 0.7536727 -0.4213446 -0.5044266
vn 0.7536727 -0.4213446 -0.5044266
vn 0.7729833 -0.4138808 -0.4808321
vn 0.7729833 -0.4138808 -0.4808321
vn 0.7729833 -0.4138808 -0.4808321
vn 0.7989792 -0.4466734 -0.4026352
vn 0.7989792 -0.4466734 -0.4026352
vn 0.7989792 -0.4466734 -0.4026352
vn 0.7989792 -0.4466734 -0.4026352
vn 0.7989792 -0.4466734 -0.4026352
vn 0.8067924 -0.4764522 0.3493983
vn 0.8067924 -0.4764522 0.3493983
vn 0.8067924 -0.4764522 0.3493983
vn 0.7729833 -0.4138808 -0.4808321
vn 0.7729833 -0.4138808 -0.4808321
vn 0.7729833 -0.4138808 -0.4808321
vn 0.8098212 -0.4654878 0.3570865
vn 0.8098212 -0.4654878 0.3570865
vn 0.8098212 -0.4654878 0.3570865
vn 0.7546434 -0.404061 -0.5169604
vn 0.7546434 -0.404061 -0.5169604
vn 0.7546434 -0.404061 -0.5169604
vn 0.7941534 -0.4627351 0.3939501
vn 0.7941534 -0.4627351 0.3939501
vn 0.7941534 -0.4627351 0.3939501
vn 0.7551234 -0.4102639 -0.5113434
vn 0.7551234 -0.4102639 -0.5113434
vn 0.7551234 -0.4102639 -0.5113434
vn 0.8007082 -0.4539448 0.3908969
vn 0.8007082 -0.4539448 0.3908969
vn 0.8007082 -0.4539448 0.3908969
vn 0.734632 -0.4280533 -0.5263898
vn 0.734632 -0.4280533 -0.5263898
vn 0.734632 -0.4280533 -0.5263898
vn -0.7082749 -0.6972081 0.110668
vn 0.7059261 0.7003676 -0.105611
vn 1 0 0
vn 0.7382473 -0.4185339 -0.5289803
vn 0.7382473 -0.4185339 -0.5289803
vn 0.7382473 -0.4185339 -0.5289803
vn 0.7062207 -0.7062207 -0.05004713
vn 0.7063299 -0.7007683 -0.1001097
vn 0.7065703 -0.7065703 -0.03894482
vn 0.7405154 -0.4198197 -0.5247747
vn 0.7405154 -0.4198197 -0.5247747
vn 0.7405154 -0.4198197 -0.5247747
vn 0.7049683 -0.7049683 -0.07771304
vn 0.7063299 -0.7007683 -0.1001097
vn 0.7055011 -0.699946 -0.1111025
vn 0.742322 -0.4149989 -0.526055
vn 0.742322 -0.4149989 -0.526055
vn 0.742322 -0.4149989 -0.526055
vn 0.7055011 -0.699946 0.1111025
vn 0.7055011 -0.699946 0.1111025
vn 0.7055011 -0.699946 0.1111025
vn 0.7054903 -0.3944079 -0.5888344
vn 0.7054903 -0.3944079 -0.5888344
vn 0.7054903 -0.3944079 -0.5888344
vn 0.7049683 -0.7049683 0.07771304
vn 1 0 0
vn 0.7080293 -0.7024543 0.07247543
vn 0.7062316 -0.4003832 -0.5838923
vn 0.7062316 -0.4003832 -0.5838923
vn 0.7062316 -0.4003832 -0.5838923
vn 0.7098517 -0.7042624 0.01117877
vn 0.7068329 -0.7068329 -0.02782807
vn 0.7093533 -0.7037679 -0.03909821
vn 0.7062316 -0.4003832 -0.5838923
vn 0.7062316 -0.4003832 -0.5838923
vn 0.7062316 -0.4003832 -0.5838923
vn -0.874459 0.4850514 -0.006831711
vn -0.874459 0.4850514 -0.006831711
vn -0.874459 0.4850514 -0.006831711
vn 0.705327 -0.410978 -0.5775906
vn 0.705327 -0.410978 -0.5775906
vn 0.705327 -0.410978 -0.5775906
vn -0.8686404 0.4953965 0.006786253
vn -0.8686404 0.4953965 0.006786253
vn -0.8686404 0.4953965 0.006786253
vn 0.8552043 -0.4713725 -0.2154846
vn 0.8552043 -0.4713725 -0.2154846
vn 0.8552043 -0.4713725 -0.2154846
vn 0.8662537 0.4979254 0.04092537
vn -0.8679413 0.4949978 0.04068474
vn -0.8679413 0.4949978 0.04068474
vn 0.8591481 -0.4667813 -0.2097133
vn 0.8591481 -0.4667813 -0.2097133
vn 0.8591481 -0.4667813 -0.2097133
vn -0.8620946 0.5051336 0.04041069
vn -0.8620946 0.5051336 0.04041069
vn 0.86035 0.5080807 0.04064646
vn 0.8745943 -0.4751732 -0.09641197
vn 0.8745943 -0.4751732 -0.09641197
vn 0.8745943 -0.4751732 -0.09641197
vn -0.7197602 0.399242 0.5679358
vn -0.7197602 0.399242 0.5679358
vn -0.7197602 0.399242 0.5679358
vn 0.8780153 -0.4701184 -0.08987558
vn 0.8780153 -0.4701184 -0.08987558
vn 0.8780153 -0.4701184 -0.08987558
vn -0.7197602 0.399242 0.5679358
vn -0.7197602 0.399242 0.5679358
vn -0.7197602 0.399242 0.5679358
vn 0.7296682 -0.4194156 0.5400694
vn -0.7323378 -0.4176614 0.5378106
vn 0.7296682 -0.4194156 0.5400694
vn -0.7128624 0.3954159 0.5792007
vn -0.7128624 0.3954159 0.5792007
vn -0.7128624 0.3954159 0.5792007
vn -0.7335274 -0.4068784 0.5444148
vn 0.7308634 -0.4085929 0.5467088
vn 0.7308634 -0.4085929 0.5467088
vn -0.7112867 0.4000987 0.5779204
vn -0.7112867 0.4000987 0.5779204
vn -0.7112867 0.4000987 0.5779204
vn 0.7262599 -0.4060193 0.5547025
vn 0.7262599 -0.4060193 0.5547025
vn 0.7262599 -0.4060193 0.5547025
vn -0.8183635 0.4859034 0.3068863
vn -0.8183635 0.4859034 0.3068863
vn -0.8183635 0.4859034 0.3068863
vn 0.7249336 -0.3938615 0.5651057
vn 0.7249336 -0.3938615 0.5651057
vn 0.7249336 -0.3938615 0.5651057
vn -0.8184137 0.4731454 0.3260867
vn -0.8184137 0.4731454 0.3260867
vn -0.8184137 0.4731454 0.3260867
vn 0.7073261 0.6961871 -0.1225289
vn 0.7098407 0.6986621 -0.08942875
vn 0.7094751 0.6983023 -0.0949691
vn -0.8266499 0.477907 0.2970773
vn -0.8266499 0.477907 0.2970773
vn -0.8266499 0.477907 0.2970773
vn 0.7098851 0.7042954 -0.005589646
vn 0.7115767 0.7003708 0.05602966
vn 1 0 0
vn -0.8291957 0.4729007 0.2979922
vn -0.8291957 0.4729007 0.2979922
vn -0.8291957 0.4729007 0.2979922
vn 0.7124159 0.7011968 -0.02804787
vn 0.7124159 0.7011968 -0.02804787
vn 0.7108073 0.6996135 -0.0727598
vn -0.7524467 0.4291298 0.4996716
vn -0.7524467 0.4291298 0.4996716
vn -0.7524467 0.4291298 0.4996716
vn 0.7083045 0.7027273 0.0669264
vn 0.7125953 0.7013734 0.01683296
vn 0.7098407 0.6986621 0.08942875
vn -0.7527328 0.4351737 0.4939809
vn -0.7527328 0.4351737 0.4939809
vn -0.7527328 0.4351737 0.4939809
vn 0.7080293 0.7024543 -0.07247543
vn 0.7098407 0.6986621 -0.08942875
vn 0.7124159 0.7011968 -0.02804787
vn -0.7570916 0.4376936 0.4850118
vn -0.7570916 0.4376936 0.4850118
vn -0.7570916 0.4376936 0.4850118
vn 0.7124159 0.7011968 -0.02804787
vn -1 0 0
vn -0.7125531 -0.7014195 0.01670046
vn -0.7574097 0.449712 0.4733811
vn -0.7574097 0.449712 0.4733811
vn -0.7574097 0.449712 0.4733811
vn -0.825669 0.4386366 0.3547797
vn -0.825669 0.4386366 0.3547797
vn -0.825669 0.4386366 0.3547797
vn -0.8599712 0.4770153 -0.1814002
vn -0.8599712 0.4770153 -0.1814002
vn -0.8599712 0.4770153 -0.1814002
vn -0.8599712 0.4770153 -0.1814002
vn -0.8599712 0.4770153 -0.1814002
vn -0.8464209 0.4694991 -0.2512812
vn -0.8464209 0.4694991 -0.2512812
vn -0.8464209 0.4694991 -0.2512812
vn -0.8251885 0.4448282 0.3481264
vn -0.8251885 0.4448282 0.3481264
vn -0.8251885 0.4448282 0.3481264
vn -0.8490424 0.46432 -0.2520595
vn -0.8490424 0.46432 -0.2520595
vn -0.8490424 0.46432 -0.2520595
vn -0.8117214 0.4375686 0.386836
vn -0.8117214 0.4375686 0.386836
vn -0.8117214 0.4375686 0.386836
vn -0.7087308 0.415272 -0.5703068
vn -0.7087308 0.415272 -0.5703068
vn -0.7087308 0.415272 -0.5703068
vn -0.8091387 0.4488191 0.3792838
vn -0.8091387 0.4488191 0.3792838
vn -0.8091387 0.4488191 0.3792838
vn -0.7096997 0.4047506 -0.576631
vn -0.7096997 0.4047506 -0.576631
vn -0.7096997 0.4047506 -0.576631
vn -0.7190444 0.3763748 0.5842236
vn -0.7190444 0.3763748 0.5842236
vn -0.7190444 0.3763748 0.5842236
vn -0.7096997 0.4047506 -0.576631
vn -0.7096997 0.4047506 -0.576631
vn -0.7096997 0.4047506 -0.576631
vn -0.7190444 0.3763748 0.5842236
vn -0.7190444 0.3763748 0.5842236
vn -0.7190444 0.3763748 0.5842236
vn -0.7082642 0.3928652 -0.5865313
vn -0.7082642 0.3928652 -0.5865313
vn -0.7082642 0.3928652 -0.5865313
vn -0.7473123 0.3911713 0.5371307
vn -0.7473123 0.3911713 0.5371307
vn -0.7473123 0.3911713 0.5371307
vn -0.7467144 0.4083594 -0.5250335
vn -0.7467144 0.4083594 -0.5250335
vn -0.7467144 0.4083594 -0.5250335
vn -0.7473123 0.3911713 0.5371307
vn -0.7473123 0.3911713 0.5371307
vn -0.7473123 0.3911713 0.5371307
vn -0.7431318 0.4180116 -0.5225146
vn -0.7431318 0.4180116 -0.5225146
vn -0.7431318 0.4180116 -0.5225146
vn -0.8739085 0.4779187 -0.08875633
vn -0.8739085 0.4779187 -0.08875633
vn -0.8739085 0.4779187 -0.08875633
vn -0.7386146 0.4154707 -0.5308792
vn -0.7386146 0.4154707 -0.5308792
vn -0.7386146 0.4154707 -0.5308792
vn -0.8790247 0.4669819 -0.09614333
vn -0.8790247 0.4669819 -0.09614333
vn -0.8790247 0.4669819 -0.09614333
vn -0.7368379 0.4202279 -0.5296022
vn -0.7368379 0.4202279 -0.5296022
vn -0.7368379 0.4202279 -0.5296022
vn -0.8735828 0.4709157 -0.1228476
vn -0.8735828 0.4709157 -0.1228476
vn -0.8735828 0.4709157 -0.1228476
vn -0.7558235 0.413341 -0.5078189
vn -0.7558235 0.413341 -0.5078189
vn -0.7558235 0.413341 -0.5078189
vn -0.8775979 0.4593677 -0.1371247
vn -0.8775979 0.4593677 -0.1371247
vn -0.8775979 0.4593677 -0.1371247
vn -0.7580869 0.4145787 -0.503417
vn -0.7580869 0.4145787 -0.503417
vn -0.7580869 0.4145787 -0.503417
vn -0.8366013 0.4444444 0.3202614
vn -0.8366013 0.4444444 0.3202614
vn -0.8366013 0.4444444 0.3202614
vn -0.8034598 0.4393921 -0.4017299
vn -0.8034598 0.4393921 -0.4017299
vn -0.8034598 0.4393921 -0.4017299
vn -0.8034598 0.4393921 -0.4017299
vn -0.8034598 0.4393921 -0.4017299
vn -0.8114114 0.4690973 0.3486534
vn -0.8114114 0.4690973 0.3486534
vn -0.8114114 0.4690973 0.3486534
vn -0.833421 0.4557771 0.3125329
vn -0.833421 0.4557771 0.3125329
vn -0.833421 0.4557771 0.3125329
vn -0.8143786 0.4580879 0.3562906
vn -0.8143786 0.4580879 0.3562906
vn -0.8143786 0.4580879 0.3562906
vn -0.8399992 0.4593745 0.2887498
vn -0.8399992 0.4593745 0.2887498
vn -0.8399992 0.4593745 0.2887498
vn -0.7987218 0.4555211 0.3931209
vn -0.7987218 0.4555211 0.3931209
vn -0.7987218 0.4555211 0.3931209
vn -0.8349089 0.4696362 0.2869999
vn -0.8349089 0.4696362 0.2869999
vn -0.8349089 0.4696362 0.2869999
vn -0.8052226 0.4466469 0.3900297
vn -0.8052226 0.4466469 0.3900297
vn -0.8052226 0.4466469 0.3900297
vn -0.7750747 0.4057031 -0.4844216
vn -0.7750747 0.4057031 -0.4844216
vn -0.7750747 0.4057031 -0.4844216
vn 0.7082494 0.6970959 0.1115353
vn 1 0 0
vn -0.7059659 -0.7004505 -0.1047918
vn -0.7773439 0.4068909 -0.4797669
vn -0.7773439 0.4068909 -0.4797669
vn -0.7773439 0.4068909 -0.4797669
vn 0.7089995 0.7034168 -0.05024406
vn 0.7093533 0.7037679 -0.03909821
vn 0.7090879 0.6979212 -0.1005006
vn -0.7589793 0.3972782 -0.5158687
vn -0.7589793 0.3972782 -0.5158687
vn -0.7589793 0.3972782 -0.5158687
vn 0.7077324 0.7021597 -0.07801774
vn 0.7082494 0.6970959 -0.1115353
vn 0.7090879 0.6979212 -0.1005006
vn -0.7571844 0.4022542 -0.5146487
vn -0.7571844 0.4022542 -0.5146487
vn -0.7571844 0.4022542 -0.5146487
vn 0.7082494 0.6970959 0.1115353
vn 0.7082494 0.6970959 0.1115353
vn 0.7082494 0.6970959 0.1115353
vn -0.7413225 0.4227855 -0.5212424
vn -0.7413225 0.4227855 -0.5212424
vn -0.7413225 0.4227855 -0.5212424
vn 0.7077324 0.7021597 0.07801774
vn 0.7108073 0.6996135 0.0727598
vn 1 0 0
vn -0.7426563 0.4119422 -0.5279822
vn -0.7426563 0.4119422 -0.5279822
vn -0.7426563 0.4119422 -0.5279822
vn 0.7126514 0.7014286 0.01122286
vn 0.7121471 0.7009321 -0.0392522
vn 0.709619 0.7040315 -0.02793776
vn -0.7471977 0.4144612 -0.519536
vn -0.7471977 0.4144612 -0.519536
vn -0.7471977 0.4144612 -0.519536
vn -0.7292411 0.3874093 0.5640224
vn -0.7292411 0.3874093 0.5640224
vn -0.7292411 0.3874093 0.5640224
vn -0.7489992 0.4096089 -0.5207886
vn -0.7489992 0.4096089 -0.5207886
vn -0.7489992 0.4096089 -0.5207886
vn -0.7306179 0.3995567 0.5536714
vn -0.7306179 0.3995567 0.5536714
vn -0.7306179 0.3995567 0.5536714
vn -0.7097979 0.3881707 -0.5878014
vn -0.7097979 0.3881707 -0.5878014
vn -0.7097979 0.3881707 -0.5878014
vn 0.7325758 0.403782 0.5479898
vn -0.7352316 0.4020798 0.5456797
vn -0.7352316 0.4020798 0.5456797
vn -0.7090026 0.3988139 -0.5816037
vn -0.7090026 0.3988139 -0.5816037
vn -0.7090026 0.3988139 -0.5816037
vn -0.734082 0.4129211 0.5390915
vn -0.734082 0.4129211 0.5390915
vn 0.7314208 0.4146637 0.5413665
vn -0.7105631 0.3941404 -0.5828838
vn -0.7105631 0.3941404 -0.5828838
vn -0.7105631 0.3941404 -0.5828838
vn -0.8824019 0.4618823 -0.08961894
vn -0.8824019 0.4618823 -0.08961894
vn -0.8824019 0.4618823 -0.08961894
vn -0.7081015 0.4093712 -0.5753325
vn -0.7081015 0.4093712 -0.5753325
vn -0.7081015 0.4093712 -0.5753325
vn -0.8795849 0.4672795 -0.08933284
vn -0.8795849 0.4672795 -0.08933284
vn -0.8795849 0.4672795 -0.08933284
vn -0.8609043 0.4640812 -0.2085003
vn -0.8609043 0.4640812 -0.2085003
vn -0.8609043 0.4640812 -0.2085003
vn -0.8647859 0.4594175 -0.2026842
vn -0.8647859 0.4594175 -0.2026842
vn -0.8647859 0.4594175 -0.2026842
usemtl body
f 1/1/1 2/2/2 3/3/3
f 4/4/4 5/5/5 6/6/6
f 6/6/6 7/7/7 4/4/4
f 8/8/8 4/4/4 7/7/7
f 7/7/7 9/9/9 8/8/8
f 10/10/10 8/8/8 9/9/9
f 9/9/9 11/11/11 10/10/10
f 11/11/11 9/9/9 12/12/12
f 13/13/13 12/12/12 9/9/9
f 9/9/9 7/7/7 13/13/13
f 14/14/14 13/13/13 7/7/7
f 7/7/7 6/6/6 14/14/14
f 15/15/15 14/14/14 6/6/6
f 6/6/6 16/16/16 15/15/15
f 16/16/16 6/6/6 5/5/5
f 5/5/5 17/17/17 16/16/16
f 12/12/12 18/18/18 11/11/11
f 19/19/19 11/11/11 18/18/18
f 18/18/18 20/20/20 19/19/19
f 21/21/21 19/19/19 20/20/20
f 19/19/19 21/21/21 22/22/22
f 23/23/23 22/22/22 21/21/21
f 22/22/22 23/23/23 24/24/24
f 25/25/25 26/26/26 21/21/21
f 21/21/21 26/26/26 23/23/23
f 27/27/27 28/28/28 25/25/25
f 25/25/25 29/29/29 27/27/27
f 25/25/25 21/21/21 29/29/29
f 20/20/20 29/29/29 21/21/21
f 30/30/30 31/31/31 32/32/32
f 31/31/31 30/30/30 33/33/33
f 33/33/33 34/34/34 31/31/31
f 24/24/24 34/34/34 33/33/33
f 33/33/33 35/35/35 24/24/24
f 24/24/24 35/35/35 22/22/22
f 36/36/36 22/22/22 35/35/35
f 22/22/22 36/36/36 19/19/19
f 19/19/19 36/36/36 10/10/10
f 10/10/10 11/11/11 19/19/19
f 35/35/35 33/33/33 37/37/37
f 37/37/37 38/38/38 35/35/35
f 35/35/35 38/38/38 36/36/36
f 36/36/36 38/38/38 39/39/39
f 39/39/39 10/10/10 36/36/36
f 40/40/40 10/10/10 39/39/39
f 39/39/39 41/41/41 40/40/40
f 42/42/42 40/40/40 41/41/41
f 41/41/41 43/43/43 42/42/42
f 44/44/44 42/42/42 43/43/43
f 38/38/38 37/37/37 39/39/39
f 39/39/39 37/37/37 45/45/45
f 45/45/45 41/41/41 39/39/39
f 41/41/41 45/45/45 46/46/46
f 46/46/46 43/43/43 41/41/41
f 43/43/43 46/46/46 47/47/47
f 47/47/47 48/48/48 43/43/43
f 48/48/48 47/47/47 49/49/49
f 49/49/49 50/50/50 48/48/48
f 51/51/51 52/52/52 49/49/49
f 49/49/49 47/47/47 51/51/51
f 53/53/53 51/51/51 47/47/47
f 47/47/47 46/46/46 53/53/53
f 54/54/54 53/53/53 46/46/46
f 46/46/46 45/45/45 54/54/54
f 55/55/55 54/54/54 45/45/45
f 45/45/45 37/37/37 55/55/55
f 30/30/30 55/55/55 37/37/37
f 37/37/37 33/33/33 30/30/30
f 52/52/52 51/51/51 56/56/56
f 57/57/57 56/56/56 51/51/51
f 51/51/51 53/53/53 57/57/57
f 58/58/58 57/57/57 53/53/53
f 53/53/53 54/54/54 58/58/58
f 59/59/59 58/58/58 54/54/54
f 54/54/54 55/55/55 59/59/59
f 60/60/60 59/59/59 55/55/55
f 55/55/55 30/30/30 60/60/60
f 32/32/32 60/60/60 30/30/30
f 61/61/61 62/62/62 63/63/63
f 63/63/63 64/64/64 61/61/61
f 62/62/62 65/65/65 66/66/66
f 66/66/66 63/63/63 62/62/62
f 66/66/66 67/67/67 68/68/68
f 69/69/69 70/70/70 71/71/71
f 72/72/72 71/71/71 70/70/70
f 70/70/70 73/73/73 72/72/72
f 74/74/74 72/72/72 73/73/73
f 73/73/73 75/75/75 74/74/74
f 76/76/76 74/74/74 75/75/75
f 75/75/75 77/77/77 76/76/76
f 66/66/66 76/76/76 77/77/77
f 66/66/66 77/77/77 78/78/78
f 79/79/79 66/66/66 78/78/78
f 78/78/78 69/69/69 79/79/79
f 71/71/71 79/79/79 69/69/69
f 80/80/80 81/81/81 82/82/82
f 82/82/82 83/83/83 80/80/80
f 84/84/84 85/85/85 86/86/86
f 86/86/86 87/87/87 84/84/84
f 88/88/88 89/89/89 90/90/90
f 90/90/90 91/91/91 88/88/88
f 91/91/91 90/90/90 92/92/92
f 92/92/92 93/93/93 91/91/91
f 93/93/93 92/92/92 94/94/94
f 94/94/94 95/95/95 93/93/93
f 95/95/95 94/94/94 96/96/96
f 96/96/96 97/97/97 95/95/95
f 97/97/97 96/96/96 98/98/98
f 98/98/98 99/99/99 97/97/97
f 96/96/96 94/94/94 100/100/100
f 100/100/100 101/101/101 96/96/96
f 98/98/98 96/96/96 101/101/101
f 101/101/101 102/102/102 98/98/98
f 89/89/89 88/88/88 103/103/103
f 103/103/103 104/104/104 89/89/89
f 89/89/89 104/104/104 105/105/105
f 105/105/105 106/106/106 89/89/89
f 90/90/90 89/89/89 106/106/106
f 106/106/106 107/107/107 90/90/90
f 92/92/92 90/90/90 107/107/107
f 107/107/107 108/108/108 92/92/92
f 94/94/94 92/92/92 108/108/108
f 108/108/108 100/100/100 94/94/94
f 109/109/109 110/110/110 111/111/111
f 112/112/112 109/109/109 113/113/113
f 111/111/111 113/113/113 109/109/109
f 113/113/113 111/111/111 114/114/114
f 115/115/115 116/116/116 117/117/117
f 117/117/117 118/118/118 115/115/115
f 118/118/118 117/117/117 119/119/119
f 119/119/119 120/120/120 118/118/118
f 114/114/114 120/120/120 119/119/119
f 119/119/119 121/121/121 114/114/114
f 114/114/114 121/121/121 113/113/113
f 52/52/52 113/113/113 121/121/121
f 113/113/113 52/52/52 112/112/112
f 56/56/56 112/112/112 52/52/52
f 117/117/117 122/122/122 123/123/123
f 123/123/123 119/119/119 117/117/117
f 119/119/119 123/123/123 121/121/121
f 121/121/121 123/123/123 124/124/124
f 124/124/124 123/123/123 122/122/122
f 122/122/122 125/125/125 124/124/124
f 126/126/126 124/124/124 125/125/125
f 125/125/125 127/127/127 126/126/126
f 128/128/128 126/126/126 127/127/127
f 127/127/127 129/129/129 128/128/128
f 130/130/130 128/128/128 129/129/129
f 128/128/128 130/130/130 131/131/131
f 129/129/129 132/132/132 130/130/130
f 133/133/133 130/130/130 132/132/132
f 131/131/131 130/130/130 133/133/133
f 133/133/133 134/134/134 131/131/131
f 131/131/131 134/134/134 135/135/135
f 136/136/136 135/135/135 134/134/134
f 137/137/137 135/135/135 138/138/138
f 139/139/139 138/138/138 135/135/135
f 135/135/135 136/136/136 139/139/139
f 139/139/139 136/136/136 140/140/140
f 134/134/134 140/140/140 136/136/136
f 141/141/141 140/140/140 134/134/134
f 134/134/134 133/133/133 141/141/141
f 141/141/141 133/133/133 142/142/142
f 132/132/132 142/142/142 133/133/133
f 142/142/142 132/132/132 143/143/143
f 143/143/143 144/144/144 142/142/142
f 145/145/145 142/142/142 144/144/144
f 142/142/142 145/145/145 141/141/141
f 141/141/141 146/146/146 147/147/147
f 147/147/147 140/140/140 141/141/141
f 140/140/140 147/147/147 139/139/139
f 148/148/148 139/139/139 147/147/147
f 149/149/149 148/148/148 147/147/147
f 147/147/147 146/146/146 149/149/149
f 150/150/150 149/149/149 146/146/146
f 146/146/146 151/151/151 150/150/150
f 145/145/145 151/151/151 146/146/146
f 151/151/151 145/145/145 152/152/152
f 144/144/144 152/152/152 145/145/145
f 152/152/152 153/153/153 151/151/151
f 150/150/150 151/151/151 153/153/153
f 153/153/153 154/154/154 150/150/150
f 155/155/155 154/154/154 153/153/153
f 153/153/153 156/156/156 155/155/155
f 157/157/157 158/158/158 159/159/159
f 160/160/160 161/161/161 159/159/159
f 162/162/162 159/159/159 161/161/161
f 159/159/159 162/162/162 157/157/157
f 163/163/163 157/157/157 162/162/162
f 162/162/162 164/164/164 163/163/163
f 165/165/165 166/166/166 161/161/161
f 161/161/161 160/160/160 165/165/165
f 165/165/165 160/160/160 167/167/167
f 159/159/159 167/167/167 160/160/160
f 168/168/168 167/167/167 159/159/159
f 168/168/168 169/169/169 167/167/167
f 168/168/168 170/170/170 169/169/169
f 165/165/165 167/167/167 169/169/169
f 171/171/171 165/165/165 169/169/169
f 172/172/172 173/173/173 174/174/174
f 174/174/174 175/175/175 172/172/172
f 175/175/175 174/174/174 176/176/176
f 176/176/176 177/177/177 175/175/175
f 175/175/175 177/177/177 164/164/164
f 164/164/164 178/178/178 175/175/175
f 178/178/178 164/164/164 162/162/162
f 162/162/162 179/179/179 178/178/178
f 161/161/161 179/179/179 162/162/162
f 179/179/179 161/161/161 166/166/166
f 180/180/180 172/172/172 175/175/175
f 175/175/175 178/178/178 180/180/180
f 181/181/181 180/180/180 178/178/178
f 178/178/178 179/179/179 181/181/181
f 166/166/166 181/181/181 179/179/179
f 182/182/182 183/183/183 184/184/184
f 185/185/185 186/186/186 187/187/187
f 187/187/187 188/188/188 185/185/185
f 188/188/188 187/187/187 189/189/189
f 189/189/189 190/190/190 188/188/188
f 190/190/190 189/189/189 191/191/191
f 191/191/191 192/192/192 190/190/190
f 192/192/192 191/191/191 193/193/193
f 193/193/193 194/194/194 192/192/192
f 194/194/194 193/193/193 195/195/195
f 195/195/195 196/196/196 194/194/194
f 196/196/196 195/195/195 197/197/197
f 197/197/197 198/198/198 196/196/196
f 199/199/199 200/200/200 201/201/201
f 201/201/201 202/202/202 199/199/199
f 202/202/202 201/201/201 203/203/203
f 203/203/203 204/204/204 202/202/202
f 204/204/204 203/203/203 205/205/205
f 205/205/205 206/206/206 204/204/204
f 206/206/206 205/205/205 207/207/207
f 207/207/207 208/208/208 206/206/206
f 208/208/208 207/207/207 209/209/209
f 209/209/209 210/210/210 208/208/208
f 211/211/211 212/212/212 213/213/213
f 213/213/213 214/214/214 211/211/211
f 214/214/214 213/213/213 215/215/215
f 215/215/215 216/216/216 214/214/214
f 216/216/216 215/215/215 217/217/217
f 217/217/217 218/218/218 216/216/216
f 218/218/218 217/217/217 219/219/219
f 219/219/219 220/220/220 218/218/218
f 220/220/220 219/219/219 221/221/221
f 221/221/221 222/222/222 220/220/220
f 222/222/222 221/221/221 223/223/223
f 223/223/223 224/224/224 222/222/222
f 225/225/225 226/226/226 227/227/227
f 227/227/227 228/228/228 225/225/225
f 228/228/228 227/227/227 229/229/229
f 229/229/229 230/230/230 228/228/228
f 231/231/231 230/230/230 229/229/229
f 229/229/229 232/232/232 231/231/231
f 233/233/233 234/234/234 235/235/235
f 235/235/235 236/236/236 233/233/233
f 233/233/233 236/236/236 237/237/237
f 237/237/237 238/238/238 233/233/233
f 238/238/238 237/237/237 239/239/239
f 239/239/239 240/240/240 238/238/238
f 240/240/240 239/239/239 241/241/241
f 241/241/241 242/242/242 240/240/240
f 242/242/242 241/241/241 226/226/226
f 226/226/226 225/225/225 242/242/242
f 243/243/243 244/244/244 245/245/245
f 245/245/245 246/246/246 243/243/243
f 246/246/246 245/245/245 247/247/247
f 247/247/247 248/248/248 246/246/246
f 249/249/249 250/250/250 251/251/251
f 251/251/251 252/252/252 249/249/249
f 252/252/252 251/251/251 253/253/253
f 253/253/253 254/254/254 252/252/252
f 255/255/255 256/256/256 257/257/257
f 257/257/257 258/258/258 255/255/255
f 259/259/259 255/255/255 258/258/258
f 258/258/258 260/260/260 259/259/259
f 256/256/256 261/261/261 262/262/262
f 262/262/262 263/263/263 256/256/256
f 264/264/264 265/265/265 266/266/266
f 267/267/267 268/268/268 269/269/269
f 269/269/269 270/270/270 267/267/267
f 270/270/270 269/269/269 271/271/271
f 271/271/271 272/272/272 270/270/270
f 273/273/273 274/274/274 275/275/275
f 275/275/275 276/276/276 273/273/273
f 277/277/277 273/273/273 276/276/276
f 276/276/276 278/278/278 277/277/277
f 279/279/279 280/280/280 281/281/281
f 281/281/281 282/282/282 279/279/279
f 282/282/282 281/281/281 283/283/283
f 283/283/283 284/284/284 282/282/282
f 285/285/285 284/284/284 283/283/283
f 283/283/283 275/275/275 285/285/285
f 286/286/286 287/287/287 288/288/288
f 288/288/288 289/289/289 286/286/286
f 289/289/289 288/288/288 290/290/290
f 290/290/290 291/291/291 289/289/289
f 291/291/291 290/290/290 292/292/292
f 292/292/292 293/293/293 291/291/291
f 293/293/293 292/292/292 294/294/294
f 294/294/294 295/295/295 293/293/293
f 295/295/295 294/294/294 280/280/280
f 280/280/280 279/279/279 295/295/295
f 296/296/296 297/297/297 298/298/298
f 298/298/298 299/299/299 296/296/296
f 299/299/299 298/298/298 300/300/300
f 300/300/300 301/301/301 299/299/299
f 302/302/302 299/299/299 301/301/301
f 299/299/299 302/302/302 303/303/303
f 303/303/303 296/296/296 299/299/299
f 301/301/301 304/304/304 302/302/302
f 305/305/305 306/306/306 307/307/307
f 307/307/307 308/308/308 305/305/305
f 309/309/309 310/310/310 311/311/311
f 311/311/311 312/312/312 309/309/309
f 313/313/313 314/314/314 315/315/315
f 315/315/315 316/316/316 313/313/313
f 316/316/316 315/315/315 317/317/317
f 317/317/317 318/318/318 316/316/316
f 318/318/318 317/317/317 319/319/319
f 319/319/319 320/320/320 318/318/318
f 320/320/320 319/319/319 321/321/321
f 321/321/321 322/322/322 320/320/320
f 323/323/323 324/324/324 325/325/325
f 325/325/325 326/326/326 323/323/323
f 326/326/326 325/325/325 327/327/327
f 327/327/327 328/328/328 326/326/326
f 328/328/328 327/327/327 329/329/329
f 329/329/329 330/330/330 328/328/328
f 330/330/330 329/329/329 331/331/331
f 331/331/331 332/332/332 330/330/330
f 332/332/332 331/331/331 314/314/314
f 314/314/314 313/313/313 332/332/332
f 333/333/333 334/334/334 335/335/335
f 333/333/333 336/336/336 334/334/334
f 333/333/333 337/337/337 336/336/336
f 333/333/333 338/338/338 337/337/337
f 333/333/333 339/339/339 338/338/338
f 333/333/333 340/340/340 339/339/339
f 333/333/333 341/341/341 340/340/340
f 333/333/333 342/342/342 341/341/341
f 343/343/343 341/341/341 342/342/342
f 342/342/342 344/344/344 343/343/343
f 344/344/344 342/342/342 333/333/333
f 333/333/333 345/345/345 344/344/344
f 346/346/346 347/347/347 348/348/348
f 348/348/348 349/349/349 346/346/346
f 349/349/349 348/348/348 350/350/350
f 350/350/350 351/351/351 349/349/349
f 351/351/351 350/350/350 352/352/352
f 352/352/352 353/353/353 351/351/351
f 353/353/353 352/352/352 354/354/354
f 354/354/354 355/355/355 353/353/353
f 355/355/355 354/354/354 356/356/356
f 356/356/356 357/357/357 355/355/355
f 358/358/358 359/359/359 360/360/360
f 360/360/360 361/361/361 358/358/358
f 361/361/361 360/360/360 362/362/362
f 362/362/362 363/363/363 361/361/361
f 363/363/363 362/362/362 364/364/364
f 364/364/364 365/365/365 363/363/363
f 365/365/365 364/364/364 366/366/366
f 366/366/366 367/367/367 365/365/365
f 367/367/367 366/366/366 347/347/347
f 347/347/347 346/346/346 367/367/367
f 368/368/368 369/369/369 370/370/370
f 370/370/370 371/371/371 368/368/368
f 371/371/371 370/370/370 372/372/372
f 372/372/372 373/373/373 371/371/371
f 373/373/373 372/372/372 374/374/374
f 374/374/374 375/375/375 373/373/373
f 375/375/375 374/374/374 376/376/376
f 376/376/376 377/377/377 375/375/375
f 378/378/378 379/379/379 380/380/380
f 380/380/380 381/381/381 378/378/378
f 381/381/381 380/380/380 382/382/382
f 382/382/382 383/383/383 381/381/381
f 383/383/383 382/382/382 384/384/384
f 384/384/384 385/385/385 383/383/383
f 385/385/385 384/384/384 386/386/386
f 386/386/386 387/387/387 385/385/385
f 387/387/387 386/386/386 369/369/369
f 369/369/369 368/368/368 387/387/387
f 388/388/388 389/389/389 390/390/390
f 388/388/388 390/390/390 391/391/391
f 388/388/388 391/391/391 392/392/392
f 388/388/388 392/392/392 393/393/393
f 388/388/388 393/393/393 394/394/394
f 388/388/388 394/394/394 395/395/395
f 388/388/388 395/395/395 396/396/396
f 388/388/388 396/396/396 397/397/397
f 398/398/398 399/399/399 400/400/400
f 400/400/400 401/401/401 398/398/398
f 401/401/401 400/400/400 402/402/402
f 402/402/402 403/403/403 401/401/401
f 404/404/404 405/405/405 406/406/406
f 406/406/406 407/407/407 404/404/404
f 407/407/407 406/406/406 408/408/408
f 408/408/408 409/409/409 407/407/407
f 409/409/409 408/408/408 410/410/410
f 410/410/410 411/411/411 409/409/409
f 411/411/411 410/410/410 412/412/412
f 412/412/412 413/413/413 411/411/411
f 413/413/413 412/412/412 399/399/399
f 399/399/399 398/398/398 413/413/413
f 414/414/414 415/415/415 416/416/416
f 415/415/415 414/414/414 417/417/417
f 418/418/418 419/419/419 420/420/420
f 419/419/419 418/418/418 421/421/421
f 422/422/422 423/423/423 424/424/424
f 423/423/423 422/422/422 425/425/425
f 426/426/426 427/427/427 428/428/428
f 427/427/427 426/426/426 429/429/429
f 430/430/430 431/431/431 432/432/432
f 431/431/431 430/430/430 433/433/433
f 430/430/430 434/434/434 433/433/433
f 434/434/434 430/430/430 435/435/435
f 435/435/435 436/436/436 434/434/434
f 436/436/436 435/435/435 437/437/437
f 437/437/437 438/438/438 436/436/436
f 438/438/438 437/437/437 439/439/439
f 439/439/439 440/440/440 438/438/438
f 440/440/440 439/439/439 441/441/441
f 441/441/441 442/442/442 440/440/440
f 442/442/442 441/441/441 443/443/443
f 443/443/443 444/444/444 442/442/442
f 444/444/444 443/443/443 445/445/445
f 446/446/446 444/444/444 445/445/445
f 444/444/444 446/446/446 447/447/447
f 448/448/448 449/449/449 450/450/450
f 449/449/449 448/448/448 451/451/451
f 452/452/452 451/451/451 448/448/448
f 451/451/451 452/452/452 453/453/453
f 454/454/454 453/453/453 452/452/452
f 453/453/453 454/454/454 455/455/455
f 456/456/456 455/455/455 454/454/454
f 455/455/455 456/456/456 457/457/457
f 458/458/458 457/457/457 456/456/456
f 457/457/457 458/458/458 459/459/459
f 460/460/460 459/459/459 458/458/458
f 459/459/459 460/460/460 461/461/461
f 462/462/462 459/459/459 461/461/461
f 459/459/459 462/462/462 463/463/463
f 463/463/463 457/457/457 459/459/459
f 457/457/457 463/463/463 464/464/464
f 464/464/464 455/455/455 457/457/457
f 455/455/455 464/464/464 465/465/465
f 465/465/465 453/453/453 455/455/455
f 453/453/453 465/465/465 466/466/466
f 466/466/466 451/451/451 453/453/453
f 451/451/451 466/466/466 467/467/467
f 467/467/467 449/449/449 451/451/451
f 449/449/449 467/467/467 468/468/468
f 469/469/469 470/470/470 471/471/471
f 472/472/472 473/473/473 474/474/474
f 473/473/473 472/472/472 475/475/475
f 476/476/476 475/475/475 472/472/472
f 475/475/475 476/476/476 477/477/477
f 478/478/478 477/477/477 479/479/479
f 477/477/477 478/478/478 480/480/480
f 481/481/481 482/482/482 483/483/483
f 482/482/482 481/481/481 484/484/484
f 485/485/485 484/484/484 481/481/481
f 484/484/484 485/485/485 486/486/486
f 487/487/487 488/488/488 485/485/485
f 488/488/488 487/487/487 489/489/489
f 487/487/487 490/490/490 489/489/489
f 490/490/490 487/487/487 491/491/491
f 491/491/491 492/492/492 490/490/490
f 492/492/492 491/491/491 493/493/493
f 493/493/493 494/494/494 492/492/492
f 494/494/494 493/493/493 495/495/495
f 495/495/495 496/496/496 494/494/494
f 496/496/496 495/495/495 497/497/497
f 497/497/497 498/498/498 496/496/496
f 498/498/498 497/497/497 499/499/499
f 499/499/499 500/500/500 498/498/498
f 500/500/500 499/499/499 501/501/501
f 501/501/501 502/502/502 500/500/500
f 502/502/502 501/501/501 503/503/503
f 504/504/504 505/505/505 506/506/506
f 507/507/507 508/508/508 509/509/509
f 508/508/508 507/507/507 510/510/510
f 511/511/511 512/512/512 513/513/513
f 512/512/512 511/511/511 514/514/514
f 515/515/515 516/516/516 517/517/517
f 517/517/517 518/518/518 515/515/515
f 518/518/518 517/517/517 519/519/519
f 519/519/519 520/520/520 518/518/518
f 520/520/520 519/519/519 521/521/521
f 521/521/521 522/522/522 520/520/520
f 522/522/522 521/521/521 523/523/523
f 523/523/523 524/524/524 522/522/522
f 524/524/524 523/523/523 525/525/525
f 526/526/526 527/527/527 524/524/524
f 527/527/527 526/526/526 528/528/528
f 528/528/528 529/529/529 527/527/527
f 529/529/529 528/528/528 530/530/530
f 530/530/530 531/531/531 529/529/529
f 531/531/531 530/530/530 532/532/532
f 532/532/532 533/533/533 531/531/531
f 533/533/533 532/532/532 534/534/534
f 534/534/534 535/535/535 533/533/533
f 535/535/535 534/534/534 516/516/516
f 516/516/516 515/515/515 535/535/535
f 536/536/536 537/537/537 538/538/538
f 538/538/538 539/539/539 536/536/536
f 540/540/540 541/541/541 542/542/542
f 542/542/542 543/543/543 540/540/540
f 544/544/544 545/545/545 546/546/546
f 546/546/546 547/547/547 544/544/544
f 548/548/548 549/549/549 550/550/550
f 550/550/550 551/551/551 548/548/548
f 552/552/552 553/553/553 554/554/554
f 554/554/554 555/555/555 552/552/552
f 555/555/555 554/554/554 556/556/556
f 556/556/556 557/557/557 555/555/555
f 557/557/557 556/556/556 558/558/558
f 558/558/558 559/559/559 557/557/557
f 559/559/559 558/558/558 560/560/560
f 560/560/560 561/561/561 559/559/559
f 561/561/561 560/560/560 562/562/562
f 562/562/562 563/563/563 561/561/561
f 560/560/560 558/558/558 564/564/564
f 564/564/564 565/565/565 560/560/560
f 562/562/562 560/560/560 565/565/565
f 565/565/565 566/566/566 562/562/562
f 553/553/553 552/552/552 567/567/567
f 567/567/567 568/568/568 553/553/553
f 553/553/553 568/568/568 569/569/569
f 569/569/569 570/570/570 553/553/553
f 554/554/554 553/553/553 570/570/570
f 570/570/570 571/571/571 554/554/554
f 556/556/556 554/554/554 571/571/571
f 571/571/571 572/572/572 556/556/556
f 558/558/558 556/556/556 572/572/572
f 572/572/572 564/564/564 558/558/558
f 573/573/573 574/574/574 575/575/575
f 576/576/576 577/577/577 578/578/578
f 578/578/578 579/579/579 576/576/576
f 579/579/579 578/578/578 580/580/580
f 580/580/580 581/581/581 579/579/579
f 581/581/581 580/580/580 582/582/582
f 582/582/582 583/583/583 581/581/581
f 583/583/583 582/582/582 584/584/584
f 584/584/584 585/585/585 583/583/583
f 585/585/585 584/584/584 586/586/586
f 586/586/586 587/587/587 585/585/585
f 587/587/587 586/586/586 588/588/588
f 588/588/588 589/589/589 587/587/587
f 590/590/590 591/591/591 592/592/592
f 592/592/592 593/593/593 590/590/590
f 593/593/593 592/592/592 594/594/594
f 594/594/594 595/595/595 593/593/593
f 595/595/595 594/594/594 596/596/596
f 596/596/596 597/597/597 595/595/595
f 597/597/597 596/596/596 598/598/598
f 598/598/598 599/599/599 597/597/597
f 599/599/599 598/598/598 600/600/600
f 600/600/600 601/601/601 599/599/599
f 602/602/602 603/603/603 604/604/604
f 604/604/604 605/605/605 602/602/602
f 605/605/605 604/604/604 606/606/606
f 606/606/606 607/607/607 605/605/605
f 607/607/607 606/606/606 608/608/608
f 608/608/608 609/609/609 607/607/607
f 609/609/609 608/608/608 610/610/610
f 610/610/610 611/611/611 609/609/609
f 611/611/611 610/610/610 612/612/612
f 612/612/612 613/613/613 611/611/611
f 613/613/613 612/612/612 614/614/614
f 614/614/614 615/615/615 613/613/613
f 616/616/616 617/617/617 618/618/618
f 618/618/618 619/619/619 616/616/616
f 619/619/619 618/618/618 620/620/620
f 620/620/620 621/621/621 619/619/619
f 622/622/622 621/621/621 620/620/620
f 620/620/620 623/623/623 622/622/622
f 624/624/624 625/625/625 626/626/626
f 626/626/626 627/627/627 624/624/624
f 624/624/624 627/627/627 628/628/628
f 628/628/628 629/629/629 624/624/624
f 629/629/629 628/628/628 630/630/630
f 630/630/630 631/631/631 629/629/629
f 631/631/631 630/630/630 632/632/632
f 632/632/632 633/633/633 631/631/631
f 633/633/633 632/632/632 617/617/617
f 617/617/617 616/616/616 633/633/633
f 634/634/634 635/635/635 636/636/636
f 636/636/636 637/637/637 634/634/634
f 637/637/637 636/636/636 638/638/638
f 638/638/638 639/639/639 637/637/637
f 640/640/640 641/641/641 642/642/642
f 642/642/642 643/643/643 640/640/640
f 643/643/643 642/642/642 644/644/644
f 644/644/644 645/645/645 643/643/643
f 646/646/646 647/647/647 648/648/648
f 648/648/648 649/649/649 646/646/646
f 650/650/650 646/646/646 649/649/649
f 649/649/649 651/651/651 650/650/650
f 647/647/647 652/652/652 653/653/653
f 653/653/653 654/654/654 647/647/647
f 655/655/655 656/656/656 657/657/657
f 658/658/658 659/659/659 660/660/660
f 660/660/660 661/661/661 658/658/658
f 661/661/661 660/660/660 662/662/662
f 662/662/662 663/663/663 661/661/661
f 664/664/664 665/665/665 666/666/666
f 666/666/666 667/667/667 664/664/664
f 668/668/668 664/664/664 667/667/667
f 667/667/667 669/669/669 668/668/668
f 670/670/670 671/671/671 672/672/672
f 672/672/672 673/673/673 670/670/670
f 673/673/673 672/672/672 674/674/674
f 674/674/674 675/675/675 673/673/673
f 676/676/676 675/675/675 674/674/674
f 674/674/674 666/666/666 676/676/676
f 677/677/677 678/678/678 679/679/679
f 679/679/679 680/680/680 677/677/677
f 680/680/680 679/679/679 681/681/681
f 681/681/681 682/682/682 680/680/680
f 682/682/682 681/681/681 683/683/683
f 683/683/683 684/684/684 682/682/682
f 684/684/684 683/683/683 685/685/685
f 685/685/685 686/686/686 684/684/684
f 686/686/686 685/685/685 671/671/671
f 671/671/671 670/670/670 686/686/686
f 687/687/687 688/688/688 689/689/689
f 689/689/689 690/690/690 687/687/687
f 688/688/688 687/687/687 691/691/691
f 691/691/691 692/692/692 688/688/688
f 689/689/689 688/688/688 692/692/692
f 689/689/689 692/692/692 693/693/693
f 689/689/689 693/693/693 694/694/694
f 689/689/689 694/694/694 695/695/695
f 689/689/689 695/695/695 696/696/696
f 689/689/689 696/696/696 697/697/697
f 689/689/689 697/697/697 698/698/698
f 689/689/689 698/698/698 699/699/699
f 700/700/700 701/701/701 702/702/702
f 702/702/702 703/703/703 700/700/700
f 704/704/704 705/705/705 706/706/706
f 706/706/706 707/707/707 704/704/704
f 708/708/708 709/709/709 710/710/710
f 710/710/710 711/711/711 708/708/708
f 711/711/711 710/710/710 712/712/712
f 712/712/712 713/713/713 711/711/711
f 713/713/713 712/712/712 714/714/714
f 714/714/714 715/715/715 713/713/713
f 715/715/715 714/714/714 716/716/716
f 716/716/716 717/717/717 715/715/715
f 718/718/718 719/719/719 720/720/720
f 720/720/720 721/721/721 718/718/718
f 721/721/721 720/720/720 722/722/722
f 722/722/722 723/723/723 721/721/721
f 723/723/723 722/722/722 724/724/724
f 724/724/724 725/725/725 723/723/723
f 725/725/725 724/724/724 726/726/726
f 726/726/726 727/727/727 725/725/725
f 727/727/727 726/726/726 709/709/709
f 709/709/709 708/708/708 727/727/727
f 728/728/728 729/729/729 730/730/730
f 730/730/730 731/731/731 728/728/728
f 731/731/731 730/730/730 732/732/732
f 732/732/732 733/733/733 731/731/731
f 733/733/733 732/732/732 734/734/734
f 734/734/734 735/735/735 733/733/733
f 735/735/735 734/734/734 736/736/736
f 736/736/736 737/737/737 735/735/735
f 737/737/737 736/736/736 738/738/738
f 738/738/738 739/739/739 737/737/737
f 740/740/740 741/741/741 742/742/742
f 742/742/742 743/743/743 740/740/740
f 743/743/743 742/742/742 744/744/744
f 744/744/744 745/745/745 743/743/743
f 745/745/745 744/744/744 746/746/746
f 746/746/746 747/747/747 745/745/745
f 747/747/747 746/746/746 748/748/748
f 748/748/748 749/749/749 747/747/747
f 749/749/749 748/748/748 729/729/729
f 729/729/729 728/728/728 749/749/749
f 750/750/750 751/751/751 752/752/752
f 752/752/752 753/753/753 750/750/750
f 753/753/753 752/752/752 754/754/754
f 754/754/754 755/755/755 753/753/753
f 755/755/755 754/754/754 756/756/756
f 756/756/756 757/757/757 755/755/755
f 757/757/757 756/756/756 758/758/758
f 758/758/758 759/759/759 757/757/757
f 760/760/760 761/761/761 762/762/762
f 762/762/762 763/763/763 760/760/760
f 763/763/763 762/762/762 764/764/764
f 764/764/764 765/765/765 763/763/763
f 765/765/765 764/764/764 766/766/766
f 766/766/766 767/767/767 765/765/765
f 767/767/767 766/766/766 768/768/768
f 768/768/768 769/769/769 767/767/767
f 769/769/769 768/768/768 751/751/751
f 751/751/751 750/750/750 769/769/769
f 770/770/770 771/771/771 772/772/772
f 772/772/772 773/773/773 770/770/770
f 773/773/773 772/772/772 774/774/774
f 774/774/774 775/775/775 773/773/773
f 775/775/775 774/774/774 776/776/776
f 776/776/776 777/777/777 775/775/775
f 777/777/777 776/776/776 778/778/778
f 778/778/778 779/779/779 777/777/777
f 780/780/780 781/781/781 782/782/782
f 782/782/782 783/783/783 780/780/780
f 783/783/783 782/782/782 784/784/784
f 784/784/784 785/785/785 783/783/783
f 785/785/785 784/784/784 786/786/786
f 786/786/786 787/787/787 785/785/785
f 787/787/787 786/786/786 788/788/788
f 788/788/788 789/789/789 787/787/787
f 789/789/789 788/788/788 771/771/771
f 771/771/771 770/770/770 789/789/789
f 790/790/790 791/791/791 792/792/792
f 790/790/790 792/792/792 793/793/793
f 790/790/790 793/793/793 794/794/794
f 790/790/790 794/794/794 795/795/795
f 790/790/790 795/795/795 796/796/796
f 790/790/790 796/796/796 797/797/797
f 790/790/790 797/797/797 798/798/798
f 799/799/799 800/800/800 801/801/801
f 801/801/801 802/802/802 799/799/799
f 802/802/802 801/801/801 803/803/803
f 803/803/803 804/804/804 802/802/802
f 805/805/805 806/806/806 807/807/807
f 807/807/807 808/808/808 805/805/805
f 808/808/808 807/807/807 809/809/809
f 809/809/809 810/810/810 808/808/808
f 810/810/810 809/809/809 811/811/811
f 811/811/811 812/812/812 810/810/810
f 812/812/812 811/811/811 813/813/813
f 813/813/813 814/814/814 812/812/812
f 814/814/814 813/813/813 800/800/800
f 800/800/800 799/799/799 814/814/814
f 815/815/815 816/816/816 817/817/817
f 818/818/818 817/817/817 816/816/816
f 816/816/816 819/819/819 818/818/818
f 820/820/820 818/818/818 819/819/819
f 819/819/819 821/821/821 820/820/820
f 822/822/822 820/820/820 821/821/821
f 821/821/821 823/823/823 822/822/822
f 824/824/824 822/822/822 823/823/823
f 823/823/823 825/825/825 824/824/824
f 826/826/826 824/824/824 825/825/825
f 825/825/825 827/827/827 826/826/826
f 828/828/828 826/826/826 827/827/827
f 827/827/827 829/829/829 828/828/828
f 830/830/830 828/828/828 829/829/829
f 829/829/829 831/831/831 830/830/830
f 832/832/832 830/830/830 831/831/831
f 831/831/831 833/833/833 832/832/832
f 834/834/834 832/832/832 833/833/833
f 833/833/833 835/835/835 834/834/834
f 836/836/836 834/834/834 835/835/835
f 835/835/835 837/837/837 836/836/836
f 838/838/838 836/836/836 837/837/837
f 837/837/837 839/839/839 838/838/838
f 840/840/840 838/838/838 839/839/839
f 839/839/839 841/841/841 840/840/840
f 842/842/842 840/840/840 841/841/841
f 841/841/841 843/843/843 842/842/842
f 844/844/844 842/842/842 843/843/843
f 843/843/843 845/845/845 844/844/844
f 846/846/846 844/844/844 845/845/845
f 845/845/845 815/815/815 846/846/846
f 817/817/817 846/846/846 815/815/815
f 847/847/847 848/848/848 849/849/849
f 850/850/850 851/851/851 852/852/852
f 853/853/853 852/852/852 851/851/851
f 851/851/851 854/854/854 853/853/853
f 855/855/855 853/853/853 854/854/854
f 854/854/854 856/856/856 855/855/855
f 857/857/857 855/855/855 856/856/856
f 856/856/856 858/858/858 857/857/857
f 859/859/859 857/857/857 858/858/858
f 858/858/858 860/860/860 859/859/859
f 861/861/861 859/859/859 860/860/860
f 860/860/860 862/862/862 861/861/861
f 863/863/863 861/861/861 862/862/862
f 862/862/862 864/864/864 863/863/863
f 865/865/865 863/863/863 864/864/864
f 864/864/864 866/866/866 865/865/865
f 867/867/867 865/865/865 866/866/866
f 866/866/866 868/868/868 867/867/867
f 869/869/869 867/867/867 868/868/868
f 868/868/868 870/870/870 869/869/869
f 871/871/871 869/869/869 870/870/870
f 870/870/870 872/872/872 871/871/871
f 873/873/873 871/871/871 872/872/872
f 872/872/872 874/874/874 873/873/873
f 875/875/875 873/873/873 874/874/874
f 874/874/874 876/876/876 875/875/875
f 877/877/877 875/875/875 876/876/876
f 876/876/876 878/878/878 877/877/877
f 879/879/879 877/877/877 878/878/878
f 878/878/878 880/880/880 879/879/879
f 881/881/881 879/879/879 880/880/880
f 880/880/880 850/850/850 881/881/881
f 852/852/852 881/881/881 850/850/850
f 882/882/882 883/883/883 884/884/884
f 885/885/885 886/886/886 887/887/887
f 886/886/886 885/885/885 888/888/888
f 889/889/889 890/890/890 891/891/891
f 890/890/890 889/889/889 892/892/892
f 893/893/893 894/894/894 895/895/895
f 894/894/894 893/893/893 896/896/896
f 893/893/893 897/897/897 896/896/896
f 897/897/897 893/893/893 898/898/898
f 898/898/898 899/899/899 897/897/897
f 899/899/899 898/898/898 900/900/900
f 900/900/900 901/901/901 899/899/899
f 901/901/901 900/900/900 902/902/902
f 902/902/902 903/903/903 901/901/901
f 903/903/903 902/902/902 904/904/904
f 904/904/904 905/905/905 903/903/903
f 905/905/905 904/904/904 906/906/906
f 906/906/906 907/907/907 905/905/905
f 907/907/907 906/906/906 908/908/908
f 909/909/909 907/907/907 908/908/908
f 907/907/907 909/909/909 910/910/910
f 911/911/911 912/912/912 913/913/913
f 912/912/912 911/911/911 914/914/914
f 915/915/915 914/914/914 911/911/911
f 914/914/914 915/915/915 916/916/916
f 917/917/917 916/916/916 915/915/915
f 916/916/916 917/917/917 918/918/918
f 919/919/919 918/918/918 917/917/917
f 918/918/918 919/919/919 920/920/920
f 921/921/921 920/920/920 919/919/919
f 920/920/920 921/921/921 922/922/922
f 923/923/923 922/922/922 921/921/921
f 922/922/922 923/923/923 924/924/924
f 925/925/925 922/922/922 924/924/924
f 922/922/922 925/925/925 926/926/926
f 926/926/926 920/920/920 922/922/922
f 920/920/920 926/926/926 927/927/927
f 927/927/927 918/918/918 920/920/920
f 918/918/918 927/927/927 928/928/928
f 928/928/928 916/916/916 918/918/918
f 916/916/916 928/928/928 929/929/929
f 929/929/929 914/914/914 916/916/916
f 914/914/914 929/929/929 930/930/930
f 930/930/930 912/912/912 914/914/914
f 912/912/912 930/930/930 931/931/931
f 932/932/932 933/933/933 934/934/934
f 935/935/935 936/936/936 937/937/937
f 936/936/936 935/935/935 938/938/938
f 939/939/939 938/938/938 935/935/935
f 938/938/938 939/939/939 940/940/940
f 941/941/941 940/940/940 942/942/942
f 940/940/940 941/941/941 943/943/943
f 944/944/944 945/945/945 946/946/946
f 945/945/945 944/944/944 947/947/947
f 948/948/948 947/947/947 944/944/944
f 947/947/947 948/948/948 949/949/949
f 950/950/950 951/951/951 948/948/948
f 951/951/951 950/950/950 952/952/952
f 950/950/950 953/953/953 952/952/952
f 953/953/953 950/950/950 954/954/954
f 954/954/954 955/955/955 953/953/953
f 955/955/955 954/954/954 956/956/956
f 956/956/956 957/957/957 955/955/955
f 957/957/957 956/956/956 958/958/958
f 958/958/958 959/959/959 957/957/957
f 959/959/959 958/958/958 960/960/960
f 960/960/960 961/961/961 959/959/959
f 961/961/961 960/960/960 962/962/962
f 962/962/962 963/963/963 961/961/961
f 963/963/963 962/962/962 964/964/964
f 964/964/964 965/965/965 963/963/963
f 965/965/965 964/964/964 966/966/966
f 967/967/967 968/968/968 969/969/969
f 970/970/970 971/971/971 972/972/972
f 972/972/972 973/973/973 970/970/970
f 973/973/973 972/972/972 974/974/974
f 974/974/974 975/975/975 973/973/973
f 975/975/975 974/974/974 976/976/976
f 976/976/976 977/977/977 975/975/975
f 977/977/977 976/976/976 978/978/978
f 978/978/978 979/979/979 977/977/977
f 979/979/979 978/978/978 980/980/980
f 981/981/981 982/982/982 979/979/979
f 982/982/982 981/981/981 983/983/983
f 983/983/983 984/984/984 982/982/982
f 984/984/984 983/983/983 985/985/985
f 985/985/985 986/986/986 984/984/984
f 986/986/986 985/985/985 987/987/987
f 987/987/987 988/988/988 986/986/986
f 988/988/988 987/987/987 989/989/989
f 989/989/989 990/990/990 988/988/988
f 990/990/990 989/989/989 971/971/971
f 971/971/971 970/970/970 990/990/990
f 991/991/991 992/992/992 993/993/993
f 993/993/993 994/994/994 991/991/991
f 995/995/995 996/996/996 997/997/997
f 997/997/997 998/998/998 995/995/995
f 999/999/999 1000/1000/1000 1001/1001/1001
f 1001/1001/1001 1002/1002/1002 999/999/999
f 1003/1003/1003 1004/1004/1004 1005/1005/1005
f 1005/1005/1005 1006/1006/1006 1003/1003/1003
f 1006/1006/1006 1005/1005/1005 1007/1007/1007
f 1007/1007/1007 1008/1008/1008 1006/1006/1006
f 1009/1009/1009 1010/1010/1010 1011/1011/1011
f 1011/1011/1011 1012/1012/1012 1009/1009/1009
f 1012/1012/1012 1011/1011/1011 1013/1013/1013
f 1013/1013/1013 1014/1014/1014 1012/1012/1012
f 1015/1015/1015 1016/1016/1016 1017/1017/1017
f 1017/1017/1017 1018/1018/1018 1015/1015/1015
f 1018/1018/1018 1017/1017/1017 1019/1019/1019
f 1019/1019/1019 1020/1020/1020 1018/1018/1018
f 1021/1021/1021 1022/1022/1022 1023/1023/1023
f 1023/1023/1023 1024/1024/1024 1021/1021/1021
f 1024/1024/1024 1023/1023/1023 1025/1025/1025
f 1025/1025/1025 1026/1026/1026 1024/1024/1024
f 1027/1027/1027 1028/1028/1028 1029/1029/1029
f 1029/1029/1029 1030/1030/1030 1027/1027/1027
f 1031/1031/1031 1027/1027/1027 1030/1030/1030
f 1030/1030/1030 1032/1032/1032 1031/1031/1031
f 1033/1033/1033 1034/1034/1034 1035/1035/1035
f 1036/1036/1036 1037/1037/1037 1038/1038/1038
f 1038/1038/1038 1039/1039/1039 1036/1036/1036
f 1040/1040/1040 1036/1036/1036 1039/1039/1039
f 1039/1039/1039 1041/1041/1041 1040/1040/1040
f 1042/1042/1042 1043/1043/1043 1044/1044/1044
f 1044/1044/1044 1045/1045/1045 1042/1042/1042
f 1045/1045/1045 1044/1044/1044 1046/1046/1046
f 1046/1046/1046 1047/1047/1047 1045/1045/1045
f 1047/1047/1047 1046/1046/1046 1048/1048/1048
f 1048/1048/1048 1049/1049/1049 1047/1047/1047
f 1049/1049/1049 1048/1048/1048 1050/1050/1050
f 1050/1050/1050 1051/1051/1051 1049/1049/1049
f 1051/1051/1051 1050/1050/1050 1052/1052/1052
f 1052/1052/1052 1053/1053/1053 1051/1051/1051
f 1053/1053/1053 1052/1052/1052 1054/1054/1054
f 1054/1054/1054 1055/1055/1055 1053/1053/1053
f 1055/1055/1055 1054/1054/1054 1056/1056/1056
f 1056/1056/1056 1057/1057/1057 1055/1055/1055
f 1057/1057/1057 1056/1056/1056 1058/1058/1058
f 1058/1058/1058 1059/1059/1059 1057/1057/1057
f 1059/1059/1059 1058/1058/1058 1060/1060/1060
f 1060/1060/1060 1061/1061/1061 1059/1059/1059
f 1061/1061/1061 1060/1060/1060 1043/1043/1043
f 1043/1043/1043 1062/1062/1062 1061/1061/1061
f 1063/1063/1063 1064/1064/1064 1065/1065/1065
f 1066/1066/1066 1067/1067/1067 1068/1068/1068
f 1068/1068/1068 1069/1069/1069 1066/1066/1066
f 1069/1069/1069 1068/1068/1068 1070/1070/1070
f 1070/1070/1070 1071/1071/1071 1069/1069/1069
f 1072/1072/1072 1073/1073/1073 1074/1074/1074
f 1074/1074/1074 1075/1075/1075 1072/1072/1072
f 1076/1076/1076 1077/1077/1077 1078/1078/1078
f 1078/1078/1078 1079/1079/1079 1076/1076/1076
f 1080/1080/1080 1076/1076/1076 1079/1079/1079
f 1079/1079/1079 1081/1081/1081 1080/1080/1080
f 1080/1080/1080 1081/1081/1081 1082/1082/1082
f 1082/1082/1082 1073/1073/1073 1080/1080/1080
f 1083/1083/1083 1080/1080/1080 1073/1073/1073
f 1073/1073/1073 1072/1072/1072 1083/1083/1083
f 1084/1084/1084 1083/1083/1083 1072/1072/1072
f 1072/1072/1072 1085/1085/1085 1084/1084/1084
f 1085/1085/1085 1072/1072/1072 1075/1075/1075
f 1075/1075/1075 1086/1086/1086 1085/1085/1085
f 1087/1087/1087 1088/1088/1088 1089/1089/1089
f 1087/1087/1087 1089/1089/1089 1077/1077/1077
f 1087/1087/1087 1077/1077/1077 1076/1076/1076
f 1083/1083/1083 1087/1087/1087 1076/1076/1076
f 1076/1076/1076 1080/1080/1080 1083/1083/1083
f 1083/1083/1083 1084/1084/1084 1090/1090/1090
f 1090/1090/1090 1087/1087/1087 1083/1083/1083
f 1087/1087/1087 1090/1090/1090 1091/1091/1091
f 1091/1091/1091 1088/1088/1088 1087/1087/1087
f 1088/1088/1088 1091/1091/1091 1092/1092/1092
f 1092/1092/1092 1093/1093/1093 1088/1088/1088
f 1089/1089/1089 1088/1088/1088 1093/1093/1093
f 1093/1093/1093 1094/1094/1094 1089/1089/1089
f 1077/1077/1077 1089/1089/1089 1094/1094/1094
f 1094/1094/1094 1078/1078/1078 1077/1077/1077
f 1095/1095/1095 1096/1096/1096 1097/1097/1097
f 1098/1098/1098 1099/1099/1099 1100/1100/1100
f 1100/1100/1100 1101/1101/1101 1098/1098/1098
f 1102/1102/1102 1098/1098/1098 1101/1101/1101
f 1101/1101/1101 1103/1103/1103 1102/1102/1102
f 1104/1104/1104 1100/1100/1100 1099/1099/1099
f 1099/1099/1099 1105/1105/1105 1104/1104/1104
f 1105/1105/1105 1099/1099/1099 1106/1106/1106
f 1106/1106/1106 1099/1099/1099 1098/1098/1098
f 1098/1098/1098 1107/1107/1107 1106/1106/1106
f 1107/1107/1107 1098/1098/1098 1102/1102/1102
f 1102/1102/1102 1108/1108/1108 1107/1107/1107
f 1109/1109/1109 1110/1110/1110 1111/1111/1111
f 1111/1111/1111 1112/1112/1112 1109/1109/1109
f 1108/1108/1108 1109/1109/1109 1112/1112/1112
f 1112/1112/1112 1107/1107/1107 1108/1108/1108
f 1107/1107/1107 1112/1112/1112 1113/1113/1113
f 1113/1113/1113 1106/1106/1106 1107/1107/1107
f 1114/1114/1114 1106/1106/1106 1113/1113/1113
f 1106/1106/1106 1114/1114/1114 1105/1105/1105
f 1105/1105/1105 1114/1114/1114 1115/1115/1115
f 1115/1115/1115 1116/1116/1116 1105/1105/1105
f 1104/1104/1104 1105/1105/1105 1116/1116/1116
f 1116/1116/1116 1117/1117/1117 1104/1104/1104
f 1112/1112/1112 1111/1111/1111 1118/1118/1118
f 1118/1118/1118 1113/1113/1113 1112/1112/1112
f 1119/1119/1119 1113/1113/1113 1118/1118/1118
f 1113/1113/1113 1119/1119/1119 1114/1114/1114
f 1115/1115/1115 1114/1114/1114 1119/1119/1119
f 1119/1119/1119 1120/1120/1120 1115/1115/1115
f 1120/1120/1120 1119/1119/1119 1121/1121/1121
f 1121/1121/1121 1122/1122/1122 1120/1120/1120
f 1118/1118/1118 1121/1121/1121 1119/1119/1119
f 1123/1123/1123 1124/1124/1124 1125/1125/1125
f 1126/1126/1126 1127/1127/1127 1128/1128/1128
f 1128/1128/1128 1129/1129/1129 1126/1126/1126
f 1129/1129/1129 1128/1128/1128 1130/1130/1130
f 1130/1130/1130 1131/1131/1131 1129/1129/1129
f 1132/1132/1132 1126/1126/1126 1129/1129/1129
f 1129/1129/1129 1133/1133/1133 1132/1132/1132
f 1133/1133/1133 1129/1129/1129 1131/1131/1131
f 1131/1131/1131 1134/1134/1134 1133/1133/1133
f 1135/1135/1135 1134/1134/1134 1131/1131/1131
f 1135/1135/1135 1131/1131/1131 1130/1130/1130
f 1135/1135/1135 1130/1130/1130 1136/1136/1136
f 1136/1136/1136 1130/1130/1130 1128/1128/1128
f 1128/1128/1128 1137/1137/1137 1136/1136/1136
f 1137/1137/1137 1128/1128/1128 1127/1127/1127
f 1127/1127/1127 1138/1138/1138 1137/1137/1137
f 1139/1139/1139 1140/1140/1140 1141/1141/1141
f 1142/1142/1142 1143/1143/1143 1144/1144/1144
f 1144/1144/1144 1145/1145/1145 1142/1142/1142
f 1145/1145/1145 1144/1144/1144 1146/1146/1146
f 1146/1146/1146 1147/1147/1147 1145/1145/1145
f 1148/1148/1148 1142/1142/1142 1145/1145/1145
f 1145/1145/1145 1149/1149/1149 1148/1148/1148
f 1149/1149/1149 1145/1145/1145 1147/1147/1147
f 1147/1147/1147 1150/1150/1150 1149/1149/1149
f 1151/1151/1151 1150/1150/1150 1147/1147/1147
f 1151/1151/1151 1147/1147/1147 1146/1146/1146
f 1151/1151/1151 1146/1146/1146 1152/1152/1152
f 1152/1152/1152 1146/1146/1146 1144/1144/1144
f 1144/1144/1144 1153/1153/1153 1152/1152/1152
f 1153/1153/1153 1144/1144/1144 1143/1143/1143
f 1143/1143/1143 1154/1154/1154 1153/1153/1153
f 1155/1155/1155 1156/1156/1156 1157/1157/1157
f 1156/1156/1156 1155/1155/1155 1158/1158/1158
f 1158/1158/1158 1159/1159/1159 1156/1156/1156
f 1159/1159/1159 1158/1158/1158 1160/1160/1160
f 1160/1160/1160 1161/1161/1161 1159/1159/1159
f 1161/1161/1161 1160/1160/1160 1162/1162/1162
f 1162/1162/1162 1163/1163/1163 1161/1161/1161
f 1163/1163/1163 1162/1162/1162 1164/1164/1164
f 1164/1164/1164 1165/1165/1165 1163/1163/1163
f 1165/1165/1165 1164/1164/1164 1166/1166/1166
f 1166/1166/1166 1167/1167/1167 1165/1165/1165
f 1167/1167/1167 1166/1166/1166 1168/1168/1168
f 1169/1169/1169 1170/1170/1170 1171/1171/1171
f 1172/1172/1172 1173/1173/1173 1174/1174/1174
f 1174/1174/1174 1175/1175/1175 1172/1172/1172
f 1176/1176/1176 1172/1172/1172 1175/1175/1175
f 1172/1172/1172 1176/1176/1176 1177/1177/1177
f 1177/1177/1177 1178/1178/1178 1172/1172/1172
f 1173/1173/1173 1172/1172/1172 1178/1178/1178
f 1178/1178/1178 1179/1179/1179 1173/1173/1173
f 1175/1175/1175 1174/1174/1174 1180/1180/1180
f 1180/1180/1180 1181/1181/1181 1175/1175/1175
f 1181/1181/1181 1180/1180/1180 1182/1182/1182
f 1182/1182/1182 1183/1183/1183 1181/1181/1181
f 1181/1181/1181 1183/1183/1183 1184/1184/1184
f 1181/1181/1181 1184/1184/1184 1185/1185/1185
f 1181/1181/1181 1185/1185/1185 1186/1186/1186
f 1175/1175/1175 1181/1181/1181 1186/1186/1186
f 1186/1186/1186 1187/1187/1187 1175/1175/1175
f 1175/1175/1175 1187/1187/1187 1176/1176/1176
f 1188/1188/1188 1189/1189/1189 1190/1190/1190
f 1191/1191/1191 1192/1192/1192 1193/1193/1193
f 1193/1193/1193 1194/1194/1194 1191/1191/1191
f 1194/1194/1194 1193/1193/1193 1195/1195/1195
f 1195/1195/1195 1196/1196/1196 1194/1194/1194
f 1196/1196/1196 1195/1195/1195 1197/1197/1197
f 1197/1197/1197 1198/1198/1198 1196/1196/1196
f 1198/1198/1198 1197/1197/1197 1199/1199/1199
f 1199/1199/1199 1200/1200/1200 1198/1198/1198
f 1200/1200/1200 1199/1199/1199 1201/1201/1201
f 1201/1201/1201 1202/1202/1202 1200/1200/1200
f 1202/1202/1202 1201/1201/1201 1203/1203/1203
f 1203/1203/1203 1204/1204/1204 1202/1202/1202
f 1204/1204/1204 1203/1203/1203 1205/1205/1205
f 1205/1205/1205 1206/1206/1206 1204/1204/1204
f 1206/1206/1206 1205/1205/1205 1207/1207/1207
f 1207/1207/1207 1208/1208/1208 1206/1206/1206
f 1208/1208/1208 1207/1207/1207 1209/1209/1209
f 1209/1209/1209 1210/1210/1210 1208/1208/1208
f 1210/1210/1210 1209/1209/1209 1192/1192/1192
f 1192/1192/1192 1191/1191/1191 1210/1210/1210
f 1211/1211/1211 1212/1212/1212 1213/1213/1213
f 1213/1213/1213 1214/1214/1214 1211/1211/1211
f 1214/1214/1214 1213/1213/1213 1215/1215/1215
f 1215/1215/1215 1216/1216/1216 1214/1214/1214
f 1216/1216/1216 1215/1215/1215 1217/1217/1217
f 1217/1217/1217 1218/1218/1218 1216/1216/1216
f 1218/1218/1218 1217/1217/1217 1219/1219/1219
f 1219/1219/1219 1220/1220/1220 1218/1218/1218
f 1212/1212/1212 1221/1221/1221 1222/1222/1222
f 1222/1222/1222 1213/1213/1213 1212/1212/1212
f 1213/1213/1213 1222/1222/1222 1223/1223/1223
f 1223/1223/1223 1215/1215/1215 1213/1213/1213
f 1215/1215/1215 1223/1223/1223 1224/1224/1224
f 1224/1224/1224 1217/1217/1217 1215/1215/1215
f 1217/1217/1217 1224/1224/1224 1225/1225/1225
f 1225/1225/1225 1219/1219/1219 1217/1217/1217
f 1219/1219/1219 1225/1225/1225 1226/1226/1226
f 1226/1226/1226 1227/1227/1227 1219/1219/1219
f 1220/1220/1220 1219/1219/1219 1227/1227/1227
f 1227/1227/1227 1228/1228/1228 1220/1220/1220
f 1229/1229/1229 1230/1230/1230 1231/1231/1231
f 1230/1230/1230 1229/1229/1229 1232/1232/1232
f 1232/1232/1232 1233/1233/1233 1230/1230/1230
f 1233/1233/1233 1232/1232/1232 1234/1234/1234
f 1234/1234/1234 1235/1235/1235 1233/1233/1233
f 1235/1235/1235 1234/1234/1234 1236/1236/1236
f 1236/1236/1236 1237/1237/1237 1235/1235/1235
f 1237/1237/1237 1236/1236/1236 1238/1238/1238
f 1238/1238/1238 1239/1239/1239 1237/1237/1237
f 1239/1239/1239 1238/1238/1238 1240/1240/1240
f 1241/1241/1241 1242/1242/1242 1243/1243/1243
f 1242/1242/1242 1241/1241/1241 1244/1244/1244
f 1244/1244/1244 1245/1245/1245 1242/1242/1242
f 1245/1245/1245 1244/1244/1244 1246/1246/1246
f 1246/1246/1246 1247/1247/1247 1245/1245/1245
f 1247/1247/1247 1246/1246/1246 1248/1248/1248
f 1248/1248/1248 1249/1249/1249 1247/1247/1247
f 1249/1249/1249 1248/1248/1248 1250/1250/1250
f 1250/1250/1250 1251/1251/1251 1249/1249/1249
f 1251/1251/1251 1250/1250/1250 1252/1252/1252
f 1252/1252/1252 1253/1253/1253 1251/1251/1251
f 1253/1253/1253 1252/1252/1252 1254/1254/1254
f 1255/1255/1255 1256/1256/1256 1257/1257/1257
f 1256/1256/1256 1255/1255/1255 1258/1258/1258
f 1258/1258/1258 1259/1259/1259 1256/1256/1256
f 1259/1259/1259 1258/1258/1258 1260/1260/1260
f 1261/1261/1261 1262/1262/1262 1263/1263/1263
f 1262/1262/1262 1261/1261/1261 1264/1264/1264
f 1264/1264/1264 1265/1265/1265 1262/1262/1262
f 1265/1265/1265 1264/1264/1264 1266/1266/1266
f 1267/1267/1267 1268/1268/1268 1269/1269/1269
f 1268/1268/1268 1267/1267/1267 1270/1270/1270
f 1270/1270/1270 1271/1271/1271 1268/1268/1268
f 1271/1271/1271 1270/1270/1270 1272/1272/1272
f 1273/1273/1273 1274/1274/1274 1275/1275/1275
f 1276/1276/1276 1277/1277/1277 1274/1274/1274
f 1274/1274/1274 1273/1273/1273 1276/1276/1276
f 1278/1278/1278 1276/1276/1276 1273/1273/1273
f 1276/1276/1276 1278/1278/1278 1279/1279/1279
f 1279/1279/1279 1280/1280/1280 1276/1276/1276
f 1280/1280/1280 1279/1279/1279 1281/1281/1281
f 1277/1277/1277 1276/1276/1276 1280/1280/1280
f 1282/1282/1282 1283/1283/1283 1284/1284/1284
f 1283/1283/1283 1282/1282/1282 1285/1285/1285
f 1285/1285/1285 1286/1286/1286 1283/1283/1283
f 1286/1286/1286 1285/1285/1285 1287/1287/1287
f 1287/1287/1287 1288/1288/1288 1286/1286/1286
f 1288/1288/1288 1287/1287/1287 1289/1289/1289
f 1289/1289/1289 1290/1290/1290 1288/1288/1288
f 1290/1290/1290 1289/1289/1289 1291/1291/1291
f 1292/1292/1292 1293/1293/1293 1294/1294/1294
f 1293/1293/1293 1292/1292/1292 1295/1295/1295
f 1295/1295/1295 1296/1296/1296 1293/1293/1293
f 1296/1296/1296 1295/1295/1295 1297/1297/1297
f 1297/1297/1297 1298/1298/1298 1296/1296/1296
f 1298/1298/1298 1297/1297/1297 1299/1299/1299
f 1299/1299/1299 1300/1300/1300 1298/1298/1298
f 1300/1300/1300 1299/1299/1299 1301/1301/1301
f 1301/1301/1301 1284/1284/1284 1300/1300/1300
f 1284/1284/1284 1301/1301/1301 1282/1282/1282
f 1302/1302/1302 1303/1303/1303 1304/1304/1304
f 1302/1302/1302 1304/1304/1304 1305/1305/1305
f 1302/1302/1302 1305/1305/1305 1306/1306/1306
f 1302/1302/1302 1306/1306/1306 1307/1307/1307
f 1302/1302/1302 1307/1307/1307 1308/1308/1308
f 1302/1302/1302 1308/1308/1308 1309/1309/1309
f 1302/1302/1302 1309/1309/1309 1310/1310/1310
f 1302/1302/1302 1310/1310/1310 1311/1311/1311
f 1312/1312/1312 1311/1311/1311 1310/1310/1310
f 1311/1311/1311 1312/1312/1312 1313/1313/1313
f 1313/1313/1313 1302/1302/1302 1311/1311/1311
f 1302/1302/1302 1313/1313/1313 1314/1314/1314
f 1315/1315/1315 1316/1316/1316 1317/1317/1317
f 1316/1316/1316 1315/1315/1315 1318/1318/1318
f 1318/1318/1318 1319/1319/1319 1316/1316/1316
f 1319/1319/1319 1318/1318/1318 1320/1320/1320
f 1320/1320/1320 1321/1321/1321 1319/1319/1319
f 1321/1321/1321 1320/1320/1320 1322/1322/1322
f 1322/1322/1322 1323/1323/1323 1321/1321/1321
f 1323/1323/1323 1322/1322/1322 1324/1324/1324
f 1324/1324/1324 1325/1325/1325 1323/1323/1323
f 1325/1325/1325 1324/1324/1324 1326/1326/1326
f 1327/1327/1327 1328/1328/1328 1329/1329/1329
f 1328/1328/1328 1327/1327/1327 1330/1330/1330
f 1330/1330/1330 1331/1331/1331 1328/1328/1328
f 1331/1331/1331 1330/1330/1330 1332/1332/1332
f 1332/1332/1332 1333/1333/1333 1331/1331/1331
f 1333/1333/1333 1332/1332/1332 1334/1334/1334
f 1334/1334/1334 1335/1335/1335 1333/1333/1333
f 1335/1335/1335 1334/1334/1334 1336/1336/1336
f 1336/1336/1336 1317/1317/1317 1335/1335/1335
f 1317/1317/1317 1336/1336/1336 1315/1315/1315
f 1337/1337/1337 1338/1338/1338 1339/1339/1339
f 1338/1338/1338 1337/1337/1337 1340/1340/1340
f 1340/1340/1340 1341/1341/1341 1338/1338/1338
f 1341/1341/1341 1340/1340/1340 1342/1342/1342
f 1342/1342/1342 1343/1343/1343 1341/1341/1341
f 1343/1343/1343 1342/1342/1342 1344/1344/1344
f 1344/1344/1344 1345/1345/1345 1343/1343/1343
f 1345/1345/1345 1344/1344/1344 1346/1346/1346
f 1347/1347/1347 1348/1348/1348 1349/1349/1349
f 1348/1348/1348 1347/1347/1347 1350/1350/1350
f 1350/1350/1350 1351/1351/1351 1348/1348/1348
f 1351/1351/1351 1350/1350/1350 1352/1352/1352
f 1352/1352/1352 1353/1353/1353 1351/1351/1351
f 1353/1353/1353 1352/1352/1352 1354/1354/1354
f 1354/1354/1354 1355/1355/1355 1353/1353/1353
f 1355/1355/1355 1354/1354/1354 1356/1356/1356
f 1356/1356/1356 1339/1339/1339 1355/1355/1355
f 1339/1339/1339 1356/1356/1356 1337/1337/1337
f 1357/1357/1357 1358/1358/1358 1359/1359/1359
f 1358/1358/1358 1357/1357/1357 1360/1360/1360
f 1360/1360/1360 1361/1361/1361 1358/1358/1358
f 1361/1361/1361 1360/1360/1360 1362/1362/1362
f 1362/1362/1362 1363/1363/1363 1361/1361/1361
f 1363/1363/1363 1362/1362/1362 1364/1364/1364
f 1364/1364/1364 1365/1365/1365 1363/1363/1363
f 1365/1365/1365 1364/1364/1364 1366/1366/1366
f 1367/1367/1367 1368/1368/1368 1369/1369/1369
f 1368/1368/1368 1367/1367/1367 1370/1370/1370
f 1370/1370/1370 1371/1371/1371 1368/1368/1368
f 1371/1371/1371 1370/1370/1370 1372/1372/1372
f 1372/1372/1372 1373/1373/1373 1371/1371/1371
f 1373/1373/1373 1372/1372/1372 1374/1374/1374
f 1374/1374/1374 1375/1375/1375 1373/1373/1373
f 1375/1375/1375 1374/1374/1374 1376/1376/1376
f 1376/1376/1376 1359/1359/1359 1375/1375/1375
f 1359/1359/1359 1376/1376/1376 1357/1357/1357
f 1377/1377/1377 1378/1378/1378 1379/1379/1379
f 1377/1377/1377 1379/1379/1379 1380/1380/1380
f 1377/1377/1377 1380/1380/1380 1381/1381/1381
f 1377/1377/1377 1381/1381/1381 1382/1382/1382
f 1377/1377/1377 1382/1382/1382 1383/1383/1383
f 1377/1377/1377 1383/1383/1383 1384/1384/1384
f 1377/1377/1377 1384/1384/1384 1385/1385/1385
f 1377/1377/1377 1385/1385/1385 1386/1386/1386
f 1387/1387/1387 1388/1388/1388 1389/1389/1389
f 1389/1389/1389 1390/1390/1390 1387/1387/1387
f 1390/1390/1390 1389/1389/1389 1391/1391/1391
f 1391/1391/1391 1392/1392/1392 1390/1390/1390
f 1392/1392/1392 1391/1391/1391 1393/1393/1393
f 1393/1393/1393 1394/1394/1394 1392/1392/1392
f 1394/1394/1394 1393/1393/1393 1395/1395/1395
f 1395/1395/1395 1396/1396/1396 1394/1394/1394
f 1396/1396/1396 1395/1395/1395 1212/1212/1212
f 1212/1212/1212 1211/1211/1211 1396/1396/1396
f 1388/1388/1388 1397/1397/1397 1398/1398/1398
f 1398/1398/1398 1389/1389/1389 1388/1388/1388
f 1389/1389/1389 1398/1398/1398 1399/1399/1399
f 1399/1399/1399 1391/1391/1391 1389/1389/1389
f 1391/1391/1391 1399/1399/1399 1400/1400/1400
f 1400/1400/1400 1393/1393/1393 1391/1391/1391
f 1393/1393/1393 1400/1400/1400 1401/1401/1401
f 1401/1401/1401 1395/1395/1395 1393/1393/1393
f 1395/1395/1395 1401/1401/1401 1221/1221/1221
f 1221/1221/1221 1212/1212/1212 1395/1395/1395
f 1402/1402/1402 1403/1403/1403 1404/1404/1404
f 1404/1404/1404 1405/1405/1405 1402/1402/1402
f 1405/1405/1405 1404/1404/1404 1406/1406/1406
f 1406/1406/1406 1407/1407/1407 1405/1405/1405
f 1407/1407/1407 1406/1406/1406 1408/1408/1408
f 1408/1408/1408 1409/1409/1409 1407/1407/1407
f 1409/1409/1409 1408/1408/1408 1410/1410/1410
f 1410/1410/1410 1411/1411/1411 1409/1409/1409
f 1411/1411/1411 1410/1410/1410 1412/1412/1412
f 1412/1412/1412 1413/1413/1413 1411/1411/1411
f 1413/1413/1413 1412/1412/1412 1414/1414/1414
f 1414/1414/1414 1415/1415/1415 1413/1413/1413
f 1415/1415/1415 1414/1414/1414 1416/1416/1416
f 1416/1416/1416 1417/1417/1417 1415/1415/1415
f 1417/1417/1417 1416/1416/1416 1418/1418/1418
f 1418/1418/1418 1419/1419/1419 1417/1417/1417
f 1419/1419/1419 1418/1418/1418 1420/1420/1420
f 1420/1420/1420 1421/1421/1421 1419/1419/1419
f 1421/1421/1421 1420/1420/1420 1403/1403/1403
f 1403/1403/1403 1402/1402/1402 1421/1421/1421
f 1422/1422/1422 1423/1423/1423 1424/1424/1424
f 1424/1424/1424 1425/1425/1425 1422/1422/1422
f 1426/1426/1426 1427/1427/1427 1428/1428/1428
f 1428/1428/1428 1429/1429/1429 1426/1426/1426
f 1430/1430/1430 1431/1431/1431 1432/1432/1432
f 1432/1432/1432 1433/1433/1433 1430/1430/1430
f 1434/1434/1434 1435/1435/1435 1436/1436/1436
f 1436/1436/1436 1437/1437/1437 1434/1434/1434
f 1438/1438/1438 1439/1439/1439 1440/1440/1440
f 1440/1440/1440 1441/1441/1441 1438/1438/1438
f 1442/1442/1442 1443/1443/1443 1444/1444/1444
f 1444/1444/1444 1445/1445/1445 1442/1442/1442
f 1446/1446/1446 1447/1447/1447 1448/1448/1448
f 1448/1448/1448 1449/1449/1449 1446/1446/1446
f 1450/1450/1450 1451/1451/1451 1452/1452/1452
f 1452/1452/1452 1453/1453/1453 1450/1450/1450
f 1454/1454/1454 1455/1455/1455 1456/1456/1456
f 1456/1456/1456 1457/1457/1457 1454/1454/1454
f 1457/1457/1457 1456/1456/1456 1458/1458/1458
f 1458/1458/1458 1459/1459/1459 1457/1457/1457
f 1460/1460/1460 1461/1461/1461 1462/1462/1462
f 1462/1462/1462 1463/1463/1463 1460/1460/1460
f 1464/1464/1464 1465/1465/1465 1466/1466/1466
f 1466/1466/1466 1467/1467/1467 1464/1464/1464
f 1467/1467/1467 1466/1466/1466 1468/1468/1468
f 1468/1468/1468 1469/1469/1469 1467/1467/1467
f 1470/1470/1470 1471/1471/1471 1472/1472/1472
f 1472/1472/1472 1473/1473/1473 1470/1470/1470
f 1473/1473/1473 1472/1472/1472 1474/1474/1474
f 1474/1474/1474 1475/1475/1475 1473/1473/1473
f 1475/1475/1475 1474/1474/1474 1476/1476/1476
f 1476/1476/1476 1477/1477/1477 1475/1475/1475
f 1477/1477/1477 1476/1476/1476 1478/1478/1478
f 1478/1478/1478 1479/1479/1479 1477/1477/1477
f 1479/1479/1479 1478/1478/1478 1480/1480/1480
f 1480/1480/1480 1481/1481/1481 1479/1479/1479
f 1482/1482/1482 1483/1483/1483 1484/1484/1484
f 1484/1484/1484 1485/1485/1485 1482/1482/1482
f 1485/1485/1485 1484/1484/1484 1486/1486/1486
f 1486/1486/1486 1487/1487/1487 1485/1485/1485
f 1487/1487/1487 1486/1486/1486 1488/1488/1488
f 1488/1488/1488 1489/1489/1489 1487/1487/1487
f 1489/1489/1489 1488/1488/1488 1490/1490/1490
f 1490/1490/1490 1491/1491/1491 1489/1489/1489
f 1491/1491/1491 1490/1490/1490 1471/1471/1471
f 1471/1471/1471 1470/1470/1470 1491/1491/1491
f 1492/1492/1492 1493/1493/1493 1494/1494/1494
f 1492/1492/1492 1494/1494/1494 1495/1495/1495
f 1492/1492/1492 1495/1495/1495 1496/1496/1496
f 1492/1492/1492 1496/1496/1496 1497/1497/1497
f 1492/1492/1492 1497/1497/1497 1498/1498/1498
f 1492/1492/1492 1498/1498/1498 1499/1499/1499
f 1492/1492/1492 1499/1499/1499 1500/1500/1500
f 1492/1492/1492 1500/1500/1500 1501/1501/1501
f 1492/1492/1492 1501/1501/1501 1502/1502/1502
f 1492/1492/1492 1502/1502/1502 1503/1503/1503
f 1504/1504/1504 1505/1505/1505 1500/1500/1500
f 1500/1500/1500 1499/1499/1499 1504/1504/1504
f 1506/1506/1506 1504/1504/1504 1499/1499/1499
f 1499/1499/1499 1498/1498/1498 1506/1506/1506
f 1507/1507/1507 1506/1506/1506 1498/1498/1498
f 1498/1498/1498 1497/1497/1497 1507/1507/1507
f 1508/1508/1508 1507/1507/1507 1497/1497/1497
f 1497/1497/1497 1496/1496/1496 1508/1508/1508
f 1509/1509/1509 1508/1508/1508 1496/1496/1496
f 1496/1496/1496 1495/1495/1495 1509/1509/1509
f 1510/1510/1510 1511/1511/1511 1512/1512/1512
f 1513/1513/1513 1512/1512/1512 1511/1511/1511
f 1511/1511/1511 1514/1514/1514 1513/1513/1513
f 1509/1509/1509 1513/1513/1513 1514/1514/1514
f 1514/1514/1514 1515/1515/1515 1509/1509/1509
f 1508/1508/1508 1509/1509/1509 1515/1515/1515
f 1515/1515/1515 1516/1516/1516 1508/1508/1508
f 1507/1507/1507 1508/1508/1508 1516/1516/1516
f 1516/1516/1516 1517/1517/1517 1507/1507/1507
f 1506/1506/1506 1507/1507/1507 1517/1517/1517
f 1513/1513/1513 1509/1509/1509 1495/1495/1495
f 1495/1495/1495 1494/1494/1494 1513/1513/1513
f 1512/1512/1512 1513/1513/1513 1494/1494/1494
f 1494/1494/1494 1493/1493/1493 1512/1512/1512
f 1518/1518/1518 1512/1512/1512 1493/1493/1493
f 1493/1493/1493 1519/1519/1519 1518/1518/1518
f 1520/1520/1520 1518/1518/1518 1519/1519/1519
f 1519/1519/1519 1521/1521/1521 1520/1520/1520
f 1492/1492/1492 1521/1521/1521 1519/1519/1519
f 1492/1492/1492 1519/1519/1519 1493/1493/1493
f 1492/1492/1492 1503/1503/1503 1522/1522/1522
f 1492/1492/1492 1522/1522/1522 1523/1523/1523
f 1492/1492/1492 1523/1523/1523 1521/1521/1521
f 1521/1521/1521 1523/1523/1523 1524/1524/1524
f 1524/1524/1524 1520/1520/1520 1521/1521/1521
f 1520/1520/1520 1524/1524/1524 1525/1525/1525
f 1525/1525/1525 1526/1526/1526 1520/1520/1520
f 1518/1518/1518 1520/1520/1520 1526/1526/1526
f 1526/1526/1526 1510/1510/1510 1518/1518/1518
f 1512/1512/1512 1518/1518/1518 1510/1510/1510
f 1527/1527/1527 1524/1524/1524 1523/1523/1523
f 1523/1523/1523 1522/1522/1522 1527/1527/1527
f 1528/1528/1528 1527/1527/1527 1522/1522/1522
f 1522/1522/1522 1503/1503/1503 1528/1528/1528
f 1529/1529/1529 1528/1528/1528 1503/1503/1503
f 1503/1503/1503 1502/1502/1502 1529/1529/1529
f 1530/1530/1530 1529/1529/1529 1502/1502/1502
f 1502/1502/1502 1501/1501/1501 1530/1530/1530
f 1505/1505/1505 1530/1530/1530 1501/1501/1501
f 1501/1501/1501 1500/1500/1500 1505/1505/1505
f 1517/1517/1517 1531/1531/1531 1506/1506/1506
f 1504/1504/1504 1506/1506/1506 1531/1531/1531
f 1531/1531/1531 1532/1532/1532 1504/1504/1504
f 1505/1505/1505 1504/1504/1504 1532/1532/1532
f 1532/1532/1532 1533/1533/1533 1505/1505/1505
f 1530/1530/1530 1505/1505/1505 1533/1533/1533
f 1533/1533/1533 1534/1534/1534 1530/1530/1530
f 1529/1529/1529 1530/1530/1530 1534/1534/1534
f 1534/1534/1534 1535/1535/1535 1529/1529/1529
f 1528/1528/1528 1529/1529/1529 1535/1535/1535
f 1535/1535/1535 1536/1536/1536 1528/1528/1528
f 1527/1527/1527 1528/1528/1528 1536/1536/1536
f 1536/1536/1536 1537/1537/1537 1527/1527/1527
f 1524/1524/1524 1527/1527/1527 1537/1537/1537
f 1537/1537/1537 1525/1525/1525 1524/1524/1524
f 1538/1538/1538 1539/1539/1539 1540/1540/1540
f 1540/1540/1540 1541/1541/1541 1538/1538/1538
f 1542/1542/1542 1543/1543/1543 1544/1544/1544
f 1544/1544/1544 1545/1545/1545 1542/1542/1542
f 1546/1546/1546 1547/1547/1547 1548/1548/1548
f 1548/1548/1548 1549/1549/1549 1546/1546/1546
f 1549/1549/1549 1548/1548/1548 1550/1550/1550
f 1550/1550/1550 1551/1551/1551 1549/1549/1549
f 1551/1551/1551 1550/1550/1550 1552/1552/1552
f 1552/1552/1552 1553/1553/1553 1551/1551/1551
f 1554/1554/1554 1555/1555/1555 1556/1556/1556
f 1556/1556/1556 1557/1557/1557 1554/1554/1554
f 1558/1558/1558 1559/1559/1559 1560/1560/1560
f 1560/1560/1560 1561/1561/1561 1558/1558/1558
f 1561/1561/1561 1560/1560/1560 1562/1562/1562
f 1562/1562/1562 1563/1563/1563 1561/1561/1561
f 1564/1564/1564 1561/1561/1561 1563/1563/1563
f 1561/1561/1561 1564/1564/1564 1565/1565/1565
f 1565/1565/1565 1558/1558/1558 1561/1561/1561
f 1563/1563/1563 1566/1566/1566 1564/1564/1564
f 1567/1567/1567 1568/1568/1568 1569/1569/1569
f 1569/1569/1569 1570/1570/1570 1567/1567/1567
f 1570/1570/1570 1569/1569/1569 1571/1571/1571
f 1571/1571/1571 1572/1572/1572 1570/1570/1570
f 1573/1573/1573 1574/1574/1574 1575/1575/1575
f 1575/1575/1575 1576/1576/1576 1573/1573/1573
f 1576/1576/1576 1575/1575/1575 1577/1577/1577
f 1577/1577/1577 1578/1578/1578 1576/1576/1576
f 1578/1578/1578 1577/1577/1577 1579/1579/1579
f 1579/1579/1579 1580/1580/1580 1578/1578/1578
f 1581/1581/1581 1582/1582/1582 1583/1583/1583
f 1583/1583/1583 1584/1584/1584 1581/1581/1581
f 1584/1584/1584 1583/1583/1583 1585/1585/1585
f 1585/1585/1585 1586/1586/1586 1584/1584/1584
f 1587/1587/1587 1588/1588/1588 1589/1589/1589
f 1589/1589/1589 1590/1590/1590 1587/1587/1587
f 1590/1590/1590 1589/1589/1589 1591/1591/1591
f 1591/1591/1591 1592/1592/1592 1590/1590/1590
f 1592/1592/1592 1591/1591/1591 1593/1593/1593
f 1593/1593/1593 1594/1594/1594 1592/1592/1592
f 1595/1595/1595 1596/1596/1596 1597/1597/1597
f 1597/1597/1597 1598/1598/1598 1595/1595/1595
f 1598/1598/1598 1597/1597/1597 1599/1599/1599
f 1599/1599/1599 1600/1600/1600 1598/1598/1598
f 1600/1600/1600 1599/1599/1599 1601/1601/1601
f 1601/1601/1601 1602/1602/1602 1600/1600/1600
f 1602/1602/1602 1601/1601/1601 1603/1603/1603
f 1603/1603/1603 1604/1604/1604 1602/1602/1602
f 1604/1604/1604 1603/1603/1603 1605/1605/1605
f 1605/1605/1605 1606/1606/1606 1604/1604/1604
f 1606/1606/1606 1605/1605/1605 1607/1607/1607
f 1607/1607/1607 1608/1608/1608 1606/1606/1606
f 1608/1608/1608 1607/1607/1607 1609/1609/1609
f 1609/1609/1609 1610/1610/1610 1608/1608/1608
f 1610/1610/1610 1609/1609/1609 1611/1611/1611
f 1611/1611/1611 1612/1612/1612 1610/1610/1610
f 1612/1612/1612 1611/1611/1611 1613/1613/1613
f 1613/1613/1613 1614/1614/1614 1612/1612/1612
f 1614/1614/1614 1613/1613/1613 1596/1596/1596
f 1596/1596/1596 1595/1595/1595 1614/1614/1614
f 1615/1615/1615 1616/1616/1616 1617/1617/1617
f 1617/1617/1617 1618/1618/1618 1615/1615/1615
f 1618/1618/1618 1617/1617/1617 1619/1619/1619
f 1619/1619/1619 1620/1620/1620 1618/1618/1618
f 1620/1620/1620 1619/1619/1619 1621/1621/1621
f 1621/1621/1621 1622/1622/1622 1620/1620/1620
f 1622/1622/1622 1621/1621/1621 1623/1623/1623
f 1623/1623/1623 1624/1624/1624 1622/1622/1622
f 1624/1624/1624 1623/1623/1623 1625/1625/1625
f 1625/1625/1625 1626/1626/1626 1624/1624/1624
f 1627/1627/1627 1628/1628/1628 1629/1629/1629
f 1629/1629/1629 1630/1630/1630 1627/1627/1627
f 1630/1630/1630 1629/1629/1629 1631/1631/1631
f 1631/1631/1631 1632/1632/1632 1630/1630/1630
f 1632/1632/1632 1631/1631/1631 1633/1633/1633
f 1633/1633/1633 1634/1634/1634 1632/1632/1632
f 1634/1634/1634 1633/1633/1633 1635/1635/1635
f 1635/1635/1635 1636/1636/1636 1634/1634/1634
f 1636/1636/1636 1635/1635/1635 1616/1616/1616
f 1616/1616/1616 1615/1615/1615 1636/1636/1636
f 1637/1637/1637 1638/1638/1638 1639/1639/1639
f 1639/1639/1639 1640/1640/1640 1637/1637/1637
f 1640/1640/1640 1639/1639/1639 1641/1641/1641
f 1641/1641/1641 1642/1642/1642 1640/1640/1640
f 1642/1642/1642 1641/1641/1641 1643/1643/1643
f 1643/1643/1643 1644/1644/1644 1642/1642/1642
f 1644/1644/1644 1643/1643/1643 1645/1645/1645
f 1645/1645/1645 1646/1646/1646 1644/1644/1644
f 1646/1646/1646 1645/1645/1645 1647/1647/1647
f 1647/1647/1647 1648/1648/1648 1646/1646/1646
f 1648/1648/1648 1647/1647/1647 1649/1649/1649
f 1649/1649/1649 1650/1650/1650 1648/1648/1648
f 1650/1650/1650 1649/1649/1649 1651/1651/1651
f 1651/1651/1651 1652/1652/1652 1650/1650/1650
f 1652/1652/1652 1651/1651/1651 1653/1653/1653
f 1653/1653/1653 1654/1654/1654 1652/1652/1652
f 1654/1654/1654 1653/1653/1653 1655/1655/1655
f 1655/1655/1655 1656/1656/1656 1654/1654/1654
f 1656/1656/1656 1655/1655/1655 1638/1638/1638
f 1638/1638/1638 1637/1637/1637 1656/1656/1656
f 1657/1657/1657 1658/1658/1658 1659/1659/1659
f 1659/1659/1659 1660/1660/1660 1657/1657/1657
f 1660/1660/1660 1659/1659/1659 1661/1661/1661
f 1661/1661/1661 1662/1662/1662 1660/1660/1660
f 1662/1662/1662 1661/1661/1661 1663/1663/1663
f 1663/1663/1663 1664/1664/1664 1662/1662/1662
f 1664/1664/1664 1663/1663/1663 1665/1665/1665
f 1665/1665/1665 1666/1666/1666 1664/1664/1664
f 1658/1658/1658 1667/1667/1667 1668/1668/1668
f 1668/1668/1668 1659/1659/1659 1658/1658/1658
f 1659/1659/1659 1668/1668/1668 1669/1669/1669
f 1669/1669/1669 1661/1661/1661 1659/1659/1659
f 1661/1661/1661 1669/1669/1669 1670/1670/1670
f 1670/1670/1670 1663/1663/1663 1661/1661/1661
f 1663/1663/1663 1670/1670/1670 1671/1671/1671
f 1671/1671/1671 1665/1665/1665 1663/1663/1663
f 1665/1665/1665 1671/1671/1671 1672/1672/1672
f 1672/1672/1672 1673/1673/1673 1665/1665/1665
f 1666/1666/1666 1665/1665/1665 1673/1673/1673
f 1673/1673/1673 1674/1674/1674 1666/1666/1666
f 1675/1675/1675 1676/1676/1676 1677/1677/1677
f 1676/1676/1676 1675/1675/1675 1678/1678/1678
f 1678/1678/1678 1679/1679/1679 1676/1676/1676
f 1679/1679/1679 1678/1678/1678 1680/1680/1680
f 1681/1681/1681 1682/1682/1682 1683/1683/1683
f 1682/1682/1682 1681/1681/1681 1684/1684/1684
f 1684/1684/1684 1685/1685/1685 1682/1682/1682
f 1685/1685/1685 1684/1684/1684 1686/1686/1686
f 1686/1686/1686 1687/1687/1687 1685/1685/1685
f 1687/1687/1687 1686/1686/1686 1688/1688/1688
f 1688/1688/1688 1689/1689/1689 1687/1687/1687
f 1689/1689/1689 1688/1688/1688 1690/1690/1690
f 1690/1690/1690 1677/1677/1677 1689/1689/1689
f 1677/1677/1677 1690/1690/1690 1675/1675/1675
f 1691/1691/1691 1692/1692/1692 1693/1693/1693
f 1694/1694/1694 1693/1693/1693 1692/1692/1692
f 1693/1693/1693 1694/1694/1694 1695/1695/1695
f 1696/1696/1696 1695/1695/1695 1694/1694/1694
f 1695/1695/1695 1696/1696/1696 1697/1697/1697
f 1698/1698/1698 1697/1697/1697 1696/1696/1696
f 1697/1697/1697 1698/1698/1698 1699/1699/1699
f 1700/1700/1700 1699/1699/1699 1698/1698/1698
f 1699/1699/1699 1700/1700/1700 1701/1701/1701
f 1702/1702/1702 1701/1701/1701 1700/1700/1700
f 1701/1701/1701 1702/1702/1702 1703/1703/1703
f 1704/1704/1704 1703/1703/1703 1702/1702/1702
f 1703/1703/1703 1704/1704/1704 1705/1705/1705
f 1706/1706/1706 1705/1705/1705 1704/1704/1704
f 1705/1705/1705 1706/1706/1706 1707/1707/1707
f 1708/1708/1708 1707/1707/1707 1706/1706/1706
f 1707/1707/1707 1708/1708/1708 1709/1709/1709
f 1710/1710/1710 1709/1709/1709 1708/1708/1708
f 1709/1709/1709 1710/1710/1710 1711/1711/1711
f 1712/1712/1712 1711/1711/1711 1710/1710/1710
f 1711/1711/1711 1712/1712/1712 1713/1713/1713
f 1714/1714/1714 1713/1713/1713 1712/1712/1712
f 1713/1713/1713 1714/1714/1714 1715/1715/1715
f 1716/1716/1716 1715/1715/1715 1714/1714/1714
f 1715/1715/1715 1716/1716/1716 1717/1717/1717
f 1718/1718/1718 1717/1717/1717 1716/1716/1716
f 1717/1717/1717 1718/1718/1718 1719/1719/1719
f 1720/1720/1720 1719/1719/1719 1718/1718/1718
f 1719/1719/1719 1720/1720/1720 1721/1721/1721
f 1722/1722/1722 1721/1721/1721 1720/1720/1720
f 1721/1721/1721 1722/1722/1722 1691/1691/1691
f 1692/1692/1692 1691/1691/1691 1722/1722/1722
f 1723/1723/1723 1724/1724/1724 1725/1725/1725
f 1726/1726/1726 1727/1727/1727 1728/1728/1728
f 1728/1728/1728 1729/1729/1729 1726/1726/1726
f 1729/1729/1729 1728/1728/1728 1730/1730/1730
f 1730/1730/1730 1731/1731/1731 1729/1729/1729
f 1731/1731/1731 1730/1730/1730 1732/1732/1732
f 1732/1732/1732 1733/1733/1733 1731/1731/1731
f 1733/1733/1733 1732/1732/1732 1734/1734/1734
f 1734/1734/1734 1735/1735/1735 1733/1733/1733
f 1735/1735/1735 1734/1734/1734 1658/1658/1658
f 1658/1658/1658 1657/1657/1657 1735/1735/1735
f 1727/1727/1727 1736/1736/1736 1737/1737/1737
f 1737/1737/1737 1728/1728/1728 1727/1727/1727
f 1728/1728/1728 1737/1737/1737 1738/1738/1738
f 1738/1738/1738 1730/1730/1730 1728/1728/1728
f 1730/1730/1730 1738/1738/1738 1739/1739/1739
f 1739/1739/1739 1732/1732/1732 1730/1730/1730
f 1732/1732/1732 1739/1739/1739 1740/1740/1740
f 1740/1740/1740 1734/1734/1734 1732/1732/1732
f 1734/1734/1734 1740/1740/1740 1667/1667/1667
f 1667/1667/1667 1658/1658/1658 1734/1734/1734
f 1741/1741/1741 1742/1742/1742 1743/1743/1743
f 1743/1743/1743 1744/1744/1744 1741/1741/1741
f 1744/1744/1744 1743/1743/1743 1745/1745/1745
f 1745/1745/1745 1746/1746/1746 1744/1744/1744
f 1746/1746/1746 1745/1745/1745 1747/1747/1747
f 1747/1747/1747 1748/1748/1748 1746/1746/1746
f 1748/1748/1748 1747/1747/1747 1749/1749/1749
f 1749/1749/1749 1750/1750/1750 1748/1748/1748
f 1750/1750/1750 1749/1749/1749 1751/1751/1751
f 1751/1751/1751 1752/1752/1752 1750/1750/1750
f 1753/1753/1753 1754/1754/1754 1755/1755/1755
f 1755/1755/1755 1756/1756/1756 1753/1753/1753
f 1756/1756/1756 1755/1755/1755 1757/1757/1757
f 1757/1757/1757 1758/1758/1758 1756/1756/1756
f 1758/1758/1758 1757/1757/1757 1759/1759/1759
f 1759/1759/1759 1760/1760/1760 1758/1758/1758
f 1760/1760/1760 1759/1759/1759 1761/1761/1761
f 1761/1761/1761 1762/1762/1762 1760/1760/1760
f 1762/1762/1762 1761/1761/1761 1742/1742/1742
f 1742/1742/1742 1741/1741/1741 1762/1762/1762
f 1763/1763/1763 1764/1764/1764 1765/1765/1765
f 1765/1765/1765 1766/1766/1766 1763/1763/1763
f 1766/1766/1766 1765/1765/1765 1767/1767/1767
f 1767/1767/1767 1768/1768/1768 1766/1766/1766
f 1768/1768/1768 1767/1767/1767 1769/1769/1769
f 1769/1769/1769 1770/1770/1770 1768/1768/1768
f 1770/1770/1770 1769/1769/1769 1771/1771/1771
f 1771/1771/1771 1772/1772/1772 1770/1770/1770
f 1772/1772/1772 1771/1771/1771 1773/1773/1773
f 1773/1773/1773 1774/1774/1774 1772/1772/1772
f 1775/1775/1775 1776/1776/1776 1777/1777/1777
f 1777/1777/1777 1778/1778/1778 1775/1775/1775
f 1778/1778/1778 1777/1777/1777 1779/1779/1779
f 1779/1779/1779 1780/1780/1780 1778/1778/1778
f 1780/1780/1780 1779/1779/1779 1781/1781/1781
f 1781/1781/1781 1782/1782/1782 1780/1780/1780
f 1782/1782/1782 1781/1781/1781 1783/1783/1783
f 1783/1783/1783 1784/1784/1784 1782/1782/1782
f 1784/1784/1784 1783/1783/1783 1764/1764/1764
f 1764/1764/1764 1763/1763/1763 1784/1784/1784
f 1785/1785/1785 1786/1786/1786 1787/1787/1787
f 1785/1785/1785 1787/1787/1787 1788/1788/1788
f 1785/1785/1785 1788/1788/1788 1789/1789/1789
f 1785/1785/1785 1789/1789/1789 1790/1790/1790
f 1785/1785/1785 1790/1790/1790 1791/1791/1791
f 1785/1785/1785 1791/1791/1791 1792/1792/1792
f 1785/1785/1785 1792/1792/1792 1793/1793/1793
f 1785/1785/1785 1793/1793/1793 1794/1794/1794
f 1795/1795/1795 1796/1796/1796 1797/1797/1797
f 1797/1797/1797 1798/1798/1798 1795/1795/1795
f 1798/1798/1798 1797/1797/1797 1799/1799/1799
f 1799/1799/1799 1800/1800/1800 1798/1798/1798
f 1800/1800/1800 1799/1799/1799 1801/1801/1801
f 1801/1801/1801 1802/1802/1802 1800/1800/1800
f 1802/1802/1802 1801/1801/1801 1803/1803/1803
f 1803/1803/1803 1804/1804/1804 1802/1802/1802
f 1804/1804/1804 1803/1803/1803 1805/1805/1805
f 1805/1805/1805 1806/1806/1806 1804/1804/1804
f 1807/1807/1807 1808/1808/1808 1809/1809/1809
f 1809/1809/1809 1810/1810/1810 1807/1807/1807
f 1810/1810/1810 1809/1809/1809 1811/1811/1811
f 1811/1811/1811 1812/1812/1812 1810/1810/1810
f 1812/1812/1812 1811/1811/1811 1813/1813/1813
f 1813/1813/1813 1814/1814/1814 1812/1812/1812
f 1814/1814/1814 1813/1813/1813 1815/1815/1815
f 1815/1815/1815 1816/1816/1816 1814/1814/1814
f 1816/1816/1816 1815/1815/1815 1796/1796/1796
f 1796/1796/1796 1795/1795/1795 1816/1816/1816
f 1817/1817/1817 1818/1818/1818 1819/1819/1819
f 1819/1819/1819 1820/1820/1820 1817/1817/1817
f 1820/1820/1820 1819/1819/1819 1821/1821/1821
f 1821/1821/1821 1822/1822/1822 1820/1820/1820
f 1823/1823/1823 1824/1824/1824 1825/1825/1825
f 1825/1825/1825 1826/1826/1826 1823/1823/1823
f 1826/1826/1826 1825/1825/1825 1827/1827/1827
f 1827/1827/1827 1828/1828/1828 1826/1826/1826
f 1828/1828/1828 1827/1827/1827 1829/1829/1829
f 1829/1829/1829 1830/1830/1830 1828/1828/1828
f 1831/1831/1831 1832/1832/1832 1833/1833/1833
f 1833/1833/1833 1834/1834/1834 1831/1831/1831
f 1834/1834/1834 1833/1833/1833 1835/1835/1835
f 1835/1835/1835 1836/1836/1836 1834/1834/1834
f 1837/1837/1837 1838/1838/1838 1839/1839/1839
f 1839/1839/1839 1840/1840/1840 1837/1837/1837
f 1840/1840/1840 1839/1839/1839 1841/1841/1841
f 1841/1841/1841 1842/1842/1842 1840/1840/1840
f 1842/1842/1842 1841/1841/1841 1843/1843/1843
f 1843/1843/1843 1844/1844/1844 1842/1842/1842
f 1845/1845/1845 1846/1846/1846 1847/1847/1847
f 1847/1847/1847 1848/1848/1848 1845/1845/1845
f 1848/1848/1848 1847/1847/1847 1849/1849/1849
f 1849/1849/1849 1850/1850/1850 1848/1848/1848
f 1850/1850/1850 1849/1849/1849 1851/1851/1851
f 1851/1851/1851 1852/1852/1852 1850/1850/1850
f 1852/1852/1852 1851/1851/1851 1853/1853/1853
f 1853/1853/1853 1854/1854/1854 1852/1852/1852
f 1854/1854/1854 1853/1853/1853 1855/1855/1855
f 1855/1855/1855 1856/1856/1856 1854/1854/1854
f 1856/1856/1856 1855/1855/1855 1857/1857/1857
f 1857/1857/1857 1858/1858/1858 1856/1856/1856
f 1858/1858/1858 1857/1857/1857 1859/1859/1859
f 1859/1859/1859 1860/1860/1860 1858/1858/1858
f 1860/1860/1860 1859/1859/1859 1861/1861/1861
f 1861/1861/1861 1862/1862/1862 1860/1860/1860
f 1862/1862/1862 1861/1861/1861 1863/1863/1863
f 1863/1863/1863 1864/1864/1864 1862/1862/1862
f 1864/1864/1864 1863/1863/1863 1846/1846/1846
f 1846/1846/1846 1845/1845/1845 1864/1864/1864
f 1865/1865/1865 1866/1866/1866 1867/1867/1867
f 1867/1867/1867 1868/1868/1868 1865/1865/1865
f 1868/1868/1868 1867/1867/1867 1869/1869/1869
f 1869/1869/1869 1870/1870/1870 1868/1868/1868
f 1870/1870/1870 1869/1869/1869 1871/1871/1871
f 1871/1871/1871 1872/1872/1872 1870/1870/1870
f 1872/1872/1872 1871/1871/1871 1873/1873/1873
f 1873/1873/1873 1874/1874/1874 1872/1872/1872
f 1874/1874/1874 1873/1873/1873 1875/1875/1875
f 1875/1875/1875 1876/1876/1876 1874/1874/1874
f 1877/1877/1877 1878/1878/1878 1879/1879/1879
f 1879/1879/1879 1880/1880/1880 1877/1877/1877
f 1880/1880/1880 1879/1879/1879 1881/1881/1881
f 1881/1881/1881 1882/1882/1882 1880/1880/1880
f 1882/1882/1882 1881/1881/1881 1883/1883/1883
f 1883/1883/1883 1884/1884/1884 1882/1882/1882
f 1884/1884/1884 1883/1883/1883 1885/1885/1885
f 1885/1885/1885 1886/1886/1886 1884/1884/1884
f 1886/1886/1886 1885/1885/1885 1866/1866/1866
f 1866/1866/1866 1865/1865/1865 1886/1886/1886
f 1887/1887/1887 1888/1888/1888 1889/1889/1889
f 1889/1889/1889 1890/1890/1890 1887/1887/1887
f 1890/1890/1890 1889/1889/1889 1891/1891/1891
f 1891/1891/1891 1892/1892/1892 1890/1890/1890
f 1892/1892/1892 1891/1891/1891 1893/1893/1893
f 1893/1893/1893 1894/1894/1894 1892/1892/1892
f 1894/1894/1894 1893/1893/1893 1895/1895/1895
f 1895/1895/1895 1896/1896/1896 1894/1894/1894
f 1896/1896/1896 1895/1895/1895 1897/1897/1897
f 1897/1897/1897 1898/1898/1898 1896/1896/1896
f 1898/1898/1898 1897/1897/1897 1899/1899/1899
f 1899/1899/1899 1900/1900/1900 1898/1898/1898
f 1900/1900/1900 1899/1899/1899 1901/1901/1901
f 1901/1901/1901 1902/1902/1902 1900/1900/1900
f 1902/1902/1902 1901/1901/1901 1903/1903/1903
f 1903/1903/1903 1904/1904/1904 1902/1902/1902
f 1904/1904/1904 1903/1903/1903 1905/1905/1905
f 1905/1905/1905 1906/1906/1906 1904/1904/1904
f 1906/1906/1906 1905/1905/1905 1888/1888/1888
f 1888/1888/1888 1887/1887/1887 1906/1906/1906
f 1907/1907/1907 1908/1908/1908 1909/1909/1909
f 1909/1909/1909 1910/1910/1910 1907/1907/1907
f 1910/1910/1910 1909/1909/1909 1911/1911/1911
f 1911/1911/1911 1912/1912/1912 1910/1910/1910
f 1912/1912/1912 1911/1911/1911 1913/1913/1913
f 1913/1913/1913 1914/1914/1914 1912/1912/1912
f 1914/1914/1914 1913/1913/1913 1915/1915/1915
f 1915/1915/1915 1916/1916/1916 1914/1914/1914
f 1908/1908/1908 1917/1917/1917 1918/1918/1918
f 1918/1918/1918 1909/1909/1909 1908/1908/1908
f 1909/1909/1909 1918/1918/1918 1919/1919/1919
f 1919/1919/1919 1911/1911/1911 1909/1909/1909
f 1911/1911/1911 1919/1919/1919 1920/1920/1920
f 1920/1920/1920 1913/1913/1913 1911/1911/1911
f 1913/1913/1913 1920/1920/1920 1921/1921/1921
f 1921/1921/1921 1915/1915/1915 1913/1913/1913
f 1915/1915/1915 1921/1921/1921 1922/1922/1922
f 1922/1922/1922 1923/1923/1923 1915/1915/1915
f 1916/1916/1916 1915/1915/1915 1923/1923/1923
f 1923/1923/1923 1924/1924/1924 1916/1916/1916
f 1925/1925/1925 1926/1926/1926 1927/1927/1927
f 1928/1928/1928 1929/1929/1929 1930/1930/1930
f 1930/1930/1930 1931/1931/1931 1928/1928/1928
f 1931/1931/1931 1930/1930/1930 1932/1932/1932
f 1932/1932/1932 1933/1933/1933 1931/1931/1931
f 1933/1933/1933 1932/1932/1932 1934/1934/1934
f 1934/1934/1934 1935/1935/1935 1933/1933/1933
f 1935/1935/1935 1934/1934/1934 1936/1936/1936
f 1936/1936/1936 1937/1937/1937 1935/1935/1935
f 1937/1937/1937 1936/1936/1936 1908/1908/1908
f 1908/1908/1908 1907/1907/1907 1937/1937/1937
f 1929/1929/1929 1938/1938/1938 1939/1939/1939
f 1939/1939/1939 1930/1930/1930 1929/1929/1929
f 1930/1930/1930 1939/1939/1939 1940/1940/1940
f 1940/1940/1940 1932/1932/1932 1930/1930/1930
f 1932/1932/1932 1940/1940/1940 1941/1941/1941
f 1941/1941/1941 1934/1934/1934 1932/1932/1932
f 1934/1934/1934 1941/1941/1941 1942/1942/1942
f 1942/1942/1942 1936/1936/1936 1934/1934/1934
f 1936/1936/1936 1942/1942/1942 1917/1917/1917
f 1917/1917/1917 1908/1908/1908 1936/1936/1936
f 1943/1943/1943 1944/1944/1944 1945/1945/1945
f 1945/1945/1945 1946/1946/1946 1943/1943/1943
f 1946/1946/1946 1945/1945/1945 1947/1947/1947
f 1947/1947/1947 1948/1948/1948 1946/1946/1946
f 1948/1948/1948 1947/1947/1947 1949/1949/1949
f 1949/1949/1949 1950/1950/1950 1948/1948/1948
f 1950/1950/1950 1949/1949/1949 1951/1951/1951
f 1951/1951/1951 1952/1952/1952 1950/1950/1950
f 1952/1952/1952 1951/1951/1951 1953/1953/1953
f 1953/1953/1953 1954/1954/1954 1952/1952/1952
f 1955/1955/1955 1956/1956/1956 1957/1957/1957
f 1957/1957/1957 1958/1958/1958 1955/1955/1955
f 1958/1958/1958 1957/1957/1957 1959/1959/1959
f 1959/1959/1959 1960/1960/1960 1958/1958/1958
f 1960/1960/1960 1959/1959/1959 1961/1961/1961
f 1961/1961/1961 1962/1962/1962 1960/1960/1960
f 1962/1962/1962 1961/1961/1961 1963/1963/1963
f 1963/1963/1963 1964/1964/1964 1962/1962/1962
f 1964/1964/1964 1963/1963/1963 1944/1944/1944
f 1944/1944/1944 1943/1943/1943 1964/1964/1964
f 1965/1965/1965 1966/1966/1966 1967/1967/1967
f 1967/1967/1967 1968/1968/1968 1965/1965/1965
f 1968/1968/1968 1967/1967/1967 1969/1969/1969
f 1969/1969/1969 1970/1970/1970 1968/1968/1968
f 1970/1970/1970 1969/1969/1969 1971/1971/1971
f 1971/1971/1971 1972/1972/1972 1970/1970/1970
f 1972/1972/1972 1971/1971/1971 1973/1973/1973
f 1973/1973/1973 1974/1974/1974 1972/1972/1972
f 1974/1974/1974 1973/1973/1973 1975/1975/1975
f 1975/1975/1975 1976/1976/1976 1974/1974/1974
f 1977/1977/1977 1978/1978/1978 1979/1979/1979
f 1979/1979/1979 1980/1980/1980 1977/1977/1977
f 1980/1980/1980 1979/1979/1979 1981/1981/1981
f 1981/1981/1981 1982/1982/1982 1980/1980/1980
f 1982/1982/1982 1981/1981/1981 1983/1983/1983
f 1983/1983/1983 1984/1984/1984 1982/1982/1982
f 1984/1984/1984 1983/1983/1983 1985/1985/1985
f 1985/1985/1985 1986/1986/1986 1984/1984/1984
f 1986/1986/1986 1985/1985/1985 1966/1966/1966
f 1966/1966/1966 1965/1965/1965 1986/1986/1986
f 1987/1987/1987 1988/1988/1988 1989/1989/1989
f 1989/1989/1989 1990/1990/1990 1987/1987/1987
f 1990/1990/1990 1989/1989/1989 1991/1991/1991
f 1991/1991/1991 1992/1992/1992 1990/1990/1990
f 1992/1992/1992 1991/1991/1991 1993/1993/1993
f 1993/1993/1993 1994/1994/1994 1992/1992/1992
f 1994/1994/1994 1993/1993/1993 1995/1995/1995
f 1995/1995/1995 1996/1996/1996 1994/1994/1994
f 1996/1996/1996 1995/1995/1995 1997/1997/1997
f 1997/1997/1997 1998/1998/1998 1996/1996/1996
f 1999/1999/1999 2000/2000/2000 2001/2001/2001
f 2001/2001/2001 2002/2002/2002 1999/1999/1999
f 2002/2002/2002 2001/2001/2001 2003/2003/2003
f 2003/2003/2003 2004/2004/2004 2002/2002/2002
f 2004/2004/2004 2003/2003/2003 2005/2005/2005
f 2005/2005/2005 2006/2006/2006 2004/2004/2004
f 2006/2006/2006 2005/2005/2005 2007/2007/2007
f 2007/2007/2007 2008/2008/2008 2006/2006/2006
f 2008/2008/2008 2007/2007/2007 1988/1988/1988
f 1988/1988/1988 1987/1987/1987 2008/2008/2008
f 2009/2009/2009 2010/2010/2010 2011/2011/2011
f 2011/2011/2011 2012/2012/2012 2009/2009/2009
f 2013/2013/2013 2014/2014/2014 2015/2015/2015
f 2015/2015/2015 2016/2016/2016 2013/2013/2013
f 2017/2017/2017 2018/2018/2018 2019/2019/2019
f 2019/2019/2019 2020/2020/2020 2017/2017/2017
f 2021/2021/2021 2022/2022/2022 2023/2023/2023
f 2023/2023/2023 2024/2024/2024 2021/2021/2021
f 2025/2025/2025 2026/2026/2026 2027/2027/2027
f 2027/2027/2027 2028/2028/2028 2025/2025/2025
f 2029/2029/2029 2030/2030/2030 2031/2031/2031
f 2031/2031/2031 2032/2032/2032 2029/2029/2029
f 2033/2033/2033 2034/2034/2034 2035/2035/2035
f 2035/2035/2035 2036/2036/2036 2033/2033/2033
f 2037/2037/2037 2038/2038/2038 2039/2039/2039
f 2039/2039/2039 2040/2040/2040 2037/2037/2037
f 2041/2041/2041 2042/2042/2042 2043/2043/2043
f 2043/2043/2043 2044/2044/2044 2041/2041/2041
f 2045/2045/2045 2046/2046/2046 2047/2047/2047
f 2047/2047/2047 2048/2048/2048 2045/2045/2045
f 2049/2049/2049 2050/2050/2050 2051/2051/2051
f 2051/2051/2051 2052/2052/2052 2049/2049/2049
f 2052/2052/2052 2051/2051/2051 2053/2053/2053
f 2053/2053/2053 2054/2054/2054 2052/2052/2052
f 2054/2054/2054 2053/2053/2053 2055/2055/2055
f 2055/2055/2055 2056/2056/2056 2054/2054/2054
f 2056/2056/2056 2055/2055/2055 2057/2057/2057
f 2057/2057/2057 2058/2058/2058 2056/2056/2056
f 2058/2058/2058 2057/2057/2057 2059/2059/2059
f 2059/2059/2059 2060/2060/2060 2058/2058/2058
f 2060/2060/2060 2059/2059/2059 2061/2061/2061
f 2061/2061/2061 2062/2062/2062 2060/2060/2060
f 2063/2063/2063 2064/2064/2064 2065/2065/2065
f 2065/2065/2065 2066/2066/2066 2063/2063/2063
f 2064/2064/2064 2063/2063/2063 2067/2067/2067
f 2067/2067/2067 2068/2068/2068 2064/2064/2064
f 2068/2068/2068 2067/2067/2067 2069/2069/2069
f 2069/2069/2069 2070/2070/2070 2068/2068/2068
f 2070/2070/2070 2069/2069/2069 2071/2071/2071
f 2071/2071/2071 2072/2072/2072 2070/2070/2070
f 2072/2072/2072 2071/2071/2071 2073/2073/2073
f 2073/2073/2073 2074/2074/2074 2072/2072/2072
f 2074/2074/2074 2073/2073/2073 2066/2066/2066
f 2074/2074/2074 2066/2066/2066 2065/2065/2065
f 2075/2075/2075 2076/2076/2076 2074/2074/2074
f 2074/2074/2074 2077/2077/2077 2075/2075/2075
f 2078/2078/2078 2079/2079/2079 2076/2076/2076
f 2076/2076/2076 2075/2075/2075 2078/2078/2078
f 2080/2080/2080 2081/2081/2081 2082/2082/2082
f 2083/2083/2083 2084/2084/2084 2085/2085/2085
f 2085/2085/2085 2086/2086/2086 2083/2083/2083
f 2086/2086/2086 2085/2085/2085 2087/2087/2087
f 2087/2087/2087 2088/2088/2088 2086/2086/2086
f 2089/2089/2089 2090/2090/2090 2091/2091/2091
f 2089/2089/2089 2091/2091/2091 2092/2092/2092
f 2091/2091/2091 2093/2093/2093 2092/2092/2092
f 2093/2093/2093 2091/2091/2091 2090/2090/2090
f 2094/2094/2094 2095/2095/2095 2096/2096/2096
f 2094/2094/2094 2096/2096/2096 2097/2097/2097
f 2094/2094/2094 2097/2097/2097 2098/2098/2098
f 2093/2093/2093 2098/2098/2098 2097/2097/2097
f 2093/2093/2093 2097/2097/2097 2099/2099/2099
f 2092/2092/2092 2093/2093/2093 2099/2099/2099
f 2092/2092/2092 2099/2099/2099 2100/2100/2100
f 2092/2092/2092 2100/2100/2100 2101/2101/2101
f 2092/2092/2092 2101/2101/2101 2102/2102/2102
f 2103/2103/2103 2104/2104/2104 2105/2105/2105
f 2103/2103/2103 2106/2106/2106 2104/2104/2104
f 2104/2104/2104 2106/2106/2106 2107/2107/2107
f 2094/2094/2094 2107/2107/2107 2106/2106/2106
f 2094/2094/2094 2108/2108/2108 2107/2107/2107
f 2094/2094/2094 2098/2098/2098 2108/2108/2108
f 2098/2098/2098 2109/2109/2109 2108/2108/2108
f 2093/2093/2093 2109/2109/2109 2098/2098/2098
f 2093/2093/2093 2110/2110/2110 2109/2109/2109
f 2093/2093/2093 2090/2090/2090 2110/2110/2110
f 2094/2094/2094 2106/2106/2106 2111/2111/2111
f 2111/2111/2111 2112/2112/2112 2094/2094/2094
f 2103/2103/2103 2112/2112/2112 2111/2111/2111
f 2103/2103/2103 2111/2111/2111 2106/2106/2106
f 2094/2094/2094 2113/2113/2113 2095/2095/2095
f 2114/2114/2114 2113/2113/2113 2094/2094/2094
f 2114/2114/2114 2094/2094/2094 2112/2112/2112
f 2114/2114/2114 2112/2112/2112 2115/2115/2115
f 2103/2103/2103 2115/2115/2115 2112/2112/2112
f 2115/2115/2115 2103/2103/2103 2116/2116/2116
f 2116/2116/2116 2103/2103/2103 2117/2117/2117
f 2116/2116/2116 2117/2117/2117 2118/2118/2118
f 2117/2117/2117 2105/2105/2105 2118/2118/2118
f 2103/2103/2103 2105/2105/2105 2117/2117/2117
f 2114/2114/2114 2115/2115/2115 2116/2116/2116
f 2119/2119/2119 2120/2120/2120 2121/2121/2121
f 2120/2120/2120 2119/2119/2119 2122/2122/2122
f 2122/2122/2122 2123/2123/2123 2120/2120/2120
f 2123/2123/2123 2122/2122/2122 2124/2124/2124
f 2124/2124/2124 2125/2125/2125 2123/2123/2123
f 2125/2125/2125 2124/2124/2124 2126/2126/2126
f 2126/2126/2126 2127/2127/2127 2125/2125/2125
f 2116/2116/2116 2127/2127/2127 2126/2126/2126
f 2116/2116/2116 2118/2118/2118 2127/2127/2127
f 2110/2110/2110 2090/2090/2090 2128/2128/2128
f 2089/2089/2089 2128/2128/2128 2090/2090/2090
f 2089/2089/2089 2129/2129/2129 2128/2128/2128
f 2129/2129/2129 2089/2089/2089 2130/2130/2130
f 2130/2130/2130 2131/2131/2131 2129/2129/2129
f 2131/2131/2131 2130/2130/2130 2132/2132/2132
f 2132/2132/2132 2133/2133/2133 2131/2131/2131
f 2133/2133/2133 2132/2132/2132 2134/2134/2134
f 2134/2134/2134 2121/2121/2121 2133/2133/2133
f 2121/2121/2121 2134/2134/2134 2119/2119/2119
f 2135/2135/2135 2136/2136/2136 2137/2137/2137
f 2137/2137/2137 2138/2138/2138 2135/2135/2135
f 2138/2138/2138 2137/2137/2137 2139/2139/2139
f 2139/2139/2139 2140/2140/2140 2138/2138/2138
f 2140/2140/2140 2139/2139/2139 2141/2141/2141
f 2141/2141/2141 2142/2142/2142 2140/2140/2140
f 2143/2143/2143 2144/2144/2144 2145/2145/2145
f 2145/2145/2145 2146/2146/2146 2143/2143/2143
f 2146/2146/2146 2145/2145/2145 2147/2147/2147
f 2147/2147/2147 2148/2148/2148 2146/2146/2146
f 2148/2148/2148 2147/2147/2147 2149/2149/2149
f 2149/2149/2149 2150/2150/2150 2148/2148/2148
f 2150/2150/2150 2149/2149/2149 2151/2151/2151
f 2151/2151/2151 2152/2152/2152 2150/2150/2150
f 2153/2153/2153 2154/2154/2154 2155/2155/2155
f 2155/2155/2155 2156/2156/2156 2153/2153/2153
f 2156/2156/2156 2155/2155/2155 2157/2157/2157
f 2157/2157/2157 2158/2158/2158 2156/2156/2156
f 2158/2158/2158 2157/2157/2157 2159/2159/2159
f 2159/2159/2159 2160/2160/2160 2158/2158/2158
f 2160/2160/2160 2159/2159/2159 2161/2161/2161
f 2161/2161/2161 2162/2162/2162 2160/2160/2160
f 2163/2163/2163 2164/2164/2164 2165/2165/2165
f 2163/2163/2163 2165/2165/2165 2166/2166/2166
f 2163/2163/2163 2166/2166/2166 2167/2167/2167
f 2163/2163/2163 2167/2167/2167 2168/2168/2168
f 2169/2169/2169 2170/2170/2170 2171/2171/2171
f 2169/2169/2169 2171/2171/2171 2172/2172/2172
f 2169/2169/2169 2172/2172/2172 2173/2173/2173
f 2174/2174/2174 2175/2175/2175 2176/2176/2176
f 2174/2174/2174 2176/2176/2176 2177/2177/2177
f 2174/2174/2174 2177/2177/2177 2178/2178/2178
f 2174/2174/2174 2178/2178/2178 2179/2179/2179
f 2180/2180/2180 2181/2181/2181 2182/2182/2182
f 2180/2180/2180 2182/2182/2182 2183/2183/2183
f 2180/2180/2180 2183/2183/2183 2184/2184/2184
f 2185/2185/2185 2186/2186/2186 2187/2187/2187
f 2187/2187/2187 2188/2188/2188 2185/2185/2185
f 2188/2188/2188 2187/2187/2187 2189/2189/2189
f 2189/2189/2189 2190/2190/2190 2188/2188/2188
f 2190/2190/2190 2189/2189/2189 2191/2191/2191
f 2191/2191/2191 2192/2192/2192 2190/2190/2190
f 2192/2192/2192 2191/2191/2191 2193/2193/2193
f 2193/2193/2193 2194/2194/2194 2192/2192/2192
f 2194/2194/2194 2193/2193/2193 2195/2195/2195
f 2195/2195/2195 2196/2196/2196 2194/2194/2194
f 2188/2188/2188 2197/2197/2197 2198/2198/2198
f 2197/2197/2197 2188/2188/2188 2190/2190/2190
f 2190/2190/2190 2199/2199/2199 2197/2197/2197
f 2199/2199/2199 2190/2190/2190 2192/2192/2192
f 2192/2192/2192 2200/2200/2200 2199/2199/2199
f 2200/2200/2200 2192/2192/2192 2194/2194/2194
f 2194/2194/2194 2201/2201/2201 2200/2200/2200
f 2201/2201/2201 2194/2194/2194 2196/2196/2196
f 2196/2196/2196 2202/2202/2202 2201/2201/2201
f 2202/2202/2202 2196/2196/2196 2195/2195/2195
f 2198/2198/2198 2197/2197/2197 2203/2203/2203
f 2204/2204/2204 2203/2203/2203 2197/2197/2197
f 2197/2197/2197 2199/2199/2199 2204/2204/2204
f 2204/2204/2204 2199/2199/2199 2200/2200/2200
f 2200/2200/2200 2205/2205/2205 2204/2204/2204
f 2206/2206/2206 2205/2205/2205 2200/2200/2200
f 2200/2200/2200 2201/2201/2201 2206/2206/2206
f 2207/2207/2207 2206/2206/2206 2201/2201/2201
f 2201/2201/2201 2202/2202/2202 2207/2207/2207
f 2207/2207/2207 2202/2202/2202 2208/2208/2208
f 2208/2208/2208 2209/2209/2209 2207/2207/2207
f 2210/2210/2210 2203/2203/2203 2204/2204/2204
f 2204/2204/2204 2211/2211/2211 2210/2210/2210
f 2211/2211/2211 2204/2204/2204 2205/2205/2205
f 2205/2205/2205 2212/2212/2212 2211/2211/2211
f 2212/2212/2212 2205/2205/2205 2206/2206/2206
f 2206/2206/2206 2213/2213/2213 2212/2212/2212
f 2213/2213/2213 2206/2206/2206 2207/2207/2207
f 2207/2207/2207 2214/2214/2214 2213/2213/2213
f 2215/2215/2215 2213/2213/2213 2214/2214/2214
f 2213/2213/2213 2215/2215/2215 2216/2216/2216
f 2216/2216/2216 2212/2212/2212 2213/2213/2213
f 2212/2212/2212 2216/2216/2216 2217/2217/2217
f 2217/2217/2217 2211/2211/2211 2212/2212/2212
f 2211/2211/2211 2217/2217/2217 2218/2218/2218
f 2218/2218/2218 2210/2210/2210 2211/2211/2211
f 2210/2210/2210 2218/2218/2218 2219/2219/2219
f 2219/2219/2219 2220/2220/2220 2210/2210/2210
f 2220/2220/2220 2219/2219/2219 2221/2221/2221
f 2209/2209/2209 2222/2222/2222 2214/2214/2214
f 2223/2223/2223 2220/2220/2220 2224/2224/2224
f 2195/2195/2195 2208/2208/2208 2202/2202/2202
f 2225/2225/2225 2208/2208/2208 2195/2195/2195
f 2208/2208/2208 2225/2225/2225 2226/2226/2226
f 2226/2226/2226 2209/2209/2209 2208/2208/2208
f 2209/2209/2209 2226/2226/2226 2227/2227/2227
f 2227/2227/2227 2222/2222/2222 2209/2209/2209
f 2228/2228/2228 2222/2222/2222 2227/2227/2227
f 2222/2222/2222 2228/2228/2228 2229/2229/2229
f 2229/2229/2229 2214/2214/2214 2222/2222/2222
f 2214/2214/2214 2229/2229/2229 2215/2215/2215
f 2227/2227/2227 2230/2230/2230 2228/2228/2228
f 2228/2228/2228 2230/2230/2230 2231/2231/2231
f 2231/2231/2231 2232/2232/2232 2228/2228/2228
f 2233/2233/2233 2234/2234/2234 2235/2235/2235
f 2235/2235/2235 2236/2236/2236 2233/2233/2233
f 2236/2236/2236 2235/2235/2235 2237/2237/2237
f 2237/2237/2237 2238/2238/2238 2236/2236/2236
f 2238/2238/2238 2237/2237/2237 2239/2239/2239
f 2239/2239/2239 2240/2240/2240 2238/2238/2238
f 2240/2240/2240 2239/2239/2239 2241/2241/2241
f 2241/2241/2241 2242/2242/2242 2240/2240/2240
f 2243/2243/2243 2242/2242/2242 2241/2241/2241
f 2241/2241/2241 2244/2244/2244 2243/2243/2243
f 2245/2245/2245 2246/2246/2246 2247/2247/2247
f 2248/2248/2248 2249/2249/2249 2250/2250/2250
f 2250/2250/2250 2251/2251/2251 2248/2248/2248
f 2251/2251/2251 2250/2250/2250 2252/2252/2252
f 2252/2252/2252 2253/2253/2253 2251/2251/2251
f 2250/2250/2250 2249/2249/2249 2254/2254/2254
f 2255/2255/2255 2254/2254/2254 2249/2249/2249
f 2249/2249/2249 2256/2256/2256 2255/2255/2255
f 2257/2257/2257 2256/2256/2256 2249/2249/2249
f 2249/2249/2249 2248/2248/2248 2257/2257/2257
f 2258/2258/2258 2257/2257/2257 2248/2248/2248
f 2248/2248/2248 2259/2259/2259 2258/2258/2258
f 2259/2259/2259 2248/2248/2248 2251/2251/2251
f 2251/2251/2251 2260/2260/2260 2259/2259/2259
f 2260/2260/2260 2251/2251/2251 2253/2253/2253
f 2253/2253/2253 2261/2261/2261 2260/2260/2260
f 2262/2262/2262 2263/2263/2263 2264/2264/2264
f 2264/2264/2264 2265/2265/2265 2262/2262/2262
f 2265/2265/2265 2264/2264/2264 2254/2254/2254
f 2254/2254/2254 2266/2266/2266 2265/2265/2265
f 2266/2266/2266 2254/2254/2254 2255/2255/2255
f 2255/2255/2255 2267/2267/2267 2266/2266/2266
f 2268/2268/2268 2269/2269/2269 2270/2270/2270
f 2269/2269/2269 2268/2268/2268 2271/2271/2271
f 2271/2271/2271 2268/2268/2268 2272/2272/2272
f 2272/2272/2272 2273/2273/2273 2271/2271/2271
f 2273/2273/2273 2272/2272/2272 2262/2262/2262
f 2262/2262/2262 2274/2274/2274 2273/2273/2273
f 2274/2274/2274 2262/2262/2262 2265/2265/2265
f 2265/2265/2265 2275/2275/2275 2274/2274/2274
f 2275/2275/2275 2265/2265/2265 2266/2266/2266
f 2266/2266/2266 2276/2276/2276 2275/2275/2275
f 2276/2276/2276 2277/2277/2277 2278/2278/2278
f 2278/2278/2278 2275/2275/2275 2276/2276/2276
f 2275/2275/2275 2278/2278/2278 2279/2279/2279
f 2279/2279/2279 2274/2274/2274 2275/2275/2275
f 2274/2274/2274 2279/2279/2279 2280/2280/2280
f 2280/2280/2280 2273/2273/2273 2274/2274/2274
f 2277/2277/2277 2281/2281/2281 2282/2282/2282
f 2282/2282/2282 2278/2278/2278 2277/2277/2277
f 2278/2278/2278 2282/2282/2282 2283/2283/2283
f 2283/2283/2283 2279/2279/2279 2278/2278/2278
f 2279/2279/2279 2283/2283/2283 2284/2284/2284
f 2284/2284/2284 2280/2280/2280 2279/2279/2279
f 2280/2280/2280 2284/2284/2284 2285/2285/2285
f 2285/2285/2285 2286/2286/2286 2280/2280/2280
f 2273/2273/2273 2280/2280/2280 2286/2286/2286
f 2286/2286/2286 2271/2271/2271 2273/2273/2273
f 2287/2287/2287 2282/2282/2282 2281/2281/2281
f 2282/2282/2282 2287/2287/2287 2288/2288/2288
f 2288/2288/2288 2283/2283/2283 2282/2282/2282
f 2283/2283/2283 2288/2288/2288 2289/2289/2289
f 2289/2289/2289 2284/2284/2284 2283/2283/2283
f 2284/2284/2284 2289/2289/2289 2290/2290/2290
f 2290/2290/2290 2285/2285/2285 2284/2284/2284
f 2291/2291/2291 2285/2285/2285 2290/2290/2290
f 2285/2285/2285 2291/2291/2291 2292/2292/2292
f 2292/2292/2292 2286/2286/2286 2285/2285/2285
f 2286/2286/2286 2292/2292/2292 2293/2293/2293
f 2293/2293/2293 2271/2271/2271 2286/2286/2286
f 2271/2271/2271 2293/2293/2293 2269/2269/2269
f 2290/2290/2290 2294/2294/2294 2291/2291/2291
f 2276/2276/2276 2266/2266/2266 2267/2267/2267
f 2267/2267/2267 2295/2295/2295 2276/2276/2276
f 2277/2277/2277 2276/2276/2276 2295/2295/2295
f 2295/2295/2295 2296/2296/2296 2277/2277/2277
f 2277/2277/2277 2296/2296/2296 2297/2297/2297
f 2297/2297/2297 2298/2298/2298 2277/2277/2277
f 2281/2281/2281 2277/2277/2277 2298/2298/2298
f 2281/2281/2281 2298/2298/2298 2299/2299/2299
f 2299/2299/2299 2300/2300/2300 2281/2281/2281
f 2281/2281/2281 2300/2300/2300 2287/2287/2287
f 2301/2301/2301 2302/2302/2302 2303/2303/2303
f 2302/2302/2302 2301/2301/2301 2304/2304/2304
f 2305/2305/2305 2304/2304/2304 2301/2301/2301
f 2301/2301/2301 2306/2306/2306 2305/2305/2305
f 2306/2306/2306 2301/2301/2301 2307/2307/2307
f 2307/2307/2307 2308/2308/2308 2306/2306/2306
f 2307/2307/2307 2309/2309/2309 2308/2308/2308
f 2309/2309/2309 2307/2307/2307 2310/2310/2310
f 2310/2310/2310 2311/2311/2311 2309/2309/2309
f 2311/2311/2311 2310/2310/2310 2312/2312/2312
f 2311/2311/2311 2312/2312/2312 2313/2313/2313
f 2313/2313/2313 2314/2314/2314 2311/2311/2311
f 2309/2309/2309 2315/2315/2315 2316/2316/2316
f 2315/2315/2315 2309/2309/2309 2311/2311/2311
f 2311/2311/2311 2317/2317/2317 2315/2315/2315
f 2317/2317/2317 2311/2311/2311 2314/2314/2314
f 2314/2314/2314 2318/2318/2318 2317/2317/2317
f 2303/2303/2303 2307/2307/2307 2301/2301/2301
f 2307/2307/2307 2303/2303/2303 2319/2319/2319
f 2319/2319/2319 2310/2310/2310 2307/2307/2307
f 2302/2302/2302 2320/2320/2320 2321/2321/2321
f 2302/2302/2302 2304/2304/2304 2320/2320/2320
f 2320/2320/2320 2304/2304/2304 2322/2322/2322
f 2322/2322/2322 2304/2304/2304 2305/2305/2305
f 2305/2305/2305 2323/2323/2323 2322/2322/2322
f 2323/2323/2323 2305/2305/2305 2306/2306/2306
f 2306/2306/2306 2324/2324/2324 2323/2323/2323
f 2324/2324/2324 2306/2306/2306 2308/2308/2308
f 2308/2308/2308 2316/2316/2316 2324/2324/2324
f 2316/2316/2316 2308/2308/2308 2309/2309/2309
f 2325/2325/2325 2326/2326/2326 2327/2327/2327
f 2328/2328/2328 2329/2329/2329 2330/2330/2330
f 2330/2330/2330 2331/2331/2331 2328/2328/2328
f 2332/2332/2332 2333/2333/2333 2334/2334/2334
f 2332/2332/2332 2334/2334/2334 2335/2335/2335
f 2336/2336/2336 2337/2337/2337 2338/2338/2338
f 2336/2336/2336 2338/2338/2338 2339/2339/2339
f 2339/2339/2339 2340/2340/2340 2341/2341/2341
f 2339/2339/2339 2341/2341/2341 2342/2342/2342
f 2339/2339/2339 2342/2342/2342 2343/2343/2343
f 2339/2339/2339 2343/2343/2343 2344/2344/2344
f 2336/2336/2336 2339/2339/2339 2344/2344/2344
f 2336/2336/2336 2344/2344/2344 2345/2345/2345
f 2336/2336/2336 2345/2345/2345 2346/2346/2346
f 2336/2336/2336 2346/2346/2346 2347/2347/2347
f 2336/2336/2336 2347/2347/2347 2348/2348/2348
f 2336/2336/2336 2348/2348/2348 2349/2349/2349
f 2350/2350/2350 2336/2336/2336 2349/2349/2349
f 2349/2349/2349 2351/2351/2351 2350/2350/2350
f 2352/2352/2352 2350/2350/2350 2351/2351/2351
f 2351/2351/2351 2353/2353/2353 2352/2352/2352
f 2354/2354/2354 2352/2352/2352 2353/2353/2353
f 2353/2353/2353 2355/2355/2355 2354/2354/2354
f 2356/2356/2356 2354/2354/2354 2355/2355/2355
f 2355/2355/2355 2357/2357/2357 2356/2356/2356
f 2357/2357/2357 2358/2358/2358 2356/2356/2356
f 2357/2357/2357 2359/2359/2359 2358/2358/2358
f 2357/2357/2357 2360/2360/2360 2359/2359/2359
f 2357/2357/2357 2361/2361/2361 2360/2360/2360
f 2362/2362/2362 2363/2363/2363 2364/2364/2364
f 2362/2362/2362 2364/2364/2364 2365/2365/2365
f 2366/2366/2366 2367/2367/2367 2368/2368/2368
f 2368/2368/2368 2369/2369/2369 2366/2366/2366
f 2370/2370/2370 2366/2366/2366 2369/2369/2369
f 2369/2369/2369 2371/2371/2371 2370/2370/2370
f 2372/2372/2372 2373/2373/2373 2374/2374/2374
f 2375/2375/2375 2376/2376/2376 2377/2377/2377
f 2377/2377/2377 2378/2378/2378 2375/2375/2375
f 2379/2379/2379 2375/2375/2375 2378/2378/2378
f 2378/2378/2378 2380/2380/2380 2379/2379/2379
f 2381/2381/2381 2382/2382/2382 2383/2383/2383
f 2383/2383/2383 2384/2384/2384 2381/2381/2381
f 2384/2384/2384 2383/2383/2383 2385/2385/2385
f 2386/2386/2386 2385/2385/2385 2383/2383/2383
f 2383/2383/2383 2387/2387/2387 2386/2386/2386
f 2387/2387/2387 2383/2383/2383 2382/2382/2382
f 2382/2382/2382 2388/2388/2388 2387/2387/2387
f 2385/2385/2385 2389/2389/2389 2384/2384/2384
f 2390/2390/2390 2391/2391/2391 2392/2392/2392
f 2392/2392/2392 2393/2393/2393 2390/2390/2390
f 2394/2394/2394 2390/2390/2390 2393/2393/2393
f 2393/2393/2393 2395/2395/2395 2394/2394/2394
f 2396/2396/2396 2397/2397/2397 2398/2398/2398
f 2398/2398/2398 2399/2399/2399 2396/2396/2396
f 2399/2399/2399 2398/2398/2398 2400/2400/2400
f 2400/2400/2400 2401/2401/2401 2399/2399/2399
f 2401/2401/2401 2400/2400/2400 2402/2402/2402
f 2402/2402/2402 2403/2403/2403 2401/2401/2401
f 2403/2403/2403 2402/2402/2402 2404/2404/2404
f 2404/2404/2404 2405/2405/2405 2403/2403/2403
f 2405/2405/2405 2404/2404/2404 2406/2406/2406
f 2406/2406/2406 2407/2407/2407 2405/2405/2405
f 2407/2407/2407 2406/2406/2406 2408/2408/2408
f 2408/2408/2408 2409/2409/2409 2407/2407/2407
f 2409/2409/2409 2408/2408/2408 2410/2410/2410
f 2410/2410/2410 2411/2411/2411 2409/2409/2409
f 2411/2411/2411 2410/2410/2410 2412/2412/2412
f 2412/2412/2412 2413/2413/2413 2411/2411/2411
f 2413/2413/2413 2412/2412/2412 2414/2414/2414
f 2414/2414/2414 2415/2415/2415 2413/2413/2413
f 2415/2415/2415 2414/2414/2414 2397/2397/2397
f 2397/2397/2397 2416/2416/2416 2415/2415/2415
f 2417/2417/2417 2418/2418/2418 2419/2419/2419
f 2420/2420/2420 2421/2421/2421 2422/2422/2422
f 2422/2422/2422 2423/2423/2423 2420/2420/2420
f 2424/2424/2424 2425/2425/2425 2426/2426/2426
f 2425/2425/2425 2424/2424/2424 2427/2427/2427
f 2427/2427/2427 2428/2428/2428 2425/2425/2425
f 2429/2429/2429 2428/2428/2428 2427/2427/2427
f 2427/2427/2427 2423/2423/2423 2429/2429/2429
f 2423/2423/2423 2427/2427/2427 2430/2430/2430
f 2430/2430/2430 2420/2420/2420 2423/2423/2423
f 2420/2420/2420 2430/2430/2430 2431/2431/2431
f 2431/2431/2431 2432/2432/2432 2420/2420/2420
f 2421/2421/2421 2420/2420/2420 2432/2432/2432
f 2432/2432/2432 2433/2433/2433 2421/2421/2421
f 2434/2434/2434 2431/2431/2431 2430/2430/2430
f 2430/2430/2430 2427/2427/2427 2424/2424/2424
f 2424/2424/2424 2435/2435/2435 2430/2430/2430
f 2435/2435/2435 2424/2424/2424 2436/2436/2436
f 2435/2435/2435 2436/2436/2436 2437/2437/2437
f 2435/2435/2435 2437/2437/2437 2438/2438/2438
f 2430/2430/2430 2435/2435/2435 2434/2434/2434
f 2439/2439/2439 2434/2434/2434 2435/2435/2435
f 2435/2435/2435 2438/2438/2438 2439/2439/2439
f 2440/2440/2440 2439/2439/2439 2438/2438/2438
f 2438/2438/2438 2441/2441/2441 2440/2440/2440
f 2441/2441/2441 2438/2438/2438 2437/2437/2437
f 2437/2437/2437 2442/2442/2442 2441/2441/2441
f 2442/2442/2442 2437/2437/2437 2436/2436/2436
f 2436/2436/2436 2426/2426/2426 2442/2442/2442
f 2426/2426/2426 2436/2436/2436 2424/2424/2424
f 2443/2443/2443 2444/2444/2444 2445/2445/2445
f 2446/2446/2446 2445/2445/2445 2444/2444/2444
f 2445/2445/2445 2446/2446/2446 2447/2447/2447
f 2448/2448/2448 2447/2447/2447 2446/2446/2446
f 2447/2447/2447 2448/2448/2448 2449/2449/2449
f 2450/2450/2450 2449/2449/2449 2448/2448/2448
f 2449/2449/2449 2450/2450/2450 2451/2451/2451
f 2452/2452/2452 2451/2451/2451 2450/2450/2450
f 2451/2451/2451 2452/2452/2452 2453/2453/2453
f 2454/2454/2454 2453/2453/2453 2452/2452/2452
f 2453/2453/2453 2454/2454/2454 2455/2455/2455
f 2456/2456/2456 2455/2455/2455 2454/2454/2454
f 2455/2455/2455 2456/2456/2456 2457/2457/2457
f 2458/2458/2458 2457/2457/2457 2456/2456/2456
f 2457/2457/2457 2458/2458/2458 2459/2459/2459
f 2460/2460/2460 2459/2459/2459 2458/2458/2458
f 2459/2459/2459 2460/2460/2460 2461/2461/2461
f 2462/2462/2462 2461/2461/2461 2460/2460/2460
f 2461/2461/2461 2462/2462/2462 2463/2463/2463
f 2464/2464/2464 2463/2463/2463 2462/2462/2462
f 2463/2463/2463 2464/2464/2464 2465/2465/2465
f 2466/2466/2466 2465/2465/2465 2464/2464/2464
f 2465/2465/2465 2466/2466/2466 2467/2467/2467
f 2468/2468/2468 2467/2467/2467 2466/2466/2466
f 2467/2467/2467 2468/2468/2468 2469/2469/2469
f 2470/2470/2470 2469/2469/2469 2468/2468/2468
f 2469/2469/2469 2470/2470/2470 2471/2471/2471
f 2472/2472/2472 2471/2471/2471 2470/2470/2470
f 2471/2471/2471 2472/2472/2472 2473/2473/2473
f 2474/2474/2474 2473/2473/2473 2472/2472/2472
f 2473/2473/2473 2474/2474/2474 2443/2443/2443
f 2444/2444/2444 2443/2443/2443 2474/2474/2474
f 2475/2475/2475 2476/2476/2476 2477/2477/2477
f 2478/2478/2478 2479/2479/2479 2480/2480/2480
f 2480/2480/2480 2481/2481/2481 2478/2478/2478
f 2481/2481/2481 2480/2480/2480 2482/2482/2482
f 2482/2482/2482 2483/2483/2483 2481/2481/2481
f 2484/2484/2484 2482/2482/2482 2480/2480/2480
f 2484/2484/2484 2480/2480/2480 2479/2479/2479
f 2484/2484/2484 2479/2479/2479 2485/2485/2485
f 2486/2486/2486 2485/2485/2485 2479/2479/2479
f 2479/2479/2479 2478/2478/2478 2486/2486/2486
f 2487/2487/2487 2486/2486/2486 2478/2478/2478
f 2478/2478/2478 2488/2488/2488 2487/2487/2487
f 2488/2488/2488 2478/2478/2478 2481/2481/2481
f 2481/2481/2481 2489/2489/2489 2488/2488/2488
f 2489/2489/2489 2481/2481/2481 2483/2483/2483
f 2483/2483/2483 2490/2490/2490 2489/2489/2489
f 2491/2491/2491 2492/2492/2492 2493/2493/2493
f 2494/2494/2494 2495/2495/2495 2496/2496/2496
f 2496/2496/2496 2497/2497/2497 2494/2494/2494
f 2497/2497/2497 2496/2496/2496 2498/2498/2498
f 2498/2498/2498 2499/2499/2499 2497/2497/2497
f 2500/2500/2500 2498/2498/2498 2496/2496/2496
f 2500/2500/2500 2496/2496/2496 2495/2495/2495
f 2500/2500/2500 2495/2495/2495 2501/2501/2501
f 2502/2502/2502 2501/2501/2501 2495/2495/2495
f 2495/2495/2495 2494/2494/2494 2502/2502/2502
f 2503/2503/2503 2502/2502/2502 2494/2494/2494
f 2494/2494/2494 2504/2504/2504 2503/2503/2503
f 2504/2504/2504 2494/2494/2494 2497/2497/2497
f 2497/2497/2497 2505/2505/2505 2504/2504/2504
f 2505/2505/2505 2497/2497/2497 2499/2499/2499
f 2499/2499/2499 2506/2506/2506 2505/2505/2505
f 2507/2507/2507 2508/2508/2508 2509/2509/2509
f 2510/2510/2510 2511/2511/2511 2512/2512/2512
f 2512/2512/2512 2513/2513/2513 2510/2510/2510
f 2511/2511/2511 2510/2510/2510 2514/2514/2514
f 2515/2515/2515 2514/2514/2514 2510/2510/2510
f 2510/2510/2510 2516/2516/2516 2515/2515/2515
f 2516/2516/2516 2510/2510/2510 2513/2513/2513
f 2513/2513/2513 2517/2517/2517 2516/2516/2516
f 2518/2518/2518 2512/2512/2512 2511/2511/2511
f 2511/2511/2511 2519/2519/2519 2518/2518/2518
f 2520/2520/2520 2518/2518/2518 2519/2519/2519
f 2519/2519/2519 2521/2521/2521 2520/2520/2520
f 2519/2519/2519 2522/2522/2522 2521/2521/2521
f 2519/2519/2519 2523/2523/2523 2522/2522/2522
f 2519/2519/2519 2524/2524/2524 2523/2523/2523
f 2524/2524/2524 2519/2519/2519 2511/2511/2511
f 2511/2511/2511 2525/2525/2525 2524/2524/2524
f 2514/2514/2514 2525/2525/2525 2511/2511/2511
f 2526/2526/2526 2527/2527/2527 2528/2528/2528
f 2529/2529/2529 2530/2530/2530 2531/2531/2531
f 2530/2530/2530 2529/2529/2529 2532/2532/2532
f 2532/2532/2532 2529/2529/2529 2533/2533/2533
f 2533/2533/2533 2534/2534/2534 2532/2532/2532
f 2534/2534/2534 2533/2533/2533 2535/2535/2535
f 2535/2535/2535 2536/2536/2536 2534/2534/2534
f 2532/2532/2532 2537/2537/2537 2530/2530/2530
f 2538/2538/2538 2535/2535/2535 2533/2533/2533
f 2535/2535/2535 2538/2538/2538 2539/2539/2539
f 2539/2539/2539 2540/2540/2540 2535/2535/2535
f 2536/2536/2536 2535/2535/2535 2540/2540/2540
f 2540/2540/2540 2541/2541/2541 2536/2536/2536
f 2542/2542/2542 2543/2543/2543 2544/2544/2544
f 2544/2544/2544 2545/2545/2545 2542/2542/2542
f 2538/2538/2538 2542/2542/2542 2545/2545/2545
f 2545/2545/2545 2546/2546/2546 2538/2538/2538
f 2539/2539/2539 2538/2538/2538 2546/2546/2546
f 2546/2546/2546 2547/2547/2547 2539/2539/2539
f 2547/2547/2547 2546/2546/2546 2548/2548/2548
f 2548/2548/2548 2549/2549/2549 2547/2547/2547
f 2550/2550/2550 2548/2548/2548 2546/2546/2546
f 2546/2546/2546 2545/2545/2545 2550/2550/2550
f 2550/2550/2550 2545/2545/2545 2544/2544/2544
f 2544/2544/2544 2551/2551/2551 2550/2550/2550
f 2551/2551/2551 2544/2544/2544 2552/2552/2552
f 2552/2552/2552 2544/2544/2544 2543/2543/2543
f 2543/2543/2543 2531/2531/2531 2552/2552/2552
f 2531/2531/2531 2543/2543/2543 2529/2529/2529
f 2529/2529/2529 2543/2543/2543 2542/2542/2542
f 2542/2542/2542 2533/2533/2533 2529/2529/2529
f 2533/2533/2533 2542/2542/2542 2538/2538/2538
f 2552/2552/2552 2553/2553/2553 2551/2551/2551
f 2554/2554/2554 2555/2555/2555 2556/2556/2556
f 2557/2557/2557 2555/2555/2555 2554/2554/2554
f 2554/2554/2554 2558/2558/2558 2557/2557/2557
f 2559/2559/2559 2560/2560/2560 2558/2558/2558
f 2558/2558/2558 2554/2554/2554 2559/2559/2559
f 2559/2559/2559 2554/2554/2554 2561/2561/2561
f 2556/2556/2556 2561/2561/2561 2554/2554/2554
f 2562/2562/2562 2561/2561/2561 2556/2556/2556
f 2556/2556/2556 2563/2563/2563 2562/2562/2562
f 2560/2560/2560 2564/2564/2564 2565/2565/2565
f 2565/2565/2565 2566/2566/2566 2560/2560/2560
f 2558/2558/2558 2560/2560/2560 2566/2566/2566
f 2566/2566/2566 2567/2567/2567 2558/2558/2558
f 2558/2558/2558 2567/2567/2567 2568/2568/2568
f 2569/2569/2569 2558/2558/2558 2568/2568/2568
f 2568/2568/2568 2570/2570/2570 2569/2569/2569
f 2562/2562/2562 2571/2571/2571 2572/2572/2572
f 2572/2572/2572 2573/2573/2573 2574/2574/2574
f 2574/2574/2574 2575/2575/2575 2572/2572/2572
f 2572/2572/2572 2575/2575/2575 2562/2562/2562
f 2576/2576/2576 2562/2562/2562 2575/2575/2575
f 2561/2561/2561 2562/2562/2562 2576/2576/2576
f 2576/2576/2576 2577/2577/2577 2561/2561/2561
f 2561/2561/2561 2577/2577/2577 2559/2559/2559
f 2578/2578/2578 2559/2559/2559 2577/2577/2577
f 2560/2560/2560 2559/2559/2559 2578/2578/2578
f 2578/2578/2578 2564/2564/2564 2560/2560/2560
f 2575/2575/2575 2574/2574/2574 2579/2579/2579
f 2579/2579/2579 2580/2580/2580 2575/2575/2575
f 2575/2575/2575 2580/2580/2580 2576/2576/2576
f 2581/2581/2581 2576/2576/2576 2580/2580/2580
f 2577/2577/2577 2576/2576/2576 2581/2581/2581
f 2581/2581/2581 2582/2582/2582 2577/2577/2577
f 2577/2577/2577 2582/2582/2582 2578/2578/2578
f 2580/2580/2580 2579/2579/2579 2583/2583/2583
f 2583/2583/2583 2584/2584/2584 2580/2580/2580
f 2580/2580/2580 2584/2584/2584 2581/2581/2581
f 2585/2585/2585 2586/2586/2586 2587/2587/2587
f 2588/2588/2588 2589/2589/2589 2590/2590/2590
f 2590/2590/2590 2591/2591/2591 2588/2588/2588
f 2592/2592/2592 2591/2591/2591 2590/2590/2590
f 2591/2591/2591 2592/2592/2592 2593/2593/2593
f 2593/2593/2593 2594/2594/2594 2591/2591/2591
f 2591/2591/2591 2594/2594/2594 2595/2595/2595
f 2595/2595/2595 2588/2588/2588 2591/2591/2591
f 2596/2596/2596 2588/2588/2588 2595/2595/2595
f 2595/2595/2595 2597/2597/2597 2596/2596/2596
f 2596/2596/2596 2597/2597/2597 2598/2598/2598
f 2590/2590/2590 2599/2599/2599 2592/2592/2592
f 2600/2600/2600 2601/2601/2601 2602/2602/2602
f 2602/2602/2602 2603/2603/2603 2600/2600/2600
f 2604/2604/2604 2600/2600/2600 2603/2603/2603
f 2603/2603/2603 2605/2605/2605 2604/2604/2604
f 2598/2598/2598 2605/2605/2605 2603/2603/2603
f 2603/2603/2603 2606/2606/2606 2598/2598/2598
f 2598/2598/2598 2606/2606/2606 2596/2596/2596
f 2607/2607/2607 2596/2596/2596 2606/2606/2606
f 2588/2588/2588 2596/2596/2596 2607/2607/2607
f 2607/2607/2607 2589/2589/2589 2588/2588/2588
f 2606/2606/2606 2603/2603/2603 2602/2602/2602
f 2602/2602/2602 2608/2608/2608 2606/2606/2606
f 2606/2606/2606 2608/2608/2608 2607/2607/2607
f 2609/2609/2609 2610/2610/2610 2611/2611/2611
f 2611/2611/2611 2612/2612/2612 2609/2609/2609
f 2613/2613/2613 2609/2609/2609 2612/2612/2612
f 2612/2612/2612 2614/2614/2614 2613/2613/2613
f 2613/2613/2613 2614/2614/2614 2615/2615/2615
f 2615/2615/2615 2616/2616/2616 2613/2613/2613
f 2616/2616/2616 2615/2615/2615 2617/2617/2617
f 2617/2617/2617 2618/2618/2618 2616/2616/2616
f 2618/2618/2618 2617/2617/2617 2619/2619/2619
f 2619/2619/2619 2620/2620/2620 2618/2618/2618
f 2621/2621/2621 2622/2622/2622 2610/2610/2610
f 2610/2610/2610 2609/2609/2609 2621/2621/2621
f 2623/2623/2623 2621/2621/2621 2609/2609/2609
f 2609/2609/2609 2613/2613/2613 2623/2623/2623
f 2623/2623/2623 2613/2613/2613 2616/2616/2616
f 2616/2616/2616 2624/2624/2624 2623/2623/2623
f 2624/2624/2624 2616/2616/2616 2618/2618/2618
f 2624/2624/2624 2618/2618/2618 2620/2620/2620
f 2624/2624/2624 2620/2620/2620 2625/2625/2625
f 2624/2624/2624 2625/2625/2625 2626/2626/2626
f 2626/2626/2626 2627/2627/2627 2624/2624/2624
f 2623/2623/2623 2624/2624/2624 2627/2627/2627
f 2627/2627/2627 2628/2628/2628 2623/2623/2623
f 2621/2621/2621 2623/2623/2623 2628/2628/2628
f 2628/2628/2628 2629/2629/2629 2621/2621/2621
f 2622/2622/2622 2621/2621/2621 2629/2629/2629
f 2629/2629/2629 2630/2630/2630 2622/2622/2622
f 2631/2631/2631 2632/2632/2632 2633/2633/2633
f 2634/2634/2634 2633/2633/2633 2632/2632/2632
f 2632/2632/2632 2635/2635/2635 2634/2634/2634
f 2636/2636/2636 2634/2634/2634 2635/2635/2635
f 2635/2635/2635 2637/2637/2637 2636/2636/2636
f 2638/2638/2638 2636/2636/2636 2637/2637/2637
f 2637/2637/2637 2639/2639/2639 2638/2638/2638
f 2640/2640/2640 2638/2638/2638 2639/2639/2639
f 2639/2639/2639 2641/2641/2641 2640/2640/2640
f 2642/2642/2642 2640/2640/2640 2641/2641/2641
f 2641/2641/2641 2643/2643/2643 2642/2642/2642
f 2644/2644/2644 2642/2642/2642 2643/2643/2643
f 2643/2643/2643 2645/2645/2645 2644/2644/2644
f 2646/2646/2646 2644/2644/2644 2645/2645/2645
f 2645/2645/2645 2647/2647/2647 2646/2646/2646
f 2648/2648/2648 2646/2646/2646 2647/2647/2647
f 2647/2647/2647 2649/2649/2649 2648/2648/2648
f 2650/2650/2650 2648/2648/2648 2649/2649/2649
f 2649/2649/2649 2631/2631/2631 2650/2650/2650
f 2633/2633/2633 2650/2650/2650 2631/2631/2631
f 2651/2651/2651 2652/2652/2652 2653/2653/2653
f 2654/2654/2654 2655/2655/2655 2656/2656/2656
f 2656/2656/2656 2657/2657/2657 2654/2654/2654
f 2657/2657/2657 2656/2656/2656 2658/2658/2658
f 2658/2658/2658 2659/2659/2659 2657/2657/2657
f 2660/2660/2660 2657/2657/2657 2659/2659/2659
f 2659/2659/2659 2661/2661/2661 2660/2660/2660
f 2662/2662/2662 2660/2660/2660 2661/2661/2661
f 2661/2661/2661 2663/2663/2663 2662/2662/2662
f 2664/2664/2664 2662/2662/2662 2663/2663/2663
f 2663/2663/2663 2665/2665/2665 2664/2664/2664
f 2666/2666/2666 2654/2654/2654 2657/2657/2657
f 2657/2657/2657 2660/2660/2660 2666/2666/2666
f 2667/2667/2667 2666/2666/2666 2660/2660/2660
f 2660/2660/2660 2662/2662/2662 2667/2667/2667
f 2668/2668/2668 2667/2667/2667 2662/2662/2662
f 2662/2662/2662 2664/2664/2664 2668/2668/2668
f 2669/2669/2669 2668/2668/2668 2664/2664/2664
f 2664/2664/2664 2670/2670/2670 2669/2669/2669
f 2671/2671/2671 2669/2669/2669 2670/2670/2670
f 2670/2670/2670 2672/2672/2672 2671/2671/2671
f 2670/2670/2670 2664/2664/2664 2665/2665/2665
f 2665/2665/2665 2673/2673/2673 2670/2670/2670
f 2672/2672/2672 2670/2670/2670 2673/2673/2673
f 2673/2673/2673 2674/2674/2674 2672/2672/2672
f 2675/2675/2675 2672/2672/2672 2674/2674/2674
f 2674/2674/2674 2676/2676/2676 2675/2675/2675
f 2677/2677/2677 2675/2675/2675 2676/2676/2676
f 2676/2676/2676 2678/2678/2678 2677/2677/2677
f 2679/2679/2679 2677/2677/2677 2678/2678/2678
f 2678/2678/2678 2680/2680/2680 2679/2679/2679
f 2681/2681/2681 2679/2679/2679 2680/2680/2680
f 2680/2680/2680 2682/2682/2682 2681/2681/2681
f 2683/2683/2683 2671/2671/2671 2672/2672/2672
f 2672/2672/2672 2675/2675/2675 2683/2683/2683
f 2684/2684/2684 2683/2683/2683 2675/2675/2675
f 2675/2675/2675 2677/2677/2677 2684/2684/2684
f 2685/2685/2685 2684/2684/2684 2677/2677/2677
f 2677/2677/2677 2679/2679/2679 2685/2685/2685
f 2686/2686/2686 2685/2685/2685 2679/2679/2679
f 2679/2679/2679 2681/2681/2681 2686/2686/2686
f 2687/2687/2687 2688/2688/2688 2689/2689/2689
f 2690/2690/2690 2691/2691/2691 2692/2692/2692
f 2693/2693/2693 2692/2692/2692 2691/2691/2691
f 2691/2691/2691 2694/2694/2694 2693/2693/2693
f 2695/2695/2695 2693/2693/2693 2694/2694/2694
f 2694/2694/2694 2696/2696/2696 2695/2695/2695
f 2697/2697/2697 2695/2695/2695 2696/2696/2696
f 2696/2696/2696 2698/2698/2698 2697/2697/2697
f 2699/2699/2699 2697/2697/2697 2698/2698/2698
f 2698/2698/2698 2700/2700/2700 2699/2699/2699
f 2701/2701/2701 2699/2699/2699 2700/2700/2700
f 2700/2700/2700 2702/2702/2702 2701/2701/2701
f 2703/2703/2703 2701/2701/2701 2702/2702/2702
f 2702/2702/2702 2704/2704/2704 2703/2703/2703
f 2705/2705/2705 2703/2703/2703 2704/2704/2704
f 2704/2704/2704 2706/2706/2706 2705/2705/2705
f 2707/2707/2707 2705/2705/2705 2706/2706/2706
f 2706/2706/2706 2708/2708/2708 2707/2707/2707
f 2709/2709/2709 2707/2707/2707 2708/2708/2708
f 2708/2708/2708 2690/2690/2690 2709/2709/2709
f 2692/2692/2692 2709/2709/2709 2690/2690/2690
f 2710/2710/2710 2711/2711/2711 2712/2712/2712
f 2713/2713/2713 2714/2714/2714 2715/2715/2715
f 2715/2715/2715 2716/2716/2716 2713/2713/2713
f 2717/2717/2717 2718/2718/2718 2719/2719/2719
f 2719/2719/2719 2720/2720/2720 2717/2717/2717
f 2721/2721/2721 2722/2722/2722 2723/2723/2723
f 2723/2723/2723 2724/2724/2724 2721/2721/2721
f 2725/2725/2725 2726/2726/2726 2727/2727/2727
f 2727/2727/2727 2728/2728/2728 2725/2725/2725
f 2729/2729/2729 2730/2730/2730 2731/2731/2731
f 2731/2731/2731 2732/2732/2732 2729/2729/2729
f 2733/2733/2733 2734/2734/2734 2735/2735/2735
f 2735/2735/2735 2736/2736/2736 2733/2733/2733
f 2737/2737/2737 2738/2738/2738 2739/2739/2739
f 2739/2739/2739 2740/2740/2740 2737/2737/2737
f 2741/2741/2741 2742/2742/2742 2743/2743/2743
f 2743/2743/2743 2744/2744/2744 2741/2741/2741
f 2745/2745/2745 2741/2741/2741 2744/2744/2744
f 2746/2746/2746 2747/2747/2747 2748/2748/2748
f 2748/2748/2748 2749/2749/2749 2746/2746/2746
f 2749/2749/2749 2750/2750/2750 2751/2751/2751
f 2752/2752/2752 2751/2751/2751 2750/2750/2750
f 2750/2750/2750 2753/2753/2753 2752/2752/2752
f 2754/2754/2754 2755/2755/2755 2756/2756/2756
f 2756/2756/2756 2757/2757/2757 2754/2754/2754
f 2757/2757/2757 2756/2756/2756 2758/2758/2758
f 2758/2758/2758 2759/2759/2759 2757/2757/2757
f 2760/2760/2760 2761/2761/2761 2762/2762/2762
f 2762/2762/2762 2763/2763/2763 2760/2760/2760
f 2764/2764/2764 2765/2765/2765 2766/2766/2766
f 2766/2766/2766 2767/2767/2767 2764/2764/2764
f 2768/2768/2768 2769/2769/2769 2770/2770/2770
f 2770/2770/2770 2771/2771/2771 2768/2768/2768
f 2772/2772/2772 2768/2768/2768 2771/2771/2771
f 2771/2771/2771 2773/2773/2773 2772/2772/2772
f 2774/2774/2774 2772/2772/2772 2773/2773/2773
f 2773/2773/2773 2775/2775/2775 2774/2774/2774
f 2776/2776/2776 2777/2777/2777 2778/2778/2778
f 2777/2777/2777 2776/2776/2776 2779/2779/2779
f 2779/2779/2779 2780/2780/2780 2777/2777/2777
f 2780/2780/2780 2779/2779/2779 2781/2781/2781
f 2781/2781/2781 2782/2782/2782 2780/2780/2780
f 2782/2782/2782 2781/2781/2781 2783/2783/2783
f 2783/2783/2783 2784/2784/2784 2782/2782/2782
f 2784/2784/2784 2783/2783/2783 2785/2785/2785
f 2785/2785/2785 2786/2786/2786 2784/2784/2784
f 2786/2786/2786 2785/2785/2785 2787/2787/2787
f 2787/2787/2787 2788/2788/2788 2786/2786/2786
f 2788/2788/2788 2787/2787/2787 2789/2789/2789
f 2790/2790/2790 2791/2791/2791 2792/2792/2792
f 2793/2793/2793 2794/2794/2794 2795/2795/2795
f 2795/2795/2795 2796/2796/2796 2793/2793/2793
f 2797/2797/2797 2798/2798/2798 2799/2799/2799
f 2799/2799/2799 2800/2800/2800 2797/2797/2797
f 2800/2800/2800 2799/2799/2799 2801/2801/2801
f 2801/2801/2801 2802/2802/2802 2800/2800/2800
f 2803/2803/2803 2800/2800/2800 2802/2802/2802
f 2800/2800/2800 2803/2803/2803 2804/2804/2804
f 2804/2804/2804 2797/2797/2797 2800/2800/2800
f 2802/2802/2802 2805/2805/2805 2803/2803/2803
f 2806/2806/2806 2807/2807/2807 2808/2808/2808
f 2808/2808/2808 2809/2809/2809 2806/2806/2806
f 2810/2810/2810 2806/2806/2806 2809/2809/2809
f 2809/2809/2809 2811/2811/2811 2810/2810/2810
f 2810/2810/2810 2811/2811/2811 2812/2812/2812
f 2812/2812/2812 2813/2813/2813 2810/2810/2810
f 2814/2814/2814 2815/2815/2815 2816/2816/2816
f 2817/2817/2817 2816/2816/2816 2815/2815/2815
f 2815/2815/2815 2818/2818/2818 2817/2817/2817
f 2819/2819/2819 2817/2817/2817 2818/2818/2818
f 2818/2818/2818 2820/2820/2820 2819/2819/2819
f 43/43/43 48/48/48 44/44/44
f 2819/2819/2819 44/44/44 48/48/48
f 48/48/48 50/50/50 2819/2819/2819
f 2817/2817/2817 2819/2819/2819 50/50/50
f 50/50/50 2821/2821/2821 2817/2817/2817
f 2816/2816/2816 2817/2817/2817 2821/2821/2821
f 2821/2821/2821 2822/2822/2822 2816/2816/2816
f 137/137/137 2816/2816/2816 2822/2822/2822
f 2816/2816/2816 137/137/137 2814/2814/2814
f 138/138/138 2814/2814/2814 137/137/137
f 121/121/121 49/49/49 52/52/52
f 124/124/124 49/49/49 121/121/121
f 124/124/124 50/50/50 49/49/49
f 50/50/50 124/124/124 126/126/126
f 126/126/126 2821/2821/2821 50/50/50
f 2821/2821/2821 126/126/126 128/128/128
f 128/128/128 2822/2822/2822 2821/2821/2821
f 131/131/131 2822/2822/2822 128/128/128
f 2822/2822/2822 131/131/131 137/137/137
f 135/135/135 137/137/137 131/131/131
f 2823/2823/2823 2824/2824/2824 2825/2825/2825
f 2823/2823/2823 2825/2825/2825 2826/2826/2826
f 2823/2823/2823 2826/2826/2826 2827/2827/2827
f 2823/2823/2823 2827/2827/2827 2828/2828/2828
f 2823/2823/2823 2828/2828/2828 2829/2829/2829
f 2823/2823/2823 2829/2829/2829 2830/2830/2830
f 2823/2823/2823 2830/2830/2830 2831/2831/2831
f 2823/2823/2823 2831/2831/2831 2832/2832/2832
f 2833/2833/2833 2834/2834/2834 2835/2835/2835
f 2835/2835/2835 2836/2836/2836 2833/2833/2833
f 2837/2837/2837 2833/2833/2833 2836/2836/2836
f 2836/2836/2836 2838/2838/2838 2837/2837/2837
f 2839/2839/2839 2840/2840/2840 2841/2841/2841
f 2842/2842/2842 2843/2843/2843 2844/2844/2844
f 2844/2844/2844 2845/2845/2845 2842/2842/2842
f 2846/2846/2846 2842/2842/2842 2845/2845/2845
f 2845/2845/2845 2847/2847/2847 2846/2846/2846
f 2848/2848/2848 2846/2846/2846 2847/2847/2847
f 2847/2847/2847 2849/2849/2849 2848/2848/2848
f 2850/2850/2850 2851/2851/2851 2852/2852/2852
f 2851/2851/2851 2850/2850/2850 2853/2853/2853
f 2853/2853/2853 2854/2854/2854 2851/2851/2851
f 2854/2854/2854 2853/2853/2853 2855/2855/2855
f 2855/2855/2855 2856/2856/2856 2854/2854/2854
f 2856/2856/2856 2855/2855/2855 2857/2857/2857
f 2857/2857/2857 2858/2858/2858 2856/2856/2856
f 2858/2858/2858 2857/2857/2857 2859/2859/2859
f 2859/2859/2859 2860/2860/2860 2858/2858/2858
f 2860/2860/2860 2859/2859/2859 2861/2861/2861
f 2862/2862/2862 2863/2863/2863 2864/2864/2864
f 2863/2863/2863 2862/2862/2862 2865/2865/2865
f 2865/2865/2865 2866/2866/2866 2863/2863/2863
f 2866/2866/2866 2865/2865/2865 2867/2867/2867
f 2867/2867/2867 2868/2868/2868 2866/2866/2866
f 2868/2868/2868 2867/2867/2867 2869/2869/2869
f 2869/2869/2869 2870/2870/2870 2868/2868/2868
f 2870/2870/2870 2869/2869/2869 2871/2871/2871
f 2871/2871/2871 2872/2872/2872 2870/2870/2870
f 2872/2872/2872 2871/2871/2871 2873/2873/2873
f 2873/2873/2873 2874/2874/2874 2872/2872/2872
f 2874/2874/2874 2873/2873/2873 2875/2875/2875
f 2876/2876/2876 2877/2877/2877 2878/2878/2878
f 2877/2877/2877 2876/2876/2876 2879/2879/2879
f 2879/2879/2879 2880/2880/2880 2877/2877/2877
f 2880/2880/2880 2879/2879/2879 2881/2881/2881
f 2882/2882/2882 2883/2883/2883 2884/2884/2884
f 2883/2883/2883 2882/2882/2882 2885/2885/2885
f 2885/2885/2885 2886/2886/2886 2883/2883/2883
f 2886/2886/2886 2885/2885/2885 2887/2887/2887
f 2888/2888/2888 2889/2889/2889 2890/2890/2890
f 2889/2889/2889 2888/2888/2888 2891/2891/2891
f 2891/2891/2891 2892/2892/2892 2889/2889/2889
f 2892/2892/2892 2891/2891/2891 2893/2893/2893
f 2894/2894/2894 2895/2895/2895 2896/2896/2896
f 2897/2897/2897 2898/2898/2898 2895/2895/2895
f 2895/2895/2895 2894/2894/2894 2897/2897/2897
f 2899/2899/2899 2897/2897/2897 2894/2894/2894
f 2897/2897/2897 2899/2899/2899 2900/2900/2900
f 2900/2900/2900 2901/2901/2901 2897/2897/2897
f 2901/2901/2901 2900/2900/2900 2902/2902/2902
f 2898/2898/2898 2897/2897/2897 2901/2901/2901
f 2903/2903/2903 2904/2904/2904 2905/2905/2905
f 2904/2904/2904 2903/2903/2903 2906/2906/2906
f 2906/2906/2906 2907/2907/2907 2904/2904/2904
f 2907/2907/2907 2906/2906/2906 2908/2908/2908
f 2908/2908/2908 2909/2909/2909 2907/2907/2907
f 2909/2909/2909 2908/2908/2908 2910/2910/2910
f 2910/2910/2910 2911/2911/2911 2909/2909/2909
f 2911/2911/2911 2910/2910/2910 2912/2912/2912
f 2913/2913/2913 2914/2914/2914 2915/2915/2915
f 2914/2914/2914 2913/2913/2913 2916/2916/2916
f 2916/2916/2916 2917/2917/2917 2914/2914/2914
f 2917/2917/2917 2916/2916/2916 2918/2918/2918
f 2918/2918/2918 2919/2919/2919 2917/2917/2917
f 2919/2919/2919 2918/2918/2918 2920/2920/2920
f 2920/2920/2920 2921/2921/2921 2919/2919/2919
f 2921/2921/2921 2920/2920/2920 2922/2922/2922
f 2922/2922/2922 2905/2905/2905 2921/2921/2921
f 2905/2905/2905 2922/2922/2922 2903/2903/2903
f 2923/2923/2923 2924/2924/2924 2925/2925/2925
f 2923/2923/2923 2925/2925/2925 2926/2926/2926
f 2923/2923/2923 2926/2926/2926 2927/2927/2927
f 2923/2923/2923 2927/2927/2927 2928/2928/2928
f 2923/2923/2923 2928/2928/2928 2929/2929/2929
f 2923/2923/2923 2929/2929/2929 2930/2930/2930
f 2923/2923/2923 2930/2930/2930 2931/2931/2931
f 2923/2923/2923 2931/2931/2931 2932/2932/2932
f 2933/2933/2933 2934/2934/2934 2935/2935/2935
f 2935/2935/2935 2936/2936/2936 2933/2933/2933
f 2937/2937/2937 2933/2933/2933 2936/2936/2936
f 2936/2936/2936 2938/2938/2938 2937/2937/2937
f 2939/2939/2939 2940/2940/2940 2941/2941/2941
f 2940/2940/2940 2939/2939/2939 2942/2942/2942
f 2942/2942/2942 2943/2943/2943 2940/2940/2940
f 2943/2943/2943 2942/2942/2942 2944/2944/2944
f 2945/2945/2945 2946/2946/2946 2947/2947/2947
f 2946/2946/2946 2945/2945/2945 2948/2948/2948
f 2948/2948/2948 2949/2949/2949 2946/2946/2946
f 2949/2949/2949 2948/2948/2948 2950/2950/2950
f 2950/2950/2950 2951/2951/2951 2949/2949/2949
f 2951/2951/2951 2950/2950/2950 2952/2952/2952
f 2952/2952/2952 2953/2953/2953 2951/2951/2951
f 2953/2953/2953 2952/2952/2952 2954/2954/2954
f 2954/2954/2954 2941/2941/2941 2953/2953/2953
f 2941/2941/2941 2954/2954/2954 2939/2939/2939
f 2955/2955/2955 2956/2956/2956 2957/2957/2957
f 2958/2958/2958 2959/2959/2959 2960/2960/2960
f 2961/2961/2961 2960/2960/2960 2959/2959/2959
f 2959/2959/2959 2962/2962/2962 2961/2961/2961
f 2963/2963/2963 2961/2961/2961 2962/2962/2962
f 2962/2962/2962 2964/2964/2964 2963/2963/2963
f 2965/2965/2965 2963/2963/2963 2964/2964/2964
f 2964/2964/2964 2966/2966/2966 2965/2965/2965
f 2967/2967/2967 2965/2965/2965 2966/2966/2966
f 2966/2966/2966 2968/2968/2968 2967/2967/2967
f 2969/2969/2969 2967/2967/2967 2968/2968/2968
f 2968/2968/2968 2970/2970/2970 2969/2969/2969
f 2971/2971/2971 2969/2969/2969 2970/2970/2970
f 2970/2970/2970 2972/2972/2972 2971/2971/2971
f 2973/2973/2973 2971/2971/2971 2972/2972/2972
f 2972/2972/2972 2974/2974/2974 2973/2973/2973
f 2975/2975/2975 2973/2973/2973 2974/2974/2974
f 2974/2974/2974 2976/2976/2976 2975/2975/2975
f 2977/2977/2977 2975/2975/2975 2976/2976/2976
f 2976/2976/2976 2958/2958/2958 2977/2977/2977
f 2960/2960/2960 2977/2977/2977 2958/2958/2958
f 2978/2978/2978 2979/2979/2979 2980/2980/2980
f 2981/2981/2981 2982/2982/2982 2983/2983/2983
f 2984/2984/2984 2983/2983/2983 2982/2982/2982
f 2982/2982/2982 2985/2985/2985 2984/2984/2984
f 2986/2986/2986 2984/2984/2984 2985/2985/2985
f 2985/2985/2985 2987/2987/2987 2986/2986/2986
f 2988/2988/2988 2986/2986/2986 2987/2987/2987
f 2987/2987/2987 2989/2989/2989 2988/2988/2988
f 2990/2990/2990 2988/2988/2988 2989/2989/2989
f 2989/2989/2989 2991/2991/2991 2990/2990/2990
f 2992/2992/2992 2990/2990/2990 2991/2991/2991
f 2991/2991/2991 2993/2993/2993 2992/2992/2992
f 2994/2994/2994 2992/2992/2992 2993/2993/2993
f 2993/2993/2993 2995/2995/2995 2994/2994/2994
f 2996/2996/2996 2994/2994/2994 2995/2995/2995
f 2995/2995/2995 2997/2997/2997 2996/2996/2996
f 2998/2998/2998 2996/2996/2996 2997/2997/2997
f 2997/2997/2997 2999/2999/2999 2998/2998/2998
f 3000/3000/3000 2998/2998/2998 2999/2999/2999
f 2999/2999/2999 2981/2981/2981 3000/3000/3000
f 2983/2983/2983 3000/3000/3000 2981/2981/2981
f 3001/3001/3001 3002/3002/3002 3003/3003/3003
f 3003/3003/3003 3004/3004/3004 3001/3001/3001
f 3005/3005/3005 3001/3001/3001 3004/3004/3004
f 3004/3004/3004 3006/3006/3006 3005/3005/3005
f 3007/3007/3007 3005/3005/3005 3006/3006/3006
f 3006/3006/3006 3008/3008/3008 3007/3007/3007
f 3009/3009/3009 3010/3010/3010 3011/3011/3011
f 3011/3011/3011 3012/3012/3012 3009/3009/3009
f 3013/3013/3013 3009/3009/3009 3012/3012/3012
f 3012/3012/3012 3014/3014/3014 3013/3013/3013
f 3015/3015/3015 3013/3013/3013 3014/3014/3014
f 3014/3014/3014 3016/3016/3016 3015/3015/3015
f 3017/3017/3017 3015/3015/3015 3016/3016/3016
f 3016/3016/3016 3018/3018/3018 3017/3017/3017
f 3002/3002/3002 3017/3017/3017 3018/3018/3018
f 3018/3018/3018 3003/3003/3003 3002/3002/3002
f 3019/3019/3019 3020/3020/3020 3021/3021/3021
f 3021/3021/3021 3022/3022/3022 3019/3019/3019
f 3023/3023/3023 3019/3019/3019 3022/3022/3022
f 3022/3022/3022 3024/3024/3024 3023/3023/3023
f 3025/3025/3025 3026/3026/3026 3027/3027/3027
f 3027/3027/3027 3028/3028/3028 3025/3025/3025
f 3029/3029/3029 3025/3025/3025 3028/3028/3028
f 3028/3028/3028 3030/3030/3030 3029/3029/3029
f 3031/3031/3031 3029/3029/3029 3030/3030/3030
f 3030/3030/3030 3032/3032/3032 3031/3031/3031
f 3033/3033/3033 3031/3031/3031 3032/3032/3032
f 3032/3032/3032 3034/3034/3034 3033/3033/3033
f 3020/3020/3020 3033/3033/3033 3034/3034/3034
f 3034/3034/3034 3021/3021/3021 3020/3020/3020
f 3035/3035/3035 3036/3036/3036 3037/3037/3037
f 3038/3038/3038 3039/3039/3039 3040/3040/3040
f 3040/3040/3040 3041/3041/3041 3038/3038/3038
f 3041/3041/3041 3040/3040/3040 3042/3042/3042
f 3042/3042/3042 3043/3043/3043 3041/3041/3041
f 3044/3044/3044 3041/3041/3041 3043/3043/3043
f 3043/3043/3043 3045/3045/3045 3044/3044/3044
f 3046/3046/3046 3044/3044/3044 3045/3045/3045
f 3045/3045/3045 3047/3047/3047 3046/3046/3046
f 3048/3048/3048 3046/3046/3046 3047/3047/3047
f 3047/3047/3047 3049/3049/3049 3048/3048/3048
f 3050/3050/3050 3038/3038/3038 3041/3041/3041
f 3041/3041/3041 3044/3044/3044 3050/3050/3050
f 3051/3051/3051 3050/3050/3050 3044/3044/3044
f 3044/3044/3044 3046/3046/3046 3051/3051/3051
f 3052/3052/3052 3051/3051/3051 3046/3046/3046
f 3046/3046/3046 3048/3048/3048 3052/3052/3052
f 3053/3053/3053 3052/3052/3052 3048/3048/3048
f 3048/3048/3048 3054/3054/3054 3053/3053/3053
f 3055/3055/3055 3053/3053/3053 3054/3054/3054
f 3054/3054/3054 3056/3056/3056 3055/3055/3055
f 3054/3054/3054 3048/3048/3048 3049/3049/3049
f 3049/3049/3049 3057/3057/3057 3054/3054/3054
f 3056/3056/3056 3054/3054/3054 3057/3057/3057
f 3057/3057/3057 3058/3058/3058 3056/3056/3056
f 3059/3059/3059 3056/3056/3056 3058/3058/3058
f 3058/3058/3058 3060/3060/3060 3059/3059/3059
f 3061/3061/3061 3059/3059/3059 3060/3060/3060
f 3060/3060/3060 3062/3062/3062 3061/3061/3061
f 3063/3063/3063 3061/3061/3061 3062/3062/3062
f 3062/3062/3062 3064/3064/3064 3063/3063/3063
f 3065/3065/3065 3063/3063/3063 3064/3064/3064
f 3064/3064/3064 3066/3066/3066 3065/3065/3065
f 3067/3067/3067 3055/3055/3055 3056/3056/3056
f 3056/3056/3056 3059/3059/3059 3067/3067/3067
f 3068/3068/3068 3067/3067/3067 3059/3059/3059
f 3059/3059/3059 3061/3061/3061 3068/3068/3068
f 3069/3069/3069 3068/3068/3068 3061/3061/3061
f 3061/3061/3061 3063/3063/3063 3069/3069/3069
f 3070/3070/3070 3069/3069/3069 3063/3063/3063
f 3063/3063/3063 3065/3065/3065 3070/3070/3070
f 3071/3071/3071 3072/3072/3072 3073/3073/3073
f 3074/3074/3074 3075/3075/3075 3076/3076/3076
f 3074/3074/3074 3076/3076/3076 3077/3077/3077
f 3074/3074/3074 3077/3077/3077 3078/3078/3078
f 3074/3074/3074 3078/3078/3078 3079/3079/3079
f 3074/3074/3074 3079/3079/3079 3080/3080/3080
f 3074/3074/3074 3080/3080/3080 3081/3081/3081
f 3074/3074/3074 3081/3081/3081 3082/3082/3082
f 3074/3074/3074 3082/3082/3082 3083/3083/3083
f 3084/3084/3084 3085/3085/3085 3086/3086/3086
f 3086/3086/3086 3087/3087/3087 3084/3084/3084
f 3088/3088/3088 3089/3089/3089 3090/3090/3090
f 3090/3090/3090 3091/3091/3091 3088/3088/3088
f 3092/3092/3092 3093/3093/3093 3094/3094/3094
f 3094/3094/3094 3095/3095/3095 3092/3092/3092
f 3096/3096/3096 3097/3097/3097 3098/3098/3098
f 3098/3098/3098 3099/3099/3099 3096/3096/3096
f 3100/3100/3100 3101/3101/3101 3102/3102/3102
f 3102/3102/3102 3103/3103/3103 3100/3100/3100
f 3104/3104/3104 3105/3105/3105 3106/3106/3106
f 3106/3106/3106 3107/3107/3107 3104/3104/3104
f 3108/3108/3108 3109/3109/3109 3110/3110/3110
f 3110/3110/3110 3111/3111/3111 3108/3108/3108
f 3112/3112/3112 3113/3113/3113 3114/3114/3114
f 3114/3114/3114 3115/3115/3115 3112/3112/3112
f 3116/3116/3116 3117/3117/3117 3118/3118/3118
f 3118/3118/3118 3119/3119/3119 3116/3116/3116
f 3120/3120/3120 3121/3121/3121 3122/3122/3122
f 3122/3122/3122 3123/3123/3123 3120/3120/3120
f 3124/3124/3124 3125/3125/3125 3126/3126/3126
f 3126/3126/3126 3127/3127/3127 3124/3124/3124
f 3128/3128/3128 3124/3124/3124 3127/3127/3127
f 3127/3127/3127 3129/3129/3129 3128/3128/3128
f 3130/3130/3130 3131/3131/3131 3132/3132/3132
f 3133/3133/3133 3134/3134/3134 3135/3135/3135
f 3133/3133/3133 3135/3135/3135 3136/3136/3136
f 3137/3137/3137 3136/3136/3136 3135/3135/3135
f 3135/3135/3135 3134/3134/3134 3137/3137/3137
f 3134/3134/3134 3138/3138/3138 3139/3139/3139
f 3133/3133/3133 3136/3136/3136 3140/3140/3140
f 3141/3141/3141 3140/3140/3140 3136/3136/3136
f 3137/3137/3137 3141/3141/3141 3136/3136/3136
f 3137/3137/3137 3142/3142/3142 3141/3141/3141
f 3137/3137/3137 3143/3143/3143 3142/3142/3142
f 3143/3143/3143 3144/3144/3144 3142/3142/3142
f 3145/3145/3145 3144/3144/3144 3143/3143/3143
f 3145/3145/3145 3146/3146/3146 3144/3144/3144
f 3147/3147/3147 3148/3148/3148 3149/3149/3149
f 3147/3147/3147 3149/3149/3149 3145/3145/3145
f 3147/3147/3147 3145/3145/3145 3150/3150/3150
f 3145/3145/3145 3139/3139/3139 3150/3150/3150
f 3145/3145/3145 3151/3151/3151 3139/3139/3139
f 3134/3134/3134 3139/3139/3139 3151/3151/3151
f 3134/3134/3134 3151/3151/3151 3152/3152/3152
f 3134/3134/3134 3152/3152/3152 3137/3137/3137
f 3137/3137/3137 3152/3152/3152 3153/3153/3153
f 3137/3137/3137 3153/3153/3153 3143/3143/3143
f 3145/3145/3145 3143/3143/3143 3153/3153/3153
f 3145/3145/3145 3153/3153/3153 3151/3151/3151
f 3152/3152/3152 3151/3151/3151 3153/3153/3153
f 3147/3147/3147 3154/3154/3154 3148/3148/3148
f 3148/3148/3148 3154/3154/3154 3155/3155/3155
f 3155/3155/3155 3149/3149/3149 3148/3148/3148
f 3155/3155/3155 3156/3156/3156 3149/3149/3149
f 3156/3156/3156 3145/3145/3145 3149/3149/3149
f 3145/3145/3145 3156/3156/3156 3157/3157/3157
f 3145/3145/3145 3157/3157/3157 3146/3146/3146
f 3158/3158/3158 3146/3146/3146 3157/3157/3157
f 3155/3155/3155 3158/3158/3158 3157/3157/3157
f 3155/3155/3155 3159/3159/3159 3158/3158/3158
f 3155/3155/3155 3157/3157/3157 3156/3156/3156
f 3154/3154/3154 3160/3160/3160 3155/3155/3155
f 3155/3155/3155 3160/3160/3160 3159/3159/3159
f 3160/3160/3160 3161/3161/3161 3159/3159/3159
f 3154/3154/3154 3161/3161/3161 3160/3160/3160
f 3154/3154/3154 3162/3162/3162 3161/3161/3161
f 3154/3154/3154 3163/3163/3163 3162/3162/3162
f 3164/3164/3164 3162/3162/3162 3163/3163/3163
f 3163/3163/3163 3165/3165/3165 3164/3164/3164
f 3166/3166/3166 3164/3164/3164 3165/3165/3165
f 3165/3165/3165 3167/3167/3167 3166/3166/3166
f 3168/3168/3168 3166/3166/3166 3167/3167/3167
f 3167/3167/3167 3169/3169/3169 3168/3168/3168
f 3170/3170/3170 3168/3168/3168 3169/3169/3169
f 3169/3169/3169 3171/3171/3171 3170/3170/3170
f 3172/3172/3172 3170/3170/3170 3171/3171/3171
f 3171/3171/3171 3173/3173/3173 3172/3172/3172
f 3174/3174/3174 3172/3172/3172 3173/3173/3173
f 3173/3173/3173 3175/3175/3175 3174/3174/3174
f 3176/3176/3176 3174/3174/3174 3175/3175/3175
f 3175/3175/3175 3133/3133/3133 3176/3176/3176
f 3133/3133/3133 3140/3140/3140 3176/3176/3176
f 3177/3177/3177 3178/3178/3178 3179/3179/3179
f 3179/3179/3179 3180/3180/3180 3177/3177/3177
f 3181/3181/3181 3177/3177/3177 3180/3180/3180
f 3180/3180/3180 3182/3182/3182 3181/3181/3181
f 3183/3183/3183 3181/3181/3181 3182/3182/3182
f 3182/3182/3182 3184/3184/3184 3183/3183/3183
f 3185/3185/3185 3183/3183/3183 3184/3184/3184
f 3184/3184/3184 3186/3186/3186 3185/3185/3185
f 3187/3187/3187 3188/3188/3188 3189/3189/3189
f 3190/3190/3190 3191/3191/3191 3192/3192/3192
f 3190/3190/3190 3192/3192/3192 3193/3193/3193
f 3190/3190/3190 3193/3193/3193 3194/3194/3194
f 3190/3190/3190 3194/3194/3194 3195/3195/3195
f 3196/3196/3196 3197/3197/3197 3198/3198/3198
f 3196/3196/3196 3198/3198/3198 3199/3199/3199
f 3196/3196/3196 3199/3199/3199 3200/3200/3200
f 3196/3196/3196 3200/3200/3200 3201/3201/3201
f 3202/3202/3202 3203/3203/3203 3204/3204/3204
f 3202/3202/3202 3204/3204/3204 3205/3205/3205
f 3202/3202/3202 3205/3205/3205 3206/3206/3206
f 3207/3207/3207 3208/3208/3208 3209/3209/3209
f 3207/3207/3207 3209/3209/3209 3210/3210/3210
f 3207/3207/3207 3210/3210/3210 3211/3211/3211
f 3212/3212/3212 3213/3213/3213 3214/3214/3214
f 3213/3213/3213 3212/3212/3212 3215/3215/3215
f 3216/3216/3216 3217/3217/3217 3218/3218/3218
f 3217/3217/3217 3216/3216/3216 3219/3219/3219
f 3220/3220/3220 3221/3221/3221 3222/3222/3222
f 3222/3222/3222 3223/3223/3223 3220/3220/3220
f 3224/3224/3224 3225/3225/3225 3226/3226/3226
f 3226/3226/3226 3227/3227/3227 3224/3224/3224
f 3228/3228/3228 3229/3229/3229 3230/3230/3230
f 3230/3230/3230 3231/3231/3231 3228/3228/3228
f 3232/3232/3232 3231/3231/3231 3230/3230/3230
f 3233/3233/3233 3234/3234/3234 3232/3232/3232
f 3232/3232/3232 3235/3235/3235 3233/3233/3233
f 3230/3230/3230 3235/3235/3235 3232/3232/3232
f 3235/3235/3235 3230/3230/3230 3236/3236/3236
f 3236/3236/3236 3230/3230/3230 3229/3229/3229
f 3229/3229/3229 3237/3237/3237 3236/3236/3236
f 3238/3238/3238 3239/3239/3239 3240/3240/3240
f 3240/3240/3240 3229/3229/3229 3238/3238/3238
f 3229/3229/3229 3240/3240/3240 3241/3241/3241
f 3229/3229/3229 3241/3241/3241 3242/3242/3242
f 3242/3242/3242 3237/3237/3237 3229/3229/3229
f 3237/3237/3237 3242/3242/3242 3243/3243/3243
f 3243/3243/3243 3244/3244/3244 3237/3237/3237
f 3237/3237/3237 3244/3244/3244 3245/3245/3245
f 3245/3245/3245 3236/3236/3236 3237/3237/3237
f 3246/3246/3246 3236/3236/3236 3245/3245/3245
f 3245/3245/3245 3247/3247/3247 3246/3246/3246
f 3246/3246/3246 3247/3247/3247 3248/3248/3248
f 3248/3248/3248 3249/3249/3249 3246/3246/3246
f 3250/3250/3250 3249/3249/3249 3248/3248/3248
f 3249/3249/3249 3250/3250/3250 3251/3251/3251
f 3251/3251/3251 3250/3250/3250 3252/3252/3252
f 3252/3252/3252 3253/3253/3253 3251/3251/3251
f 3248/3248/3248 3254/3254/3254 3250/3250/3250
f 3250/3250/3250 3254/3254/3254 3255/3255/3255
f 3255/3255/3255 3252/3252/3252 3250/3250/3250
f 3236/3236/3236 3246/3246/3246 3235/3235/3235
f 3235/3235/3235 3246/3246/3246 3249/3249/3249
f 3249/3249/3249 3233/3233/3233 3235/3235/3235
f 3251/3251/3251 3233/3233/3233 3249/3249/3249
f 3233/3233/3233 3251/3251/3251 3256/3256/3256
f 3256/3256/3256 3251/3251/3251 3253/3253/3253
f 3253/3253/3253 3257/3257/3257 3256/3256/3256
f 3256/3256/3256 3258/3258/3258 3233/3233/3233
f 3259/3259/3259 3260/3260/3260 3261/3261/3261
f 3261/3261/3261 3262/3262/3262 3259/3259/3259
f 3259/3259/3259 3262/3262/3262 3263/3263/3263
f 3263/3263/3263 3264/3264/3264 3259/3259/3259
f 3265/3265/3265 3264/3264/3264 3263/3263/3263
f 3263/3263/3263 3266/3266/3266 3265/3265/3265
f 3265/3265/3265 3266/3266/3266 3267/3267/3267
f 3267/3267/3267 3268/3268/3268 3265/3265/3265
f 3269/3269/3269 3268/3268/3268 3267/3267/3267
f 3267/3267/3267 3270/3270/3270 3269/3269/3269
f 3269/3269/3269 3270/3270/3270 3271/3271/3271
f 3271/3271/3271 3272/3272/3272 3269/3269/3269
f 3273/3273/3273 3274/3274/3274 3275/3275/3275
f 3275/3275/3275 3276/3276/3276 3273/3273/3273
f 3276/3276/3276 3275/3275/3275 3277/3277/3277
f 3277/3277/3277 3278/3278/3278 3276/3276/3276
f 3276/3276/3276 3278/3278/3278 3279/3279/3279
f 3279/3279/3279 3280/3280/3280 3276/3276/3276
f 3281/3281/3281 3280/3280/3280 3279/3279/3279
f 3280/3280/3280 3281/3281/3281 3282/3282/3282
f 3282/3282/3282 3281/3281/3281 3283/3283/3283
f 3283/3283/3283 3284/3284/3284 3282/3282/3282
f 3282/3282/3282 3285/3285/3285 3280/3280/3280
f 3280/3280/3280 3285/3285/3285 3273/3273/3273
f 3273/3273/3273 3276/3276/3276 3280/3280/3280
f 3286/3286/3286 3284/3284/3284 3283/3283/3283
f 3283/3283/3283 3287/3287/3287 3286/3286/3286
f 3286/3286/3286 3287/3287/3287 3288/3288/3288
f 3289/3289/3289 3288/3288/3288 3287/3287/3287
f 3287/3287/3287 3290/3290/3290 3289/3289/3289
f 3291/3291/3291 3290/3290/3290 3287/3287/3287
f 3287/3287/3287 3283/3283/3283 3291/3291/3291
f 3291/3291/3291 3283/3283/3283 3281/3281/3281
f 3281/3281/3281 3292/3292/3292 3291/3291/3291
f 3279/3279/3279 3292/3292/3292 3281/3281/3281
f 3288/3288/3288 3293/3293/3293 3286/3286/3286
f 3294/3294/3294 3295/3295/3295 3296/3296/3296
f 3297/3297/3297 3296/3296/3296 3295/3295/3295
f 3295/3295/3295 3298/3298/3298 3297/3297/3297
f 3299/3299/3299 3297/3297/3297 3298/3298/3298
f 3296/3296/3296 3297/3297/3297 3300/3300/3300
f 3301/3301/3301 3299/3299/3299 3302/3302/3302
f 3299/3299/3299 3301/3301/3301 3303/3303/3303
f 3299/3299/3299 3303/3303/3303 3297/3297/3297
f 3297/3297/3297 3303/3303/3303 3304/3304/3304
f 3304/3304/3304 3300/3300/3300 3297/3297/3297
f 3300/3300/3300 3304/3304/3304 3305/3305/3305
f 3305/3305/3305 3306/3306/3306 3300/3300/3300
f 3306/3306/3306 3305/3305/3305 3307/3307/3307
f 3300/3300/3300 3308/3308/3308 3296/3296/3296
f 3309/3309/3309 3308/3308/3308 3300/3300/3300
f 3300/3300/3300 3306/3306/3306 3309/3309/3309
f 3309/3309/3309 3306/3306/3306 3310/3310/3310
f 3307/3307/3307 3310/3310/3310 3306/3306/3306
f 3310/3310/3310 3307/3307/3307 3311/3311/3311
f 3311/3311/3311 3312/3312/3312 3310/3310/3310
f 3312/3312/3312 3311/3311/3311 3313/3313/3313
f 3313/3313/3313 3314/3314/3314 3312/3312/3312
f 3314/3314/3314 3313/3313/3313 3315/3315/3315
f 3315/3315/3315 3316/3316/3316 3314/3314/3314
f 3317/3317/3317 3314/3314/3314 3316/3316/3316
f 3316/3316/3316 3318/3318/3318 3317/3317/3317
f 3310/3310/3310 3319/3319/3319 3309/3309/3309
f 3319/3319/3319 3310/3310/3310 3312/3312/3312
f 3312/3312/3312 3320/3320/3320 3319/3319/3319
f 3320/3320/3320 3312/3312/3312 3314/3314/3314
f 3314/3314/3314 3317/3317/3317 3320/3320/3320
f 3321/3321/3321 3309/3309/3309 3322/3322/3322
f 3308/3308/3308 3309/3309/3309 3321/3321/3321
f 3321/3321/3321 3323/3323/3323 3308/3308/3308
f 3323/3323/3323 3321/3321/3321 3324/3324/3324
f 3325/3325/3325 3323/3323/3323 3324/3324/3324
f 3324/3324/3324 3326/3326/3326 3325/3325/3325
f 3327/3327/3327 3326/3326/3326 3324/3324/3324
f 3324/3324/3324 3328/3328/3328 3327/3327/3327
f 3328/3328/3328 3324/3324/3324 3329/3329/3329
f 3329/3329/3329 3330/3330/3330 3328/3328/3328
f 3308/3308/3308 3323/3323/3323 3325/3325/3325
f 3328/3328/3328 3331/3331/3331 3332/3332/3332
f 3332/3332/3332 3327/3327/3327 3328/3328/3328
f 3327/3327/3327 3332/3332/3332 3333/3333/3333
f 3333/3333/3333 3334/3334/3334 3327/3327/3327
f 3326/3326/3326 3327/3327/3327 3334/3334/3334
f 3334/3334/3334 3335/3335/3335 3326/3326/3326
f 3326/3326/3326 3335/3335/3335 3294/3294/3294
f 3294/3294/3294 3325/3325/3325 3326/3326/3326
f 3296/3296/3296 3325/3325/3325 3294/3294/3294
f 3325/3325/3325 3296/3296/3296 3308/3308/3308
f 3336/3336/3336 3337/3337/3337 3338/3338/3338
f 3339/3339/3339 3338/3338/3338 3337/3337/3337
f 3338/3338/3338 3339/3339/3339 3340/3340/3340
f 3340/3340/3340 3341/3341/3341 3338/3338/3338
f 3341/3341/3341 3340/3340/3340 3342/3342/3342
f 3342/3342/3342 3343/3343/3343 3341/3341/3341
f 3343/3343/3343 3342/3342/3342 3344/3344/3344
f 3344/3344/3344 3330/3330/3330 3343/3343/3343
f 3330/3330/3330 3344/3344/3344 3331/3331/3331
f 3331/3331/3331 3328/3328/3328 3330/3330/3330
f 3330/3330/3330 3329/3329/3329 3345/3345/3345
f 3345/3345/3345 3343/3343/3343 3330/3330/3330
f 3343/3343/3343 3345/3345/3345 3346/3346/3346
f 3346/3346/3346 3341/3341/3341 3343/3343/3343
f 3341/3341/3341 3346/3346/3346 3347/3347/3347
f 3347/3347/3347 3338/3338/3338 3341/3341/3341
f 3338/3338/3338 3347/3347/3347 3336/3336/3336
f 3336/3336/3336 3347/3347/3347 2223/2223/2223
f 2223/2223/2223 3348/3348/3348 3336/3336/3336
f 2224/2224/2224 3348/3348/3348 2223/2223/2223
f 3348/3348/3348 2224/2224/2224 3349/3349/3349
f 3349/3349/3349 3350/3350/3350 3348/3348/3348
f 3350/3350/3350 3336/3336/3336 3348/3348/3348
f 2221/2221/2221 2224/2224/2224 2220/2220/2220
f 2224/2224/2224 2221/2221/2221 3351/3351/3351
f 3351/3351/3351 3349/3349/3349 2224/2224/2224
f 3349/3349/3349 3351/3351/3351 3352/3352/3352
f 3352/3352/3352 3353/3353/3353 3349/3349/3349
f 3350/3350/3350 3349/3349/3349 3353/3353/3353
f 3353/3353/3353 3354/3354/3354 3350/3350/3350
f 3350/3350/3350 3354/3354/3354 3355/3355/3355
f 3355/3355/3355 3336/3336/3336 3350/3350/3350
f 3337/3337/3337 3336/3336/3336 3355/3355/3355
f 3355/3355/3355 3356/3356/3356 3337/3337/3337
f 3357/3357/3357 3337/3337/3337 3356/3356/3356
f 3337/3337/3337 3357/3357/3357 3339/3339/3339
f 3356/3356/3356 3358/3358/3358 3357/3357/3357
f 3359/3359/3359 3360/3360/3360 3361/3361/3361
f 3361/3361/3361 3362/3362/3362 3359/3359/3359
f 3359/3359/3359 3362/3362/3362 3363/3363/3363
f 3363/3363/3363 3364/3364/3364 3359/3359/3359
f 3365/3365/3365 3366/3366/3366 3367/3367/3367
f 3367/3367/3367 3368/3368/3368 3365/3365/3365
f 3368/3368/3368 3367/3367/3367 3369/3369/3369
f 3369/3369/3369 3370/3370/3370 3368/3368/3368
f 3371/3371/3371 3372/3372/3372 3373/3373/3373
f 3373/3373/3373 3374/3374/3374 3371/3371/3371
f 3374/3374/3374 3373/3373/3373 3375/3375/3375
f 3375/3375/3375 3376/3376/3376 3374/3374/3374
f 3376/3376/3376 3375/3375/3375 3377/3377/3377
f 3377/3377/3377 3378/3378/3378 3376/3376/3376
f 3379/3379/3379 3380/3380/3380 3381/3381/3381
f 3381/3381/3381 3382/3382/3382 3379/3379/3379
f 3382/3382/3382 3381/3381/3381 3383/3383/3383
f 3383/3383/3383 3384/3384/3384 3382/3382/3382
f 3385/3385/3385 3386/3386/3386 3387/3387/3387
f 3387/3387/3387 3388/3388/3388 3385/3385/3385
f 3389/3389/3389 3385/3385/3385 3388/3388/3388
f 3388/3388/3388 3390/3390/3390 3389/3389/3389
f 3391/3391/3391 3392/3392/3392 3393/3393/3393
f 3394/3394/3394 3391/3391/3391 3395/3395/3395
f 3393/3393/3393 3395/3395/3395 3391/3391/3391
f 3395/3395/3395 3393/3393/3393 3396/3396/3396
f 3397/3397/3397 3396/3396/3396 3398/3398/3398
f 3396/3396/3396 3397/3397/3397 3395/3395/3395
f 3399/3399/3399 3395/3395/3395 3397/3397/3397
f 3395/3395/3395 3399/3399/3399 3394/3394/3394
f 3400/3400/3400 3394/3394/3394 3399/3399/3399
f 3399/3399/3399 3401/3401/3401 3400/3400/3400
f 3401/3401/3401 3399/3399/3399 3402/3402/3402
f 3402/3402/3402 3403/3403/3403 3401/3401/3401
f 3404/3404/3404 3403/3403/3403 3402/3402/3402
f 3402/3402/3402 3405/3405/3405 3404/3404/3404
f 3406/3406/3406 3404/3404/3404 3405/3405/3405
f 3405/3405/3405 3407/3407/3407 3406/3406/3406
f 3408/3408/3408 3406/3406/3406 3407/3407/3407
f 3407/3407/3407 3409/3409/3409 3408/3408/3408
f 3410/3410/3410 3409/3409/3409 3407/3407/3407
f 3410/3410/3410 3411/3411/3411 3409/3409/3409
f 3412/3412/3412 3411/3411/3411 3410/3410/3410
f 3410/3410/3410 3398/3398/3398 3412/3412/3412
f 3398/3398/3398 3410/3410/3410 3397/3397/3397
f 3397/3397/3397 3410/3410/3410 3405/3405/3405
f 3405/3405/3405 3402/3402/3402 3397/3397/3397
f 3397/3397/3397 3402/3402/3402 3399/3399/3399
f 3410/3410/3410 3407/3407/3407 3405/3405/3405
f 3413/3413/3413 3414/3414/3414 3415/3415/3415
f 3415/3415/3415 3416/3416/3416 3413/3413/3413
f 3417/3417/3417 3416/3416/3416 3415/3415/3415
f 3415/3415/3415 3418/3418/3418 3417/3417/3417
f 3419/3419/3419 3420/3420/3420 3421/3421/3421
f 3422/3422/3422 3423/3423/3423 3424/3424/3424
f 3424/3424/3424 3425/3425/3425 3422/3422/3422
f 3425/3425/3425 3424/3424/3424 3426/3426/3426
f 3426/3426/3426 3427/3427/3427 3425/3425/3425
f 3428/3428/3428 3429/3429/3429 3430/3430/3430
f 3430/3430/3430 3431/3431/3431 3428/3428/3428
f 3431/3431/3431 3430/3430/3430 3432/3432/3432
f 3432/3432/3432 3433/3433/3433 3431/3431/3431
f 3434/3434/3434 3435/3435/3435 3436/3436/3436
f 3436/3436/3436 3437/3437/3437 3434/3434/3434
f 3437/3437/3437 3436/3436/3436 3438/3438/3438
f 3438/3438/3438 3439/3439/3439 3437/3437/3437
f 3439/3439/3439 3438/3438/3438 3440/3440/3440
f 3440/3440/3440 3441/3441/3441 3439/3439/3439
f 3441/3441/3441 3440/3440/3440 3442/3442/3442
f 3442/3442/3442 3443/3443/3443 3441/3441/3441
f 3444/3444/3444 3443/3443/3443 3442/3442/3442
f 3443/3443/3443 3444/3444/3444 3445/3445/3445
f 3445/3445/3445 3444/3444/3444 3446/3446/3446
f 3446/3446/3446 3447/3447/3447 3445/3445/3445
f 3448/3448/3448 3442/3442/3442 3449/3449/3449
f 3442/3442/3442 3448/3448/3448 3444/3444/3444
f 3444/3444/3444 3448/3448/3448 3450/3450/3450
f 3450/3450/3450 3446/3446/3446 3444/3444/3444
f 3446/3446/3446 3450/3450/3450 3451/3451/3451
f 3451/3451/3451 3452/3452/3452 3446/3446/3446
f 3447/3447/3447 3446/3446/3446 3452/3452/3452
f 3452/3452/3452 3453/3453/3453 3447/3447/3447
f 3449/3449/3449 3454/3454/3454 3448/3448/3448
f 3448/3448/3448 3454/3454/3454 3455/3455/3455
f 3455/3455/3455 3450/3450/3450 3448/3448/3448
f 3450/3450/3450 3455/3455/3455 3456/3456/3456
f 3456/3456/3456 3451/3451/3451 3450/3450/3450
f 3457/3457/3457 3453/3453/3453 3458/3458/3458
f 3453/3453/3453 3457/3457/3457 3459/3459/3459
f 3459/3459/3459 3447/3447/3447 3453/3453/3453
f 3447/3447/3447 3459/3459/3459 3460/3460/3460
f 3460/3460/3460 3445/3445/3445 3447/3447/3447
f 3461/3461/3461 3445/3445/3445 3460/3460/3460
f 3445/3445/3445 3461/3461/3461 3443/3443/3443
f 3443/3443/3443 3461/3461/3461 3462/3462/3462
f 3462/3462/3462 3441/3441/3441 3443/3443/3443
f 3441/3441/3441 3462/3462/3462 3463/3463/3463
f 3464/3464/3464 3465/3465/3465 3466/3466/3466
f 3466/3466/3466 3467/3467/3467 3464/3464/3464
f 3467/3467/3467 3466/3466/3466 3463/3463/3463
f 3463/3463/3463 3468/3468/3468 3467/3467/3467
f 3468/3468/3468 3463/3463/3463 3462/3462/3462
f 3462/3462/3462 3469/3469/3469 3468/3468/3468
f 3469/3469/3469 3462/3462/3462 3461/3461/3461
f 3461/3461/3461 3470/3470/3470 3469/3469/3469
f 3460/3460/3460 3470/3470/3470 3461/3461/3461
f 3471/3471/3471 3472/3472/3472 3465/3465/3465
f 3465/3465/3465 3464/3464/3464 3471/3471/3471
f 3473/3473/3473 3471/3471/3471 3464/3464/3464
f 3464/3464/3464 3474/3474/3474 3473/3473/3473
f 3474/3474/3474 3464/3464/3464 3467/3467/3467
f 3467/3467/3467 3475/3475/3475 3474/3474/3474
f 3475/3475/3475 3467/3467/3467 3468/3468/3468
f 3468/3468/3468 3476/3476/3476 3475/3475/3475
f 3476/3476/3476 3468/3468/3468 3469/3469/3469
f 3469/3469/3469 3477/3477/3477 3476/3476/3476
f 3478/3478/3478 3479/3479/3479 3473/3473/3473
f 3473/3473/3473 3474/3474/3474 3478/3478/3478
f 3480/3480/3480 3478/3478/3478 3474/3474/3474
f 3474/3474/3474 3475/3475/3475 3480/3480/3480
f 3481/3481/3481 3480/3480/3480 3475/3475/3475
f 3475/3475/3475 3476/3476/3476 3481/3481/3481
f 3482/3482/3482 3481/3481/3481 3476/3476/3476
f 3476/3476/3476 3477/3477/3477 3482/3482/3482
f 3483/3483/3483 3482/3482/3482 3477/3477/3477
f 3477/3477/3477 3484/3484/3484 3483/3483/3483
f 3477/3477/3477 3469/3469/3469 3470/3470/3470
f 3470/3470/3470 3484/3484/3484 3477/3477/3477
f 3485/3485/3485 3484/3484/3484 3470/3470/3470
f 3470/3470/3470 3460/3460/3460 3485/3485/3485
f 3485/3485/3485 3460/3460/3460 3459/3459/3459
f 3459/3459/3459 3486/3486/3486 3485/3485/3485
f 3486/3486/3486 3459/3459/3459 3457/3457/3457
f 3457/3457/3457 3487/3487/3487 3486/3486/3486
f 3488/3488/3488 3483/3483/3483 3484/3484/3484
f 3484/3484/3484 3485/3485/3485 3488/3488/3488
f 3489/3489/3489 3488/3488/3488 3485/3485/3485
f 3485/3485/3485 3486/3486/3486 3489/3489/3489
f 3490/3490/3490 3489/3489/3489 3486/3486/3486
f 3486/3486/3486 3487/3487/3487 3490/3490/3490
f 3490/3490/3490 3487/3487/3487 3491/3491/3491
f 3492/3492/3492 3491/3491/3491 3487/3487/3487
f 3487/3487/3487 3457/3457/3457 3492/3492/3492
f 3458/3458/3458 3492/3492/3492 3457/3457/3457
f 3493/3493/3493 3494/3494/3494 3435/3435/3435
f 3435/3435/3435 3494/3494/3494 3436/3436/3436
f 3436/3436/3436 3494/3494/3494 3495/3495/3495
f 3495/3495/3495 3496/3496/3496 3436/3436/3436
f 3436/3436/3436 3496/3496/3496 3497/3497/3497
f 3497/3497/3497 3438/3438/3438 3436/3436/3436
f 3438/3438/3438 3497/3497/3497 3498/3498/3498
f 3498/3498/3498 3440/3440/3440 3438/3438/3438
f 3440/3440/3440 3498/3498/3498 3449/3449/3449
f 3449/3449/3449 3442/3442/3442 3440/3440/3440
f 3463/3463/3463 3439/3439/3439 3441/3441/3441
f 3439/3439/3439 3463/3463/3463 3466/3466/3466
f 3466/3466/3466 3437/3437/3437 3439/3439/3439
f 3437/3437/3437 3466/3466/3466 3465/3465/3465
f 3465/3465/3465 3434/3434/3434 3437/3437/3437
f 3434/3434/3434 3465/3465/3465 3472/3472/3472
f 3472/3472/3472 3499/3499/3499 3434/3434/3434
f 3435/3435/3435 3434/3434/3434 3499/3499/3499
f 3499/3499/3499 3500/3500/3500 3435/3435/3435
f 3435/3435/3435 3500/3500/3500 3493/3493/3493
f 3501/3501/3501 3502/3502/3502 3503/3503/3503
f 3503/3503/3503 3504/3504/3504 3501/3501/3501
f 3505/3505/3505 3501/3501/3501 3504/3504/3504
f 3504/3504/3504 3506/3506/3506 3505/3505/3505
f 3507/3507/3507 3508/3508/3508 3509/3509/3509
f 3510/3510/3510 3511/3511/3511 3512/3512/3512
f 3512/3512/3512 3513/3513/3513 3510/3510/3510
f 3514/3514/3514 3510/3510/3510 3513/3513/3513
f 3513/3513/3513 3515/3515/3515 3514/3514/3514
f 3516/3516/3516 3514/3514/3514 3515/3515/3515
f 3515/3515/3515 3517/3517/3517 3516/3516/3516
f 3518/3518/3518 3519/3519/3519 3520/3520/3520
f 3521/3521/3521 3522/3522/3522 3523/3523/3523
f 3523/3523/3523 3524/3524/3524 3521/3521/3521
f 3525/3525/3525 3521/3521/3521 3524/3524/3524
f 3524/3524/3524 3526/3526/3526 3525/3525/3525
f 3527/3527/3527 3528/3528/3528 3529/3529/3529
f 3530/3530/3530 3531/3531/3531 3532/3532/3532
f 3533/3533/3533 3532/3532/3532 3531/3531/3531
f 3531/3531/3531 3534/3534/3534 3533/3533/3533
f 3535/3535/3535 3533/3533/3533 3534/3534/3534
f 3534/3534/3534 3536/3536/3536 3535/3535/3535
f 3537/3537/3537 3535/3535/3535 3536/3536/3536
f 3536/3536/3536 3538/3538/3538 3537/3537/3537
f 3539/3539/3539 3537/3537/3537 3538/3538/3538
f 3538/3538/3538 3540/3540/3540 3539/3539/3539
f 3541/3541/3541 3539/3539/3539 3540/3540/3540
f 3540/3540/3540 3542/3542/3542 3541/3541/3541
f 3543/3543/3543 3541/3541/3541 3542/3542/3542
f 3542/3542/3542 3544/3544/3544 3543/3543/3543
f 3545/3545/3545 3543/3543/3543 3544/3544/3544
f 3544/3544/3544 3546/3546/3546 3545/3545/3545
f 3547/3547/3547 3545/3545/3545 3546/3546/3546
f 3546/3546/3546 3548/3548/3548 3547/3547/3547
f 3549/3549/3549 3547/3547/3547 3548/3548/3548
f 3548/3548/3548 3530/3530/3530 3549/3549/3549
f 3532/3532/3532 3549/3549/3549 3530/3530/3530
f 3550/3550/3550 3551/3551/3551 3552/3552/3552
f 3553/3553/3553 3554/3554/3554 3555/3555/3555
f 3556/3556/3556 3555/3555/3555 3554/3554/3554
f 3554/3554/3554 3557/3557/3557 3556/3556/3556
f 3558/3558/3558 3556/3556/3556 3557/3557/3557
f 3557/3557/3557 3559/3559/3559 3558/3558/3558
f 3560/3560/3560 3558/3558/3558 3559/3559/3559
f 3559/3559/3559 3561/3561/3561 3560/3560/3560
f 3562/3562/3562 3560/3560/3560 3561/3561/3561
f 3561/3561/3561 3563/3563/3563 3562/3562/3562
f 3564/3564/3564 3562/3562/3562 3563/3563/3563
f 3563/3563/3563 3565/3565/3565 3564/3564/3564
f 3566/3566/3566 3564/3564/3564 3565/3565/3565
f 3565/3565/3565 3567/3567/3567 3566/3566/3566
f 3568/3568/3568 3566/3566/3566 3567/3567/3567
f 3567/3567/3567 3569/3569/3569 3568/3568/3568
f 3570/3570/3570 3568/3568/3568 3569/3569/3569
f 3569/3569/3569 3571/3571/3571 3570/3570/3570
f 3572/3572/3572 3570/3570/3570 3571/3571/3571
f 3571/3571/3571 3553/3553/3553 3572/3572/3572
f 3555/3555/3555 3572/3572/3572 3553/3553/3553
f 3573/3573/3573 3574/3574/3574 3575/3575/3575
f 3576/3576/3576 3577/3577/3577 3578/3578/3578
f 3578/3578/3578 3579/3579/3579 3576/3576/3576
f 3579/3579/3579 3578/3578/3578 3580/3580/3580
f 3580/3580/3580 3581/3581/3581 3579/3579/3579
f 3582/3582/3582 3579/3579/3579 3581/3581/3581
f 3581/3581/3581 3583/3583/3583 3582/3582/3582
f 3584/3584/3584 3582/3582/3582 3583/3583/3583
f 3583/3583/3583 3585/3585/3585 3584/3584/3584
f 3586/3586/3586 3584/3584/3584 3585/3585/3585
f 3585/3585/3585 3587/3587/3587 3586/3586/3586
f 3588/3588/3588 3576/3576/3576 3579/3579/3579
f 3579/3579/3579 3582/3582/3582 3588/3588/3588
f 3589/3589/3589 3588/3588/3588 3582/3582/3582
f 3582/3582/3582 3584/3584/3584 3589/3589/3589
f 3590/3590/3590 3589/3589/3589 3584/3584/3584
f 3584/3584/3584 3586/3586/3586 3590/3590/3590
f 3591/3591/3591 3590/3590/3590 3586/3586/3586
f 3586/3586/3586 3592/3592/3592 3591/3591/3591
f 3593/3593/3593 3591/3591/3591 3592/3592/3592
f 3592/3592/3592 3594/3594/3594 3593/3593/3593
f 3592/3592/3592 3586/3586/3586 3587/3587/3587
f 3587/3587/3587 3595/3595/3595 3592/3592/3592
f 3594/3594/3594 3592/3592/3592 3595/3595/3595
f 3595/3595/3595 3596/3596/3596 3594/3594/3594
f 3597/3597/3597 3594/3594/3594 3596/3596/3596
f 3596/3596/3596 3598/3598/3598 3597/3597/3597
f 3599/3599/3599 3597/3597/3597 3598/3598/3598
f 3598/3598/3598 3600/3600/3600 3599/3599/3599
f 3601/3601/3601 3599/3599/3599 3600/3600/3600
f 3600/3600/3600 3602/3602/3602 3601/3601/3601
f 3603/3603/3603 3601/3601/3601 3602/3602/3602
f 3602/3602/3602 3604/3604/3604 3603/3603/3603
f 3605/3605/3605 3593/3593/3593 3594/3594/3594
f 3594/3594/3594 3597/3597/3597 3605/3605/3605
f 3606/3606/3606 3605/3605/3605 3597/3597/3597
f 3597/3597/3597 3599/3599/3599 3606/3606/3606
f 3607/3607/3607 3606/3606/3606 3599/3599/3599
f 3599/3599/3599 3601/3601/3601 3607/3607/3607
f 3608/3608/3608 3607/3607/3607 3601/3601/3601
f 3601/3601/3601 3603/3603/3603 3608/3608/3608
f 3609/3609/3609 3610/3610/3610 3611/3611/3611
f 3610/3610/3610 3609/3609/3609 3612/3612/3612
f 3612/3612/3612 3613/3613/3613 3610/3610/3610
f 3614/3614/3614 3615/3615/3615 3616/3616/3616
f 3614/3614/3614 3616/3616/3616 3617/3617/3617
f 3614/3614/3614 3617/3617/3617 3618/3618/3618
f 3614/3614/3614 3618/3618/3618 3619/3619/3619
f 3614/3614/3614 3619/3619/3619 3620/3620/3620
f 3614/3614/3614 3620/3620/3620 3621/3621/3621
f 3614/3614/3614 3621/3621/3621 3622/3622/3622
f 3614/3614/3614 3622/3622/3622 3623/3623/3623
f 3624/3624/3624 3625/3625/3625 3626/3626/3626
f 3626/3626/3626 3627/3627/3627 3624/3624/3624
f 3628/3628/3628 3624/3624/3624 3627/3627/3627
f 3627/3627/3627 3629/3629/3629 3628/3628/3628
f 3630/3630/3630 3631/3631/3631 3632/3632/3632
f 3633/3633/3633 3634/3634/3634 3635/3635/3635
f 3635/3635/3635 3636/3636/3636 3633/3633/3633
f 3637/3637/3637 3633/3633/3633 3636/3636/3636
f 3636/3636/3636 3638/3638/3638 3637/3637/3637
f 3639/3639/3639 3637/3637/3637 3638/3638/3638
f 3638/3638/3638 3640/3640/3640 3639/3639/3639
f 3641/3641/3641 3642/3642/3642 3643/3643/3643
f 3644/3644/3644 3645/3645/3645 3646/3646/3646
f 3646/3646/3646 3647/3647/3647 3644/3644/3644
f 3648/3648/3648 3644/3644/3644 3647/3647/3647
f 3647/3647/3647 3649/3649/3649 3648/3648/3648
f 3650/3650/3650 3651/3651/3651 3652/3652/3652
f 3653/3653/3653 3654/3654/3654 3655/3655/3655
f 3655/3655/3655 3656/3656/3656 3653/3653/3653
f 3656/3656/3656 3655/3655/3655 3657/3657/3657
f 3657/3657/3657 3658/3658/3658 3656/3656/3656
f 3658/3658/3658 3657/3657/3657 3659/3659/3659
f 3659/3659/3659 3660/3660/3660 3658/3658/3658
f 3661/3661/3661 3662/3662/3662 3663/3663/3663
f 3663/3663/3663 3664/3664/3664 3661/3661/3661
f 3664/3664/3664 3663/3663/3663 3665/3665/3665
f 3665/3665/3665 3666/3666/3666 3664/3664/3664
f 3666/3666/3666 3665/3665/3665 3667/3667/3667
f 3667/3667/3667 3668/3668/3668 3666/3666/3666
f 3668/3668/3668 3667/3667/3667 3669/3669/3669
f 3669/3669/3669 3670/3670/3670 3668/3668/3668
f 3670/3670/3670 3669/3669/3669 3671/3671/3671
f 3671/3671/3671 3672/3672/3672 3670/3670/3670
f 3672/3672/3672 3671/3671/3671 3673/3673/3673
f 3673/3673/3673 3674/3674/3674 3672/3672/3672
f 3674/3674/3674 3673/3673/3673 3675/3675/3675
f 3675/3675/3675 3676/3676/3676 3674/3674/3674
f 3676/3676/3676 3675/3675/3675 3677/3677/3677
f 3677/3677/3677 3678/3678/3678 3676/3676/3676
f 3678/3678/3678 3677/3677/3677 3679/3679/3679
f 3679/3679/3679 3680/3680/3680 3678/3678/3678
f 3680/3680/3680 3679/3679/3679 3662/3662/3662
f 3662/3662/3662 3661/3661/3661 3680/3680/3680
f 3681/3681/3681 3682/3682/3682 3683/3683/3683
f 3683/3683/3683 3684/3684/3684 3681/3681/3681
f 3684/3684/3684 3683/3683/3683 3685/3685/3685
f 3685/3685/3685 3686/3686/3686 3684/3684/3684
f 3686/3686/3686 3685/3685/3685 3687/3687/3687
f 3687/3687/3687 3688/3688/3688 3686/3686/3686
f 3688/3688/3688 3687/3687/3687 3689/3689/3689
f 3689/3689/3689 3690/3690/3690 3688/3688/3688
f 3690/3690/3690 3689/3689/3689 3691/3691/3691
f 3691/3691/3691 3692/3692/3692 3690/3690/3690
f 3693/3693/3693 3694/3694/3694 3695/3695/3695
f 3695/3695/3695 3696/3696/3696 3693/3693/3693
f 3696/3696/3696 3695/3695/3695 3697/3697/3697
f 3697/3697/3697 3698/3698/3698 3696/3696/3696
f 3698/3698/3698 3697/3697/3697 3699/3699/3699
f 3699/3699/3699 3700/3700/3700 3698/3698/3698
f 3700/3700/3700 3699/3699/3699 3701/3701/3701
f 3701/3701/3701 3702/3702/3702 3700/3700/3700
f 3702/3702/3702 3701/3701/3701 3682/3682/3682
f 3682/3682/3682 3681/3681/3681 3702/3702/3702
f 3703/3703/3703 3704/3704/3704 3705/3705/3705
f 3705/3705/3705 3706/3706/3706 3703/3703/3703
f 3706/3706/3706 3705/3705/3705 3707/3707/3707
f 3707/3707/3707 3708/3708/3708 3706/3706/3706
f 3708/3708/3708 3707/3707/3707 3709/3709/3709
f 3709/3709/3709 3710/3710/3710 3708/3708/3708
f 3710/3710/3710 3709/3709/3709 3711/3711/3711
f 3711/3711/3711 3712/3712/3712 3710/3710/3710
f 3712/3712/3712 3711/3711/3711 3713/3713/3713
f 3713/3713/3713 3714/3714/3714 3712/3712/3712
f 3714/3714/3714 3713/3713/3713 3715/3715/3715
f 3715/3715/3715 3716/3716/3716 3714/3714/3714
f 3716/3716/3716 3715/3715/3715 3717/3717/3717
f 3717/3717/3717 3718/3718/3718 3716/3716/3716
f 3718/3718/3718 3717/3717/3717 3719/3719/3719
f 3719/3719/3719 3720/3720/3720 3718/3718/3718
f 3720/3720/3720 3719/3719/3719 3721/3721/3721
f 3721/3721/3721 3722/3722/3722 3720/3720/3720
f 3722/3722/3722 3721/3721/3721 3704/3704/3704
f 3704/3704/3704 3703/3703/3703 3722/3722/3722
f 3723/3723/3723 3724/3724/3724 3725/3725/3725
f 3725/3725/3725 3726/3726/3726 3723/3723/3723
f 3726/3726/3726 3725/3725/3725 3727/3727/3727
f 3727/3727/3727 3728/3728/3728 3726/3726/3726
f 3728/3728/3728 3727/3727/3727 3729/3729/3729
f 3729/3729/3729 3730/3730/3730 3728/3728/3728
f 3730/3730/3730 3729/3729/3729 3731/3731/3731
f 3731/3731/3731 3732/3732/3732 3730/3730/3730
f 3724/3724/3724 3733/3733/3733 3734/3734/3734
f 3734/3734/3734 3725/3725/3725 3724/3724/3724
f 3725/3725/3725 3734/3734/3734 3735/3735/3735
f 3735/3735/3735 3727/3727/3727 3725/3725/3725
f 3727/3727/3727 3735/3735/3735 3736/3736/3736
f 3736/3736/3736 3729/3729/3729 3727/3727/3727
f 3729/3729/3729 3736/3736/3736 3737/3737/3737
f 3737/3737/3737 3731/3731/3731 3729/3729/3729
f 3731/3731/3731 3737/3737/3737 3738/3738/3738
f 3738/3738/3738 3739/3739/3739 3731/3731/3731
f 3732/3732/3732 3731/3731/3731 3739/3739/3739
f 3739/3739/3739 3740/3740/3740 3732/3732/3732
f 3741/3741/3741 3742/3742/3742 3743/3743/3743
f 3744/3744/3744 3745/3745/3745 3746/3746/3746
f 3746/3746/3746 3747/3747/3747 3744/3744/3744
f 3747/3747/3747 3746/3746/3746 3748/3748/3748
f 3748/3748/3748 3749/3749/3749 3747/3747/3747
f 3749/3749/3749 3748/3748/3748 3750/3750/3750
f 3750/3750/3750 3751/3751/3751 3749/3749/3749
f 3751/3751/3751 3750/3750/3750 3752/3752/3752
f 3752/3752/3752 3753/3753/3753 3751/3751/3751
f 3753/3753/3753 3752/3752/3752 3724/3724/3724
f 3724/3724/3724 3723/3723/3723 3753/3753/3753
f 3745/3745/3745 3754/3754/3754 3755/3755/3755
f 3755/3755/3755 3746/3746/3746 3745/3745/3745
f 3746/3746/3746 3755/3755/3755 3756/3756/3756
f 3756/3756/3756 3748/3748/3748 3746/3746/3746
f 3748/3748/3748 3756/3756/3756 3757/3757/3757
f 3757/3757/3757 3750/3750/3750 3748/3748/3748
f 3750/3750/3750 3757/3757/3757 3758/3758/3758
f 3758/3758/3758 3752/3752/3752 3750/3750/3750
f 3752/3752/3752 3758/3758/3758 3733/3733/3733
f 3733/3733/3733 3724/3724/3724 3752/3752/3752
f 3759/3759/3759 3760/3760/3760 3761/3761/3761
f 3761/3761/3761 3762/3762/3762 3759/3759/3759
f 3762/3762/3762 3761/3761/3761 3763/3763/3763
f 3763/3763/3763 3764/3764/3764 3762/3762/3762
f 3764/3764/3764 3763/3763/3763 3765/3765/3765
f 3765/3765/3765 3766/3766/3766 3764/3764/3764
f 3766/3766/3766 3765/3765/3765 3767/3767/3767
f 3767/3767/3767 3768/3768/3768 3766/3766/3766
f 3768/3768/3768 3767/3767/3767 3769/3769/3769
f 3769/3769/3769 3770/3770/3770 3768/3768/3768
f 3771/3771/3771 3772/3772/3772 3773/3773/3773
f 3773/3773/3773 3774/3774/3774 3771/3771/3771
f 3774/3774/3774 3773/3773/3773 3775/3775/3775
f 3775/3775/3775 3776/3776/3776 3774/3774/3774
f 3776/3776/3776 3775/3775/3775 3777/3777/3777
f 3777/3777/3777 3778/3778/3778 3776/3776/3776
f 3778/3778/3778 3777/3777/3777 3779/3779/3779
f 3779/3779/3779 3780/3780/3780 3778/3778/3778
f 3780/3780/3780 3779/3779/3779 3760/3760/3760
f 3760/3760/3760 3759/3759/3759 3780/3780/3780
f 3781/3781/3781 3782/3782/3782 3783/3783/3783
f 3783/3783/3783 3784/3784/3784 3781/3781/3781
f 3784/3784/3784 3783/3783/3783 3785/3785/3785
f 3785/3785/3785 3786/3786/3786 3784/3784/3784
f 3786/3786/3786 3785/3785/3785 3787/3787/3787
f 3787/3787/3787 3788/3788/3788 3786/3786/3786
f 3788/3788/3788 3787/3787/3787 3789/3789/3789
f 3789/3789/3789 3790/3790/3790 3788/3788/3788
f 3790/3790/3790 3789/3789/3789 3791/3791/3791
f 3791/3791/3791 3792/3792/3792 3790/3790/3790
f 3793/3793/3793 3794/3794/3794 3795/3795/3795
f 3795/3795/3795 3796/3796/3796 3793/3793/3793
f 3796/3796/3796 3795/3795/3795 3797/3797/3797
f 3797/3797/3797 3798/3798/3798 3796/3796/3796
f 3798/3798/3798 3797/3797/3797 3799/3799/3799
f 3799/3799/3799 3800/3800/3800 3798/3798/3798
f 3800/3800/3800 3799/3799/3799 3801/3801/3801
f 3801/3801/3801 3802/3802/3802 3800/3800/3800
f 3802/3802/3802 3801/3801/3801 3782/3782/3782
f 3782/3782/3782 3781/3781/3781 3802/3802/3802
f 3803/3803/3803 3804/3804/3804 3805/3805/3805
f 3803/3803/3803 3805/3805/3805 3806/3806/3806
f 3803/3803/3803 3806/3806/3806 3807/3807/3807
f 3803/3803/3803 3807/3807/3807 3808/3808/3808
f 3803/3803/3803 3808/3808/3808 3809/3809/3809
f 3803/3803/3803 3809/3809/3809 3810/3810/3810
f 3803/3803/3803 3810/3810/3810 3811/3811/3811
f 3803/3803/3803 3811/3811/3811 3812/3812/3812
f 3813/3813/3813 3814/3814/3814 3815/3815/3815
f 3815/3815/3815 3816/3816/3816 3813/3813/3813
f 3816/3816/3816 3815/3815/3815 3817/3817/3817
f 3817/3817/3817 3818/3818/3818 3816/3816/3816
f 3818/3818/3818 3817/3817/3817 3819/3819/3819
f 3819/3819/3819 3820/3820/3820 3818/3818/3818
f 3820/3820/3820 3819/3819/3819 3821/3821/3821
f 3821/3821/3821 3822/3822/3822 3820/3820/3820
f 3822/3822/3822 3821/3821/3821 3823/3823/3823
f 3823/3823/3823 3824/3824/3824 3822/3822/3822
f 3824/3824/3824 3823/3823/3823 3825/3825/3825
f 3825/3825/3825 3826/3826/3826 3824/3824/3824
f 3827/3827/3827 3828/3828/3828 3829/3829/3829
f 3829/3829/3829 3830/3830/3830 3827/3827/3827
f 3830/3830/3830 3829/3829/3829 3831/3831/3831
f 3831/3831/3831 3832/3832/3832 3830/3830/3830
f 3830/3830/3830 3832/3832/3832 3833/3833/3833
f 3830/3830/3830 3833/3833/3833 3834/3834/3834
f 3830/3830/3830 3834/3834/3834 3835/3835/3835
f 3827/3827/3827 3830/3830/3830 3835/3835/3835
f 3835/3835/3835 3836/3836/3836 3827/3827/3827
f 3827/3827/3827 3836/3836/3836 3837/3837/3837
f 3837/3837/3837 3838/3838/3838 3827/3827/3827
f 3828/3828/3828 3827/3827/3827 3838/3838/3838
f 3838/3838/3838 3839/3839/3839 3828/3828/3828
f 3840/3840/3840 3841/3841/3841 3842/3842/3842
f 3843/3843/3843 3844/3844/3844 3845/3845/3845
f 3845/3845/3845 3846/3846/3846 3843/3843/3843
f 3846/3846/3846 3845/3845/3845 3847/3847/3847
f 3847/3847/3847 3848/3848/3848 3846/3846/3846
f 3848/3848/3848 3847/3847/3847 3849/3849/3849
f 3849/3849/3849 3850/3850/3850 3848/3848/3848
f 3850/3850/3850 3849/3849/3849 3851/3851/3851
f 3851/3851/3851 3852/3852/3852 3850/3850/3850
f 3853/3853/3853 3854/3854/3854 3855/3855/3855
f 3855/3855/3855 3856/3856/3856 3853/3853/3853
f 3856/3856/3856 3855/3855/3855 3857/3857/3857
f 3857/3857/3857 3858/3858/3858 3856/3856/3856
f 3858/3858/3858 3857/3857/3857 3859/3859/3859
f 3859/3859/3859 3860/3860/3860 3858/3858/3858
f 3860/3860/3860 3859/3859/3859 3861/3861/3861
f 3861/3861/3861 3862/3862/3862 3860/3860/3860
f 3862/3862/3862 3861/3861/3861 3844/3844/3844
f 3844/3844/3844 3843/3843/3843 3862/3862/3862
f 3863/3863/3863 3864/3864/3864 3865/3865/3865
f 3866/3866/3866 3865/3865/3865 3864/3864/3864
f 3864/3864/3864 3867/3867/3867 3866/3866/3866
f 3868/3868/3868 3866/3866/3866 3867/3867/3867
f 3867/3867/3867 3869/3869/3869 3868/3868/3868
f 3870/3870/3870 3868/3868/3868 3869/3869/3869
f 3869/3869/3869 3871/3871/3871 3870/3870/3870
f 3872/3872/3872 3870/3870/3870 3871/3871/3871
f 3871/3871/3871 3873/3873/3873 3872/3872/3872
f 3874/3874/3874 3872/3872/3872 3873/3873/3873
f 3873/3873/3873 3875/3875/3875 3874/3874/3874
f 3876/3876/3876 3874/3874/3874 3875/3875/3875
f 3875/3875/3875 3877/3877/3877 3876/3876/3876
f 3878/3878/3878 3876/3876/3876 3877/3877/3877
f 3877/3877/3877 3879/3879/3879 3878/3878/3878
f 3880/3880/3880 3878/3878/3878 3879/3879/3879
f 3879/3879/3879 3881/3881/3881 3880/3880/3880
f 3882/3882/3882 3880/3880/3880 3881/3881/3881
f 3881/3881/3881 3863/3863/3863 3882/3882/3882
f 3865/3865/3865 3882/3882/3882 3863/3863/3863
f 3883/3883/3883 3884/3884/3884 3885/3885/3885
f 3886/3886/3886 3887/3887/3887 3888/3888/3888
f 3889/3889/3889 3888/3888/3888 3887/3887/3887
f 3887/3887/3887 3890/3890/3890 3889/3889/3889
f 3891/3891/3891 3889/3889/3889 3890/3890/3890
f 3890/3890/3890 3892/3892/3892 3891/3891/3891
f 3893/3893/3893 3891/3891/3891 3892/3892/3892
f 3892/3892/3892 3894/3894/3894 3893/3893/3893
f 3895/3895/3895 3893/3893/3893 3894/3894/3894
f 3894/3894/3894 3896/3896/3896 3895/3895/3895
f 3897/3897/3897 3895/3895/3895 3896/3896/3896
f 3896/3896/3896 3898/3898/3898 3897/3897/3897
f 3899/3899/3899 3897/3897/3897 3898/3898/3898
f 3898/3898/3898 3900/3900/3900 3899/3899/3899
f 3901/3901/3901 3899/3899/3899 3900/3900/3900
f 3900/3900/3900 3902/3902/3902 3901/3901/3901
f 3903/3903/3903 3901/3901/3901 3902/3902/3902
f 3902/3902/3902 3904/3904/3904 3903/3903/3903
f 3905/3905/3905 3903/3903/3903 3904/3904/3904
f 3904/3904/3904 3886/3886/3886 3905/3905/3905
f 3888/3888/3888 3905/3905/3905 3886/3886/3886
f 3906/3906/3906 3907/3907/3907 3908/3908/3908
f 3908/3908/3908 3909/3909/3909 3906/3906/3906
f 3910/3910/3910 3906/3906/3906 3909/3909/3909
f 3909/3909/3909 3911/3911/3911 3910/3910/3910
f 3912/3912/3912 3913/3913/3913 3914/3914/3914
f 3915/3915/3915 3916/3916/3916 3917/3917/3917
f 3917/3917/3917 3918/3918/3918 3915/3915/3915
f 3918/3918/3918 3917/3917/3917 3919/3919/3919
f 3919/3919/3919 3920/3920/3920 3918/3918/3918
f 3920/3920/3920 3919/3919/3919 3921/3921/3921
f 3921/3921/3921 3922/3922/3922 3920/3920/3920
f 3922/3922/3922 3921/3921/3921 3923/3923/3923
f 3923/3923/3923 3924/3924/3924 3922/3922/3922
f 3924/3924/3924 3923/3923/3923 3925/3925/3925
f 3925/3925/3925 3926/3926/3926 3924/3924/3924
f 3927/3927/3927 3928/3928/3928 3929/3929/3929
f 3929/3929/3929 3930/3930/3930 3927/3927/3927
f 3930/3930/3930 3929/3929/3929 3931/3931/3931
f 3931/3931/3931 3932/3932/3932 3930/3930/3930
f 3932/3932/3932 3931/3931/3931 3933/3933/3933
f 3933/3933/3933 3934/3934/3934 3932/3932/3932
f 3934/3934/3934 3933/3933/3933 3935/3935/3935
f 3935/3935/3935 3936/3936/3936 3934/3934/3934
f 3936/3936/3936 3935/3935/3935 3916/3916/3916
f 3916/3916/3916 3915/3915/3915 3936/3936/3936
f 3937/3937/3937 3938/3938/3938 3939/3939/3939
f 3939/3939/3939 3940/3940/3940 3937/3937/3937
f 3940/3940/3940 3939/3939/3939 3941/3941/3941
f 3941/3941/3941 3942/3942/3942 3940/3940/3940
f 3942/3942/3942 3941/3941/3941 3943/3943/3943
f 3943/3943/3943 3944/3944/3944 3942/3942/3942
f 3944/3944/3944 3943/3943/3943 3945/3945/3945
f 3945/3945/3945 3946/3946/3946 3944/3944/3944
f 3946/3946/3946 3945/3945/3945 3947/3947/3947
f 3947/3947/3947 3948/3948/3948 3946/3946/3946
f 3949/3949/3949 3950/3950/3950 3951/3951/3951
f 3951/3951/3951 3952/3952/3952 3949/3949/3949
f 3952/3952/3952 3951/3951/3951 3953/3953/3953
f 3953/3953/3953 3954/3954/3954 3952/3952/3952
f 3954/3954/3954 3953/3953/3953 3955/3955/3955
f 3955/3955/3955 3956/3956/3956 3954/3954/3954
f 3956/3956/3956 3955/3955/3955 3957/3957/3957
f 3957/3957/3957 3958/3958/3958 3956/3956/3956
f 3958/3958/3958 3957/3957/3957 3938/3938/3938
f 3938/3938/3938 3937/3937/3937 3958/3958/3958
f 3959/3959/3959 3960/3960/3960 3961/3961/3961
f 3961/3961/3961 3962/3962/3962 3959/3959/3959
f 3962/3962/3962 3961/3961/3961 3963/3963/3963
f 3963/3963/3963 3964/3964/3964 3962/3962/3962
f 3965/3965/3965 3962/3962/3962 3964/3964/3964
f 3964/3964/3964 3966/3966/3966 3965/3965/3965
f 3967/3967/3967 3965/3965/3965 3966/3966/3966
f 3966/3966/3966 3968/3968/3968 3967/3967/3967
f 3969/3969/3969 3967/3967/3967 3968/3968/3968
f 3968/3968/3968 3970/3970/3970 3969/3969/3969
f 3971/3971/3971 3959/3959/3959 3962/3962/3962
f 3962/3962/3962 3965/3965/3965 3971/3971/3971
f 3972/3972/3972 3971/3971/3971 3965/3965/3965
f 3965/3965/3965 3967/3967/3967 3972/3972/3972
f 3973/3973/3973 3972/3972/3972 3967/3967/3967
f 3967/3967/3967 3969/3969/3969 3973/3973/3973
f 3974/3974/3974 3973/3973/3973 3969/3969/3969
f 3969/3969/3969 3975/3975/3975 3974/3974/3974
f 3976/3976/3976 3974/3974/3974 3975/3975/3975
f 3975/3975/3975 3977/3977/3977 3976/3976/3976
f 3975/3975/3975 3969/3969/3969 3970/3970/3970
f 3970/3970/3970 3978/3978/3978 3975/3975/3975
f 3977/3977/3977 3975/3975/3975 3978/3978/3978
f 3978/3978/3978 3979/3979/3979 3977/3977/3977
f 3980/3980/3980 3977/3977/3977 3979/3979/3979
f 3979/3979/3979 3981/3981/3981 3980/3980/3980
f 3982/3982/3982 3980/3980/3980 3981/3981/3981
f 3981/3981/3981 3983/3983/3983 3982/3982/3982
f 3984/3984/3984 3982/3982/3982 3983/3983/3983
f 3983/3983/3983 3985/3985/3985 3984/3984/3984
f 3986/3986/3986 3984/3984/3984 3985/3985/3985
f 3985/3985/3985 3987/3987/3987 3986/3986/3986
f 3988/3988/3988 3976/3976/3976 3977/3977/3977
f 3977/3977/3977 3980/3980/3980 3988/3988/3988
f 3989/3989/3989 3988/3988/3988 3980/3980/3980
f 3980/3980/3980 3982/3982/3982 3989/3989/3989
f 3990/3990/3990 3989/3989/3989 3982/3982/3982
f 3982/3982/3982 3984/3984/3984 3990/3990/3990
f 3991/3991/3991 3990/3990/3990 3984/3984/3984
f 3984/3984/3984 3986/3986/3986 3991/3991/3991
f 3992/3992/3992 3993/3993/3993 3994/3994/3994
f 3995/3995/3995 3996/3996/3996 3997/3997/3997
f 3995/3995/3995 3998/3998/3998 3996/3996/3996
f 3995/3995/3995 3999/3999/3999 3998/3998/3998
f 3995/3995/3995 4000/4000/4000 3999/3999/3999
f 3995/3995/3995 4001/4001/4001 4000/4000/4000
f 3995/3995/3995 4002/4002/4002 4001/4001/4001
f 3995/3995/3995 4003/4003/4003 4002/4002/4002
f 3995/3995/3995 4004/4004/4004 4003/4003/4003
f 3995/3995/3995 4005/4005/4005 4004/4004/4004
f 3995/3995/3995 4006/4006/4006 4005/4005/4005
f 3995/3995/3995 4007/4007/4007 4006/4006/4006
f 3995/3995/3995 4008/4008/4008 4007/4007/4007
f 4006/4006/4006 4009/4009/4009 4010/4010/4010
f 4010/4010/4010 4005/4005/4005 4006/4006/4006
f 4005/4005/4005 4010/4010/4010 4011/4011/4011
f 4011/4011/4011 4004/4004/4004 4005/4005/4005
f 4004/4004/4004 4011/4011/4011 4012/4012/4012
f 4012/4012/4012 4003/4003/4003 4004/4004/4004
f 4003/4003/4003 4012/4012/4012 4013/4013/4013
f 4013/4013/4013 4002/4002/4002 4003/4003/4003
f 4002/4002/4002 4013/4013/4013 4014/4014/4014
f 4014/4014/4014 4001/4001/4001 4002/4002/4002
f 4010/4010/4010 4015/4015/4015 4016/4016/4016
f 4016/4016/4016 4011/4011/4011 4010/4010/4010
f 4011/4011/4011 4016/4016/4016 4017/4017/4017
f 4017/4017/4017 4012/4012/4012 4011/4011/4011
f 4012/4012/4012 4017/4017/4017 4018/4018/4018
f 4018/4018/4018 4013/4013/4013 4012/4012/4012
f 4013/4013/4013 4018/4018/4018 4019/4019/4019
f 4019/4019/4019 4014/4014/4014 4013/4013/4013
f 4014/4014/4014 4019/4019/4019 4020/4020/4020
f 4020/4020/4020 4021/4021/4021 4014/4014/4014
f 4001/4001/4001 4014/4014/4014 4021/4021/4021
f 4021/4021/4021 4000/4000/4000 4001/4001/4001
f 4000/4000/4000 4021/4021/4021 4022/4022/4022
f 4022/4022/4022 3999/3999/3999 4000/4000/4000
f 3999/3999/3999 4022/4022/4022 4023/4023/4023
f 4023/4023/4023 3998/3998/3998 3999/3999/3999
f 3998/3998/3998 4023/4023/4023 4024/4024/4024
f 4024/4024/4024 3996/3996/3996 3998/3998/3998
f 3996/3996/3996 4024/4024/4024 4025/4025/4025
f 4025/4025/4025 3997/3997/3997 3996/3996/3996
f 4021/4021/4021 4020/4020/4020 4026/4026/4026
f 4026/4026/4026 4022/4022/4022 4021/4021/4021
f 4022/4022/4022 4026/4026/4026 4027/4027/4027
f 4027/4027/4027 4023/4023/4023 4022/4022/4022
f 4023/4023/4023 4027/4027/4027 4028/4028/4028
f 4028/4028/4028 4024/4024/4024 4023/4023/4023
f 4024/4024/4024 4028/4028/4028 4029/4029/4029
f 4029/4029/4029 4025/4025/4025 4024/4024/4024
f 4025/4025/4025 4029/4029/4029 4030/4030/4030
f 4030/4030/4030 4031/4031/4031 4025/4025/4025
f 4032/4032/4032 4033/4033/4033 4034/4034/4034
f 4033/4033/4033 4032/4032/4032 4035/4035/4035
f 4035/4035/4035 4031/4031/4031 4033/4033/4033
f 3997/3997/3997 4025/4025/4025 4031/4031/4031
f 4031/4031/4031 4035/4035/4035 3997/3997/3997
f 3995/3995/3995 3997/3997/3997 4035/4035/4035
f 3995/3995/3995 4035/4035/4035 4032/4032/4032
f 3995/3995/3995 4032/4032/4032 4008/4008/4008
f 4034/4034/4034 4008/4008/4008 4032/4032/4032
f 4008/4008/4008 4034/4034/4034 4036/4036/4036
f 4036/4036/4036 4007/4007/4007 4008/4008/4008
f 4007/4007/4007 4036/4036/4036 4009/4009/4009
f 4009/4009/4009 4006/4006/4006 4007/4007/4007
f 4031/4031/4031 4030/4030/4030 4037/4037/4037
f 4037/4037/4037 4033/4033/4033 4031/4031/4031
f 4033/4033/4033 4037/4037/4037 4038/4038/4038
f 4038/4038/4038 4034/4034/4034 4033/4033/4033
f 4034/4034/4034 4038/4038/4038 4039/4039/4039
f 4039/4039/4039 4036/4036/4036 4034/4034/4034
f 4036/4036/4036 4039/4039/4039 4040/4040/4040
f 4040/4040/4040 4009/4009/4009 4036/4036/4036
f 4009/4009/4009 4040/4040/4040 4015/4015/4015
f 4015/4015/4015 4010/4010/4010 4009/4009/4009
f 4041/4041/4041 4042/4042/4042 4043/4043/4043
f 3329/3329/3329 3324/3324/3324 3321/3321/3321
f 3321/3321/3321 4044/4044/4044 3329/3329/3329
f 3322/3322/3322 4044/4044/4044 3321/3321/3321
f 4044/4044/4044 3322/3322/3322 4045/4045/4045
f 4045/4045/4045 4046/4046/4046 4044/4044/4044
f 4046/4046/4046 4045/4045/4045 4047/4047/4047
f 4047/4047/4047 4048/4048/4048 4046/4046/4046
f 4048/4048/4048 4047/4047/4047 2185/2185/2185
f 2185/2185/2185 2198/2198/2198 4048/4048/4048
f 2198/2198/2198 2185/2185/2185 2188/2188/2188
f 3345/3345/3345 3329/3329/3329 4044/4044/4044
f 4044/4044/4044 4046/4046/4046 3345/3345/3345
f 3346/3346/3346 3345/3345/3345 4046/4046/4046
f 4046/4046/4046 4048/4048/4048 3346/3346/3346
f 3347/3347/3347 3346/3346/3346 4048/4048/4048
f 4048/4048/4048 2198/2198/2198 3347/3347/3347
f 2223/2223/2223 3347/3347/3347 2198/2198/2198
f 2203/2203/2203 2223/2223/2223 2198/2198/2198
f 2220/2220/2220 2223/2223/2223 2203/2203/2203
f 2203/2203/2203 2210/2210/2210 2220/2220/2220
f 4049/4049/4049 143/143/143 132/132/132
f 132/132/132 129/129/129 4049/4049/4049
f 4050/4050/4050 4049/4049/4049 129/129/129
f 129/129/129 127/127/127 4050/4050/4050
f 4051/4051/4051 4050/4050/4050 127/127/127
f 127/127/127 125/125/125 4051/4051/4051
f 4052/4052/4052 4051/4051/4051 125/125/125
f 125/125/125 122/122/122 4052/4052/4052
f 116/116/116 4052/4052/4052 122/122/122
f 122/122/122 117/117/117 116/116/116
f 4053/4053/4053 4054/4054/4054 4055/4055/4055
f 4055/4055/4055 4056/4056/4056 4053/4053/4053
f 4057/4057/4057 4053/4053/4053 4056/4056/4056
f 4056/4056/4056 4058/4058/4058 4057/4057/4057
f 4059/4059/4059 4057/4057/4057 4058/4058/4058
f 4058/4058/4058 4060/4060/4060 4059/4059/4059
f 4061/4061/4061 4059/4059/4059 4060/4060/4060
f 4060/4060/4060 4062/4062/4062 4061/4061/4061
f 4063/4063/4063 4061/4061/4061 4062/4062/4062
f 4062/4062/4062 4064/4064/4064 4063/4063/4063
f 4065/4065/4065 4063/4063/4063 4064/4064/4064
f 4064/4064/4064 4066/4066/4066 4065/4065/4065
f 4067/4067/4067 4065/4065/4065 4066/4066/4066
f 4066/4066/4066 4068/4068/4068 4067/4067/4067
f 4069/4069/4069 4067/4067/4067 4068/4068/4068
f 4068/4068/4068 4070/4070/4070 4069/4069/4069
f 4071/4071/4071 4069/4069/4069 4070/4070/4070
f 4070/4070/4070 4072/4072/4072 4071/4071/4071
f 4073/4073/4073 4071/4071/4071 4072/4072/4072
f 4072/4072/4072 4074/4074/4074 4073/4073/4073
f 4075/4075/4075 4076/4076/4076 4077/4077/4077
f 4077/4077/4077 4078/4078/4078 4075/4075/4075
f 4079/4079/4079 4075/4075/4075 4078/4078/4078
f 4078/4078/4078 4080/4080/4080 4079/4079/4079
f 4081/4081/4081 4079/4079/4079 4080/4080/4080
f 4080/4080/4080 4082/4082/4082 4081/4081/4081
f 4083/4083/4083 4081/4081/4081 4082/4082/4082
f 4082/4082/4082 4084/4084/4084 4083/4083/4083
f 4085/4085/4085 4083/4083/4083 4084/4084/4084
f 4084/4084/4084 4086/4086/4086 4085/4085/4085
f 4087/4087/4087 4085/4085/4085 4086/4086/4086
f 4086/4086/4086 4088/4088/4088 4087/4087/4087
f 4089/4089/4089 4087/4087/4087 4088/4088/4088
f 4088/4088/4088 4090/4090/4090 4089/4089/4089
f 4091/4091/4091 4089/4089/4089 4090/4090/4090
f 4090/4090/4090 4092/4092/4092 4091/4091/4091
f 4093/4093/4093 4091/4091/4091 4092/4092/4092
f 4092/4092/4092 4094/4094/4094 4093/4093/4093
f 4095/4095/4095 4093/4093/4093 4094/4094/4094
f 4094/4094/4094 4096/4096/4096 4095/4095/4095
f 4097/4097/4097 4098/4098/4098 4099/4099/4099
f 4099/4099/4099 4100/4100/4100 4097/4097/4097
f 4101/4101/4101 4097/4097/4097 4100/4100/4100
f 4100/4100/4100 4102/4102/4102 4101/4101/4101
f 4103/4103/4103 4101/4101/4101 4102/4102/4102
f 4102/4102/4102 4104/4104/4104 4103/4103/4103
f 4105/4105/4105 4103/4103/4103 4104/4104/4104
f 4104/4104/4104 4106/4106/4106 4105/4105/4105
f 4107/4107/4107 4105/4105/4105 4106/4106/4106
f 4106/4106/4106 4108/4108/4108 4107/4107/4107
f 4109/4109/4109 4107/4107/4107 4108/4108/4108
f 4108/4108/4108 4110/4110/4110 4109/4109/4109
f 4111/4111/4111 4109/4109/4109 4110/4110/4110
f 4110/4110/4110 4112/4112/4112 4111/4111/4111
f 4113/4113/4113 4111/4111/4111 4112/4112/4112
f 4112/4112/4112 4114/4114/4114 4113/4113/4113
f 4115/4115/4115 4113/4113/4113 4114/4114/4114
f 4114/4114/4114 4116/4116/4116 4115/4115/4115
f 4117/4117/4117 4115/4115/4115 4116/4116/4116
f 4116/4116/4116 4118/4118/4118 4117/4117/4117
f 4119/4119/4119 4120/4120/4120 4121/4121/4121
f 4121/4121/4121 4122/4122/4122 4119/4119/4119
f 4123/4123/4123 4119/4119/4119 4122/4122/4122
f 4122/4122/4122 4124/4124/4124 4123/4123/4123
f 4125/4125/4125 4123/4123/4123 4124/4124/4124
f 4124/4124/4124 4126/4126/4126 4125/4125/4125
f 4127/4127/4127 4125/4125/4125 4126/4126/4126
f 4126/4126/4126 4128/4128/4128 4127/4127/4127
f 4129/4129/4129 4127/4127/4127 4128/4128/4128
f 4128/4128/4128 4130/4130/4130 4129/4129/4129
f 4131/4131/4131 4129/4129/4129 4130/4130/4130
f 4130/4130/4130 4132/4132/4132 4131/4131/4131
f 4133/4133/4133 4131/4131/4131 4132/4132/4132
f 4132/4132/4132 4134/4134/4134 4133/4133/4133
f 4135/4135/4135 4133/4133/4133 4134/4134/4134
f 4134/4134/4134 4136/4136/4136 4135/4135/4135
f 4137/4137/4137 4135/4135/4135 4136/4136/4136
f 4136/4136/4136 4138/4138/4138 4137/4137/4137
f 4139/4139/4139 4137/4137/4137 4138/4138/4138
f 4138/4138/4138 4140/4140/4140 4139/4139/4139
f 4141/4141/4141 4142/4142/4142 4143/4143/4143
f 4142/4142/4142 4141/4141/4141 4144/4144/4144
f 4144/4144/4144 4145/4145/4145 4142/4142/4142
f 4145/4145/4145 4144/4144/4144 4146/4146/4146
f 4146/4146/4146 4147/4147/4147 4145/4145/4145
f 4147/4147/4147 4146/4146/4146 4148/4148/4148
f 4148/4148/4148 4149/4149/4149 4147/4147/4147
f 4149/4149/4149 4148/4148/4148 4150/4150/4150
f 4150/4150/4150 4151/4151/4151 4149/4149/4149
f 4151/4151/4151 4150/4150/4150 4152/4152/4152
f 4152/4152/4152 4153/4153/4153 4151/4151/4151
f 4153/4153/4153 4152/4152/4152 4154/4154/4154
f 4154/4154/4154 4155/4155/4155 4153/4153/4153
f 4155/4155/4155 4154/4154/4154 4156/4156/4156
f 4156/4156/4156 4157/4157/4157 4155/4155/4155
f 4157/4157/4157 4156/4156/4156 4158/4158/4158
f 4158/4158/4158 4159/4159/4159 4157/4157/4157
f 4159/4159/4159 4158/4158/4158 4160/4160/4160
f 4161/4161/4161 4162/4162/4162 4163/4163/4163
f 4162/4162/4162 4161/4161/4161 4164/4164/4164
f 4164/4164/4164 4165/4165/4165 4162/4162/4162
f 4165/4165/4165 4164/4164/4164 4166/4166/4166
f 4166/4166/4166 4167/4167/4167 4165/4165/4165
f 4167/4167/4167 4166/4166/4166 4168/4168/4168
f 4168/4168/4168 4169/4169/4169 4167/4167/4167
f 4169/4169/4169 4168/4168/4168 4170/4170/4170
f 4170/4170/4170 4171/4171/4171 4169/4169/4169
f 4171/4171/4171 4170/4170/4170 4172/4172/4172
f 4172/4172/4172 4173/4173/4173 4171/4171/4171
f 4173/4173/4173 4172/4172/4172 4174/4174/4174
f 4174/4174/4174 4175/4175/4175 4173/4173/4173
f 4175/4175/4175 4174/4174/4174 4176/4176/4176
f 4176/4176/4176 4177/4177/4177 4175/4175/4175
f 4177/4177/4177 4176/4176/4176 4178/4178/4178
f 4178/4178/4178 4179/4179/4179 4177/4177/4177
f 4179/4179/4179 4178/4178/4178 4180/4180/4180
f 4180/4180/4180 4181/4181/4181 4179/4179/4179
f 4181/4181/4181 4180/4180/4180 4182/4182/4182
f 4183/4183/4183 4184/4184/4184 4185/4185/4185
f 4183/4183/4183 4185/4185/4185 4186/4186/4186
f 4183/4183/4183 4186/4186/4186 4187/4187/4187
f 4183/4183/4183 4187/4187/4187 4188/4188/4188
f 4183/4183/4183 4188/4188/4188 4189/4189/4189
f 4183/4183/4183 4189/4189/4189 4190/4190/4190
f 4183/4183/4183 4190/4190/4190 4191/4191/4191
f 4183/4183/4183 4191/4191/4191 4192/4192/4192
f 4193/4193/4193 4192/4192/4192 4191/4191/4191
f 4192/4192/4192 4193/4193/4193 4194/4194/4194
f 4194/4194/4194 4183/4183/4183 4192/4192/4192
f 4183/4183/4183 4194/4194/4194 4195/4195/4195
f 4196/4196/4196 4197/4197/4197 4198/4198/4198
f 4197/4197/4197 4196/4196/4196 4199/4199/4199
f 4199/4199/4199 4200/4200/4200 4197/4197/4197
f 4200/4200/4200 4199/4199/4199 4201/4201/4201
f 4201/4201/4201 4202/4202/4202 4200/4200/4200
f 4202/4202/4202 4201/4201/4201 4203/4203/4203
f 4203/4203/4203 4204/4204/4204 4202/4202/4202
f 4204/4204/4204 4203/4203/4203 4205/4205/4205
f 4205/4205/4205 4206/4206/4206 4204/4204/4204
f 4206/4206/4206 4205/4205/4205 4207/4207/4207
f 4207/4207/4207 4208/4208/4208 4206/4206/4206
f 4208/4208/4208 4207/4207/4207 4209/4209/4209
f 4209/4209/4209 4210/4210/4210 4208/4208/4208
f 4210/4210/4210 4209/4209/4209 4211/4211/4211
f 4211/4211/4211 4212/4212/4212 4210/4210/4210
f 4212/4212/4212 4211/4211/4211 4213/4213/4213
f 4213/4213/4213 4214/4214/4214 4212/4212/4212
f 4214/4214/4214 4213/4213/4213 4215/4215/4215
f 4216/4216/4216 4217/4217/4217 4218/4218/4218
f 4218/4218/4218 4219/4219/4219 4216/4216/4216
f 4220/4220/4220 4216/4216/4216 4219/4219/4219
f 4219/4219/4219 4221/4221/4221 4220/4220/4220
f 4222/4222/4222 4220/4220/4220 4221/4221/4221
f 4221/4221/4221 4223/4223/4223 4222/4222/4222
f 4224/4224/4224 4225/4225/4225 4226/4226/4226
f 4226/4226/4226 4227/4227/4227 4224/4224/4224
f 4228/4228/4228 4224/4224/4224 4227/4227/4227
f 4227/4227/4227 4229/4229/4229 4228/4228/4228
f 4230/4230/4230 4228/4228/4228 4229/4229/4229
f 4229/4229/4229 4231/4231/4231 4230/4230/4230
f 4232/4232/4232 4230/4230/4230 4231/4231/4231
f 4231/4231/4231 4233/4233/4233 4232/4232/4232
f 4234/4234/4234 4232/4232/4232 4233/4233/4233
f 4233/4233/4233 4235/4235/4235 4234/4234/4234
f 4236/4236/4236 4234/4234/4234 4235/4235/4235
f 4235/4235/4235 4237/4237/4237 4236/4236/4236
f 4238/4238/4238 4236/4236/4236 4237/4237/4237
f 4237/4237/4237 4239/4239/4239 4238/4238/4238
f 4240/4240/4240 4238/4238/4238 4239/4239/4239
f 4239/4239/4239 4241/4241/4241 4240/4240/4240
f 4242/4242/4242 4240/4240/4240 4241/4241/4241
f 4241/4241/4241 4243/4243/4243 4242/4242/4242
f 4244/4244/4244 4242/4242/4242 4243/4243/4243
f 4243/4243/4243 4245/4245/4245 4244/4244/4244
f 4246/4246/4246 4247/4247/4247 4248/4248/4248
f 4248/4248/4248 4249/4249/4249 4246/4246/4246
f 4250/4250/4250 4246/4246/4246 4249/4249/4249
f 4249/4249/4249 4251/4251/4251 4250/4250/4250
f 4252/4252/4252 4250/4250/4250 4251/4251/4251
f 4251/4251/4251 4253/4253/4253 4252/4252/4252
f 4254/4254/4254 4252/4252/4252 4253/4253/4253
f 4253/4253/4253 4255/4255/4255 4254/4254/4254
f 4256/4256/4256 4254/4254/4254 4255/4255/4255
f 4255/4255/4255 4257/4257/4257 4256/4256/4256
f 4258/4258/4258 4256/4256/4256 4257/4257/4257
f 4257/4257/4257 4259/4259/4259 4258/4258/4258
f 4260/4260/4260 4258/4258/4258 4259/4259/4259
f 4259/4259/4259 4261/4261/4261 4260/4260/4260
f 4262/4262/4262 4260/4260/4260 4261/4261/4261
f 4261/4261/4261 4263/4263/4263 4262/4262/4262
f 4264/4264/4264 4262/4262/4262 4263/4263/4263
f 4263/4263/4263 4265/4265/4265 4264/4264/4264
f 4266/4266/4266 4264/4264/4264 4265/4265/4265
f 4265/4265/4265 4267/4267/4267 4266/4266/4266
f 4268/4268/4268 4269/4269/4269 4270/4270/4270
f 4270/4270/4270 4271/4271/4271 4268/4268/4268
f 4272/4272/4272 4268/4268/4268 4271/4271/4271
f 4271/4271/4271 4273/4273/4273 4272/4272/4272
f 4274/4274/4274 4272/4272/4272 4273/4273/4273
f 4273/4273/4273 4275/4275/4275 4274/4274/4274
f 4276/4276/4276 4274/4274/4274 4275/4275/4275
f 4275/4275/4275 4277/4277/4277 4276/4276/4276
f 4278/4278/4278 4276/4276/4276 4277/4277/4277
f 4277/4277/4277 4279/4279/4279 4278/4278/4278
f 4280/4280/4280 4278/4278/4278 4279/4279/4279
f 4279/4279/4279 4281/4281/4281 4280/4280/4280
f 4282/4282/4282 4280/4280/4280 4281/4281/4281
f 4281/4281/4281 4283/4283/4283 4282/4282/4282
f 4284/4284/4284 4282/4282/4282 4283/4283/4283
f 4283/4283/4283 4285/4285/4285 4284/4284/4284
f 4286/4286/4286 4284/4284/4284 4285/4285/4285
f 4285/4285/4285 4287/4287/4287 4286/4286/4286
f 4288/4288/4288 4286/4286/4286 4287/4287/4287
f 4287/4287/4287 4289/4289/4289 4288/4288/4288
f 4290/4290/4290 4291/4291/4291 4292/4292/4292
f 4292/4292/4292 4293/4293/4293 4290/4290/4290
f 4294/4294/4294 4290/4290/4290 4293/4293/4293
f 4293/4293/4293 4295/4295/4295 4294/4294/4294
f 4296/4296/4296 4294/4294/4294 4295/4295/4295
f 4295/4295/4295 4297/4297/4297 4296/4296/4296
f 4298/4298/4298 4296/4296/4296 4297/4297/4297
f 4297/4297/4297 4299/4299/4299 4298/4298/4298
f 4300/4300/4300 4298/4298/4298 4299/4299/4299
f 4299/4299/4299 4301/4301/4301 4300/4300/4300
f 4302/4302/4302 4300/4300/4300 4301/4301/4301
f 4301/4301/4301 4303/4303/4303 4302/4302/4302
f 4304/4304/4304 4302/4302/4302 4303/4303/4303
f 4303/4303/4303 4305/4305/4305 4304/4304/4304
f 4306/4306/4306 4304/4304/4304 4305/4305/4305
f 4305/4305/4305 4307/4307/4307 4306/4306/4306
f 4308/4308/4308 4306/4306/4306 4307/4307/4307
f 4307/4307/4307 4309/4309/4309 4308/4308/4308
f 4310/4310/4310 4308/4308/4308 4309/4309/4309
f 4309/4309/4309 4311/4311/4311 4310/4310/4310
f 4312/4312/4312 4313/4313/4313 4314/4314/4314
f 4314/4314/4314 4315/4315/4315 4312/4312/4312
f 4316/4316/4316 4312/4312/4312 4315/4315/4315
f 4315/4315/4315 4317/4317/4317 4316/4316/4316
f 4318/4318/4318 4316/4316/4316 4317/4317/4317
f 4317/4317/4317 4319/4319/4319 4318/4318/4318
f 4320/4320/4320 4321/4321/4321 4322/4322/4322
f 4322/4322/4322 4323/4323/4323 4320/4320/4320
f 4324/4324/4324 4320/4320/4320 4323/4323/4323
f 4323/4323/4323 4325/4325/4325 4324/4324/4324
f 4326/4326/4326 4324/4324/4324 4325/4325/4325
f 4325/4325/4325 4327/4327/4327 4326/4326/4326
f 4328/4328/4328 4326/4326/4326 4327/4327/4327
f 4327/4327/4327 4329/4329/4329 4328/4328/4328
f 4330/4330/4330 4328/4328/4328 4329/4329/4329
f 4329/4329/4329 4331/4331/4331 4330/4330/4330
f 4332/4332/4332 4330/4330/4330 4331/4331/4331
f 4331/4331/4331 4333/4333/4333 4332/4332/4332
f 4334/4334/4334 4332/4332/4332 4333/4333/4333
f 4333/4333/4333 4335/4335/4335 4334/4334/4334
f 4336/4336/4336 4334/4334/4334 4335/4335/4335
f 4335/4335/4335 4337/4337/4337 4336/4336/4336
f 4338/4338/4338 4336/4336/4336 4337/4337/4337
f 4337/4337/4337 4339/4339/4339 4338/4338/4338
f 4338/4338/4338 4339/4339/4339 4340/4340/4340
f 4340/4340/4340 4341/4341/4341 4338/4338/4338
f 4342/4342/4342 4343/4343/4343 4344/4344/4344
f 4345/4345/4345 4346/4346/4346 4347/4347/4347
f 4347/4347/4347 4348/4348/4348 4345/4345/4345
f 4349/4349/4349 4345/4345/4345 4348/4348/4348
f 4348/4348/4348 4350/4350/4350 4349/4349/4349
f 2253/2253/2253 2252/2252/2252 4351/4351/4351
f 4351/4351/4351 4352/4352/4352 2253/2253/2253
f 2261/2261/2261 2253/2253/2253 4352/4352/4352
f 4352/4352/4352 4353/4353/4353 2261/2261/2261
f 4354/4354/4354 2261/2261/2261 4353/4353/4353
f 4353/4353/4353 4355/4355/4355 4354/4354/4354
f 4355/4355/4355 4353/4353/4353 4356/4356/4356
f 4356/4356/4356 4357/4357/4357 4355/4355/4355
f 4357/4357/4357 4356/4356/4356 4358/4358/4358
f 4358/4358/4358 4356/4356/4356 4359/4359/4359
f 4358/4358/4358 4360/4360/4360 4357/4357/4357
f 4359/4359/4359 4356/4356/4356 4353/4353/4353
f 4353/4353/4353 4352/4352/4352 4359/4359/4359
f 4361/4361/4361 4359/4359/4359 4352/4352/4352
f 4352/4352/4352 4351/4351/4351 4361/4361/4361
f 4361/4361/4361 4351/4351/4351 4362/4362/4362
f 2263/2263/2263 4362/4362/4362 4351/4351/4351
f 4351/4351/4351 2252/2252/2252 2263/2263/2263
f 2264/2264/2264 2263/2263/2263 2252/2252/2252
f 2252/2252/2252 2250/2250/2250 2264/2264/2264
f 2254/2254/2254 2264/2264/2264 2250/2250/2250
f 4362/4362/4362 4363/4363/4363 4361/4361/4361
f 4359/4359/4359 4364/4364/4364 4358/4358/4358
f 4364/4364/4364 4359/4359/4359 4361/4361/4361
f 4361/4361/4361 4365/4365/4365 4364/4364/4364
f 4365/4365/4365 4361/4361/4361 4363/4363/4363
f 4363/4363/4363 2270/2270/2270 4365/4365/4365
f 2270/2270/2270 4363/4363/4363 2268/2268/2268
f 2268/2268/2268 4363/4363/4363 4362/4362/4362
f 4362/4362/4362 2272/2272/2272 2268/2268/2268
f 2272/2272/2272 4362/4362/4362 2263/2263/2263
f 2263/2263/2263 2262/2262/2262 2272/2272/2272
f 4366/4366/4366 4367/4367/4367 4368/4368/4368
f 4369/4369/4369 4370/4370/4370 4371/4371/4371
f 4372/4372/4372 4373/4373/4373 4374/4374/4374
f 4375/4375/4375 4376/4376/4376 4377/4377/4377
f 4378/4378/4378 4379/4379/4379 4380/4380/4380
f 4381/4381/4381 4382/4382/4382 4383/4383/4383
f 4384/4384/4384 4385/4385/4385 4386/4386/4386
f 4387/4387/4387 4388/4388/4388 4389/4389/4389
f 4390/4390/4390 4391/4391/4391 4392/4392/4392
f 4393/4393/4393 4394/4394/4394 4395/4395/4395
f 4396/4396/4396 4397/4397/4397 4398/4398/4398
f 4399/4399/4399 4400/4400/4400 4401/4401/4401
f 4402/4402/4402 4403/4403/4403 4404/4404/4404
f 4405/4405/4405 4406/4406/4406 4407/4407/4407
f 4407/4407/4407 4408/4408/4408 4405/4405/4405
f 4405/4405/4405 4408/4408/4408 4409/4409/4409
f 4409/4409/4409 4410/4410/4410 4405/4405/4405
f 4410/4410/4410 4409/4409/4409 4411/4411/4411
f 4411/4411/4411 4412/4412/4412 4410/4410/4410
f 4413/4413/4413 4414/4414/4414 4415/4415/4415
f 4416/4416/4416 4417/4417/4417 4418/4418/4418
f 4419/4419/4419 4420/4420/4420 4417/4417/4417
f 4419/4419/4419 4418/4418/4418 4421/4421/4421
f 4419/4419/4419 4421/4421/4421 4422/4422/4422
f 4419/4419/4419 4422/4422/4422 4423/4423/4423
f 4419/4419/4419 4423/4423/4423 4424/4424/4424
f 4419/4419/4419 4424/4424/4424 4425/4425/4425
f 4419/4419/4419 4425/4425/4425 4426/4426/4426
f 4427/4427/4427 4428/4428/4428 4429/4429/4429
f 4430/4430/4430 4431/4431/4431 4432/4432/4432
f 4433/4433/4433 4434/4434/4434 4435/4435/4435
f 4436/4436/4436 4437/4437/4437 4438/4438/4438
f 4439/4439/4439 4440/4440/4440 4441/4441/4441
f 4441/4441/4441 4442/4442/4442 4443/4443/4443
f 4444/4444/4444 4445/4445/4445 4446/4446/4446
f 4447/4447/4447 4448/4448/4448 4449/4449/4449
f 4450/4450/4450 4451/4451/4451 4452/4452/4452
f 4453/4453/4453 4454/4454/4454 4455/4455/4455
f 4456/4456/4456 4457/4457/4457 4458/4458/4458
f 4459/4459/4459 4460/4460/4460 4461/4461/4461
f 4462/4462/4462 4463/4463/4463 4464/4464/4464
f 4465/4465/4465 4466/4466/4466 4467/4467/4467
f 4468/4468/4468 4469/4469/4469 4470/4470/4470
f 4471/4471/4471 4472/4472/4472 4468/4468/4468
f 4473/4473/4473 4474/4474/4474 4475/4475/4475
f 4476/4476/4476 4477/4477/4477 4478/4478/4478
f 4479/4479/4479 4480/4480/4480 4481/4481/4481
f 4482/4482/4482 4483/4483/4483 4484/4484/4484
f 4485/4485/4485 4486/4486/4486 4487/4487/4487
f 4488/4488/4488 4489/4489/4489 4490/4490/4490
f 4491/4491/4491 4492/4492/4492 4493/4493/4493
f 4494/4494/4494 4495/4495/4495 4496/4496/4496
f 4497/4497/4497 4498/4498/4498 4499/4499/4499
f 4499/4499/4499 4500/4500/4500 4501/4501/4501
f 4502/4502/4502 4503/4503/4503 4504/4504/4504
f 4505/4505/4505 4506/4506/4506 4507/4507/4507
f 4507/4507/4507 4508/4508/4508 4505/4505/4505
f 4509/4509/4509 4505/4505/4505 4508/4508/4508
f 4508/4508/4508 4510/4510/4510 4509/4509/4509
f 4511/4511/4511 4509/4509/4509 4510/4510/4510
f 4510/4510/4510 4512/4512/4512 4511/4511/4511
f 4513/4513/4513 4511/4511/4511 4512/4512/4512
f 4512/4512/4512 4514/4514/4514 4513/4513/4513
f 4515/4515/4515 4516/4516/4516 4517/4517/4517
f 4517/4517/4517 4518/4518/4518 4515/4515/4515
f 4519/4519/4519 4515/4515/4515 4518/4518/4518
f 4518/4518/4518 4520/4520/4520 4519/4519/4519
f 4521/4521/4521 4519/4519/4519 4520/4520/4520
f 4520/4520/4520 4522/4522/4522 4521/4521/4521
f 4523/4523/4523 4524/4524/4524 4525/4525/4525
f 4526/4526/4526 4527/4527/4527 4528/4528/4528
f 4529/4529/4529 4530/4530/4530 4531/4531/4531
f 4531/4531/4531 4532/4532/4532 4529/4529/4529
f 4533/4533/4533 4529/4529/4529 4532/4532/4532
f 4532/4532/4532 4534/4534/4534 4533/4533/4533
f 4535/4535/4535 4533/4533/4533 4534/4534/4534
f 4534/4534/4534 4536/4536/4536 4535/4535/4535
f 4537/4537/4537 4535/4535/4535 4536/4536/4536
f 4536/4536/4536 4538/4538/4538 4537/4537/4537
f 4539/4539/4539 4537/4537/4537 4538/4538/4538
f 4538/4538/4538 4540/4540/4540 4539/4539/4539
f 4541/4541/4541 4539/4539/4539 4540/4540/4540
f 4540/4540/4540 4542/4542/4542 4541/4541/4541
f 4543/4543/4543 4544/4544/4544 4545/4545/4545
f 4545/4545/4545 4546/4546/4546 4543/4543/4543
f 4547/4547/4547 4543/4543/4543 4546/4546/4546
f 4546/4546/4546 4548/4548/4548 4547/4547/4547
f 4549/4549/4549 4547/4547/4547 4548/4548/4548
f 4548/4548/4548 4550/4550/4550 4549/4549/4549
f 4551/4551/4551 4549/4549/4549 4550/4550/4550
f 4550/4550/4550 4552/4552/4552 4551/4551/4551
f 4553/4553/4553 4551/4551/4551 4552/4552/4552
f 4552/4552/4552 4554/4554/4554 4553/4553/4553
f 4555/4555/4555 4553/4553/4553 4554/4554/4554
f 4554/4554/4554 4556/4556/4556 4555/4555/4555
f 4557/4557/4557 4558/4558/4558 4559/4559/4559
f 4560/4560/4560 4561/4561/4561 4562/4562/4562
f 4563/4563/4563 4564/4564/4564 4565/4565/4565
f 4566/4566/4566 4567/4567/4567 4568/4568/4568
f 4569/4569/4569 4570/4570/4570 4571/4571/4571
f 4572/4572/4572 4573/4573/4573 4574/4574/4574
f 4574/4574/4574 4575/4575/4575 4576/4576/4576
f 4577/4577/4577 4578/4578/4578 4579/4579/4579
f 4580/4580/4580 4581/4581/4581 4582/4582/4582
f 4583/4583/4583 4584/4584/4584 4585/4585/4585
f 4586/4586/4586 4587/4587/4587 4588/4588/4588
f 4589/4589/4589 4590/4590/4590 4591/4591/4591
f 4592/4592/4592 4593/4593/4593 4594/4594/4594
f 4595/4595/4595 4596/4596/4596 4597/4597/4597
f 4598/4598/4598 4599/4599/4599 4600/4600/4600
f 4601/4601/4601 4602/4602/4602 4598/4598/4598
f 4603/4603/4603 4604/4604/4604 4605/4605/4605
f 4606/4606/4606 4607/4607/4607 4608/4608/4608
f 4609/4609/4609 4610/4610/4610 4611/4611/4611
f 4612/4612/4612 4613/4613/4613 4614/4614/4614
f 4615/4615/4615 4616/4616/4616 4617/4617/4617
f 4618/4618/4618 4619/4619/4619 4620/4620/4620
f 4621/4621/4621 4622/4622/4622 4623/4623/4623
f 4624/4624/4624 4625/4625/4625 4626/4626/4626
f 4627/4627/4627 4628/4628/4628 4629/4629/4629
f 4630/4630/4630 4631/4631/4631 4627/4627/4627
f 4632/4632/4632 4633/4633/4633 4634/4634/4634
f 4635/4635/4635 4636/4636/4636 4637/4637/4637
f 4638/4638/4638 4639/4639/4639 4640/4640/4640
f 4641/4641/4641 4642/4642/4642 4643/4643/4643
f 4644/4644/4644 4645/4645/4645 4646/4646/4646
f 4647/4647/4647 4648/4648/4648 4649/4649/4649
f 4650/4650/4650 4651/4651/4651 4652/4652/4652
f 4653/4653/4653 4654/4654/4654 4655/4655/4655
f 4656/4656/4656 4657/4657/4657 4658/4658/4658
f 4658/4658/4658 4659/4659/4659 4660/4660/4660
f 4661/4661/4661 4662/4662/4662 4663/4663/4663
f 4664/4664/4664 4665/4665/4665 4666/4666/4666
f 4667/4667/4667 4668/4668/4668 4669/4669/4669
f 4670/4670/4670 4671/4671/4671 4672/4672/4672
f 4673/4673/4673 4674/4674/4674 4675/4675/4675
f 4676/4676/4676 4677/4677/4677 4678/4678/4678
f 4679/4679/4679 4680/4680/4680 4681/4681/4681
f 4682/4682/4682 4683/4683/4683 4684/4684/4684
f 4685/4685/4685 4686/4686/4686 4687/4687/4687
f 4688/4688/4688 4689/4689/4689 4685/4685/4685
f 4690/4690/4690 4691/4691/4691 4692/4692/4692
f 4693/4693/4693 4694/4694/4694 4695/4695/4695
f 4696/4696/4696 4697/4697/4697 4698/4698/4698
f 4699/4699/4699 4700/4700/4700 4701/4701/4701
f 4702/4702/4702 4703/4703/4703 4704/4704/4704
f 4704/4704/4704 4705/4705/4705 4702/4702/4702
f 4706/4706/4706 4702/4702/4702 4705/4705/4705
f 4705/4705/4705 4707/4707/4707 4706/4706/4706
f 4708/4708/4708 4706/4706/4706 4707/4707/4707
f 4707/4707/4707 4709/4709/4709 4708/4708/4708
f 4710/4710/4710 4708/4708/4708 4709/4709/4709
f 4709/4709/4709 4711/4711/4711 4710/4710/4710
f 4712/4712/4712 4710/4710/4710 4711/4711/4711
f 4711/4711/4711 4713/4713/4713 4712/4712/4712
f 4714/4714/4714 4712/4712/4712 4713/4713/4713
f 4713/4713/4713 4715/4715/4715 4714/4714/4714
f 4716/4716/4716 4714/4714/4714 4715/4715/4715
f 4715/4715/4715 4717/4717/4717 4716/4716/4716
f 4718/4718/4718 4716/4716/4716 4717/4717/4717
f 4717/4717/4717 4719/4719/4719 4718/4718/4718
f 4720/4720/4720 4718/4718/4718 4719/4719/4719
f 4719/4719/4719 4721/4721/4721 4720/4720/4720
f 4722/4722/4722 4720/4720/4720 4721/4721/4721
f 4721/4721/4721 4723/4723/4723 4722/4722/4722
f 4724/4724/4724 4725/4725/4725 4726/4726/4726
f 4726/4726/4726 4727/4727/4727 4724/4724/4724
f 4728/4728/4728 4724/4724/4724 4727/4727/4727
f 4727/4727/4727 4729/4729/4729 4728/4728/4728
f 4730/4730/4730 4728/4728/4728 4729/4729/4729
f 4729/4729/4729 4731/4731/4731 4730/4730/4730
f 4732/4732/4732 4730/4730/4730 4731/4731/4731
f 4731/4731/4731 4733/4733/4733 4732/4732/4732
f 4734/4734/4734 4732/4732/4732 4733/4733/4733
f 4733/4733/4733 4735/4735/4735 4734/4734/4734
f 4736/4736/4736 4734/4734/4734 4735/4735/4735
f 4735/4735/4735 4737/4737/4737 4736/4736/4736
f 4738/4738/4738 4736/4736/4736 4737/4737/4737
f 4737/4737/4737 4739/4739/4739 4738/4738/4738
f 4740/4740/4740 4738/4738/4738 4739/4739/4739
f 4739/4739/4739 4741/4741/4741 4740/4740/4740
f 4742/4742/4742 4740/4740/4740 4741/4741/4741
f 4741/4741/4741 4743/4743/4743 4742/4742/4742
f 4744/4744/4744 4742/4742/4742 4743/4743/4743
f 4743/4743/4743 4745/4745/4745 4744/4744/4744
f 4746/4746/4746 4747/4747/4747 4748/4748/4748
f 4748/4748/4748 4749/4749/4749 4746/4746/4746
f 4750/4750/4750 4746/4746/4746 4749/4749/4749
f 4749/4749/4749 4751/4751/4751 4750/4750/4750
f 4752/4752/4752 4750/4750/4750 4751/4751/4751
f 4751/4751/4751 4753/4753/4753 4752/4752/4752
f 4754/4754/4754 4752/4752/4752 4753/4753/4753
f 4753/4753/4753 4755/4755/4755 4754/4754/4754
f 4756/4756/4756 4754/4754/4754 4755/4755/4755
f 4755/4755/4755 4757/4757/4757 4756/4756/4756
f 4758/4758/4758 4756/4756/4756 4757/4757/4757
f 4757/4757/4757 4759/4759/4759 4758/4758/4758
f 4760/4760/4760 4758/4758/4758 4759/4759/4759
f 4759/4759/4759 4761/4761/4761 4760/4760/4760
f 4762/4762/4762 4760/4760/4760 4761/4761/4761
f 4761/4761/4761 4763/4763/4763 4762/4762/4762
f 4764/4764/4764 4762/4762/4762 4763/4763/4763
f 4763/4763/4763 4765/4765/4765 4764/4764/4764
f 4766/4766/4766 4764/4764/4764 4765/4765/4765
f 4765/4765/4765 4767/4767/4767 4766/4766/4766
f 4768/4768/4768 4769/4769/4769 4770/4770/4770
f 4770/4770/4770 4771/4771/4771 4768/4768/4768
f 4772/4772/4772 4768/4768/4768 4771/4771/4771
f 4771/4771/4771 4773/4773/4773 4772/4772/4772
f 4774/4774/4774 4772/4772/4772 4773/4773/4773
f 4773/4773/4773 4775/4775/4775 4774/4774/4774
f 4776/4776/4776 4774/4774/4774 4775/4775/4775
f 4775/4775/4775 4777/4777/4777 4776/4776/4776
f 4778/4778/4778 4776/4776/4776 4777/4777/4777
f 4777/4777/4777 4779/4779/4779 4778/4778/4778
f 4780/4780/4780 4778/4778/4778 4779/4779/4779
f 4779/4779/4779 4781/4781/4781 4780/4780/4780
f 4782/4782/4782 4780/4780/4780 4781/4781/4781
f 4781/4781/4781 4783/4783/4783 4782/4782/4782
f 4784/4784/4784 4782/4782/4782 4783/4783/4783
f 4783/4783/4783 4785/4785/4785 4784/4784/4784
f 4786/4786/4786 4784/4784/4784 4785/4785/4785
f 4785/4785/4785 4787/4787/4787 4786/4786/4786
f 4788/4788/4788 4786/4786/4786 4787/4787/4787
f 4787/4787/4787 4789/4789/4789 4788/4788/4788
f 4790/4790/4790 4791/4791/4791 4792/4792/4792
f 4792/4792/4792 4793/4793/4793 4790/4790/4790
f 4794/4794/4794 4790/4790/4790 4793/4793/4793
f 4793/4793/4793 4795/4795/4795 4794/4794/4794
f 4796/4796/4796 4794/4794/4794 4795/4795/4795
f 4795/4795/4795 4797/4797/4797 4796/4796/4796
f 4798/4798/4798 4799/4799/4799 4800/4800/4800
f 4800/4800/4800 4801/4801/4801 4798/4798/4798
f 4802/4802/4802 4798/4798/4798 4801/4801/4801
f 4801/4801/4801 4803/4803/4803 4802/4802/4802
f 4804/4804/4804 4802/4802/4802 4803/4803/4803
f 4803/4803/4803 4805/4805/4805 4804/4804/4804
f 4806/4806/4806 4804/4804/4804 4805/4805/4805
f 4805/4805/4805 4807/4807/4807 4806/4806/4806
f 4808/4808/4808 4806/4806/4806 4807/4807/4807
f 4807/4807/4807 4809/4809/4809 4808/4808/4808
f 4810/4810/4810 4808/4808/4808 4809/4809/4809
f 4809/4809/4809 4811/4811/4811 4810/4810/4810
f 4812/4812/4812 4810/4810/4810 4811/4811/4811
f 4811/4811/4811 4813/4813/4813 4812/4812/4812
f 4814/4814/4814 4812/4812/4812 4813/4813/4813
f 4813/4813/4813 4815/4815/4815 4814/4814/4814
f 4816/4816/4816 4814/4814/4814 4815/4815/4815
f 4815/4815/4815 4817/4817/4817 4816/4816/4816
f 4818/4818/4818 4816/4816/4816 4817/4817/4817
f 4817/4817/4817 4819/4819/4819 4818/4818/4818
f 4820/4820/4820 4821/4821/4821 4822/4822/4822
f 4823/4823/4823 4824/4824/4824 4825/4825/4825
f 4826/4826/4826 4827/4827/4827 4828/4828/4828
f 4829/4829/4829 4830/4830/4830 4831/4831/4831
f 4832/4832/4832 4833/4833/4833 4834/4834/4834
f 4835/4835/4835 4836/4836/4836 4837/4837/4837
f 4838/4838/4838 4839/4839/4839 4840/4840/4840
f 4841/4841/4841 4842/4842/4842 4843/4843/4843
f 4844/4844/4844 4845/4845/4845 4846/4846/4846
f 4847/4847/4847 4848/4848/4848 4849/4849/4849
f 4850/4850/4850 4851/4851/4851 4852/4852/4852
f 4853/4853/4853 4854/4854/4854 4855/4855/4855
f 4856/4856/4856 4857/4857/4857 4858/4858/4858
f 4859/4859/4859 4860/4860/4860 4861/4861/4861
f 4862/4862/4862 4863/4863/4863 4864/4864/4864
f 4865/4865/4865 4866/4866/4866 4867/4867/4867
f 4867/4867/4867 4868/4868/4868 4865/4865/4865
f 4865/4865/4865 4868/4868/4868 4869/4869/4869
f 4869/4869/4869 4870/4870/4870 4865/4865/4865
f 4870/4870/4870 4869/4869/4869 4871/4871/4871
f 4871/4871/4871 4872/4872/4872 4870/4870/4870
f 4872/4872/4872 4871/4871/4871 4873/4873/4873
f 4873/4873/4873 4874/4874/4874 4872/4872/4872
f 4874/4874/4874 4873/4873/4873 2234/2234/2234
f 2234/2234/2234 2233/2233/2233 4874/4874/4874
f 4875/4875/4875 4876/4876/4876 4877/4877/4877
f 4878/4878/4878 4879/4879/4879 4880/4880/4880
f 4881/4881/4881 4882/4882/4882 4883/4883/4883
f 4884/4884/4884 4885/4885/4885 4886/4886/4886
f 4887/4887/4887 4888/4888/4888 4889/4889/4889
f 4890/4890/4890 4891/4891/4891 4892/4892/4892
f 4893/4893/4893 4894/4894/4894 4895/4895/4895
f 4896/4896/4896 4897/4897/4897 4898/4898/4898
f 4899/4899/4899 4900/4900/4900 4901/4901/4901
f 4902/4902/4902 4903/4903/4903 4904/4904/4904
f 4904/4904/4904 4905/4905/4905 4902/4902/4902
f 4902/4902/4902 4905/4905/4905 4906/4906/4906
f 4906/4906/4906 4907/4907/4907 4902/4902/4902
f 4908/4908/4908 4907/4907/4907 4906/4906/4906
f 4906/4906/4906 4909/4909/4909 4908/4908/4908
f 4908/4908/4908 4909/4909/4909 4910/4910/4910
f 4910/4910/4910 4911/4911/4911 4908/4908/4908
f 4912/4912/4912 4911/4911/4911 4910/4910/4910
f 4910/4910/4910 4913/4913/4913 4912/4912/4912
f 4912/4912/4912 4913/4913/4913 4914/4914/4914
f 4914/4914/4914 4915/4915/4915 4912/4912/4912
f 4916/4916/4916 4917/4917/4917 4918/4918/4918
f 4919/4919/4919 4920/4920/4920 4921/4921/4921
f 4921/4921/4921 4922/4922/4922 4919/4919/4919
f 4923/4923/4923 4919/4919/4919 4922/4922/4922
f 4922/4922/4922 4924/4924/4924 4923/4923/4923
f 4922/4922/4922 4925/4925/4925 4924/4924/4924
f 4922/4922/4922 4926/4926/4926 4925/4925/4925
f 4922/4922/4922 4927/4927/4927 4926/4926/4926
f 4927/4927/4927 4922/4922/4922 4921/4921/4921
f 4921/4921/4921 4928/4928/4928 4927/4927/4927
f 4929/4929/4929 4928/4928/4928 4921/4921/4921
f 4921/4921/4921 4930/4930/4930 4929/4929/4929
f 4930/4930/4930 4921/4921/4921 4920/4920/4920
f 4920/4920/4920 4931/4931/4931 4930/4930/4930
f 4932/4932/4932 4933/4933/4933 4934/4934/4934
f 4934/4934/4934 4935/4935/4935 4932/4932/4932
f 4936/4936/4936 4932/4932/4932 4935/4935/4935
f 4935/4935/4935 4937/4937/4937 4936/4936/4936
f 4938/4938/4938 4936/4936/4936 4937/4937/4937
f 4937/4937/4937 4939/4939/4939 4938/4938/4938
f 4940/4940/4940 4938/4938/4938 4939/4939/4939
f 4939/4939/4939 4941/4941/4941 4940/4940/4940
f 4942/4942/4942 4940/4940/4940 4941/4941/4941
f 4941/4941/4941 4943/4943/4943 4942/4942/4942
f 4944/4944/4944 4945/4945/4945 4946/4946/4946
f 4946/4946/4946 4947/4947/4947 4944/4944/4944
f 4948/4948/4948 4944/4944/4944 4947/4947/4947
f 4947/4947/4947 4949/4949/4949 4948/4948/4948
f 4950/4950/4950 4948/4948/4948 4949/4949/4949
f 4949/4949/4949 4951/4951/4951 4950/4950/4950
f 4952/4952/4952 4950/4950/4950 4951/4951/4951
f 4951/4951/4951 4953/4953/4953 4952/4952/4952
f 4933/4933/4933 4952/4952/4952 4953/4953/4953
f 4953/4953/4953 4934/4934/4934 4933/4933/4933
f 4954/4954/4954 4955/4955/4955 4956/4956/4956
f 4957/4957/4957 4958/4958/4958 4959/4959/4959
f 4960/4960/4960 4961/4961/4961 4962/4962/4962
f 4963/4963/4963 4964/4964/4964 4965/4965/4965
f 4966/4966/4966 4965/4965/4965 4964/4964/4964
f 4967/4967/4967 4968/4968/4968 4969/4969/4969
f 4970/4970/4970 4971/4971/4971 4972/4972/4972
f 4972/4972/4972 4973/4973/4973 4974/4974/4974
f 4975/4975/4975 4976/4976/4976 4977/4977/4977
f 4978/4978/4978 4979/4979/4979 4980/4980/4980
usemtl glass
f 4981/4981/4981 4982/4982/4982 4983/4983/4983
f 4984/4984/4984 4981/4981/4981 4985/4985/4985
f 4983/4983/4983 4985/4985/4985 4981/4981/4981
f 4985/4985/4985 4983/4983/4983 4986/4986/4986
f 4987/4987/4987 4988/4988/4988 4989/4989/4989
f 4989/4989/4989 4990/4990/4990 4987/4987/4987
f 4990/4990/4990 4989/4989/4989 4984/4984/4984
f 4984/4984/4984 4991/4991/4991 4990/4990/4990
f 4985/4985/4985 4991/4991/4991 4984/4984/4984
f 4991/4991/4991 4985/4985/4985 4992/4992/4992
f 4986/4986/4986 4992/4992/4992 4985/4985/4985
f 4992/4992/4992 4986/4986/4986 4993/4993/4993
f 4993/4993/4993 4994/4994/4994 4992/4992/4992
f 4994/4994/4994 4993/4993/4993 4995/4995/4995
f 4996/4996/4996 4990/4990/4990 4991/4991/4991
f 4991/4991/4991 4997/4997/4997 4996/4996/4996
f 4992/4992/4992 4997/4997/4997 4991/4991/4991
f 4997/4997/4997 4992/4992/4992 4994/4994/4994
f 4994/4994/4994 4998/4998/4998 4997/4997/4997
f 4997/4997/4997 4998/4998/4998 4999/4999/4999
f 4999/4999/4999 4996/4996/4996 4997/4997/4997
f 4995/4995/4995 5000/5000/5000 4994/4994/4994
f 4998/4998/4998 4994/4994/4994 5000/5000/5000
f 5000/5000/5000 5001/5001/5001 4998/4998/4998
f 4998/4998/4998 5001/5001/5001 5002/5002/5002
f 5002/5002/5002 4999/4999/4999 4998/4998/4998
f 4999/4999/4999 5002/5002/5002 5003/5003/5003
f 5003/5003/5003 5004/5004/5004 4999/4999/4999
f 4996/4996/4996 4999/4999/4999 5004/5004/5004
f 5004/5004/5004 5005/5005/5005 4996/4996/4996
f 4990/4990/4990 4996/4996/4996 5005/5005/5005
f 5005/5005/5005 4987/4987/4987 4990/4990/4990
f 5006/5006/5006 5007/5007/5007 5008/5008/5008
f 5008/5008/5008 5009/5009/5009 5006/5006/5006
f 5009/5009/5009 5008/5008/5008 5010/5010/5010
f 5011/5011/5011 5006/5006/5006 5009/5009/5009
f 5012/5012/5012 5013/5013/5013 5010/5010/5010
f 5010/5010/5010 5014/5014/5014 5012/5012/5012
f 5014/5014/5014 5010/5010/5010 5008/5008/5008
f 5008/5008/5008 5015/5015/5015 5014/5014/5014
f 5015/5015/5015 5008/5008/5008 5007/5007/5007
f 5007/5007/5007 5016/5016/5016 5015/5015/5015
f 5013/5013/5013 5017/5017/5017 5018/5018/5018
f 5018/5018/5018 5019/5019/5019 5020/5020/5020
f 5019/5019/5019 5018/5018/5018 5017/5017/5017
f 5017/5017/5017 5021/5021/5021 5019/5019/5019
f 5021/5021/5021 5022/5022/5022 5023/5023/5023
f 5023/5023/5023 5019/5019/5019 5021/5021/5021
f 5019/5019/5019 5023/5023/5023 5024/5024/5024
f 5024/5024/5024 5020/5020/5020 5019/5019/5019
f 5020/5020/5020 5024/5024/5024 5025/5025/5025
f 5025/5025/5025 5011/5011/5011 5020/5020/5020
f 5009/5009/5009 5020/5020/5020 5011/5011/5011
f 5020/5020/5020 5009/5009/5009 5018/5018/5018
f 5010/5010/5010 5018/5018/5018 5009/5009/5009
f 5018/5018/5018 5010/5010/5010 5013/5013/5013
f 5026/5026/5026 5027/5027/5027 5028/5028/5028
f 5029/5029/5029 5026/5026/5026 5030/5030/5030
f 5028/5028/5028 5030/5030/5030 5026/5026/5026
f 5030/5030/5030 5028/5028/5028 5031/5031/5031
f 5031/5031/5031 5032/5032/5032 5030/5030/5030
f 5032/5032/5032 5031/5031/5031 5033/5033/5033
f 5033/5033/5033 5034/5034/5034 5032/5032/5032
f 5034/5034/5034 5033/5033/5033 5035/5035/5035
f 5035/5035/5035 5036/5036/5036 5034/5034/5034
f 5037/5037/5037 5034/5034/5034 5036/5036/5036
f 5036/5036/5036 5038/5038/5038 5037/5037/5037
f 5039/5039/5039 5037/5037/5037 5038/5038/5038
f 5038/5038/5038 5040/5040/5040 5039/5039/5039
f 5037/5037/5037 5039/5039/5039 5041/5041/5041
f 5041/5041/5041 5042/5042/5042 5037/5037/5037
f 5042/5042/5042 5041/5041/5041 5043/5043/5043
f 5043/5043/5043 5044/5044/5044 5042/5042/5042
f 5044/5044/5044 5043/5043/5043 5045/5045/5045
f 5045/5045/5045 5029/5029/5029 5044/5044/5044
f 5030/5030/5030 5044/5044/5044 5029/5029/5029
f 5044/5044/5044 5030/5030/5030 5032/5032/5032
f 5032/5032/5032 5042/5042/5042 5044/5044/5044
f 5042/5042/5042 5032/5032/5032 5034/5034/5034
f 5034/5034/5034 5037/5037/5037 5042/5042/5042
usemtl tire
f 5046/5046/5046 5047/5047/5047 5048/5048/5048
f 5049/5049/5049 5050/5050/5050 5051/5051/5051
f 5049/5049/5049 5051/5051/5051 5052/5052/5052
f 5053/5053/5053 5054/5054/5054 5055/5055/5055
f 5055/5055/5055 5054/5054/5054 5056/5056/5056
f 5055/5055/5055 5056/5056/5056 5057/5057/5057
f 5057/5057/5057 5056/5056/5056 5058/5058/5058
f 5057/5057/5057 5058/5058/5058 5059/5059/5059
f 5058/5058/5058 5052/5052/5052 5059/5059/5059
f 5055/5055/5055 5057/5057/5057 5060/5060/5060
f 5057/5057/5057 5059/5059/5059 5061/5061/5061
f 5062/5062/5062 5063/5063/5063 5053/5053/5053
f 5062/5062/5062 5053/5053/5053 5064/5064/5064
f 5062/5062/5062 5064/5064/5064 5065/5065/5065
f 5062/5062/5062 5065/5065/5065 5066/5066/5066
f 5067/5067/5067 5065/5065/5065 5068/5068/5068
f 5069/5069/5069 5067/5067/5067 5068/5068/5068
f 5069/5069/5069 5068/5068/5068 5070/5070/5070
f 5069/5069/5069 5070/5070/5070 5071/5071/5071
f 5072/5072/5072 5069/5069/5069 5071/5071/5071
f 5072/5072/5072 5071/5071/5071 5073/5073/5073
f 5069/5069/5069 5074/5074/5074 5067/5067/5067
f 5051/5051/5051 5075/5075/5075 5076/5076/5076
f 5051/5051/5051 5077/5077/5077 5075/5075/5075
f 5078/5078/5078 5075/5075/5075 5077/5077/5077
f 5078/5078/5078 5079/5079/5079 5075/5075/5075
f 5078/5078/5078 5080/5080/5080 5079/5079/5079
f 5078/5078/5078 5081/5081/5081 5080/5080/5080
f 5082/5082/5082 5080/5080/5080 5081/5081/5081
f 5082/5082/5082 5081/5081/5081 5083/5083/5083
f 5082/5082/5082 5083/5083/5083 5084/5084/5084
f 5083/5083/5083 5085/5085/5085 5084/5084/5084
f 5085/5085/5085 5083/5083/5083 5086/5086/5086
f 5086/5086/5086 5072/5072/5072 5085/5085/5085
f 5072/5072/5072 5086/5086/5086 5087/5087/5087
f 5088/5088/5088 5089/5089/5089 5090/5090/5090
f 5088/5088/5088 5090/5090/5090 5091/5091/5091
f 5090/5090/5090 5092/5092/5092 5091/5091/5091
f 5092/5092/5092 5093/5093/5093 5091/5091/5091
f 5094/5094/5094 5091/5091/5091 5093/5093/5093
f 5094/5094/5094 5093/5093/5093 5095/5095/5095
f 5094/5094/5094 5096/5096/5096 5097/5097/5097
f 5094/5094/5094 5097/5097/5097 5091/5091/5091
f 5098/5098/5098 5091/5091/5091 5097/5097/5097
f 5091/5091/5091 5098/5098/5098 5099/5099/5099
f 5100/5100/5100 5091/5091/5091 5099/5099/5099
f 5091/5091/5091 5100/5100/5100 5101/5101/5101
f 5088/5088/5088 5102/5102/5102 5103/5103/5103
f 5088/5088/5088 5091/5091/5091 5102/5102/5102
f 5091/5091/5091 5104/5104/5104 5102/5102/5102
f 5104/5104/5104 5091/5091/5091 5105/5105/5105
f 5101/5101/5101 5105/5105/5105 5091/5091/5091
f 5105/5105/5105 5101/5101/5101 5106/5106/5106
f 5107/5107/5107 5108/5108/5108 5109/5109/5109
f 5107/5107/5107 5109/5109/5109 5110/5110/5110
f 5107/5107/5107 5110/5110/5110 5111/5111/5111
f 5107/5107/5107 5111/5111/5111 5112/5112/5112
f 5113/5113/5113 5114/5114/5114 5115/5115/5115
f 5107/5107/5107 5114/5114/5114 5113/5113/5113
f 5107/5107/5107 5113/5113/5113 5116/5116/5116
f 5107/5107/5107 5116/5116/5116 5117/5117/5117
f 5107/5107/5107 5117/5117/5117 5118/5118/5118
f 5107/5107/5107 5118/5118/5118 5119/5119/5119
f 5107/5107/5107 5119/5119/5119 5120/5120/5120
f 5107/5107/5107 5120/5120/5120 5121/5121/5121
f 5107/5107/5107 5121/5121/5121 5122/5122/5122
f 5107/5107/5107 5122/5122/5122 5108/5108/5108
f 5123/5123/5123 5124/5124/5124 5125/5125/5125
f 5126/5126/5126 5123/5123/5123 5127/5127/5127
f 5125/5125/5125 5127/5127/5127 5123/5123/5123
f 5127/5127/5127 5125/5125/5125 5128/5128/5128
f 5129/5129/5129 5130/5130/5130 5131/5131/5131
f 5130/5130/5130 5129/5129/5129 5128/5128/5128
f 5132/5132/5132 5128/5128/5128 5129/5129/5129
f 5128/5128/5128 5132/5132/5132 5127/5127/5127
f 5133/5133/5133 5127/5127/5127 5132/5132/5132
f 5127/5127/5127 5133/5133/5133 5126/5126/5126
f 5134/5134/5134 5126/5126/5126 5133/5133/5133
f 5135/5135/5135 5131/5131/5131 5136/5136/5136
f 5131/5131/5131 5135/5135/5135 5129/5129/5129
f 5137/5137/5137 5129/5129/5129 5135/5135/5135
f 5129/5129/5129 5137/5137/5137 5132/5132/5132
f 5138/5138/5138 5132/5132/5132 5137/5137/5137
f 5132/5132/5132 5138/5138/5138 5133/5133/5133
f 5139/5139/5139 5133/5133/5133 5138/5138/5138
f 5133/5133/5133 5139/5139/5139 5134/5134/5134
f 5140/5140/5140 5134/5134/5134 5139/5139/5139
f 5141/5141/5141 5136/5136/5136 5142/5142/5142
f 5136/5136/5136 5141/5141/5141 5135/5135/5135
f 5143/5143/5143 5135/5135/5135 5141/5141/5141
f 5135/5135/5135 5143/5143/5143 5137/5137/5137
f 5144/5144/5144 5137/5137/5137 5143/5143/5143
f 5137/5137/5137 5144/5144/5144 5138/5138/5138
f 5145/5145/5145 5138/5138/5138 5144/5144/5144
f 5138/5138/5138 5145/5145/5145 5139/5139/5139
f 5146/5146/5146 5139/5139/5139 5145/5145/5145
f 5139/5139/5139 5146/5146/5146 5140/5140/5140
f 5147/5147/5147 5140/5140/5140 5146/5146/5146
f 5148/5148/5148 5149/5149/5149 5150/5150/5150
f 5147/5147/5147 5150/5150/5150 5149/5149/5149
f 5150/5150/5150 5147/5147/5147 5151/5151/5151
f 5146/5146/5146 5151/5151/5151 5147/5147/5147
f 5151/5151/5151 5146/5146/5146 5152/5152/5152
f 5145/5145/5145 5152/5152/5152 5146/5146/5146
f 5152/5152/5152 5145/5145/5145 5153/5153/5153
f 5144/5144/5144 5153/5153/5153 5145/5145/5145
f 5153/5153/5153 5144/5144/5144 5154/5154/5154
f 5143/5143/5143 5154/5154/5154 5144/5144/5144
f 5155/5155/5155 5156/5156/5156 5157/5157/5157
f 5158/5158/5158 5155/5155/5155 5157/5157/5157
f 5157/5157/5157 5159/5159/5159 5158/5158/5158
f 5159/5159/5159 5157/5157/5157 5160/5160/5160
f 5160/5160/5160 5161/5161/5161 5159/5159/5159
f 5161/5161/5161 5160/5160/5160 5149/5149/5149
f 5160/5160/5160 5147/5147/5147 5149/5149/5149
f 5147/5147/5147 5160/5160/5160 5162/5162/5162
f 5140/5140/5140 5147/5147/5147 5162/5162/5162
f 5162/5162/5162 5163/5163/5163 5140/5140/5140
f 5164/5164/5164 5165/5165/5165 5155/5155/5155
f 5155/5155/5155 5158/5158/5158 5164/5164/5164
f 5166/5166/5166 5164/5164/5164 5158/5158/5158
f 5158/5158/5158 5167/5167/5167 5166/5166/5166
f 5167/5167/5167 5158/5158/5158 5159/5159/5159
f 5159/5159/5159 5168/5168/5168 5167/5167/5167
f 5168/5168/5168 5159/5159/5159 5161/5161/5161
f 5161/5161/5161 5169/5169/5169 5168/5168/5168
f 5169/5169/5169 5161/5161/5161 5148/5148/5148
f 5149/5149/5149 5148/5148/5148 5161/5161/5161
f 5170/5170/5170 5171/5171/5171 5172/5172/5172
f 5172/5172/5172 5173/5173/5173 5170/5170/5170
f 5174/5174/5174 5170/5170/5170 5173/5173/5173
f 5173/5173/5173 5175/5175/5175 5174/5174/5174
f 5176/5176/5176 5174/5174/5174 5175/5175/5175
f 5175/5175/5175 5177/5177/5177 5176/5176/5176
f 5178/5178/5178 5176/5176/5176 5177/5177/5177
f 5177/5177/5177 5179/5179/5179 5178/5178/5178
f 5179/5179/5179 5165/5165/5165 5178/5178/5178
f 5165/5165/5165 5179/5179/5179 5155/5155/5155
f 5180/5180/5180 5181/5181/5181 5172/5172/5172
f 5173/5173/5173 5172/5172/5172 5181/5181/5181
f 5181/5181/5181 5182/5182/5182 5173/5173/5173
f 5175/5175/5175 5173/5173/5173 5182/5182/5182
f 5182/5182/5182 5183/5183/5183 5175/5175/5175
f 5177/5177/5177 5175/5175/5175 5183/5183/5183
f 5183/5183/5183 5184/5184/5184 5177/5177/5177
f 5179/5179/5179 5177/5177/5177 5184/5184/5184
f 5184/5184/5184 5156/5156/5156 5179/5179/5179
f 5156/5156/5156 5155/5155/5155 5179/5179/5179
f 5185/5185/5185 5186/5186/5186 5180/5180/5180
f 5181/5181/5181 5180/5180/5180 5186/5186/5186
f 5186/5186/5186 5187/5187/5187 5181/5181/5181
f 5182/5182/5182 5181/5181/5181 5187/5187/5187
f 5187/5187/5187 5188/5188/5188 5182/5182/5182
f 5183/5183/5183 5182/5182/5182 5188/5188/5188
f 5188/5188/5188 5189/5189/5189 5183/5183/5183
f 5184/5184/5184 5183/5183/5183 5189/5189/5189
f 5189/5189/5189 5163/5163/5163 5184/5184/5184
f 5156/5156/5156 5184/5184/5184 5163/5163/5163
f 5163/5163/5163 5162/5162/5162 5156/5156/5156
f 5162/5162/5162 5157/5157/5157 5156/5156/5156
f 5157/5157/5157 5162/5162/5162 5160/5160/5160
f 5134/5134/5134 5140/5140/5140 5163/5163/5163
f 5163/5163/5163 5189/5189/5189 5134/5134/5134
f 5126/5126/5126 5134/5134/5134 5189/5189/5189
f 5189/5189/5189 5188/5188/5188 5126/5126/5126
f 5123/5123/5123 5126/5126/5126 5188/5188/5188
f 5188/5188/5188 5187/5187/5187 5123/5123/5123
f 5124/5124/5124 5123/5123/5123 5187/5187/5187
f 5187/5187/5187 5186/5186/5186 5124/5124/5124
f 5190/5190/5190 5124/5124/5124 5186/5186/5186
f 5186/5186/5186 5185/5185/5185 5190/5190/5190
f 5124/5124/5124 5190/5190/5190 5191/5191/5191
f 5192/5192/5192 5191/5191/5191 5190/5190/5190
f 5191/5191/5191 5192/5192/5192 5193/5193/5193
f 5194/5194/5194 5193/5193/5193 5192/5192/5192
f 5193/5193/5193 5194/5194/5194 5195/5195/5195
f 5196/5196/5196 5195/5195/5195 5194/5194/5194
f 5195/5195/5195 5196/5196/5196 5197/5197/5197
f 5198/5198/5198 5197/5197/5197 5196/5196/5196
f 5197/5197/5197 5198/5198/5198 5199/5199/5199
f 5200/5200/5200 5199/5199/5199 5198/5198/5198
f 5201/5201/5201 5190/5190/5190 5185/5185/5185
f 5190/5190/5190 5201/5201/5201 5192/5192/5192
f 5202/5202/5202 5192/5192/5192 5201/5201/5201
f 5192/5192/5192 5202/5202/5202 5194/5194/5194
f 5203/5203/5203 5194/5194/5194 5202/5202/5202
f 5194/5194/5194 5203/5203/5203 5196/5196/5196
f 5204/5204/5204 5196/5196/5196 5203/5203/5203
f 5196/5196/5196 5204/5204/5204 5198/5198/5198
f 5205/5205/5205 5198/5198/5198 5204/5204/5204
f 5198/5198/5198 5205/5205/5205 5200/5200/5200
f 5206/5206/5206 5207/5207/5207 5208/5208/5208
f 5207/5207/5207 5206/5206/5206 5209/5209/5209
f 5209/5209/5209 5210/5210/5210 5207/5207/5207
f 5210/5210/5210 5209/5209/5209 5211/5211/5211
f 5205/5205/5205 5211/5211/5211 5209/5209/5209
f 5211/5211/5211 5205/5205/5205 5212/5212/5212
f 5204/5204/5204 5212/5212/5212 5205/5205/5205
f 5212/5212/5212 5204/5204/5204 5213/5213/5213
f 5203/5203/5203 5213/5213/5213 5204/5204/5204
f 5213/5213/5213 5203/5203/5203 5214/5214/5214
f 5202/5202/5202 5214/5214/5214 5203/5203/5203
f 5214/5214/5214 5202/5202/5202 5215/5215/5215
f 5201/5201/5201 5215/5215/5215 5202/5202/5202
f 5215/5215/5215 5201/5201/5201 5216/5216/5216
f 5185/5185/5185 5216/5216/5216 5201/5201/5201
f 5216/5216/5216 5185/5185/5185 5217/5217/5217
f 5180/5180/5180 5217/5217/5217 5185/5185/5185
f 5217/5217/5217 5180/5180/5180 5218/5218/5218
f 5172/5172/5172 5218/5218/5218 5180/5180/5180
f 5218/5218/5218 5172/5172/5172 5171/5171/5171
f 5164/5164/5164 5166/5166/5166 5219/5219/5219
f 5219/5219/5219 5220/5220/5220 5164/5164/5164
f 5165/5165/5165 5164/5164/5164 5220/5220/5220
f 5220/5220/5220 5221/5221/5221 5165/5165/5165
f 5221/5221/5221 5178/5178/5178 5165/5165/5165
f 5178/5178/5178 5221/5221/5221 5222/5222/5222
f 5176/5176/5176 5178/5178/5178 5222/5222/5222
f 5222/5222/5222 5223/5223/5223 5176/5176/5176
f 5174/5174/5174 5176/5176/5176 5223/5223/5223
f 5223/5223/5223 5224/5224/5224 5174/5174/5174
f 5170/5170/5170 5174/5174/5174 5224/5224/5224
f 5224/5224/5224 5225/5225/5225 5170/5170/5170
f 5171/5171/5171 5170/5170/5170 5225/5225/5225
f 5220/5220/5220 5219/5219/5219 5226/5226/5226
f 5226/5226/5226 5227/5227/5227 5220/5220/5220
f 5221/5221/5221 5220/5220/5220 5227/5227/5227
f 5227/5227/5227 5228/5228/5228 5221/5221/5221
f 5228/5228/5228 5222/5222/5222 5221/5221/5221
f 5222/5222/5222 5228/5228/5228 5229/5229/5229
f 5223/5223/5223 5222/5222/5222 5229/5229/5229
f 5229/5229/5229 5230/5230/5230 5223/5223/5223
f 5224/5224/5224 5223/5223/5223 5230/5230/5230
f 5230/5230/5230 5231/5231/5231 5224/5224/5224
f 5225/5225/5225 5224/5224/5224 5231/5231/5231
f 5227/5227/5227 5226/5226/5226 5232/5232/5232
f 5232/5232/5232 5233/5233/5233 5227/5227/5227
f 5228/5228/5228 5227/5227/5227 5233/5233/5233
f 5233/5233/5233 5234/5234/5234 5228/5228/5228
f 5234/5234/5234 5229/5229/5229 5228/5228/5228
f 5229/5229/5229 5234/5234/5234 5235/5235/5235
f 5230/5230/5230 5229/5229/5229 5235/5235/5235
f 5235/5235/5235 5236/5236/5236 5230/5230/5230
f 5231/5231/5231 5230/5230/5230 5236/5236/5236
f 5233/5233/5233 5232/5232/5232 5237/5237/5237
f 5237/5237/5237 5238/5238/5238 5233/5233/5233
f 5234/5234/5234 5233/5233/5233 5238/5238/5238
f 5238/5238/5238 5239/5239/5239 5234/5234/5234
f 5239/5239/5239 5235/5235/5235 5234/5234/5234
f 5235/5235/5235 5239/5239/5239 5240/5240/5240
f 5236/5236/5236 5235/5235/5235 5240/5240/5240
f 5238/5238/5238 5237/5237/5237 5241/5241/5241
f 5241/5241/5241 5242/5242/5242 5238/5238/5238
f 5239/5239/5239 5238/5238/5238 5242/5242/5242
f 5242/5242/5242 5241/5241/5241 5243/5243/5243
f 5244/5244/5244 5245/5245/5245 5246/5246/5246
f 5247/5247/5247 5248/5248/5248 5249/5249/5249
f 5247/5247/5247 5249/5249/5249 5250/5250/5250
f 5251/5251/5251 5252/5252/5252 5253/5253/5253
f 5252/5252/5252 5254/5254/5254 5253/5253/5253
f 5252/5252/5252 5255/5255/5255 5254/5254/5254
f 5255/5255/5255 5256/5256/5256 5254/5254/5254
f 5255/5255/5255 5257/5257/5257 5256/5256/5256
f 5256/5256/5256 5257/5257/5257 5248/5248/5248
f 5255/5255/5255 5258/5258/5258 5257/5257/5257
f 5252/5252/5252 5259/5259/5259 5255/5255/5255
f 5260/5260/5260 5261/5261/5261 5262/5262/5262
f 5260/5260/5260 5262/5262/5262 5263/5263/5263
f 5260/5260/5260 5263/5263/5263 5251/5251/5251
f 5260/5260/5260 5251/5251/5251 5264/5264/5264
f 5265/5265/5265 5266/5266/5266 5267/5267/5267
f 5265/5265/5265 5267/5267/5267 5268/5268/5268
f 5268/5268/5268 5267/5267/5267 5269/5269/5269
f 5268/5268/5268 5269/5269/5269 5270/5270/5270
f 5268/5268/5268 5270/5270/5270 5271/5271/5271
f 5271/5271/5271 5270/5270/5270 5262/5262/5262
f 5268/5268/5268 5271/5271/5271 5272/5272/5272
f 5265/5265/5265 5273/5273/5273 5274/5274/5274
f 5274/5274/5274 5275/5275/5275 5265/5265/5265
f 5275/5275/5275 5274/5274/5274 5276/5276/5276
f 5276/5276/5276 5277/5277/5277 5275/5275/5275
f 5278/5278/5278 5277/5277/5277 5276/5276/5276
f 5278/5278/5278 5276/5276/5276 5279/5279/5279
f 5278/5278/5278 5279/5279/5279 5280/5280/5280
f 5281/5281/5281 5280/5280/5280 5279/5279/5279
f 5281/5281/5281 5282/5282/5282 5280/5280/5280
f 5281/5281/5281 5283/5283/5283 5282/5282/5282
f 5281/5281/5281 5284/5284/5284 5283/5283/5283
f 5249/5249/5249 5283/5283/5283 5284/5284/5284
f 5249/5249/5249 5285/5285/5285 5283/5283/5283
f 5286/5286/5286 5287/5287/5287 5288/5288/5288
f 5289/5289/5289 5290/5290/5290 5291/5291/5291
f 5289/5289/5289 5291/5291/5291 5292/5292/5292
f 5293/5293/5293 5294/5294/5294 5290/5290/5290
f 5295/5295/5295 5294/5294/5294 5293/5293/5293
f 5295/5295/5295 5293/5293/5293 5296/5296/5296
f 5297/5297/5297 5295/5295/5295 5296/5296/5296
f 5297/5297/5297 5296/5296/5296 5298/5298/5298
f 5299/5299/5299 5297/5297/5297 5298/5298/5298
f 5297/5297/5297 5300/5300/5300 5295/5295/5295
f 5295/5295/5295 5301/5301/5301 5294/5294/5294
f 5302/5302/5302 5303/5303/5303 5304/5304/5304
f 5302/5302/5302 5304/5304/5304 5305/5305/5305
f 5302/5302/5302 5305/5305/5305 5299/5299/5299
f 5302/5302/5302 5299/5299/5299 5306/5306/5306
f 5307/5307/5307 5308/5308/5308 5309/5309/5309
f 5307/5307/5307 5309/5309/5309 5310/5310/5310
f 5310/5310/5310 5309/5309/5309 5311/5311/5311
f 5310/5310/5310 5311/5311/5311 5312/5312/5312
f 5310/5310/5310 5312/5312/5312 5313/5313/5313
f 5313/5313/5313 5312/5312/5312 5304/5304/5304
f 5310/5310/5310 5313/5313/5313 5314/5314/5314
f 5307/5307/5307 5315/5315/5315 5316/5316/5316
f 5316/5316/5316 5317/5317/5317 5307/5307/5307
f 5317/5317/5317 5316/5316/5316 5318/5318/5318
f 5318/5318/5318 5319/5319/5319 5317/5317/5317
f 5320/5320/5320 5319/5319/5319 5318/5318/5318
f 5320/5320/5320 5318/5318/5318 5321/5321/5321
f 5320/5320/5320 5321/5321/5321 5322/5322/5322
f 5323/5323/5323 5322/5322/5322 5321/5321/5321
f 5323/5323/5323 5324/5324/5324 5322/5322/5322
f 5323/5323/5323 5325/5325/5325 5324/5324/5324
f 5323/5323/5323 5326/5326/5326 5325/5325/5325
f 5291/5291/5291 5325/5325/5325 5326/5326/5326
f 5291/5291/5291 5327/5327/5327 5325/5325/5325
f 5328/5328/5328 5329/5329/5329 5330/5330/5330
f 5328/5328/5328 5330/5330/5330 5331/5331/5331
f 5331/5331/5331 5330/5330/5330 5332/5332/5332
f 5332/5332/5332 5333/5333/5333 5331/5331/5331
f 5334/5334/5334 5331/5331/5331 5333/5333/5333
f 5331/5331/5331 5334/5334/5334 5335/5335/5335
f 5333/5333/5333 5336/5336/5336 5334/5334/5334
f 5337/5337/5337 5338/5338/5338 5339/5339/5339
f 5337/5337/5337 5331/5331/5331 5338/5338/5338
f 5340/5340/5340 5338/5338/5338 5331/5331/5331
f 5331/5331/5331 5341/5341/5341 5340/5340/5340
f 5335/5335/5335 5341/5341/5341 5331/5331/5331
f 5328/5328/5328 5342/5342/5342 5343/5343/5343
f 5328/5328/5328 5331/5331/5331 5342/5342/5342
f 5342/5342/5342 5331/5331/5331 5344/5344/5344
f 5344/5344/5344 5331/5331/5331 5345/5345/5345
f 5337/5337/5337 5345/5345/5345 5331/5331/5331
f 5337/5337/5337 5346/5346/5346 5345/5345/5345
f 5347/5347/5347 5348/5348/5348 5349/5349/5349
f 5350/5350/5350 5351/5351/5351 5352/5352/5352
f 5350/5350/5350 5352/5352/5352 5353/5353/5353
f 5350/5350/5350 5353/5353/5353 5354/5354/5354
f 5353/5353/5353 5355/5355/5355 5354/5354/5354
f 5350/5350/5350 5356/5356/5356 5357/5357/5357
f 5350/5350/5350 5357/5357/5357 5358/5358/5358
f 5350/5350/5350 5358/5358/5358 5359/5359/5359
f 5350/5350/5350 5359/5359/5359 5360/5360/5360
f 5350/5350/5350 5360/5360/5360 5361/5361/5361
f 5350/5350/5350 5361/5361/5361 5362/5362/5362
f 5350/5350/5350 5362/5362/5362 5363/5363/5363
f 5350/5350/5350 5363/5363/5363 5364/5364/5364
f 5350/5350/5350 5364/5364/5364 5365/5365/5365
f 5350/5350/5350 5365/5365/5365 5351/5351/5351
f 5366/5366/5366 5367/5367/5367 5368/5368/5368
f 5366/5366/5366 5368/5368/5368 5369/5369/5369
f 5370/5370/5370 5371/5371/5371 5372/5372/5372
f 5372/5372/5372 5371/5371/5371 5373/5373/5373
f 5372/5372/5372 5373/5373/5373 5374/5374/5374
f 5374/5374/5374 5373/5373/5373 5375/5375/5375
f 5374/5374/5374 5375/5375/5375 5376/5376/5376
f 5375/5375/5375 5369/5369/5369 5376/5376/5376
f 5372/5372/5372 5374/5374/5374 5377/5377/5377
f 5374/5374/5374 5376/5376/5376 5378/5378/5378
f 5379/5379/5379 5380/5380/5380 5370/5370/5370
f 5379/5379/5379 5370/5370/5370 5381/5381/5381
f 5379/5379/5379 5381/5381/5381 5382/5382/5382
f 5379/5379/5379 5382/5382/5382 5383/5383/5383
f 5384/5384/5384 5382/5382/5382 5385/5385/5385
f 5386/5386/5386 5384/5384/5384 5385/5385/5385
f 5386/5386/5386 5385/5385/5385 5387/5387/5387
f 5386/5386/5386 5387/5387/5387 5388/5388/5388
f 5389/5389/5389 5386/5386/5386 5388/5388/5388
f 5389/5389/5389 5388/5388/5388 5390/5390/5390
f 5386/5386/5386 5391/5391/5391 5384/5384/5384
f 5368/5368/5368 5392/5392/5392 5393/5393/5393
f 5368/5368/5368 5394/5394/5394 5392/5392/5392
f 5395/5395/5395 5392/5392/5392 5394/5394/5394
f 5395/5395/5395 5396/5396/5396 5392/5392/5392
f 5395/5395/5395 5397/5397/5397 5396/5396/5396
f 5395/5395/5395 5398/5398/5398 5397/5397/5397
f 5399/5399/5399 5397/5397/5397 5398/5398/5398
f 5399/5399/5399 5398/5398/5398 5400/5400/5400
f 5399/5399/5399 5400/5400/5400 5401/5401/5401
f 5400/5400/5400 5402/5402/5402 5401/5401/5401
f 5402/5402/5402 5400/5400/5400 5403/5403/5403
f 5403/5403/5403 5389/5389/5389 5402/5402/5402
f 5389/5389/5389 5403/5403/5403 5404/5404/5404
f 5405/5405/5405 5406/5406/5406 5407/5407/5407
f 5405/5405/5405 5407/5407/5407 5408/5408/5408
f 5405/5405/5405 5408/5408/5408 5409/5409/5409
f 5405/5405/5405 5409/5409/5409 5410/5410/5410
f 5411/5411/5411 5412/5412/5412 5413/5413/5413
f 5405/5405/5405 5412/5412/5412 5411/5411/5411
f 5405/5405/5405 5411/5411/5411 5414/5414/5414
f 5405/5405/5405 5414/5414/5414 5415/5415/5415
f 5405/5405/5405 5415/5415/5415 5416/5416/5416
f 5405/5405/5405 5416/5416/5416 5417/5417/5417
f 5405/5405/5405 5417/5417/5417 5418/5418/5418
f 5405/5405/5405 5418/5418/5418 5419/5419/5419
f 5405/5405/5405 5419/5419/5419 5420/5420/5420
f 5405/5405/5405 5420/5420/5420 5406/5406/5406
f 5421/5421/5421 5422/5422/5422 5423/5423/5423
f 5424/5424/5424 5425/5425/5425 5426/5426/5426
f 5427/5427/5427 5426/5426/5426 5425/5425/5425
f 5425/5425/5425 5428/5428/5428 5427/5427/5427
f 5429/5429/5429 5427/5427/5427 5428/5428/5428
f 5427/5427/5427 5429/5429/5429 5430/5430/5430
f 5430/5430/5430 5431/5431/5431 5427/5427/5427
f 5431/5431/5431 5430/5430/5430 5432/5432/5432
f 5426/5426/5426 5427/5427/5427 5431/5431/5431
f 5428/5428/5428 5425/5425/5425 5433/5433/5433
f 5434/5434/5434 5433/5433/5433 5425/5425/5425
f 5425/5425/5425 5424/5424/5424 5434/5434/5434
f 5435/5435/5435 5434/5434/5434 5424/5424/5424
f 5424/5424/5424 5436/5436/5436 5435/5435/5435
f 5436/5436/5436 5424/5424/5424 5437/5437/5437
f 5426/5426/5426 5437/5437/5437 5424/5424/5424
f 5437/5437/5437 5426/5426/5426 5438/5438/5438
f 5431/5431/5431 5438/5438/5438 5426/5426/5426
f 5438/5438/5438 5431/5431/5431 5439/5439/5439
f 5434/5434/5434 5435/5435/5435 5440/5440/5440
f 5433/5433/5433 5434/5434/5434 5441/5441/5441
f 5440/5440/5440 5441/5441/5441 5434/5434/5434
f 5441/5441/5441 5440/5440/5440 5442/5442/5442
f 5443/5443/5443 5444/5444/5444 5445/5445/5445
f 5445/5445/5445 5436/5436/5436 5443/5443/5443
f 5436/5436/5436 5445/5445/5445 5446/5446/5446
f 5446/5446/5446 5435/5435/5435 5436/5436/5436
f 5435/5435/5435 5446/5446/5446 5447/5447/5447
f 5447/5447/5447 5440/5440/5440 5435/5435/5435
f 5440/5440/5440 5447/5447/5447 5448/5448/5448
f 5448/5448/5448 5442/5442/5442 5440/5440/5440
f 5442/5442/5442 5448/5448/5448 5449/5449/5449
f 5449/5449/5449 5450/5450/5450 5442/5442/5442
f 5451/5451/5451 5444/5444/5444 5452/5452/5452
f 5444/5444/5444 5451/5451/5451 5453/5453/5453
f 5453/5453/5453 5445/5445/5445 5444/5444/5444
f 5445/5445/5445 5453/5453/5453 5454/5454/5454
f 5454/5454/5454 5446/5446/5446 5445/5445/5445
f 5446/5446/5446 5454/5454/5454 5455/5455/5455
f 5455/5455/5455 5447/5447/5447 5446/5446/5446
f 5447/5447/5447 5455/5455/5455 5456/5456/5456
f 5456/5456/5456 5448/5448/5448 5447/5447/5447
f 5448/5448/5448 5456/5456/5456 5457/5457/5457
f 5458/5458/5458 5453/5453/5453 5451/5451/5451
f 5453/5453/5453 5458/5458/5458 5459/5459/5459
f 5459/5459/5459 5454/5454/5454 5453/5453/5453
f 5454/5454/5454 5459/5459/5459 5460/5460/5460
f 5460/5460/5460 5455/5455/5455 5454/5454/5454
f 5455/5455/5455 5460/5460/5460 5461/5461/5461
f 5461/5461/5461 5456/5456/5456 5455/5455/5455
f 5456/5456/5456 5461/5461/5461 5462/5462/5462
f 5463/5463/5463 5462/5462/5462 5461/5461/5461
f 5462/5462/5462 5463/5463/5463 5464/5464/5464
f 5465/5465/5465 5459/5459/5459 5458/5458/5458
f 5459/5459/5459 5465/5465/5465 5466/5466/5466
f 5466/5466/5466 5460/5460/5460 5459/5459/5459
f 5460/5460/5460 5466/5466/5466 5467/5467/5467
f 5467/5467/5467 5461/5461/5461 5460/5460/5460
f 5461/5461/5461 5467/5467/5467 5463/5463/5463
f 5468/5468/5468 5463/5463/5463 5467/5467/5467
f 5463/5463/5463 5468/5468/5468 5469/5469/5469
f 5470/5470/5470 5469/5469/5469 5468/5468/5468
f 5469/5469/5469 5470/5470/5470 5471/5471/5471
f 5472/5472/5472 5466/5466/5466 5465/5465/5465
f 5466/5466/5466 5472/5472/5472 5473/5473/5473
f 5473/5473/5473 5467/5467/5467 5466/5466/5466
f 5467/5467/5467 5473/5473/5473 5468/5468/5468
f 5474/5474/5474 5468/5468/5468 5473/5473/5473
f 5468/5468/5468 5474/5474/5474 5470/5470/5470
f 5475/5475/5475 5470/5470/5470 5474/5474/5474
f 5470/5470/5470 5475/5475/5475 5476/5476/5476
f 5477/5477/5477 5476/5476/5476 5475/5475/5475
f 5476/5476/5476 5477/5477/5477 5478/5478/5478
f 5479/5479/5479 5478/5478/5478 5477/5477/5477
f 5478/5478/5478 5479/5479/5479 5480/5480/5480
f 5477/5477/5477 5481/5481/5481 5479/5479/5479
f 5481/5481/5481 5477/5477/5477 5482/5482/5482
f 5475/5475/5475 5482/5482/5482 5477/5477/5477
f 5482/5482/5482 5475/5475/5475 5483/5483/5483
f 5474/5474/5474 5483/5483/5483 5475/5475/5475
f 5483/5483/5483 5474/5474/5474 5484/5484/5484
f 5473/5473/5473 5484/5484/5484 5474/5474/5474
f 5484/5484/5484 5473/5473/5473 5472/5472/5472
f 5476/5476/5476 5471/5471/5471 5470/5470/5470
f 5471/5471/5471 5476/5476/5476 5485/5485/5485
f 5478/5478/5478 5485/5485/5485 5476/5476/5476
f 5485/5485/5485 5478/5478/5478 5486/5486/5486
f 5480/5480/5480 5486/5486/5486 5478/5478/5478
f 5486/5486/5486 5480/5480/5480 5487/5487/5487
f 5469/5469/5469 5464/5464/5464 5463/5463/5463
f 5464/5464/5464 5469/5469/5469 5488/5488/5488
f 5471/5471/5471 5488/5488/5488 5469/5469/5469
f 5488/5488/5488 5471/5471/5471 5489/5489/5489
f 5485/5485/5485 5489/5489/5489 5471/5471/5471
f 5489/5489/5489 5485/5485/5485 5490/5490/5490
f 5486/5486/5486 5490/5490/5490 5485/5485/5485
f 5490/5490/5490 5486/5486/5486 5491/5491/5491
f 5487/5487/5487 5491/5491/5491 5486/5486/5486
f 5491/5491/5491 5487/5487/5487 5492/5492/5492
f 5462/5462/5462 5457/5457/5457 5456/5456/5456
f 5457/5457/5457 5462/5462/5462 5493/5493/5493
f 5464/5464/5464 5493/5493/5493 5462/5462/5462
f 5493/5493/5493 5464/5464/5464 5494/5494/5494
f 5488/5488/5488 5494/5494/5494 5464/5464/5464
f 5494/5494/5494 5488/5488/5488 5495/5495/5495
f 5489/5489/5489 5495/5495/5495 5488/5488/5488
f 5495/5495/5495 5489/5489/5489 5496/5496/5496
f 5490/5490/5490 5496/5496/5496 5489/5489/5489
f 5496/5496/5496 5490/5490/5490 5497/5497/5497
f 5495/5495/5495 5498/5498/5498 5494/5494/5494
f 5499/5499/5499 5494/5494/5494 5498/5498/5498
f 5494/5494/5494 5499/5499/5499 5493/5493/5493
f 5500/5500/5500 5493/5493/5493 5499/5499/5499
f 5493/5493/5493 5500/5500/5500 5457/5457/5457
f 5449/5449/5449 5457/5457/5457 5500/5500/5500
f 5457/5457/5457 5449/5449/5449 5448/5448/5448
f 5500/5500/5500 5501/5501/5501 5449/5449/5449
f 5501/5501/5501 5500/5500/5500 5502/5502/5502
f 5499/5499/5499 5502/5502/5502 5500/5500/5500
f 5502/5502/5502 5499/5499/5499 5503/5503/5503
f 5498/5498/5498 5503/5503/5503 5499/5499/5499
f 5503/5503/5503 5498/5498/5498 5504/5504/5504
f 5505/5505/5505 5504/5504/5504 5498/5498/5498
f 5504/5504/5504 5505/5505/5505 5506/5506/5506
f 5507/5507/5507 5506/5506/5506 5505/5505/5505
f 5506/5506/5506 5507/5507/5507 5508/5508/5508
f 5509/5509/5509 5508/5508/5508 5507/5507/5507
f 5502/5502/5502 5510/5510/5510 5501/5501/5501
f 5510/5510/5510 5502/5502/5502 5511/5511/5511
f 5503/5503/5503 5511/5511/5511 5502/5502/5502
f 5511/5511/5511 5503/5503/5503 5512/5512/5512
f 5504/5504/5504 5512/5512/5512 5503/5503/5503
f 5512/5512/5512 5504/5504/5504 5513/5513/5513
f 5506/5506/5506 5513/5513/5513 5504/5504/5504
f 5513/5513/5513 5506/5506/5506 5514/5514/5514
f 5508/5508/5508 5514/5514/5514 5506/5506/5506
f 5514/5514/5514 5508/5508/5508 5515/5515/5515
f 5516/5516/5516 5513/5513/5513 5517/5517/5517
f 5514/5514/5514 5517/5517/5517 5513/5513/5513
f 5517/5517/5517 5514/5514/5514 5518/5518/5518
f 5515/5515/5515 5518/5518/5518 5514/5514/5514
f 5518/5518/5518 5515/5515/5515 5519/5519/5519
f 5520/5520/5520 5519/5519/5519 5515/5515/5515
f 5519/5519/5519 5520/5520/5520 5521/5521/5521
f 5522/5522/5522 5521/5521/5521 5520/5520/5520
f 5521/5521/5521 5522/5522/5522 5523/5523/5523
f 5524/5524/5524 5523/5523/5523 5522/5522/5522
f 5523/5523/5523 5524/5524/5524 5525/5525/5525
f 5515/5515/5515 5526/5526/5526 5520/5520/5520
f 5527/5527/5527 5520/5520/5520 5526/5526/5526
f 5520/5520/5520 5527/5527/5527 5522/5522/5522
f 5526/5526/5526 5528/5528/5528 5527/5527/5527
f 5491/5491/5491 5497/5497/5497 5490/5490/5490
f 5497/5497/5497 5491/5491/5491 5529/5529/5529
f 5492/5492/5492 5529/5529/5529 5491/5491/5491
f 5529/5529/5529 5492/5492/5492 5530/5530/5530
f 5530/5530/5530 5528/5528/5528 5529/5529/5529
f 5528/5528/5528 5530/5530/5530 5531/5531/5531
f 5531/5531/5531 5527/5527/5527 5528/5528/5528
f 5527/5527/5527 5531/5531/5531 5532/5532/5532
f 5532/5532/5532 5522/5522/5522 5527/5527/5527
f 5522/5522/5522 5532/5532/5532 5524/5524/5524
f 5526/5526/5526 5515/5515/5515 5508/5508/5508
f 5508/5508/5508 5509/5509/5509 5526/5526/5526
f 5528/5528/5528 5526/5526/5526 5509/5509/5509
f 5509/5509/5509 5529/5529/5529 5528/5528/5528
f 5529/5529/5529 5509/5509/5509 5497/5497/5497
f 5507/5507/5507 5497/5497/5497 5509/5509/5509
f 5497/5497/5497 5507/5507/5507 5496/5496/5496
f 5505/5505/5505 5496/5496/5496 5507/5507/5507
f 5496/5496/5496 5505/5505/5505 5495/5495/5495
f 5498/5498/5498 5495/5495/5495 5505/5505/5505
f 5533/5533/5533 5534/5534/5534 5535/5535/5535
f 5535/5535/5535 5536/5536/5536 5533/5533/5533
f 5536/5536/5536 5535/5535/5535 5537/5537/5537
f 5537/5537/5537 5538/5538/5538 5536/5536/5536
f 5539/5539/5539 5536/5536/5536 5538/5538/5538
f 5538/5538/5538 5540/5540/5540 5539/5539/5539
f 5541/5541/5541 5539/5539/5539 5540/5540/5540
f 5540/5540/5540 5542/5542/5542 5541/5541/5541
f 5543/5543/5543 5541/5541/5541 5542/5542/5542
f 5542/5542/5542 5544/5544/5544 5543/5543/5543
f 5538/5538/5538 5537/5537/5537 5545/5545/5545
f 5545/5545/5545 5546/5546/5546 5538/5538/5538
f 5540/5540/5540 5538/5538/5538 5546/5546/5546
f 5546/5546/5546 5547/5547/5547 5540/5540/5540
f 5542/5542/5542 5540/5540/5540 5547/5547/5547
f 5547/5547/5547 5548/5548/5548 5542/5542/5542
f 5544/5544/5544 5542/5542/5542 5548/5548/5548
f 5548/5548/5548 5549/5549/5549 5544/5544/5544
f 5550/5550/5550 5544/5544/5544 5549/5549/5549
f 5549/5549/5549 5551/5551/5551 5550/5550/5550
f 5552/5552/5552 5553/5553/5553 5546/5546/5546
f 5547/5547/5547 5546/5546/5546 5553/5553/5553
f 5553/5553/5553 5554/5554/5554 5547/5547/5547
f 5548/5548/5548 5547/5547/5547 5554/5554/5554
f 5554/5554/5554 5555/5555/5555 5548/5548/5548
f 5549/5549/5549 5548/5548/5548 5555/5555/5555
f 5555/5555/5555 5556/5556/5556 5549/5549/5549
f 5551/5551/5551 5549/5549/5549 5556/5556/5556
f 5556/5556/5556 5557/5557/5557 5551/5551/5551
f 5558/5558/5558 5551/5551/5551 5557/5557/5557
f 5559/5559/5559 5552/5552/5552 5560/5560/5560
f 5553/5553/5553 5552/5552/5552 5559/5559/5559
f 5559/5559/5559 5561/5561/5561 5553/5553/5553
f 5554/5554/5554 5553/5553/5553 5561/5561/5561
f 5561/5561/5561 5562/5562/5562 5554/5554/5554
f 5555/5555/5555 5554/5554/5554 5562/5562/5562
f 5562/5562/5562 5563/5563/5563 5555/5555/5555
f 5556/5556/5556 5555/5555/5555 5563/5563/5563
f 5563/5563/5563 5564/5564/5564 5556/5556/5556
f 5557/5557/5557 5556/5556/5556 5564/5564/5564
f 5560/5560/5560 5565/5565/5565 5559/5559/5559
f 5566/5566/5566 5565/5565/5565 5560/5560/5560
f 5560/5560/5560 5567/5567/5567 5566/5566/5566
f 5568/5568/5568 5569/5569/5569 5563/5563/5563
f 5563/5563/5563 5562/5562/5562 5568/5568/5568
f 5570/5570/5570 5568/5568/5568 5562/5562/5562
f 5562/5562/5562 5561/5561/5561 5570/5570/5570
f 5571/5571/5571 5570/5570/5570 5561/5561/5561
f 5561/5561/5561 5559/5559/5559 5571/5571/5571
f 5572/5572/5572 5571/5571/5571 5559/5559/5559
f 5559/5559/5559 5565/5565/5565 5572/5572/5572
f 5573/5573/5573 5572/5572/5572 5565/5565/5565
f 5565/5565/5565 5566/5566/5566 5573/5573/5573
f 5574/5574/5574 5573/5573/5573 5566/5566/5566
f 5566/5566/5566 5575/5575/5575 5574/5574/5574
f 5575/5575/5575 5566/5566/5566 5567/5567/5567
f 5567/5567/5567 5576/5576/5576 5575/5575/5575
f 5576/5576/5576 5567/5567/5567 5577/5577/5577
f 5577/5577/5577 5578/5578/5578 5576/5576/5576
f 5578/5578/5578 5577/5577/5577 5579/5579/5579
f 5579/5579/5579 5580/5580/5580 5578/5578/5578
f 5580/5580/5580 5579/5579/5579 5581/5581/5581
f 5581/5581/5581 5582/5582/5582 5580/5580/5580
f 5583/5583/5583 5584/5584/5584 5585/5585/5585
f 5584/5584/5584 5583/5583/5583 5581/5581/5581
f 5581/5581/5581 5586/5586/5586 5584/5584/5584
f 5586/5586/5586 5581/5581/5581 5579/5579/5579
f 5579/5579/5579 5587/5587/5587 5586/5586/5586
f 5587/5587/5587 5579/5579/5579 5577/5577/5577
f 5577/5577/5577 5588/5588/5588 5587/5587/5587
f 5588/5588/5588 5577/5577/5577 5567/5567/5567
f 5567/5567/5567 5560/5560/5560 5588/5588/5588
f 5588/5588/5588 5560/5560/5560 5552/5552/5552
f 5534/5534/5534 5589/5589/5589 5585/5585/5585
f 5585/5585/5585 5584/5584/5584 5534/5534/5534
f 5535/5535/5535 5534/5534/5534 5584/5584/5584
f 5584/5584/5584 5586/5586/5586 5535/5535/5535
f 5537/5537/5537 5535/5535/5535 5586/5586/5586
f 5586/5586/5586 5587/5587/5587 5537/5537/5537
f 5545/5545/5545 5537/5537/5537 5587/5587/5587
f 5587/5587/5587 5588/5588/5588 5545/5545/5545
f 5552/5552/5552 5545/5545/5545 5588/5588/5588
f 5546/5546/5546 5545/5545/5545 5552/5552/5552
f 5590/5590/5590 5591/5591/5591 5592/5592/5592
f 5592/5592/5592 5593/5593/5593 5590/5590/5590
f 5594/5594/5594 5590/5590/5590 5593/5593/5593
f 5593/5593/5593 5595/5595/5595 5594/5594/5594
f 5589/5589/5589 5594/5594/5594 5595/5595/5595
f 5595/5595/5595 5596/5596/5596 5589/5589/5589
f 5589/5589/5589 5596/5596/5596 5597/5597/5597
f 5597/5597/5597 5585/5585/5585 5589/5589/5589
f 5598/5598/5598 5585/5585/5585 5597/5597/5597
f 5585/5585/5585 5598/5598/5598 5583/5583/5583
f 5582/5582/5582 5581/5581/5581 5583/5583/5583
f 5583/5583/5583 5599/5599/5599 5582/5582/5582
f 5599/5599/5599 5583/5583/5583 5598/5598/5598
f 5598/5598/5598 5600/5600/5600 5599/5599/5599
f 5600/5600/5600 5598/5598/5598 5601/5601/5601
f 5597/5597/5597 5601/5601/5601 5598/5598/5598
f 5601/5601/5601 5597/5597/5597 5602/5602/5602
f 5602/5602/5602 5597/5597/5597 5596/5596/5596
f 5596/5596/5596 5603/5603/5603 5602/5602/5602
f 5604/5604/5604 5603/5603/5603 5596/5596/5596
f 5602/5602/5602 5605/5605/5605 5601/5601/5601
f 5606/5606/5606 5601/5601/5601 5605/5605/5605
f 5601/5601/5601 5606/5606/5606 5600/5600/5600
f 5605/5605/5605 5607/5607/5607 5606/5606/5606
f 5596/5596/5596 5595/5595/5595 5604/5604/5604
f 5608/5608/5608 5604/5604/5604 5595/5595/5595
f 5595/5595/5595 5593/5593/5593 5608/5608/5608
f 5609/5609/5609 5608/5608/5608 5593/5593/5593
f 5593/5593/5593 5592/5592/5592 5609/5609/5609
f 5610/5610/5610 5609/5609/5609 5592/5592/5592
f 5592/5592/5592 5611/5611/5611 5610/5610/5610
f 5612/5612/5612 5610/5610/5610 5611/5611/5611
f 5611/5611/5611 5613/5613/5613 5612/5612/5612
f 5614/5614/5614 5612/5612/5612 5613/5613/5613
f 5615/5615/5615 5616/5616/5616 5617/5617/5617
f 5617/5617/5617 5618/5618/5618 5615/5615/5615
f 5619/5619/5619 5615/5615/5615 5618/5618/5618
f 5618/5618/5618 5620/5620/5620 5619/5619/5619
f 5621/5621/5621 5619/5619/5619 5620/5620/5620
f 5620/5620/5620 5613/5613/5613 5621/5621/5621
f 5622/5622/5622 5621/5621/5621 5613/5613/5613
f 5613/5613/5613 5611/5611/5611 5622/5622/5622
f 5591/5591/5591 5622/5622/5622 5611/5611/5611
f 5611/5611/5611 5592/5592/5592 5591/5591/5591
f 5613/5613/5613 5620/5620/5620 5614/5614/5614
f 5623/5623/5623 5614/5614/5614 5620/5620/5620
f 5620/5620/5620 5618/5618/5618 5623/5623/5623
f 5624/5624/5624 5623/5623/5623 5618/5618/5618
f 5618/5618/5618 5617/5617/5617 5624/5624/5624
f 5625/5625/5625 5624/5624/5624 5617/5617/5617
f 5617/5617/5617 5626/5626/5626 5625/5625/5625
f 5627/5627/5627 5625/5625/5625 5626/5626/5626
f 5626/5626/5626 5628/5628/5628 5627/5627/5627
f 5628/5628/5628 5626/5626/5626 5629/5629/5629
f 5630/5630/5630 5631/5631/5631 5632/5632/5632
f 5632/5632/5632 5633/5633/5633 5630/5630/5630
f 5633/5633/5633 5632/5632/5632 5634/5634/5634
f 5634/5634/5634 5635/5635/5635 5633/5633/5633
f 5635/5635/5635 5634/5634/5634 5636/5636/5636
f 5636/5636/5636 5637/5637/5637 5635/5635/5635
f 5637/5637/5637 5636/5636/5636 5629/5629/5629
f 5629/5629/5629 5616/5616/5616 5637/5637/5637
f 5616/5616/5616 5629/5629/5629 5626/5626/5626
f 5626/5626/5626 5617/5617/5617 5616/5616/5616
f 5629/5629/5629 5638/5638/5638 5628/5628/5628
f 5638/5638/5638 5629/5629/5629 5636/5636/5636
f 5636/5636/5636 5639/5639/5639 5638/5638/5638
f 5639/5639/5639 5636/5636/5636 5634/5634/5634
f 5634/5634/5634 5640/5640/5640 5639/5639/5639
f 5640/5640/5640 5634/5634/5634 5632/5632/5632
f 5632/5632/5632 5641/5641/5641 5640/5640/5640
f 5641/5641/5641 5632/5632/5632 5631/5631/5631
f 5631/5631/5631 5642/5642/5642 5641/5641/5641
f 5642/5642/5642 5631/5631/5631 5643/5643/5643
f 5644/5644/5644 5627/5627/5627 5628/5628/5628
f 5628/5628/5628 5645/5645/5645 5644/5644/5644
f 5645/5645/5645 5628/5628/5628 5638/5638/5638
f 5638/5638/5638 5646/5646/5646 5645/5645/5645
f 5646/5646/5646 5638/5638/5638 5639/5639/5639
f 5639/5639/5639 5647/5647/5647 5646/5646/5646
f 5647/5647/5647 5639/5639/5639 5640/5640/5640
f 5640/5640/5640 5648/5648/5648 5647/5647/5647
f 5648/5648/5648 5640/5640/5640 5641/5641/5641
f 5641/5641/5641 5649/5649/5649 5648/5648/5648
f 5650/5650/5650 5644/5644/5644 5645/5645/5645
f 5645/5645/5645 5651/5651/5651 5650/5650/5650
f 5651/5651/5651 5645/5645/5645 5646/5646/5646
f 5646/5646/5646 5652/5652/5652 5651/5651/5651
f 5652/5652/5652 5646/5646/5646 5647/5647/5647
f 5647/5647/5647 5653/5653/5653 5652/5652/5652
f 5653/5653/5653 5647/5647/5647 5648/5648/5648
f 5648/5648/5648 5654/5654/5654 5653/5653/5653
f 5654/5654/5654 5648/5648/5648 5649/5649/5649
f 5649/5649/5649 5655/5655/5655 5654/5654/5654
f 5656/5656/5656 5650/5650/5650 5651/5651/5651
f 5651/5651/5651 5657/5657/5657 5656/5656/5656
f 5657/5657/5657 5651/5651/5651 5652/5652/5652
f 5652/5652/5652 5658/5658/5658 5657/5657/5657
f 5658/5658/5658 5652/5652/5652 5653/5653/5653
f 5653/5653/5653 5659/5659/5659 5658/5658/5658
f 5659/5659/5659 5653/5653/5653 5654/5654/5654
f 5654/5654/5654 5660/5660/5660 5659/5659/5659
f 5660/5660/5660 5654/5654/5654 5655/5655/5655
f 5655/5655/5655 5661/5661/5661 5660/5660/5660
f 5661/5661/5661 5655/5655/5655 5662/5662/5662
f 5662/5662/5662 5663/5663/5663 5661/5661/5661
f 5655/5655/5655 5649/5649/5649 5664/5664/5664
f 5664/5664/5664 5662/5662/5662 5655/5655/5655
f 5662/5662/5662 5664/5664/5664 5665/5665/5665
f 5665/5665/5665 5666/5666/5666 5662/5662/5662
f 5663/5663/5663 5662/5662/5662 5666/5666/5666
f 5666/5666/5666 5667/5667/5667 5663/5663/5663
f 5649/5649/5649 5641/5641/5641 5642/5642/5642
f 5642/5642/5642 5664/5664/5664 5649/5649/5649
f 5664/5664/5664 5642/5642/5642 5668/5668/5668
f 5668/5668/5668 5665/5665/5665 5664/5664/5664
f 5665/5665/5665 5668/5668/5668 5669/5669/5669
f 5669/5669/5669 5670/5670/5670 5665/5665/5665
f 5666/5666/5666 5665/5665/5665 5670/5670/5670
f 5670/5670/5670 5671/5671/5671 5666/5666/5666
f 5667/5667/5667 5666/5666/5666 5671/5671/5671
f 5671/5671/5671 5672/5672/5672 5667/5667/5667
f 5643/5643/5643 5668/5668/5668 5642/5642/5642
f 5668/5668/5668 5643/5643/5643 5673/5673/5673
f 5673/5673/5673 5669/5669/5669 5668/5668/5668
f 5669/5669/5669 5673/5673/5673 5674/5674/5674
f 5674/5674/5674 5675/5675/5675 5669/5669/5669
f 5670/5670/5670 5669/5669/5669 5675/5675/5675
f 5675/5675/5675 5676/5676/5676 5670/5670/5670
f 5671/5671/5671 5670/5670/5670 5676/5676/5676
f 5676/5676/5676 5677/5677/5677 5671/5671/5671
f 5672/5672/5672 5671/5671/5671 5677/5677/5677
f 5677/5677/5677 5678/5678/5678 5672/5672/5672
f 5564/5564/5564 5679/5679/5679 5557/5557/5557
f 5680/5680/5680 5557/5557/5557 5679/5679/5679
f 5679/5679/5679 5681/5681/5681 5680/5680/5680
f 5682/5682/5682 5680/5680/5680 5681/5681/5681
f 5681/5681/5681 5683/5683/5683 5682/5682/5682
f 5684/5684/5684 5682/5682/5682 5683/5683/5683
f 5683/5683/5683 5685/5685/5685 5684/5684/5684
f 5643/5643/5643 5684/5684/5684 5685/5685/5685
f 5685/5685/5685 5673/5673/5673 5643/5643/5643
f 5673/5673/5673 5685/5685/5685 5686/5686/5686
f 5686/5686/5686 5674/5674/5674 5673/5673/5673
f 5557/5557/5557 5680/5680/5680 5558/5558/5558
f 5687/5687/5687 5558/5558/5558 5680/5680/5680
f 5680/5680/5680 5682/5682/5682 5687/5687/5687
f 5630/5630/5630 5687/5687/5687 5682/5682/5682
f 5682/5682/5682 5684/5684/5684 5630/5630/5630
f 5631/5631/5631 5630/5630/5630 5684/5684/5684
f 5684/5684/5684 5643/5643/5643 5631/5631/5631
f 5688/5688/5688 5550/5550/5550 5551/5551/5551
f 5551/5551/5551 5558/5558/5558 5688/5688/5688
f 5689/5689/5689 5688/5688/5688 5558/5558/5558
f 5558/5558/5558 5687/5687/5687 5689/5689/5689
f 5633/5633/5633 5689/5689/5689 5687/5687/5687
f 5687/5687/5687 5630/5630/5630 5633/5633/5633
f 5690/5690/5690 5543/5543/5543 5544/5544/5544
f 5544/5544/5544 5550/5550/5550 5690/5690/5690
f 5691/5691/5691 5690/5690/5690 5550/5550/5550
f 5550/5550/5550 5688/5688/5688 5691/5691/5691
f 5692/5692/5692 5691/5691/5691 5688/5688/5688
f 5688/5688/5688 5689/5689/5689 5692/5692/5692
f 5693/5693/5693 5533/5533/5533 5536/5536/5536
f 5536/5536/5536 5539/5539/5539 5693/5693/5693
f 5694/5694/5694 5693/5693/5693 5539/5539/5539
f 5539/5539/5539 5541/5541/5541 5694/5694/5694
f 5695/5695/5695 5694/5694/5694 5541/5541/5541
f 5541/5541/5541 5543/5543/5543 5695/5695/5695
f 5696/5696/5696 5695/5695/5695 5543/5543/5543
f 5543/5543/5543 5690/5690/5690 5696/5696/5696
f 5697/5697/5697 5696/5696/5696 5690/5690/5690
f 5690/5690/5690 5691/5691/5691 5697/5697/5697
f 5698/5698/5698 5697/5697/5697 5691/5691/5691
f 5691/5691/5691 5692/5692/5692 5698/5698/5698
f 5689/5689/5689 5633/5633/5633 5635/5635/5635
f 5635/5635/5635 5692/5692/5692 5689/5689/5689
f 5692/5692/5692 5635/5635/5635 5637/5637/5637
f 5637/5637/5637 5698/5698/5698 5692/5692/5692
f 5698/5698/5698 5637/5637/5637 5616/5616/5616
f 5616/5616/5616 5615/5615/5615 5698/5698/5698
f 5697/5697/5697 5698/5698/5698 5615/5615/5615
f 5615/5615/5615 5619/5619/5619 5697/5697/5697
f 5696/5696/5696 5697/5697/5697 5619/5619/5619
f 5619/5619/5619 5621/5621/5621 5696/5696/5696
f 5695/5695/5695 5696/5696/5696 5621/5621/5621
f 5621/5621/5621 5622/5622/5622 5695/5695/5695
f 5694/5694/5694 5695/5695/5695 5622/5622/5622
f 5622/5622/5622 5591/5591/5591 5694/5694/5694
f 5693/5693/5693 5694/5694/5694 5591/5591/5591
f 5591/5591/5591 5590/5590/5590 5693/5693/5693
f 5533/5533/5533 5693/5693/5693 5590/5590/5590
f 5590/5590/5590 5594/5594/5594 5533/5533/5533
f 5534/5534/5534 5533/5533/5533 5594/5594/5594
f 5594/5594/5594 5589/5589/5589 5534/5534/5534
f 5699/5699/5699 5700/5700/5700 5701/5701/5701
f 5702/5702/5702 5703/5703/5703 5704/5704/5704
f 5702/5702/5702 5704/5704/5704 5705/5705/5705
f 5704/5704/5704 5706/5706/5706 5705/5705/5705
f 5706/5706/5706 5707/5707/5707 5705/5705/5705
f 5708/5708/5708 5707/5707/5707 5709/5709/5709
f 5708/5708/5708 5705/5705/5705 5707/5707/5707
f 5708/5708/5708 5710/5710/5710 5705/5705/5705
f 5711/5711/5711 5705/5705/5705 5710/5710/5710
f 5705/5705/5705 5711/5711/5711 5712/5712/5712
f 5713/5713/5713 5705/5705/5705 5712/5712/5712
f 5705/5705/5705 5713/5713/5713 5714/5714/5714
f 5708/5708/5708 5715/5715/5715 5710/5710/5710
f 5716/5716/5716 5714/5714/5714 5717/5717/5717
f 5714/5714/5714 5716/5716/5716 5705/5705/5705
f 5718/5718/5718 5705/5705/5705 5716/5716/5716
f 5705/5705/5705 5718/5718/5718 5719/5719/5719
f 5702/5702/5702 5705/5705/5705 5719/5719/5719
f 5702/5702/5702 5719/5719/5719 5720/5720/5720
f 5721/5721/5721 5722/5722/5722 5723/5723/5723
f 5721/5721/5721 5723/5723/5723 5724/5724/5724
f 5724/5724/5724 5723/5723/5723 5725/5725/5725
f 5725/5725/5725 5726/5726/5726 5724/5724/5724
f 5727/5727/5727 5724/5724/5724 5726/5726/5726
f 5724/5724/5724 5727/5727/5727 5728/5728/5728
f 5726/5726/5726 5729/5729/5729 5727/5727/5727
f 5730/5730/5730 5731/5731/5731 5732/5732/5732
f 5730/5730/5730 5724/5724/5724 5731/5731/5731
f 5733/5733/5733 5731/5731/5731 5724/5724/5724
f 5724/5724/5724 5734/5734/5734 5733/5733/5733
f 5728/5728/5728 5734/5734/5734 5724/5724/5724
f 5721/5721/5721 5735/5735/5735 5736/5736/5736
f 5721/5721/5721 5724/5724/5724 5735/5735/5735
f 5735/5735/5735 5724/5724/5724 5737/5737/5737
f 5737/5737/5737 5724/5724/5724 5738/5738/5738
f 5730/5730/5730 5738/5738/5738 5724/5724/5724
f 5730/5730/5730 5739/5739/5739 5738/5738/5738
f 5740/5740/5740 5741/5741/5741 5742/5742/5742
f 5193/5193/5193 5743/5743/5743 5191/5191/5191
f 5743/5743/5743 5193/5193/5193 5744/5744/5744
f 5195/5195/5195 5744/5744/5744 5193/5193/5193
f 5744/5744/5744 5195/5195/5195 5745/5745/5745
f 5197/5197/5197 5745/5745/5745 5195/5195/5195
f 5745/5745/5745 5197/5197/5197 5746/5746/5746
f 5199/5199/5199 5746/5746/5746 5197/5197/5197
f 5746/5746/5746 5199/5199/5199 5747/5747/5747
f 5747/5747/5747 5748/5748/5748 5746/5746/5746
f 5748/5748/5748 5747/5747/5747 5749/5749/5749
f 5199/5199/5199 5200/5200/5200 5750/5750/5750
f 5750/5750/5750 5747/5747/5747 5199/5199/5199
f 5747/5747/5747 5750/5750/5750 5751/5751/5751
f 5751/5751/5751 5749/5749/5749 5747/5747/5747
f 5749/5749/5749 5751/5751/5751 5752/5752/5752
f 5209/5209/5209 5200/5200/5200 5205/5205/5205
f 5200/5200/5200 5209/5209/5209 5206/5206/5206
f 5206/5206/5206 5750/5750/5750 5200/5200/5200
f 5750/5750/5750 5206/5206/5206 5753/5753/5753
f 5753/5753/5753 5751/5751/5751 5750/5750/5750
f 5751/5751/5751 5753/5753/5753 5754/5754/5754
f 5754/5754/5754 5752/5752/5752 5751/5751/5751
f 5752/5752/5752 5754/5754/5754 5755/5755/5755
f 5755/5755/5755 5756/5756/5756 5752/5752/5752
f 5756/5756/5756 5755/5755/5755 5757/5757/5757
f 5758/5758/5758 5759/5759/5759 5760/5760/5760
f 5759/5759/5759 5758/5758/5758 5757/5757/5757
f 5757/5757/5757 5761/5761/5761 5759/5759/5759
f 5761/5761/5761 5757/5757/5757 5755/5755/5755
f 5755/5755/5755 5762/5762/5762 5761/5761/5761
f 5762/5762/5762 5755/5755/5755 5754/5754/5754
f 5754/5754/5754 5763/5763/5763 5762/5762/5762
f 5763/5763/5763 5754/5754/5754 5753/5753/5753
f 5753/5753/5753 5208/5208/5208 5763/5763/5763
f 5208/5208/5208 5753/5753/5753 5206/5206/5206
f 5757/5757/5757 5764/5764/5764 5756/5756/5756
f 5764/5764/5764 5757/5757/5757 5758/5758/5758
f 5758/5758/5758 5765/5765/5765 5764/5764/5764
f 5765/5765/5765 5758/5758/5758 5766/5766/5766
f 5760/5760/5760 5766/5766/5766 5758/5758/5758
f 5766/5766/5766 5760/5760/5760 5767/5767/5767
f 5768/5768/5768 5769/5769/5769 5770/5770/5770
f 5771/5771/5771 5770/5770/5770 5769/5769/5769
f 5770/5770/5770 5771/5771/5771 5772/5772/5772
f 5765/5765/5765 5772/5772/5772 5771/5771/5771
f 5772/5772/5772 5765/5765/5765 5773/5773/5773
f 5766/5766/5766 5773/5773/5773 5765/5765/5765
f 5773/5773/5773 5766/5766/5766 5774/5774/5774
f 5767/5767/5767 5774/5774/5774 5766/5766/5766
f 5774/5774/5774 5767/5767/5767 5775/5775/5775
f 5771/5771/5771 5764/5764/5764 5765/5765/5765
f 5764/5764/5764 5771/5771/5771 5776/5776/5776
f 5769/5769/5769 5776/5776/5776 5771/5771/5771
f 5776/5776/5776 5769/5769/5769 5777/5777/5777
f 5778/5778/5778 5777/5777/5777 5769/5769/5769
f 5777/5777/5777 5778/5778/5778 5779/5779/5779
f 5780/5780/5780 5779/5779/5779 5778/5778/5778
f 5779/5779/5779 5780/5780/5780 5781/5781/5781
f 5142/5142/5142 5781/5781/5781 5780/5780/5780
f 5781/5781/5781 5142/5142/5142 5136/5136/5136
f 5776/5776/5776 5756/5756/5756 5764/5764/5764
f 5756/5756/5756 5776/5776/5776 5782/5782/5782
f 5777/5777/5777 5782/5782/5782 5776/5776/5776
f 5782/5782/5782 5777/5777/5777 5783/5783/5783
f 5779/5779/5779 5783/5783/5783 5777/5777/5777
f 5783/5783/5783 5779/5779/5779 5784/5784/5784
f 5781/5781/5781 5784/5784/5784 5779/5779/5779
f 5784/5784/5784 5781/5781/5781 5785/5785/5785
f 5136/5136/5136 5785/5785/5785 5781/5781/5781
f 5785/5785/5785 5136/5136/5136 5131/5131/5131
f 5782/5782/5782 5752/5752/5752 5756/5756/5756
f 5752/5752/5752 5782/5782/5782 5749/5749/5749
f 5783/5783/5783 5749/5749/5749 5782/5782/5782
f 5749/5749/5749 5783/5783/5783 5748/5748/5748
f 5784/5784/5784 5748/5748/5748 5783/5783/5783
f 5748/5748/5748 5784/5784/5784 5786/5786/5786
f 5785/5785/5785 5786/5786/5786 5784/5784/5784
f 5786/5786/5786 5785/5785/5785 5787/5787/5787
f 5131/5131/5131 5787/5787/5787 5785/5785/5785
f 5787/5787/5787 5131/5131/5131 5130/5130/5130
f 5786/5786/5786 5746/5746/5746 5748/5748/5748
f 5746/5746/5746 5786/5786/5786 5745/5745/5745
f 5787/5787/5787 5745/5745/5745 5786/5786/5786
f 5745/5745/5745 5787/5787/5787 5744/5744/5744
f 5130/5130/5130 5744/5744/5744 5787/5787/5787
f 5744/5744/5744 5130/5130/5130 5743/5743/5743
f 5128/5128/5128 5743/5743/5743 5130/5130/5130
f 5743/5743/5743 5128/5128/5128 5125/5125/5125
f 5125/5125/5125 5191/5191/5191 5743/5743/5743
f 5191/5191/5191 5125/5125/5125 5124/5124/5124
f 5788/5788/5788 5789/5789/5789 5790/5790/5790
f 5788/5788/5788 5790/5790/5790 5791/5791/5791
f 5788/5788/5788 5791/5791/5791 5792/5792/5792
f 5791/5791/5791 5793/5793/5793 5792/5792/5792
f 5788/5788/5788 5794/5794/5794 5795/5795/5795
f 5788/5788/5788 5795/5795/5795 5796/5796/5796
f 5788/5788/5788 5796/5796/5796 5797/5797/5797
f 5788/5788/5788 5797/5797/5797 5798/5798/5798
f 5788/5788/5788 5798/5798/5798 5799/5799/5799
f 5788/5788/5788 5799/5799/5799 5800/5800/5800
f 5788/5788/5788 5800/5800/5800 5801/5801/5801
f 5788/5788/5788 5801/5801/5801 5802/5802/5802
f 5788/5788/5788 5802/5802/5802 5803/5803/5803
f 5788/5788/5788 5803/5803/5803 5789/5789/5789
f 5804/5804/5804 5805/5805/5805 5806/5806/5806
f 5806/5806/5806 5807/5807/5807 5804/5804/5804
f 5807/5807/5807 5806/5806/5806 5808/5808/5808
f 5808/5808/5808 5809/5809/5809 5807/5807/5807
f 5809/5809/5809 5808/5808/5808 5810/5810/5810
f 5810/5810/5810 5811/5811/5811 5809/5809/5809
f 5812/5812/5812 5813/5813/5813 5814/5814/5814
f 5814/5814/5814 5815/5815/5815 5812/5812/5812
f 5815/5815/5815 5814/5814/5814 5804/5804/5804
f 5804/5804/5804 5816/5816/5816 5815/5815/5815
f 5816/5816/5816 5804/5804/5804 5807/5807/5807
f 5807/5807/5807 5817/5817/5817 5816/5816/5816
f 5817/5817/5817 5807/5807/5807 5809/5809/5809
f 5809/5809/5809 5818/5818/5818 5817/5817/5817
f 5818/5818/5818 5809/5809/5809 5811/5811/5811
f 5811/5811/5811 5819/5819/5819 5818/5818/5818
f 5820/5820/5820 5821/5821/5821 5815/5815/5815
f 5815/5815/5815 5816/5816/5816 5820/5820/5820
f 5822/5822/5822 5820/5820/5820 5816/5816/5816
f 5816/5816/5816 5817/5817/5817 5822/5822/5822
f 5823/5823/5823 5822/5822/5822 5817/5817/5817
f 5817/5817/5817 5818/5818/5818 5823/5823/5823
f 5824/5824/5824 5820/5820/5820 5822/5822/5822
f 5822/5822/5822 5825/5825/5825 5824/5824/5824
f 5825/5825/5825 5822/5822/5822 5823/5823/5823
f 5823/5823/5823 5826/5826/5826 5825/5825/5825
f 5827/5827/5827 5825/5825/5825 5826/5826/5826
f 5826/5826/5826 5828/5828/5828 5827/5827/5827
f 5829/5829/5829 5827/5827/5827 5828/5828/5828
f 5828/5828/5828 5830/5830/5830 5829/5829/5829
f 5831/5831/5831 5829/5829/5829 5830/5830/5830
f 5830/5830/5830 5832/5832/5832 5831/5831/5831
f 5823/5823/5823 5818/5818/5818 5819/5819/5819
f 5819/5819/5819 5833/5833/5833 5823/5823/5823
f 5826/5826/5826 5823/5823/5823 5833/5833/5833
f 5833/5833/5833 5834/5834/5834 5826/5826/5826
f 5828/5828/5828 5826/5826/5826 5834/5834/5834
f 5834/5834/5834 5835/5835/5835 5828/5828/5828
f 5830/5830/5830 5828/5828/5828 5835/5835/5835
f 5835/5835/5835 5836/5836/5836 5830/5830/5830
f 5832/5832/5832 5830/5830/5830 5836/5836/5836
f 5836/5836/5836 5837/5837/5837 5832/5832/5832
f 5838/5838/5838 5832/5832/5832 5837/5837/5837
f 5837/5837/5837 5839/5839/5839 5838/5838/5838
f 5840/5840/5840 5838/5838/5838 5839/5839/5839
f 5839/5839/5839 5841/5841/5841 5840/5840/5840
f 5842/5842/5842 5840/5840/5840 5841/5841/5841
f 5841/5841/5841 5843/5843/5843 5842/5842/5842
f 5844/5844/5844 5842/5842/5842 5843/5843/5843
f 5843/5843/5843 5845/5845/5845 5844/5844/5844
f 5846/5846/5846 5844/5844/5844 5845/5845/5845
f 5845/5845/5845 5847/5847/5847 5846/5846/5846
f 5848/5848/5848 5831/5831/5831 5832/5832/5832
f 5832/5832/5832 5838/5838/5838 5848/5848/5848
f 5849/5849/5849 5848/5848/5848 5838/5838/5838
f 5838/5838/5838 5840/5840/5840 5849/5849/5849
f 5850/5850/5850 5849/5849/5849 5840/5840/5840
f 5840/5840/5840 5842/5842/5842 5850/5850/5850
f 5851/5851/5851 5850/5850/5850 5842/5842/5842
f 5842/5842/5842 5844/5844/5844 5851/5851/5851
f 5852/5852/5852 5851/5851/5851 5844/5844/5844
f 5844/5844/5844 5846/5846/5846 5852/5852/5852
f 5853/5853/5853 5854/5854/5854 5851/5851/5851
f 5851/5851/5851 5852/5852/5852 5853/5853/5853
f 5855/5855/5855 5853/5853/5853 5852/5852/5852
f 5852/5852/5852 5856/5856/5856 5855/5855/5855
f 5857/5857/5857 5855/5855/5855 5856/5856/5856
f 5856/5856/5856 5858/5858/5858 5857/5857/5857
f 5856/5856/5856 5852/5852/5852 5846/5846/5846
f 5846/5846/5846 5859/5859/5859 5856/5856/5856
f 5858/5858/5858 5856/5856/5856 5859/5859/5859
f 5859/5859/5859 5860/5860/5860 5858/5858/5858
f 5861/5861/5861 5858/5858/5858 5860/5860/5860
f 5860/5860/5860 5862/5862/5862 5861/5861/5861
f 5859/5859/5859 5846/5846/5846 5847/5847/5847
f 5847/5847/5847 5863/5863/5863 5859/5859/5859
f 5860/5860/5860 5859/5859/5859 5863/5863/5863
f 5863/5863/5863 5864/5864/5864 5860/5860/5860
f 5862/5862/5862 5860/5860/5860 5864/5864/5864
f 5864/5864/5864 5865/5865/5865 5862/5862/5862
f 5866/5866/5866 5862/5862/5862 5865/5865/5865
f 5865/5865/5865 5867/5867/5867 5866/5866/5866
f 5862/5862/5862 5866/5866/5866 5868/5868/5868
f 5868/5868/5868 5861/5861/5861 5862/5862/5862
f 5861/5861/5861 5868/5868/5868 5869/5869/5869
f 5869/5869/5869 5870/5870/5870 5861/5861/5861
f 5870/5870/5870 5869/5869/5869 5871/5871/5871
f 5871/5871/5871 5872/5872/5872 5870/5870/5870
f 5872/5872/5872 5871/5871/5871 5873/5873/5873
f 5873/5873/5873 5874/5874/5874 5872/5872/5872
f 5874/5874/5874 5873/5873/5873 5875/5875/5875
f 5875/5875/5875 5876/5876/5876 5874/5874/5874
f 5858/5858/5858 5861/5861/5861 5870/5870/5870
f 5870/5870/5870 5857/5857/5857 5858/5858/5858
f 5857/5857/5857 5870/5870/5870 5872/5872/5872
f 5872/5872/5872 5877/5877/5877 5857/5857/5857
f 5877/5877/5877 5872/5872/5872 5874/5874/5874
f 5874/5874/5874 5878/5878/5878 5877/5877/5877
f 5878/5878/5878 5874/5874/5874 5876/5876/5876
f 5876/5876/5876 5879/5879/5879 5878/5878/5878
f 5879/5879/5879 5876/5876/5876 5880/5880/5880
f 5880/5880/5880 5881/5881/5881 5879/5879/5879
f 5882/5882/5882 5883/5883/5883 5884/5884/5884
f 5884/5884/5884 5885/5885/5885 5882/5882/5882
f 5879/5879/5879 5882/5882/5882 5885/5885/5885
f 5885/5885/5885 5878/5878/5878 5879/5879/5879
f 5886/5886/5886 5887/5887/5887 5888/5888/5888
f 5888/5888/5888 5889/5889/5889 5886/5886/5886
f 5884/5884/5884 5886/5886/5886 5889/5889/5889
f 5889/5889/5889 5890/5890/5890 5884/5884/5884
f 5885/5885/5885 5884/5884/5884 5890/5890/5890
f 5890/5890/5890 5891/5891/5891 5885/5885/5885
f 5878/5878/5878 5885/5885/5885 5891/5891/5891
f 5891/5891/5891 5877/5877/5877 5878/5878/5878
f 5892/5892/5892 5893/5893/5893 5894/5894/5894
f 5894/5894/5894 5895/5895/5895 5892/5892/5892
f 5888/5888/5888 5892/5892/5892 5895/5895/5895
f 5895/5895/5895 5896/5896/5896 5888/5888/5888
f 5889/5889/5889 5888/5888/5888 5896/5896/5896
f 5896/5896/5896 5854/5854/5854 5889/5889/5889
f 5890/5890/5890 5889/5889/5889 5854/5854/5854
f 5854/5854/5854 5853/5853/5853 5890/5890/5890
f 5891/5891/5891 5890/5890/5890 5853/5853/5853
f 5853/5853/5853 5855/5855/5855 5891/5891/5891
f 5877/5877/5877 5891/5891/5891 5855/5855/5855
f 5855/5855/5855 5857/5857/5857 5877/5877/5877
f 5897/5897/5897 5898/5898/5898 5829/5829/5829
f 5829/5829/5829 5831/5831/5831 5897/5897/5897
f 5894/5894/5894 5897/5897/5897 5831/5831/5831
f 5831/5831/5831 5848/5848/5848 5894/5894/5894
f 5895/5895/5895 5894/5894/5894 5848/5848/5848
f 5848/5848/5848 5849/5849/5849 5895/5895/5895
f 5896/5896/5896 5895/5895/5895 5849/5849/5849
f 5849/5849/5849 5850/5850/5850 5896/5896/5896
f 5854/5854/5854 5896/5896/5896 5850/5850/5850
f 5850/5850/5850 5851/5851/5851 5854/5854/5854
f 5899/5899/5899 5900/5900/5900 5901/5901/5901
f 5901/5901/5901 5902/5902/5902 5899/5899/5899
f 5902/5902/5902 5901/5901/5901 5903/5903/5903
f 5903/5903/5903 5904/5904/5904 5902/5902/5902
f 5904/5904/5904 5903/5903/5903 5824/5824/5824
f 5824/5824/5824 5905/5905/5905 5904/5904/5904
f 5905/5905/5905 5824/5824/5824 5825/5825/5825
f 5825/5825/5825 5827/5827/5827 5905/5905/5905
f 5898/5898/5898 5905/5905/5905 5827/5827/5827
f 5827/5827/5827 5829/5829/5829 5898/5898/5898
f 5906/5906/5906 5899/5899/5899 5902/5902/5902
f 5902/5902/5902 5907/5907/5907 5906/5906/5906
f 5907/5907/5907 5902/5902/5902 5904/5904/5904
f 5904/5904/5904 5908/5908/5908 5907/5907/5907
f 5908/5908/5908 5904/5904/5904 5905/5905/5905
f 5905/5905/5905 5898/5898/5898 5908/5908/5908
f 5909/5909/5909 5908/5908/5908 5898/5898/5898
f 5898/5898/5898 5897/5897/5897 5909/5909/5909
f 5893/5893/5893 5909/5909/5909 5897/5897/5897
f 5897/5897/5897 5894/5894/5894 5893/5893/5893
f 5910/5910/5910 5906/5906/5906 5907/5907/5907
f 5907/5907/5907 5911/5911/5911 5910/5910/5910
f 5911/5911/5911 5907/5907/5907 5908/5908/5908
f 5908/5908/5908 5909/5909/5909 5911/5911/5911
f 5912/5912/5912 5911/5911/5911 5909/5909/5909
f 5909/5909/5909 5893/5893/5893 5912/5912/5912
f 5913/5913/5913 5912/5912/5912 5893/5893/5893
f 5893/5893/5893 5892/5892/5892 5913/5913/5913
f 5887/5887/5887 5913/5913/5913 5892/5892/5892
f 5892/5892/5892 5888/5888/5888 5887/5887/5887
f 5914/5914/5914 5910/5910/5910 5911/5911/5911
f 5911/5911/5911 5912/5912/5912 5914/5914/5914
f 5915/5915/5915 5914/5914/5914 5912/5912/5912
f 5912/5912/5912 5913/5913/5913 5915/5915/5915
f 5916/5916/5916 5915/5915/5915 5913/5913/5913
f 5913/5913/5913 5887/5887/5887 5916/5916/5916
f 5917/5917/5917 5916/5916/5916 5887/5887/5887
f 5887/5887/5887 5886/5886/5886 5917/5917/5917
f 5883/5883/5883 5917/5917/5917 5886/5886/5886
f 5886/5886/5886 5884/5884/5884 5883/5883/5883
f 5882/5882/5882 5879/5879/5879 5881/5881/5881
f 5881/5881/5881 5918/5918/5918 5882/5882/5882
f 5883/5883/5883 5882/5882/5882 5918/5918/5918
f 5918/5918/5918 5919/5919/5919 5883/5883/5883
f 5917/5917/5917 5883/5883/5883 5919/5919/5919
f 5919/5919/5919 5920/5920/5920 5917/5917/5917
f 5916/5916/5916 5917/5917/5917 5920/5920/5920
f 5920/5920/5920 5921/5921/5921 5916/5916/5916
f 5915/5915/5915 5916/5916/5916 5921/5921/5921
f 5921/5921/5921 5922/5922/5922 5915/5915/5915
f 5923/5923/5923 5924/5924/5924 5921/5921/5921
f 5921/5921/5921 5920/5920/5920 5923/5923/5923
f 5925/5925/5925 5923/5923/5923 5920/5920/5920
f 5920/5920/5920 5919/5919/5919 5925/5925/5925
f 5926/5926/5926 5925/5925/5925 5919/5919/5919
f 5919/5919/5919 5918/5918/5918 5926/5926/5926
f 5927/5927/5927 5926/5926/5926 5918/5918/5918
f 5918/5918/5918 5881/5881/5881 5927/5927/5927
f 5928/5928/5928 5927/5927/5927 5881/5881/5881
f 5881/5881/5881 5880/5880/5880 5928/5928/5928
f 5876/5876/5876 5875/5875/5875 5929/5929/5929
f 5929/5929/5929 5880/5880/5880 5876/5876/5876
f 5880/5880/5880 5929/5929/5929 5930/5930/5930
f 5930/5930/5930 5928/5928/5928 5880/5880/5880
f 5928/5928/5928 5930/5930/5930 5931/5931/5931
f 5931/5931/5931 5932/5932/5932 5928/5928/5928
f 5927/5927/5927 5928/5928/5928 5932/5932/5932
f 5932/5932/5932 5933/5933/5933 5927/5927/5927
f 5926/5926/5926 5927/5927/5927 5933/5933/5933
f 5933/5933/5933 5934/5934/5934 5926/5926/5926
f 5925/5925/5925 5926/5926/5926 5934/5934/5934
f 5934/5934/5934 5935/5935/5935 5925/5925/5925
f 5923/5923/5923 5925/5925/5925 5935/5935/5935
f 5935/5935/5935 5936/5936/5936 5923/5923/5923
f 5924/5924/5924 5923/5923/5923 5936/5936/5936
f 5936/5936/5936 5937/5937/5937 5924/5924/5924
f 5938/5938/5938 5924/5924/5924 5937/5937/5937
f 5937/5937/5937 5939/5939/5939 5938/5938/5938
f 5940/5940/5940 5938/5938/5938 5939/5939/5939
f 5939/5939/5939 5941/5941/5941 5940/5940/5940
f 5942/5942/5942 5943/5943/5943 5944/5944/5944
f 5944/5944/5944 5945/5945/5945 5942/5942/5942
f 5946/5946/5946 5942/5942/5942 5945/5945/5945
f 5945/5945/5945 5947/5947/5947 5946/5946/5946
f 5940/5940/5940 5946/5946/5946 5947/5947/5947
f 5947/5947/5947 5948/5948/5948 5940/5940/5940
f 5938/5938/5938 5940/5940/5940 5948/5948/5948
f 5948/5948/5948 5922/5922/5922 5938/5938/5938
f 5924/5924/5924 5938/5938/5938 5922/5922/5922
f 5922/5922/5922 5921/5921/5921 5924/5924/5924
f 5914/5914/5914 5915/5915/5915 5922/5922/5922
f 5922/5922/5922 5948/5948/5948 5914/5914/5914
f 5910/5910/5910 5914/5914/5914 5948/5948/5948
f 5948/5948/5948 5947/5947/5947 5910/5910/5910
f 5906/5906/5906 5910/5910/5910 5947/5947/5947
f 5947/5947/5947 5945/5945/5945 5906/5906/5906
f 5899/5899/5899 5906/5906/5906 5945/5945/5945
f 5945/5945/5945 5944/5944/5944 5899/5899/5899
f 5900/5900/5900 5899/5899/5899 5944/5944/5944
f 5944/5944/5944 5949/5949/5949 5900/5900/5900
f 5949/5949/5949 5944/5944/5944 5943/5943/5943
f 5943/5943/5943 5950/5950/5950 5949/5949/5949
f 5950/5950/5950 5951/5951/5951 5952/5952/5952
f 5952/5952/5952 5949/5949/5949 5950/5950/5950
f 5949/5949/5949 5952/5952/5952 5953/5953/5953
f 5953/5953/5953 5900/5900/5900 5949/5949/5949
f 5900/5900/5900 5953/5953/5953 5954/5954/5954
f 5954/5954/5954 5901/5901/5901 5900/5900/5900
f 5901/5901/5901 5954/5954/5954 5821/5821/5821
f 5821/5821/5821 5903/5903/5903 5901/5901/5901
f 5903/5903/5903 5821/5821/5821 5820/5820/5820
f 5820/5820/5820 5824/5824/5824 5903/5903/5903
f 5951/5951/5951 5955/5955/5955 5956/5956/5956
f 5956/5956/5956 5957/5957/5957 5951/5951/5951
f 5952/5952/5952 5951/5951/5951 5957/5957/5957
f 5957/5957/5957 5958/5958/5958 5952/5952/5952
f 5953/5953/5953 5952/5952/5952 5958/5958/5958
f 5958/5958/5958 5959/5959/5959 5953/5953/5953
f 5954/5954/5954 5953/5953/5953 5959/5959/5959
f 5959/5959/5959 5812/5812/5812 5954/5954/5954
f 5821/5821/5821 5954/5954/5954 5812/5812/5812
f 5812/5812/5812 5815/5815/5815 5821/5821/5821
f 5960/5960/5960 5961/5961/5961 5962/5962/5962
f 5962/5962/5962 5963/5963/5963 5960/5960/5960
f 5956/5956/5956 5960/5960/5960 5963/5963/5963
f 5963/5963/5963 5957/5957/5957 5956/5956/5956
f 5957/5957/5957 5963/5963/5963 5964/5964/5964
f 5964/5964/5964 5958/5958/5958 5957/5957/5957
f 5958/5958/5958 5964/5964/5964 5965/5965/5965
f 5965/5965/5965 5959/5959/5959 5958/5958/5958
f 5959/5959/5959 5965/5965/5965 5813/5813/5813
f 5813/5813/5813 5812/5812/5812 5959/5959/5959
f 5963/5963/5963 5962/5962/5962 5966/5966/5966
f 5966/5966/5966 5964/5964/5964 5963/5963/5963
f 5964/5964/5964 5966/5966/5966 5967/5967/5967
f 5967/5967/5967 5965/5965/5965 5964/5964/5964
f 5965/5965/5965 5967/5967/5967 5968/5968/5968
f 5968/5968/5968 5813/5813/5813 5965/5965/5965
f 5813/5813/5813 5968/5968/5968 5969/5969/5969
f 5969/5969/5969 5814/5814/5814 5813/5813/5813
f 5814/5814/5814 5969/5969/5969 5805/5805/5805
f 5805/5805/5805 5804/5804/5804 5814/5814/5814
f 5432/5432/5432 5439/5439/5439 5431/5431/5431
f 5439/5439/5439 5432/5432/5432 5970/5970/5970
f 5432/5432/5432 5971/5971/5971 5970/5970/5970
f 5972/5972/5972 5970/5970/5970 5971/5971/5971
f 5970/5970/5970 5972/5972/5972 5973/5973/5973
f 5974/5974/5974 5970/5970/5970 5973/5973/5973
f 5970/5970/5970 5974/5974/5974 5439/5439/5439
f 5975/5975/5975 5439/5439/5439 5974/5974/5974
f 5439/5439/5439 5975/5975/5975 5438/5438/5438
f 5976/5976/5976 5438/5438/5438 5975/5975/5975
f 5438/5438/5438 5976/5976/5976 5437/5437/5437
f 5437/5437/5437 5443/5443/5443 5436/5436/5436
f 5443/5443/5443 5437/5437/5437 5976/5976/5976
f 5976/5976/5976 5977/5977/5977 5443/5443/5443
f 5977/5977/5977 5976/5976/5976 5978/5978/5978
f 5975/5975/5975 5978/5978/5978 5976/5976/5976
f 5978/5978/5978 5975/5975/5975 5979/5979/5979
f 5974/5974/5974 5979/5979/5979 5975/5975/5975
f 5979/5979/5979 5974/5974/5974 5980/5980/5980
f 5973/5973/5973 5980/5980/5980 5974/5974/5974
f 5980/5980/5980 5973/5973/5973 5981/5981/5981
f 5981/5981/5981 5982/5982/5982 5980/5980/5980
f 5983/5983/5983 5980/5980/5980 5982/5982/5982
f 5980/5980/5980 5983/5983/5983 5979/5979/5979
f 5984/5984/5984 5979/5979/5979 5983/5983/5983
f 5979/5979/5979 5984/5984/5984 5978/5978/5978
f 5985/5985/5985 5978/5978/5978 5984/5984/5984
f 5978/5978/5978 5985/5985/5985 5977/5977/5977
f 5452/5452/5452 5977/5977/5977 5985/5985/5985
f 5977/5977/5977 5452/5452/5452 5444/5444/5444
f 5444/5444/5444 5443/5443/5443 5977/5977/5977
f 5986/5986/5986 5987/5987/5987 5988/5988/5988
f 5987/5987/5987 5986/5986/5986 5989/5989/5989
f 5989/5989/5989 5990/5990/5990 5987/5987/5987
f 5990/5990/5990 5989/5989/5989 5991/5991/5991
f 5991/5991/5991 5992/5992/5992 5990/5990/5990
f 5993/5993/5993 5990/5990/5990 5992/5992/5992
f 5992/5992/5992 5994/5994/5994 5993/5993/5993
f 5994/5994/5994 5981/5981/5981 5993/5993/5993
f 5981/5981/5981 5994/5994/5994 5995/5995/5995
f 5982/5982/5982 5981/5981/5981 5995/5995/5995
f 5992/5992/5992 5991/5991/5991 5996/5996/5996
f 5996/5996/5996 5997/5997/5997 5992/5992/5992
f 5994/5994/5994 5992/5992/5992 5997/5997/5997
f 5997/5997/5997 5996/5996/5996 5998/5998/5998
f 5973/5973/5973 5993/5993/5993 5981/5981/5981
f 5993/5993/5993 5973/5973/5973 5972/5972/5972
f 5990/5990/5990 5993/5993/5993 5972/5972/5972
f 5972/5972/5972 5987/5987/5987 5990/5990/5990
f 5987/5987/5987 5972/5972/5972 5971/5971/5971
f 5971/5971/5971 5988/5988/5988 5987/5987/5987
f 5988/5988/5988 5971/5971/5971 5999/5999/5999
f 5999/5999/5999 6000/6000/6000 5988/5988/5988
f 6000/6000/6000 5999/5999/5999 6001/6001/6001
f 6001/6001/6001 6002/6002/6002 6000/6000/6000
f 5428/5428/5428 6003/6003/6003 5429/5429/5429
f 6003/6003/6003 6004/6004/6004 5429/5429/5429
f 6001/6001/6001 5429/5429/5429 6004/6004/6004
f 5429/5429/5429 6001/6001/6001 5430/5430/5430
f 5999/5999/5999 5430/5430/5430 6001/6001/6001
f 5430/5430/5430 5999/5999/5999 5432/5432/5432
f 5971/5971/5971 5432/5432/5432 5999/5999/5999
f 6004/6004/6004 6003/6003/6003 6005/6005/6005
f 6002/6002/6002 6001/6001/6001 6004/6004/6004
f 6004/6004/6004 6006/6006/6006 6002/6002/6002
f 6006/6006/6006 6004/6004/6004 6005/6005/6005
f 6005/6005/6005 6007/6007/6007 6006/6006/6006
f 6007/6007/6007 6005/6005/6005 6008/6008/6008
f 6005/6005/6005 6009/6009/6009 6008/6008/6008
f 6009/6009/6009 6005/6005/6005 6003/6003/6003
f 6010/6010/6010 6009/6009/6009 6003/6003/6003
f 6003/6003/6003 5428/5428/5428 6010/6010/6010
f 5433/5433/5433 6010/6010/6010 5428/5428/5428
f 6011/6011/6011 6007/6007/6007 6012/6012/6012
f 6007/6007/6007 6011/6011/6011 6013/6013/6013
f 6013/6013/6013 6006/6006/6006 6007/6007/6007
f 6006/6006/6006 6013/6013/6013 6014/6014/6014
f 6014/6014/6014 6002/6002/6002 6006/6006/6006
f 6002/6002/6002 6014/6014/6014 6015/6015/6015
f 6015/6015/6015 6000/6000/6000 6002/6002/6002
f 6000/6000/6000 6015/6015/6015 6016/6016/6016
f 6016/6016/6016 5988/5988/5988 6000/6000/6000
f 5988/5988/5988 6016/6016/6016 5986/5986/5986
f 6017/6017/6017 6018/6018/6018 6019/6019/6019
f 6018/6018/6018 6017/6017/6017 6020/6020/6020
f 6021/6021/6021 6020/6020/6020 6017/6017/6017
f 6020/6020/6020 6021/6021/6021 6022/6022/6022
f 6023/6023/6023 6022/6022/6022 6021/6021/6021
f 6022/6022/6022 6023/6023/6023 6009/6009/6009
f 6024/6024/6024 6009/6009/6009 6023/6023/6023
f 6009/6009/6009 6024/6024/6024 6008/6008/6008
f 6012/6012/6012 6008/6008/6008 6024/6024/6024
f 6008/6008/6008 6012/6012/6012 6007/6007/6007
f 6009/6009/6009 6010/6010/6010 6022/6022/6022
f 6025/6025/6025 6022/6022/6022 6010/6010/6010
f 6022/6022/6022 6025/6025/6025 6020/6020/6020
f 6026/6026/6026 6020/6020/6020 6025/6025/6025
f 6020/6020/6020 6026/6026/6026 6018/6018/6018
f 5450/5450/5450 6018/6018/6018 6026/6026/6026
f 6018/6018/6018 5450/5450/5450 6027/6027/6027
f 6027/6027/6027 6019/6019/6019 6018/6018/6018
f 6019/6019/6019 6027/6027/6027 6028/6028/6028
f 6010/6010/6010 5433/5433/5433 6025/6025/6025
f 5441/5441/5441 6025/6025/6025 5433/5433/5433
f 6025/6025/6025 5441/5441/5441 6026/6026/6026
f 5442/5442/5442 6026/6026/6026 5441/5441/5441
f 6026/6026/6026 5442/5442/5442 5450/5450/5450
f 5450/5450/5450 5449/5449/5449 5501/5501/5501
f 5501/5501/5501 6027/6027/6027 5450/5450/5450
f 6027/6027/6027 5501/5501/5501 5510/5510/5510
f 5510/5510/5510 6028/6028/6028 6027/6027/6027
f 6028/6028/6028 5510/5510/5510 6029/6029/6029
f 5511/5511/5511 6029/6029/6029 5510/5510/5510
f 6029/6029/6029 5511/5511/5511 6030/6030/6030
f 5512/5512/5512 6030/6030/6030 5511/5511/5511
f 6030/6030/6030 5512/5512/5512 5516/5516/5516
f 5513/5513/5513 5516/5516/5516 5512/5512/5512
f 6031/6031/6031 6032/6032/6032 6033/6033/6033
f 5154/5154/5154 5143/5143/5143 6034/6034/6034
f 5141/5141/5141 6034/6034/6034 5143/5143/5143
f 6034/6034/6034 5141/5141/5141 6035/6035/6035
f 5142/5142/5142 6035/6035/6035 5141/5141/5141
f 6035/6035/6035 5142/5142/5142 6036/6036/6036
f 5780/5780/5780 6036/6036/6036 5142/5142/5142
f 6036/6036/6036 5780/5780/5780 6037/6037/6037
f 5778/5778/5778 6037/6037/6037 5780/5780/5780
f 6037/6037/6037 5778/5778/5778 5768/5768/5768
f 5769/5769/5769 5768/5768/5768 5778/5778/5778
f 6038/6038/6038 5686/5686/5686 5685/5685/5685
f 5685/5685/5685 5683/5683/5683 6038/6038/6038
f 6039/6039/6039 6038/6038/6038 5683/5683/5683
f 5683/5683/5683 5681/5681/5681 6039/6039/6039
f 6040/6040/6040 6039/6039/6039 5681/5681/5681
f 5681/5681/5681 5679/5679/5679 6040/6040/6040
f 6041/6041/6041 6040/6040/6040 5679/5679/5679
f 5679/5679/5679 5564/5564/5564 6041/6041/6041
f 5569/5569/5569 6041/6041/6041 5564/5564/5564
f 5564/5564/5564 5563/5563/5563 5569/5569/5569
f 5946/5946/5946 5940/5940/5940 5941/5941/5941
f 5941/5941/5941 6042/6042/6042 5946/5946/5946
f 5942/5942/5942 5946/5946/5946 6042/6042/6042
f 6042/6042/6042 6043/6043/6043 5942/5942/5942
f 5943/5943/5943 5942/5942/5942 6043/6043/6043
f 6043/6043/6043 6044/6044/6044 5943/5943/5943
f 5950/5950/5950 5943/5943/5943 6044/6044/6044
f 6044/6044/6044 6045/6045/6045 5950/5950/5950
f 5951/5951/5951 5950/5950/5950 6045/6045/6045
f 6045/6045/6045 5955/5955/5955 5951/5951/5951
f 6046/6046/6046 6047/6047/6047 6048/6048/6048
f 6048/6048/6048 6047/6047/6047 6049/6049/6049
f 6049/6049/6049 6050/6050/6050 6048/6048/6048
f 6048/6048/6048 6050/6050/6050 6051/6051/6051
f 6051/6051/6051 6052/6052/6052 6048/6048/6048
f 6048/6048/6048 6052/6052/6052 6053/6053/6053
f 6053/6053/6053 6054/6054/6054 6048/6048/6048
f 6048/6048/6048 6054/6054/6054 6055/6055/6055
f 6055/6055/6055 6056/6056/6056 6048/6048/6048
f 6048/6048/6048 6056/6056/6056 6057/6057/6057
f 6057/6057/6057 6058/6058/6058 6048/6048/6048
f 6048/6048/6048 6058/6058/6058 6059/6059/6059
f 6059/6059/6059 6060/6060/6060 6048/6048/6048
f 6048/6048/6048 6060/6060/6060 6061/6061/6061
f 6061/6061/6061 6062/6062/6062 6048/6048/6048
f 6048/6048/6048 6062/6062/6062 6046/6046/6046
f 6063/6063/6063 6064/6064/6064 6065/6065/6065
f 6065/6065/6065 6064/6064/6064 6066/6066/6066
f 6066/6066/6066 6067/6067/6067 6065/6065/6065
f 6065/6065/6065 6067/6067/6067 6068/6068/6068
f 6068/6068/6068 6069/6069/6069 6065/6065/6065
f 6065/6065/6065 6069/6069/6069 6070/6070/6070
f 6070/6070/6070 6071/6071/6071 6065/6065/6065
f 6065/6065/6065 6071/6071/6071 6072/6072/6072
f 6072/6072/6072 6073/6073/6073 6065/6065/6065
f 6065/6065/6065 6073/6073/6073 6074/6074/6074
f 6074/6074/6074 6075/6075/6075 6065/6065/6065
f 6065/6065/6065 6075/6075/6075 6076/6076/6076
f 6076/6076/6076 6077/6077/6077 6065/6065/6065
f 6065/6065/6065 6077/6077/6077 6078/6078/6078
f 6078/6078/6078 6079/6079/6079 6065/6065/6065
f 6065/6065/6065 6079/6079/6079 6063/6063/6063
f 6080/6080/6080 6081/6081/6081 6082/6082/6082
f 6081/6081/6081 6083/6083/6083 6082/6082/6082
f 6083/6083/6083 6081/6081/6081 6084/6084/6084
f 6081/6081/6081 6085/6085/6085 6084/6084/6084
f 6085/6085/6085 6081/6081/6081 6086/6086/6086
f 6081/6081/6081 6087/6087/6087 6086/6086/6086
f 6087/6087/6087 6081/6081/6081 6088/6088/6088
f 6081/6081/6081 6089/6089/6089 6088/6088/6088
f 6089/6089/6089 6081/6081/6081 6090/6090/6090
f 6081/6081/6081 6091/6091/6091 6090/6090/6090
f 6091/6091/6091 6081/6081/6081 6092/6092/6092
f 6081/6081/6081 6093/6093/6093 6092/6092/6092
f 6093/6093/6093 6081/6081/6081 6094/6094/6094
f 6081/6081/6081 6095/6095/6095 6094/6094/6094
f 6095/6095/6095 6081/6081/6081 6096/6096/6096
f 6081/6081/6081 6080/6080/6080 6096/6096/6096
f 6097/6097/6097 6098/6098/6098 6099/6099/6099
f 6100/6100/6100 6101/6101/6101 6102/6102/6102
f 6101/6101/6101 6103/6103/6103 6102/6102/6102
f 6103/6103/6103 6101/6101/6101 6104/6104/6104
f 6101/6101/6101 6105/6105/6105 6104/6104/6104
f 6105/6105/6105 6101/6101/6101 6106/6106/6106
f 6101/6101/6101 6107/6107/6107 6106/6106/6106
f 6107/6107/6107 6101/6101/6101 6108/6108/6108
f 6101/6101/6101 6109/6109/6109 6108/6108/6108
f 6109/6109/6109 6101/6101/6101 6110/6110/6110
f 6101/6101/6101 6111/6111/6111 6110/6110/6110
f 6111/6111/6111 6101/6101/6101 6112/6112/6112
f 6101/6101/6101 6113/6113/6113 6112/6112/6112
f 6113/6113/6113 6101/6101/6101 6114/6114/6114
f 6101/6101/6101 6115/6115/6115 6114/6114/6114
f 6115/6115/6115 6101/6101/6101 6116/6116/6116
f 6101/6101/6101 6100/6100/6100 6116/6116/6116
f 6117/6117/6117 6118/6118/6118 6119/6119/6119
f 6120/6120/6120 6121/6121/6121 6122/6122/6122
f 6123/6123/6123 6124/6124/6124 6125/6125/6125
f 6126/6126/6126 6127/6127/6127 6128/6128/6128
f 6129/6129/6129 6130/6130/6130 6131/6131/6131
f 6132/6132/6132 6133/6133/6133 6134/6134/6134
f 6135/6135/6135 6136/6136/6136 6137/6137/6137
f 6138/6138/6138 6139/6139/6139 6140/6140/6140
f 6141/6141/6141 6142/6142/6142 6143/6143/6143
f 6144/6144/6144 6145/6145/6145 6146/6146/6146
f 6147/6147/6147 6148/6148/6148 6149/6149/6149
f 6150/6150/6150 6151/6151/6151 6152/6152/6152
f 6153/6153/6153 6154/6154/6154 6155/6155/6155
f 6156/6156/6156 6157/6157/6157 6158/6158/6158
f 6159/6159/6159 6160/6160/6160 6161/6161/6161
f 6162/6162/6162 6163/6163/6163 6164/6164/6164
f 6165/6165/6165 6166/6166/6166 6167/6167/6167
f 6168/6168/6168 6165/6165/6165 6169/6169/6169
f 6170/6170/6170 6171/6171/6171 6172/6172/6172
f 6173/6173/6173 6174/6174/6174 6175/6175/6175
f 6176/6176/6176 6177/6177/6177 6178/6178/6178
f 6179/6179/6179 6180/6180/6180 6181/6181/6181
f 6182/6182/6182 6183/6183/6183 6184/6184/6184
f 6185/6185/6185 6186/6186/6186 6187/6187/6187
f 6188/6188/6188 6189/6189/6189 6190/6190/6190
f 6191/6191/6191 6192/6192/6192 6193/6193/6193
f 6192/6192/6192 6194/6194/6194 6195/6195/6195
f 6196/6196/6196 6197/6197/6197 6198/6198/6198
f 6199/6199/6199 6200/6200/6200 6201/6201/6201
f 6202/6202/6202 6203/6203/6203 6204/6204/6204
f 6205/6205/6205 6206/6206/6206 6207/6207/6207
f 6208/6208/6208 6209/6209/6209 6210/6210/6210
f 6211/6211/6211 6212/6212/6212 6213/6213/6213
f 6214/6214/6214 6215/6215/6215 6216/6216/6216
f 6217/6217/6217 6218/6218/6218 6219/6219/6219
f 6220/6220/6220 6221/6221/6221 6222/6222/6222
f 6223/6223/6223 6224/6224/6224 6225/6225/6225
f 6226/6226/6226 6227/6227/6227 6228/6228/6228
f 6229/6229/6229 6230/6230/6230 6231/6231/6231
f 6232/6232/6232 6233/6233/6233 6234/6234/6234
f 6235/6235/6235 6236/6236/6236 6237/6237/6237
f 6238/6238/6238 6239/6239/6239 6240/6240/6240
f 6241/6241/6241 6242/6242/6242 6243/6243/6243
f 6244/6244/6244 6245/6245/6245 6246/6246/6246
f 6247/6247/6247 6248/6248/6248 6249/6249/6249
f 6248/6248/6248 6250/6250/6250 6251/6251/6251
f 6252/6252/6252 6253/6253/6253 6254/6254/6254
f 6255/6255/6255 6256/6256/6256 6257/6257/6257
f 6258/6258/6258 6259/6259/6259 6260/6260/6260
f 6261/6261/6261 6262/6262/6262 6263/6263/6263
f 6264/6264/6264 6265/6265/6265 6266/6266/6266
f 6267/6267/6267 6268/6268/6268 6269/6269/6269
f 6270/6270/6270 6271/6271/6271 6272/6272/6272
f 6273/6273/6273 6274/6274/6274 6275/6275/6275
f 6276/6276/6276 6277/6277/6277 6278/6278/6278
f 6279/6279/6279 6280/6280/6280 6281/6281/6281
f 6282/6282/6282 6283/6283/6283 6284/6284/6284
f 6285/6285/6285 6286/6286/6286 6287/6287/6287
f 6288/6288/6288 6289/6289/6289 6290/6290/6290
f 6291/6291/6291 6292/6292/6292 6293/6293/6293
f 6294/6294/6294 6295/6295/6295 6296/6296/6296
f 6297/6297/6297 6298/6298/6298 6299/6299/6299
f 6300/6300/6300 6301/6301/6301 6302/6302/6302
f 6303/6303/6303 6304/6304/6304 6305/6305/6305
f 6306/6306/6306 6307/6307/6307 6308/6308/6308
f 6309/6309/6309 6310/6310/6310 6311/6311/6311
f 6312/6312/6312 6313/6313/6313 6314/6314/6314
f 6315/6315/6315 6316/6316/6316 6317/6317/6317
f 6318/6318/6318 6319/6319/6319 6320/6320/6320
f 6321/6321/6321 6322/6322/6322 6323/6323/6323
f 6324/6324/6324 6325/6325/6325 6326/6326/6326
f 6327/6327/6327 6328/6328/6328 6329/6329/6329
f 6330/6330/6330 6331/6331/6331 6332/6332/6332
f 6333/6333/6333 6334/6334/6334 6335/6335/6335
f 6336/6336/6336 6337/6337/6337 6338/6338/6338
f 6339/6339/6339 6340/6340/6340 6341/6341/6341
f 6342/6342/6342 6343/6343/6343 6344/6344/6344
f 6345/6345/6345 6346/6346/6346 6347/6347/6347
f 6348/6348/6348 6349/6349/6349 6350/6350/6350
f 6351/6351/6351 6352/6352/6352 6353/6353/6353
f 6354/6354/6354 6355/6355/6355 6356/6356/6356
f 6357/6357/6357 6358/6358/6358 6359/6359/6359
f 6360/6360/6360 6361/6361/6361 6362/6362/6362
f 6363/6363/6363 6364/6364/6364 6365/6365/6365
f 6366/6366/6366 6367/6367/6367 6368/6368/6368
f 6369/6369/6369 6370/6370/6370 6371/6371/6371
f 6372/6372/6372 6373/6373/6373 6374/6374/6374
f 6375/6375/6375 6376/6376/6376 6377/6377/6377
f 6378/6378/6378 6379/6379/6379 6380/6380/6380
f 6381/6381/6381 6382/6382/6382 6383/6383/6383
f 6384/6384/6384 6385/6385/6385 6386/6386/6386
f 6387/6387/6387 6388/6388/6388 6389/6389/6389
f 6390/6390/6390 6391/6391/6391 6392/6392/6392
f 6393/6393/6393 6394/6394/6394 6395/6395/6395
f 6396/6396/6396 6397/6397/6397 6398/6398/6398
f 6399/6399/6399 6400/6400/6400 6401/6401/6401
f 6402/6402/6402 6403/6403/6403 6404/6404/6404
f 6405/6405/6405 6406/6406/6406 6407/6407/6407
f 6408/6408/6408 6409/6409/6409 6410/6410/6410
f 6411/6411/6411 6412/6412/6412 6408/6408/6408
f 6413/6413/6413 6414/6414/6414 6415/6415/6415
f 6416/6416/6416 6417/6417/6417 6418/6418/6418
f 6419/6419/6419 6420/6420/6420 6421/6421/6421
f 6422/6422/6422 6423/6423/6423 6424/6424/6424
f 6425/6425/6425 6426/6426/6426 6427/6427/6427
f 6428/6428/6428 6429/6429/6429 6430/6430/6430
f 6431/6431/6431 6432/6432/6432 6433/6433/6433
f 6434/6434/6434 6435/6435/6435 6436/6436/6436
f 6437/6437/6437 6438/6438/6438 6439/6439/6439
f 6440/6440/6440 6441/6441/6441 6442/6442/6442
f 6443/6443/6443 6444/6444/6444 6445/6445/6445
f 6446/6446/6446 6447/6447/6447 6448/6448/6448
f 6449/6449/6449 6450/6450/6450 6451/6451/6451
f 6452/6452/6452 6453/6453/6453 6454/6454/6454
f 6455/6455/6455 6456/6456/6456 6457/6457/6457
f 6458/6458/6458 6459/6459/6459 6460/6460/6460
f 6461/6461/6461 6462/6462/6462 6463/6463/6463
f 6464/6464/6464 6465/6465/6465 6466/6466/6466
f 6467/6467/6467 6468/6468/6468 6469/6469/6469
f 6470/6470/6470 6471/6471/6471 6472/6472/6472
f 6473/6473/6473 6474/6474/6474 6475/6475/6475
f 6476/6476/6476 6477/6477/6477 6478/6478/6478
f 6479/6479/6479 6480/6480/6480 6481/6481/6481
f 6482/6482/6482 6483/6483/6483 6484/6484/6484
f 6485/6485/6485 6486/6486/6486 6487/6487/6487
f 6487/6487/6487 6488/6488/6488 6489/6489/6489
f 6490/6490/6490 6491/6491/6491 6492/6492/6492
f 6493/6493/6493 6494/6494/6494 6495/6495/6495
f 6496/6496/6496 6497/6497/6497 6498/6498/6498
f 6499/6499/6499 6500/6500/6500 6501/6501/6501
f 6502/6502/6502 6503/6503/6503 6504/6504/6504
f 6505/6505/6505 6506/6506/6506 6507/6507/6507
f 6508/6508/6508 6509/6509/6509 6510/6510/6510
f 6511/6511/6511 6512/6512/6512 6513/6513/6513
f 6514/6514/6514 6515/6515/6515 6516/6516/6516
f 6517/6517/6517 6518/6518/6518 6519/6519/6519
f 6520/6520/6520 6521/6521/6521 6522/6522/6522
f 6523/6523/6523 6524/6524/6524 6525/6525/6525
f 6526/6526/6526 6527/6527/6527 6528/6528/6528
f 6529/6529/6529 6530/6530/6530 6531/6531/6531
f 6532/6532/6532 6533/6533/6533 6534/6534/6534
f 6535/6535/6535 6536/6536/6536 6537/6537/6537
f 6538/6538/6538 6539/6539/6539 6540/6540/6540
f 6541/6541/6541 6542/6542/6542 6543/6543/6543
f 6544/6544/6544 6545/6545/6545 6546/6546/6546
f 6547/6547/6547 6548/6548/6548 6549/6549/6549
f 6550/6550/6550 6551/6551/6551 6552/6552/6552
f 6553/6553/6553 6554/6554/6554 6555/6555/6555
f 6556/6556/6556 6557/6557/6557 6558/6558/6558
f 6559/6559/6559 6560/6560/6560 6561/6561/6561
f 6562/6562/6562 6563/6563/6563 6564/6564/6564
f 6565/6565/6565 6566/6566/6566 6567/6567/6567
f 6568/6568/6568 6569/6569/6569 6570/6570/6570
f 6571/6571/6571 6572/6572/6572 6573/6573/6573
f 6574/6574/6574 6575/6575/6575 6576/6576/6576
f 6577/6577/6577 6578/6578/6578 6579/6579/6579
f 6580/6580/6580 6581/6581/6581 6582/6582/6582
f 6583/6583/6583 6584/6584/6584 6585/6585/6585
f 6586/6586/6586 6587/6587/6587 6588/6588/6588
