# SARPBC octane - Y up, meters
mtllib octane.mtl
v -0.8168227 0.08488489 0.2493628
v -0.8203782 0.08205794 0.249979
v -0.8191578 0.08502477 0.2533246
v -0.5367194 0.08372165 0.2660412
v -0.5330613 0.05839555 0.2770231
v -0.4866866 0.06147898 0.2158723
v -0.5033389 0.08624537 0.2141374
v -0.5480435 0.08583581 0.242178
v -0.5239387 0.07994166 0.2111295
v -0.4947757 0.02951088 0.2136229
v -0.5409918 0.035272 0.2642278
v -0.60786 0.09149239 0.2720109
v -0.6010979 0.1113772 0.2609359
v -0.6032807 0.1123935 0.2364138
v -0.612084 0.09335846 0.2230756
v -0.5560085 0.06263881 0.2287415
v -0.5350441 0.04918053 0.2089225
v -0.7303005 0.1707236 0.253574
v -0.7361439 0.150544 0.2690075
v -0.6305833 0.06058872 0.258785
v -0.7684913 0.04394705 0.2520688
v -0.5155032 0.02307557 0.2105836
v -0.5522807 0.03670486 0.2404746
v -0.6326903 0.06083127 0.2343429
v -0.7704527 0.04510571 0.2195664
v -0.7401031 0.1530696 0.2039424
v -0.7323063 0.1720406 0.2209896
v -0.8378234 0.01757866 0.187627
v -0.8456259 0.07354053 0.1392929
v -0.8457841 0.07342891 0.04377656
v -0.8379658 0.01794931 0.04341477
v -0.7433107 -0.1207639 0.0439864
v -0.7432339 -0.1206885 0.1889495
v -0.8368097 0.07532716 0.04393006
v -0.8365566 0.07536919 0.1396391
v -0.824746 0.0237988 0.1881838
v -0.8289745 0.02895205 0.04364823
v -0.734275 -0.1102419 0.04428959
v -0.7342787 -0.1102091 0.1895768
v -0.734275 -0.1102419 0.04428959
v -0.7342787 -0.1102091 0.1895768
v -0.7432339 -0.1206885 0.1889495
v -0.7433107 -0.1207639 0.0439864
v -0.8379658 0.01794931 0.04341477
v -0.8289745 0.02895205 0.04364823
v -0.8457841 0.07342891 0.04377656
v -0.8368097 0.07532716 0.04393006
v -0.8365566 0.07536919 0.1396391
v -0.8456259 0.07354053 0.1392929
v -0.824746 0.0237988 0.1881838
v -0.8378234 0.01757866 0.187627
v -0.7342787 -0.1102091 0.1895768
v -0.7432339 -0.1206885 0.1889495
v -0.7055466 0.02211391 0.08071812
v -0.5329599 -0.06980594 0.08537044
v -0.7591701 -0.07581799 0.0793143
v -0.8091083 -0.006097298 0.0788701
v -0.808707 -0.006509552 0.1438524
v -0.7055539 0.02178479 0.1465284
v -0.7592038 -0.07582209 0.1444886
v -0.5336906 -0.06946184 0.1531947
v -0.6297934 0.4241013 0.1395713
v -0.6212084 0.4274554 0.1003562
v -0.6226251 0.4773465 0.1003562
v -0.6312029 0.4755521 0.1159121
v -0.653385 0.4672462 0.1145817
v -0.6518823 0.4153475 0.137391
v -0.6623992 0.4604088 0.1003562
v -0.6609703 0.4117196 0.1003562
v -0.5288301 0.4464771 0.1477034
v -0.5202447 0.4498311 0.1084883
v -0.5211495 0.5182536 0.1084883
v -0.529727 0.5164592 0.1240442
v -0.5519094 0.5081533 0.1227139
v -0.5509187 0.4377232 0.145523
v -0.5609236 0.501316 0.1084883
v -0.5600069 0.4340954 0.1084883
v -0.4662086 0.5406086 0.1084884
v -0.4650211 0.4604231 0.1084884
v -0.4559329 0.464051 0.145523
v -0.4571948 0.547446 0.1227139
v -0.4338436 0.4728049 0.1477034
v -0.4350123 0.5557518 0.1240443
v -0.4264694 0.4755324 0.1142953
v -0.4286671 0.556789 0.1087853
v -0.3622325 0.6308989 0.03020066
v -0.3620915 0.6255047 0.02494736
v -0.3584599 0.4865969 0.1191475
v -0.3585352 0.4894778 0.1261052
v -0.3620915 0.6255047 0.02494736
v -0.3147745 0.6267155 0.02495852
v -0.3111429 0.4878053 0.1191475
v -0.3584599 0.4865969 0.1191475
v -0.3047994 0.6053565 0.02524828
v -0.3147745 0.6267155 0.02495852
v -0.3620915 0.6255047 0.02494736
v -0.3615266 0.6038996 0.02523697
v -0.3043947 0.5898746 0.01017092
v -0.3611219 0.5884178 0.01015977
v -0.3147745 0.6267155 0.02495852
v -0.3053643 0.6269615 0.02495852
v -0.3151385 0.6406373 0.01039644
v -0.3053643 0.6269615 0.02495852
v -0.3057282 0.6408834 0.01039645
v -0.3151384 0.6406373 1.422802E-08
v -0.3057281 0.6408834 1.465009E-08
v -0.8357066 0.5603566 0.3281229
v -0.8508387 0.5400476 0.3390283
v -0.7612901 0.4741846 0.2900063
v -0.7813205 0.4660577 0.2700865
v -0.8689041 0.5317867 0.3199687
v -0.77997 0.4849921 0.2475426
v -0.8649375 0.5469899 0.2972836
v -0.8444204 0.5646471 0.3023232
v -0.7591054 0.5048208 0.2535294
v -0.6722553 0.4457219 0.2024508
v -0.6968137 0.4200514 0.1940261
v -0.6947458 0.3936428 0.2192829
v -0.9922292 0.6462998 0.3869422
v -0.9874645 0.6478206 0.3603426
v -0.9332782 0.6414341 0.3246422
v -0.6689093 0.402992 0.2433172
v -0.7475606 0.4981415 0.2797734
v -0.8444204 0.5646471 0.3023232
v -0.9332782 0.6414341 0.3246422
v -0.9312732 0.641611 0.3807544
v -0.9726089 0.6460428 0.4074001
v -0.6550094 0.4351786 0.2329142
v -0.7591054 0.5048208 0.2535294
v -0.6722553 0.4457219 0.2024508
v -0.7591701 -0.07581799 0.0793143
v -0.5329599 -0.06980594 0.08537044
v -0.5336906 -0.06946184 0.1531947
v 0.02071541 0.05105459 0.4486665
v -0.1773869 0.03346833 0.4715538
v -0.1882523 0.1170141 0.3716995
v 0.03368106 0.09697727 0.3522221
v 0.04066359 0.1260127 0.2447453
v 0.3479035 0.0494568 0.2532221
v 0.2243199 0.04442255 0.3302926
v -0.1622208 0.1652079 0.2434803
v -0.3313422 0.1178724 0.4106175
v -0.3475966 0.1599342 0.256474
v -0.3879523 0.1907585 0.3057206
v -0.5855846 0.2180131 0.212953
v -0.5336906 -0.06946184 0.1531947
v -0.7592038 -0.07582209 0.1444886
v -0.7591701 -0.07581799 0.0793143
v 0.03368106 0.09697727 0.3522221
v 0.2243199 0.04442255 0.3302926
v 0.112121 0.03074962 0.4312149
v 0.02071541 0.05105459 0.4486665
v 0.003305647 0.007999191 0.4932153
v -0.1617743 -0.01209831 0.5267009
v -0.1773869 0.03346833 0.4715538
v -0.2865823 -0.009730015 0.5200537
v -0.2981813 -0.000962696 0.5128894
v -0.3146135 0.06200999 0.462834
v -0.1882523 0.1170141 0.3716995
v -0.3313422 0.1178724 0.4106175
v -0.5720028 0.2697007 0.2005387
v -0.5882432 0.2657854 0.2038041
v -0.6441266 0.3122577 0.1974152
v -0.6254749 0.3192322 0.193899
v -0.6441266 0.3122577 0.1974152
v -0.7166196 0.3719066 0.1809333
v -0.686408 0.3814184 0.1761277
v -0.6888425 0.38425 0.1612413
v -0.7198327 0.3754627 0.1635982
v -0.6916059 0.3918024 0.1549221
v -0.7173402 0.3820177 0.1560998
v -0.6911399 0.3864228 0.1459735
v -0.7279744 0.3808442 0.1278351
v -0.7279744 0.3808442 -1.517355E-08
v -0.6937286 0.3883743 -1.334747E-08
v -0.6937286 0.3883743 0.127559
v -0.72294 0.3780327 0.1487888
v -0.7173402 0.3820177 0.1560998
v 0.2214963 0.1746491 0.2025052
v 0.3227743 0.195956 0.1904325
v 0.3405309 0.2182901 0.1060621
v 0.3733167 0.239298 0.177582
v -0.2151901 0.3633826 0.238319
v -0.08393158 0.3302724 0.2418779
v -0.1444179 0.2499768 0.199286
v 0.06489057 0.2585482 0.2290076
v 0.2214963 0.1746491 0.2025052
v 0.1932655 0.1367096 0.1067968
v 0.3405309 0.2182901 0.1060621
v -0.686408 0.3814184 0.1761277
v -0.6888425 0.38425 0.1612413
v -0.6254749 0.3192322 0.193899
v -0.6916059 0.3918024 0.1549221
v -0.6911399 0.3864228 0.1459735
v -0.6937286 0.3883743 0.127559
v -0.6254748 0.3192322 -1.338629E-08
v -0.5720025 0.2697007 -1.321404E-08
v -0.5720028 0.2697007 0.2005387
v -0.6937286 0.3883743 -1.334747E-08
v -0.4203614 -0.09307634 0.08280166
v -0.215052 -0.0387256 0.07610372
v -0.2043314 -0.08308034 0.08884008
v 0.09172427 -0.0887248 0.06214507
v -0.267351 0.3910655 0.2642046
v -0.3327464 0.4625572 0.2551528
v -0.3389125 0.4304816 0.2624444
v -0.4257022 0.4872647 0.187452
v -0.3777169 0.45251 0.2470337
v -0.3400503 0.4208568 0.2578633
v -0.2687275 0.3816798 0.2594998
v -0.2151901 0.3633826 0.238319
v -0.2220856 0.4841878 0.2310711
v -0.3267253 0.5107631 0.2188634
v -0.4412199 0.4879796 0.1794788
v -0.4415482 0.4789513 0.1797361
v -0.4316144 0.4780767 0.1848317
v -0.3861907 0.4467955 0.2397939
v -0.3206986 0.544592 0.1657395
v -0.5255406 0.4617249 0.1721933
v -0.5218002 0.4547688 0.1745766
v -0.7222754 0.3891242 0.1515478
v -0.7154021 0.3839002 0.1570995
v -0.3204106 0.5444912 0.1625339
v -0.7276083 0.3947834 0.1284548
v -0.3118686 0.5493867 0.1581009
v -0.3149623 0.5468324 0.1577641
v -0.2683468 0.5351961 0.1915072
v -0.2231228 0.5514074 0.1535004
v -0.3118685 0.5493867 1.038225E-08
v -0.3149622 0.5468324 1.013536E-08
v -0.2231228 0.5514074 1.434978E-08
v 0.398608 0.2813731 0.180353
v 0.3733167 0.239298 0.177582
v 0.3769774 0.2363434 0.1990229
v 0.3769774 0.2363434 0.1990229
v 0.3733167 0.239298 0.177582
v 0.3227743 0.195956 0.1904325
v 0.3264395 0.190451 0.208453
v 0.2214963 0.1746491 0.2025052
v 0.2197731 0.1690239 0.217043
v 0.06489057 0.2585482 0.2290076
v 0.06349041 0.252411 0.245473
v -0.08393158 0.3302724 0.2418779
v -0.0753499 0.3198216 0.2641189
v -0.2151901 0.3633826 0.238319
v -0.2163186 0.3546193 0.2681125
v -0.6570816 -0.1424936 -0.2434971
v -0.6475229 -0.1762048 -0.2763193
v -0.6287531 -0.1757139 -0.3473708
v -0.6335547 0.0263265 -0.3488
v -0.6527757 0.025824 -0.2763115
v -0.6605888 -0.008341127 -0.2434971
v -0.6527757 0.025824 -0.2763115
v -0.6335547 0.0263265 -0.3488
v -0.8129768 0.009600733 -0.3502944
v -0.6605888 -0.008341127 -0.2434971
v -0.8083258 -0.1683002 -0.3502944
v -0.6570816 -0.1424936 -0.2434971
v -0.6287531 -0.1757139 -0.3473708
v -0.6475229 -0.1762048 -0.2763193
v -0.3640221 0.03734742 -0.2849225
v -0.3372288 0.04533908 -0.2849225
v -0.3408815 0.03993523 -0.2849225
v -0.3579414 0.03488265 -0.2849225
v -0.3471135 -0.001677127 -0.2849225
v -0.3300537 0.003375477 -0.2849225
v -0.3362858 -0.0382369 -0.2849225
v -0.3192259 -0.03318426 -0.2849225
v -0.3132195 -0.03572738 -0.2849225
v -0.3400436 -0.04361553 -0.2849225
v -0.3001168 0.02441947 -0.2849225
v -0.2615483 0.04802348 -0.28927
v -0.2482641 0.003169442 -0.28927
v -0.2934853 0.002028277 -0.2849225
v -0.2591864 -0.04231745 -0.28927
v -0.2989378 -0.02067886 -0.2849225
v -0.2913891 -0.07624903 -0.28927
v -0.3362431 -0.08953337 -0.28927
v -0.3817299 -0.0786109 -0.28927
v -0.3601118 -0.03879669 -0.2849225
v -0.3409668 0.09114853 -0.28927
v -0.29548 0.08022606 -0.28927
v -0.3170556 0.04049501 -0.2849225
v -0.4156614 -0.04640832 -0.28927
v -0.3770504 -0.02272105 -0.2849225
v -0.4289457 -0.001554273 -0.28927
v -0.383682 -0.0003297944 -0.2849225
v -0.4180233 0.04393263 -0.28927
v -0.3782294 0.02237734 -0.2849225
v -0.3858208 0.07786421 -0.28927
v -0.3568867 0.02404642 -0.2903852
v -0.3492702 -0.002296596 -0.2918535
v -0.3523964 -0.003217998 -0.2940308
v -0.3450658 -0.02784093 -0.2928231
v -0.3413064 -0.02855886 -0.2903847
v -0.3418726 -0.03810646 -0.2900019
v -0.3377551 -0.0385028 -0.2875174
v -0.3400436 -0.04361553 -0.2849225
v -0.3362858 -0.0382369 -0.2849225
v -0.3471135 -0.001677127 -0.2849225
v -0.3601118 -0.03879669 -0.2849225
v -0.3576763 -0.03431159 -0.2900019
v -0.3770504 -0.02272105 -0.2849225
v -0.3737444 0.01994191 -0.290002
v -0.3650493 0.01523816 -0.2929234
v -0.3686902 7.5841E-05 -0.2929234
v -0.3596504 0.02140388 -0.2928229
v -0.3642621 -0.01487554 -0.2929234
v -0.3529516 -0.02560974 -0.2929234
v -0.3726987 -0.02005458 -0.2900019
v -0.3625561 0.03173098 -0.290002
v -0.3785801 -0.0001964136 -0.290002
v -0.383682 -0.0003297944 -0.2849225
v -0.3782294 0.02237734 -0.2849225
v -0.3640221 0.03734742 -0.2849225
v -0.3593184 0.03430565 -0.2875173
v -0.3579414 0.03488265 -0.2849225
v -0.3044684 0.02175307 -0.290002
v -0.312891 0.01660177 -0.2929234
v -0.3242015 0.02733598 -0.2929234
v -0.2985872 0.001894877 -0.290002
v -0.319491 0.03601006 -0.290002
v -0.3001168 0.02441947 -0.2849225
v -0.2934853 0.002028277 -0.2849225
v -0.2989378 -0.02067886 -0.2849225
v -0.3034228 -0.01824346 -0.290002
v -0.3132195 -0.03572738 -0.2849225
v -0.315296 -0.03075408 -0.2900019
v -0.3182051 -0.03295217 -0.2874271
v -0.3186378 -0.02039684 -0.2929234
v -0.3334312 0.02955223 -0.2929234
v -0.3362623 0.04003723 -0.290002
v -0.3170556 0.04049501 -0.2849225
v -0.3372288 0.04533908 -0.2849225
v -0.3210782 -0.02272329 -0.290421
v -0.3261768 0.004548648 -0.2941437
v -0.328957 0.003720249 -0.2918792
v -0.3367426 0.0301677 -0.2904219
v -0.3398991 0.04029652 -0.2874271
v -0.3408815 0.03993523 -0.2849225
v -0.3300537 0.003375477 -0.2849225
v -0.3192259 -0.03318426 -0.2849225
v -0.3084629 0.001650413 -0.2929234
v -0.3121037 -0.0135119 -0.2929234
v 0.2808163 -0.1178784 0.1823938
v 0.2431731 -0.104038 0.1571811
v 0.4145217 -0.14784 0.1840149
v -0.2043314 -0.08308034 0.08884008
v -0.2046588 -0.07931665 0.1971309
v -0.4210839 -0.089582 0.1857487
v 0.09137554 -0.08584112 0.162402
v 0.09172427 -0.0887248 0.06214507
v 0.2431732 -0.104038 6.081791E-09
v 0.4145218 -0.14784 1.165704E-08
v 0.5974348 -0.1709851 0.1409903
v 0.5974349 -0.1709851 1.864071E-08
v 0.7021331 -0.1423954 0.1227475
v 0.7021332 -0.1423953 2.446692E-08
v 0.7717956 -0.1230528 0.1192731
v 0.7717956 -0.1230527 2.835746E-08
v 0.09172431 -0.0887248 1.311128E-10
v -0.215052 -0.0387256 -1.109297E-08
v -0.215052 -0.0387256 0.07610372
v -0.4203613 -0.09307634 -2.244307E-08
v -0.4203614 -0.09307634 0.08280166
v -0.6835145 -0.04566988 -3.187367E-08
v -0.8024424 0.1158651 0.1452049
v -0.802751 0.1250064 0.1373807
v -0.802751 0.1250064 -2.962515E-08
v -0.8022229 0.06643371 -3.216237E-08
v -0.8022229 0.06643371 0.1450916
v -0.7828141 0.0005882072 0.1421318
v -0.782814 0.0005882072 -3.419217E-08
v -0.6835146 -0.04566988 0.146781
v 0.8068509 0.06124269 0.1516876
v 0.7956963 0.1017081 0.1052636
v 0.7941273 0.1095905 0.1088019
v 0.8067627 0.06305584 0.1634054
v 0.808426 -0.00789442 0.1648599
v 0.7941273 0.1095905 3.950277E-08
v 0.7874316 0.1193764 3.963783E-08
v 0.7874316 0.1193764 0.1122905
v 0.8001685 0.06302725 0.1737502
v 0.8020688 -0.00306797 0.1754908
v 0.7904053 -0.05770834 0.1734803
v 0.7975849 -0.05775585 0.1633791
v 0.7667217 -0.1160851 0.1684643
v 0.8082179 -0.008215065 0.1504304
v 0.7994746 0.05899497 0.1433268
v 0.7897907 0.09296523 0.1021203
v 0.7956964 0.1017081 3.92268E-08
v 0.7897908 0.09296523 3.85865E-08
v 0.7716259 -0.1226472 0.1577543
v 0.797441 -0.05744093 0.1510957
v 0.8006473 -0.007635212 0.1430007
v 0.7716777 -0.1227706 0.1460489
v 0.7666932 -0.117277 0.1383884
v 0.7901763 -0.05507154 0.1436636
v 0.7030932 0.0751017 0.1991232
v 0.6473318 -0.00975729 0.2147532
v 0.7211407 -0.05542211 0.1982331
v -0.6184658 0.01000932 -0.302404
v -0.4040522 0.03634614 -0.2565285
v -0.4130534 -0.001138776 -0.2565285
v -0.6632261 -0.02484162 -0.3072517
v -0.6631911 -0.02488505 -0.2803334
v -0.6632261 -0.02484162 -0.3072517
v -0.4130534 -0.001138776 -0.2565285
v -0.4130534 -0.001138776 -0.2241693
v -0.6177946 0.0100344 -0.277848
v -0.6631911 -0.02488505 -0.2803334
v -0.4130534 -0.001138776 -0.2241693
v -0.4040522 0.03634614 -0.2241693
v -0.3741435 -0.06463975 -0.2241693
v -0.6549524 -0.1609219 -0.2803334
v -0.6549525 -0.1609219 -0.3126927
v -0.3741435 -0.06463976 -0.2565285
v -0.4021059 -0.03810218 -0.2565285
v -0.6564763 -0.1265059 -0.3126927
v -0.6564763 -0.1265059 -0.2803334
v -0.4021059 -0.03810218 -0.2241693
v -0.4130534 -0.001138776 -0.2565285
v -0.4021059 -0.03810218 -0.2565285
v -0.4021059 -0.03810218 -0.2241693
v -0.4130534 -0.001138776 -0.2241693
v -0.3362431 -0.08953337 -0.28927
v -0.3366586 -0.07364076 -0.2241693
v -0.3741435 -0.06463975 -0.2241693
v -0.3741435 -0.06463976 -0.2565285
v -0.3817299 -0.0786109 -0.28927
v -0.4156614 -0.04640832 -0.28927
v -0.4289457 -0.001554273 -0.28927
v -0.4040522 0.03634614 -0.2565285
v -0.4180233 0.04393263 -0.28927
v -0.3775147 0.06430855 -0.2565285
v -0.3405513 0.07525592 -0.2241693
v -0.3775147 0.06430855 -0.2241693
v -0.3858208 0.07786421 -0.28927
v -0.3409668 0.09114853 -0.28927
v -0.3030663 0.06625491 -0.2241693
v -0.29548 0.08022606 -0.28927
v -0.275104 0.03971734 -0.2241693
v -0.2615483 0.04802348 -0.28927
v -0.2641567 0.002753946 -0.2241693
v -0.2482641 0.003169442 -0.28927
v -0.2731577 -0.03473099 -0.2241693
v -0.2591864 -0.04231745 -0.28927
v -0.2996951 -0.06269339 -0.2241693
v -0.2913891 -0.07624903 -0.28927
v -0.3366586 -0.07364076 -0.2241693
v -0.3362431 -0.08953337 -0.28927
v 0.6562129 -0.008297877 -0.2678578
v 0.6401085 -0.008718925 -0.3285939
v 0.6449362 -0.1779819 -0.3273964
v 0.6671849 -0.1489453 -0.2403636
v 0.6606627 -0.1775708 -0.2678644
v 0.6642465 -0.0365427 -0.2403636
v 0.6449362 -0.1779819 -0.3273964
v 0.7948648 -0.1639169 -0.329846
v 0.6606627 -0.1775708 -0.2678644
v 0.6671849 -0.1489453 -0.2403636
v 0.6642465 -0.0365427 -0.2403636
v 0.7909678 -0.01485866 -0.329846
v 0.6562129 -0.008297877 -0.2678578
v 0.6401085 -0.008718925 -0.3285939
v -0.3367426 0.0301677 -0.2904219
v -0.328957 0.003720249 -0.2918792
v -0.3210782 -0.02272329 -0.290421
v 0.3553285 -0.01104868 -0.2750728
v 0.3781183 -0.0164745 -0.2750728
v 0.373204 -0.0188654 -0.2750728
v 0.3587082 -0.0153846 -0.2750728
v 0.3512489 -0.04644924 -0.2750728
v 0.3657445 -0.04992997 -0.2750728
v 0.3437895 -0.07751381 -0.2750728
v 0.3582852 -0.08099448 -0.2750728
v 0.3615782 -0.08535615 -0.2750728
v 0.3388095 -0.0798424 -0.2750728
v 0.4250067 -0.08434411 -0.2787153
v 0.3917148 -0.06622731 -0.2750728
v 0.3962833 -0.04720166 -0.2750728
v 0.4341584 -0.04623192 -0.2787153
v 0.390727 -0.02844071 -0.2750728
v 0.4230277 -0.008649962 -0.2787153
v 0.3945975 0.01833166 -0.2787154
v 0.3564852 0.02748327 -0.2787154
v 0.3387479 -0.01595927 -0.2750728
v 0.3189033 0.01635271 -0.2787154
v 0.3252787 -0.03015175 -0.2750728
v 0.2919217 -0.01207762 -0.2787154
v 0.3207101 -0.04917746 -0.2750728
v 0.2827702 -0.0501898 -0.2787155
v 0.3262664 -0.06793845 -0.2750728
v 0.2939006 -0.08777175 -0.2787154
v 0.3223309 -0.1147534 -0.2787154
v 0.3604431 -0.123905 -0.2787154
v 0.3782457 -0.08041983 -0.2750728
v 0.3980252 -0.1127745 -0.2787154
v 0.3721152 -0.02768679 -0.2796806
v 0.3740681 -0.01901478 -0.2771713
v 0.3765984 -0.02072651 -0.2793288
v 0.3742602 -0.02952068 -0.2817765
v 0.3870809 -0.03067482 -0.2793288
v 0.3800289 -0.03499544 -0.2817765
v 0.3920087 -0.04731341 -0.2793288
v 0.3657445 -0.04992997 -0.2750728
v 0.373204 -0.0188654 -0.2750728
v 0.3666848 -0.05013922 -0.2809016
v 0.3690493 -0.05070288 -0.282799
v 0.3837391 -0.04752278 -0.2817765
v 0.3879569 -0.06418674 -0.2793288
v 0.3806885 -0.06022684 -0.2817765
v 0.3716947 -0.06970366 -0.2817765
v 0.3760115 -0.07677367 -0.2793287
v 0.3640691 -0.07196215 -0.2817765
v 0.3613237 -0.07262787 -0.2796798
v 0.3591232 -0.08125374 -0.2771713
v 0.3582852 -0.08099448 -0.2750728
v 0.3615782 -0.08535615 -0.2750728
v 0.3782457 -0.08041983 -0.2750728
v 0.3621549 -0.08087751 -0.2793287
v 0.3917148 -0.06622731 -0.2750728
v 0.3962833 -0.04720166 -0.2750728
v 0.390727 -0.02844071 -0.2750728
v 0.3781183 -0.0164745 -0.2750728
v 0.6281974 -0.02303253 -0.2897199
v 0.6671753 -0.05023364 -0.2937815
v 0.4208428 -0.04658007 -0.2512821
v 0.4116703 -0.01560947 -0.2512822
v 0.6671479 -0.0502715 -0.2712274
v 0.4208428 -0.04658007 -0.2241693
v 0.4208428 -0.04658007 -0.2512821
v 0.6671753 -0.05023364 -0.2937815
v 0.6276345 -0.02304094 -0.2691451
v 0.4116704 -0.01560948 -0.2241693
v 0.4208428 -0.04658007 -0.2241693
v 0.6671479 -0.0502715 -0.2712274
v 0.3910662 -0.1014165 -0.2241693
v 0.3910661 -0.1014165 -0.2512822
v 0.6662103 -0.1644579 -0.2983403
v 0.6662103 -0.1644579 -0.2712274
v 0.6659786 -0.1355944 -0.2712274
v 0.6659786 -0.1355944 -0.2983403
v 0.4133011 -0.07798763 -0.2512822
v 0.4133011 -0.07798763 -0.2241693
v 0.4208428 -0.04658007 -0.2512821
v 0.4208428 -0.04658007 -0.2241693
v 0.4133011 -0.07798763 -0.2241693
v 0.4133011 -0.07798763 -0.2512822
v 0.3564852 0.02748327 -0.2787154
v 0.3189033 0.01635271 -0.2787154
v 0.3258632 0.004994807 -0.2241693
v 0.3568339 0.01416729 -0.2241693
v 0.3945975 0.01833166 -0.2787154
v 0.3882415 0.006625611 -0.2512822
v 0.4230277 -0.008649962 -0.2787153
v 0.4116703 -0.01560947 -0.2512822
v 0.4341584 -0.04623192 -0.2787153
v 0.4250067 -0.08434411 -0.2787153
v 0.3882415 0.006625611 -0.2241693
v 0.3980252 -0.1127745 -0.2787154
v 0.3910661 -0.1014165 -0.2512822
v 0.3604431 -0.123905 -0.2787154
v 0.3600955 -0.110589 -0.2241693
v 0.3910662 -0.1014165 -0.2241693
v -0.4040522 0.03634614 -0.2565285
v -0.6184658 0.01000932 -0.302404
v -0.6177946 0.0100344 -0.277848
v 0.7909678 -0.01485863 0.329846
v 0.6562129 -0.008297867 0.2678578
v 0.6401085 -0.008718914 0.3285939
v 0.6642465 -0.03654268 0.2403636
v 0.7948648 -0.1639169 0.329846
v 0.6671849 -0.1489453 0.2403636
v 0.6606627 -0.1775708 0.2678644
v 0.6449363 -0.1779819 0.3273964
v -0.6177946 0.0100344 -0.277848
v -0.4040522 0.03634614 -0.2241693
v -0.4040522 0.03634614 -0.2565285
v 0.3437895 -0.07751383 0.2750728
v 0.3388095 -0.07984242 0.2750728
v 0.3615782 -0.08535616 0.2750728
v 0.3582852 -0.08099449 0.2750728
v 0.3657445 -0.04992998 0.2750728
v 0.3512489 -0.04644926 0.2750728
v 0.373204 -0.01886541 0.2750728
v 0.3587082 -0.01538462 0.2750728
v 0.3553285 -0.0110487 0.2750728
v 0.3781183 -0.01647451 0.2750728
v 0.3189033 0.01635269 0.2787154
v 0.2919217 -0.01207764 0.2787154
v 0.3252787 -0.03015177 0.2750728
v 0.3207101 -0.04917748 0.2750728
v 0.2827702 -0.05018982 0.2787155
v 0.3262664 -0.06793846 0.2750728
v 0.2939006 -0.08777176 0.2787154
v 0.3223309 -0.1147534 0.2787154
v 0.3604431 -0.123905 0.2787154
v 0.3782457 -0.08041985 0.2750728
v 0.3980252 -0.1127745 0.2787154
v 0.3917148 -0.06622731 0.2750728
v 0.4250067 -0.08434412 0.2787153
v 0.3962833 -0.04720166 0.2750728
v 0.4341584 -0.04623193 0.2787153
v 0.390727 -0.02844072 0.2750728
v 0.4230277 -0.00864997 0.2787153
v 0.3945975 0.01833165 0.2787154
v 0.3564852 0.02748325 0.2787154
v 0.3387479 -0.01595928 0.2750728
v 0.3574674 -0.01522644 0.2772469
v 0.3549339 -0.02368944 0.2796498
v 0.3512489 -0.04644926 0.2750728
v 0.3494245 -0.04599527 0.28088
v 0.34677 -0.04535415 0.2827043
v 0.3518215 -0.02444915 0.2816923
v 0.3540394 -0.0157383 0.2793287
v 0.3332763 -0.04884211 0.2817765
v 0.3363269 -0.03613802 0.2817765
v 0.3290365 -0.03219233 0.2793287
v 0.3453209 -0.0266613 0.2817765
v 0.340982 -0.01960543 0.2793287
v 0.3553285 -0.0110487 0.2750728
v 0.3587082 -0.01538462 0.2750728
v 0.3387479 -0.01595928 0.2750728
v 0.3252787 -0.03015177 0.2750728
v 0.3249848 -0.04906571 0.2793286
v 0.3207101 -0.04917748 0.2750728
v 0.3299126 -0.06570429 0.2793286
v 0.3262664 -0.06793846 0.2750728
v 0.3397903 -0.07507864 0.2793287
v 0.3388095 -0.07984242 0.2750728
v 0.342612 -0.07709126 0.277247
v 0.3369865 -0.06136944 0.2817765
v 0.3417739 -0.06629205 0.2816925
v 0.3442009 -0.06838791 0.2796494
v 0.3437895 -0.07751383 0.2750728
v 0.3760115 -0.07677367 0.2793287
v 0.3621549 -0.08087751 0.2793287
v 0.3615782 -0.08535616 0.2750728
v 0.3591232 -0.08125375 0.2771713
v 0.3640691 -0.07196216 0.2817765
v 0.3613237 -0.07262789 0.2796798
v 0.3690493 -0.0507029 0.282799
v 0.3666848 -0.05013923 0.2809016
v 0.3657445 -0.04992998 0.2750728
v 0.3582852 -0.08099449 0.2750728
v 0.3837391 -0.04752279 0.2817765
v 0.3806885 -0.06022685 0.2817765
v 0.3879569 -0.06418675 0.2793288
v 0.3716947 -0.06970368 0.2817765
v 0.3920087 -0.04731341 0.2793288
v 0.3800289 -0.03499546 0.2817765
v 0.3742602 -0.0295207 0.2817765
v 0.3721152 -0.0276868 0.2796806
v 0.3740681 -0.01901479 0.2771713
v 0.373204 -0.01886541 0.2750728
v 0.3781183 -0.01647451 0.2750728
v 0.3870809 -0.03067483 0.2793288
v 0.3765984 -0.02072652 0.2793288
v 0.390727 -0.02844072 0.2750728
v 0.3962833 -0.04720166 0.2750728
v 0.3917148 -0.06622731 0.2750728
v 0.3782457 -0.08041985 0.2750728
v -0.3741435 -0.06463976 -0.2565285
v -0.6549525 -0.1609219 -0.3126927
v -0.6564763 -0.1265059 -0.3126927
v 0.6281974 -0.02303252 0.2897199
v 0.4116703 -0.01560948 0.2512822
v 0.4208428 -0.04658008 0.2512821
v 0.6671753 -0.05023363 0.2937815
v 0.6671479 -0.05027149 0.2712274
v 0.6671753 -0.05023363 0.2937815
v 0.4208428 -0.04658008 0.2512821
v 0.4208428 -0.04658008 0.2241693
v 0.6276345 -0.02304093 0.2691451
v 0.6671479 -0.05027149 0.2712274
v 0.4208428 -0.04658008 0.2241693
v 0.4116704 -0.01560948 0.2241693
v 0.3910662 -0.1014166 0.2241693
v 0.6662103 -0.1644579 0.2712274
v 0.6662103 -0.1644579 0.2983403
v 0.3910661 -0.1014166 0.2512822
v 0.6659786 -0.1355944 0.2712274
v 0.4133011 -0.07798764 0.2241693
v 0.4133011 -0.07798764 0.2512822
v 0.6659786 -0.1355944 0.2983403
v 0.4208428 -0.04658008 0.2512821
v 0.4133011 -0.07798764 0.2512822
v 0.4133011 -0.07798764 0.2241693
v 0.4208428 -0.04658008 0.2241693
v 0.3910662 -0.1014166 0.2241693
v 0.3910661 -0.1014166 0.2512822
v 0.3600955 -0.110589 0.2241693
v 0.3604431 -0.123905 0.2787154
v 0.3980252 -0.1127745 0.2787154
v 0.4250067 -0.08434412 0.2787153
v 0.4341584 -0.04623193 0.2787153
v 0.4116703 -0.01560948 0.2512822
v 0.4230277 -0.00864997 0.2787153
v 0.3882415 0.006625602 0.2512822
v 0.3568339 0.01416727 0.2241693
v 0.3882415 0.006625602 0.2241693
v 0.3945975 0.01833165 0.2787154
v 0.3564852 0.02748325 0.2787154
v 0.3258632 0.004994789 0.2241693
v 0.3189033 0.01635269 0.2787154
v 0.3036283 -0.01843411 0.2241693
v 0.2919217 -0.01207764 0.2787154
v 0.2960865 -0.04984169 0.2241693
v 0.2827702 -0.05018982 0.2787155
v 0.3052589 -0.08081226 0.2241693
v 0.2939006 -0.08777176 0.2787154
v 0.3286878 -0.1030473 0.2241693
v 0.3223309 -0.1147534 0.2787154
v 0.3600955 -0.110589 0.2241693
v 0.3604431 -0.123905 0.2787154
v -0.6564763 -0.1265059 -0.3126927
v -0.4021059 -0.03810218 -0.2565285
v -0.3741435 -0.06463976 -0.2565285
v -0.3362858 -0.0382369 0.2849225
v -0.3400436 -0.04361553 0.2849225
v -0.3132195 -0.03572738 0.2849225
v -0.3192259 -0.03318426 0.2849225
v -0.3300537 0.003375475 0.2849225
v -0.3471135 -0.00167713 0.2849225
v -0.3408815 0.03993523 0.2849225
v -0.3579414 0.03488265 0.2849225
v -0.3640221 0.03734742 0.2849225
v -0.3372288 0.04533908 0.2849225
v -0.3001168 0.02441947 0.2849225
v -0.2934853 0.002028279 0.2849225
v -0.2482641 0.003169448 0.28927
v -0.2591864 -0.04231744 0.28927
v -0.2989378 -0.02067886 0.2849225
v -0.2913891 -0.07624903 0.28927
v -0.3362431 -0.08953337 0.28927
v -0.3817299 -0.0786109 0.28927
v -0.3601118 -0.03879669 0.2849225
v -0.4156614 -0.04640833 0.28927
v -0.3770504 -0.02272106 0.2849225
v -0.4289457 -0.001554282 0.28927
v -0.383682 -0.0003298002 0.2849225
v -0.4180233 0.04393263 0.28927
v -0.3782294 0.02237733 0.2849225
v -0.3858208 0.07786421 0.28927
v -0.3409668 0.09114853 0.28927
v -0.29548 0.08022606 0.28927
v -0.3170556 0.04049501 0.2849225
v -0.2615483 0.04802348 0.28927
v -0.3413064 -0.02855886 0.2903847
v -0.3450658 -0.02784093 0.2928231
v -0.3418726 -0.03810646 0.2900019
v -0.3576763 -0.0343116 0.2900019
v -0.3529516 -0.02560974 0.2929234
v -0.3726987 -0.02005459 0.2900019
v -0.3642621 -0.01487555 0.2929234
v -0.3593184 0.03430565 0.2875173
v -0.3568867 0.02404641 0.2903852
v -0.3471135 -0.00167713 0.2849225
v -0.3492702 -0.002296599 0.2918535
v -0.3523964 -0.003218001 0.2940308
v -0.3686902 7.583658E-05 0.2929234
v -0.3785801 -0.000196419 0.290002
v -0.383682 -0.0003298002 0.2849225
v -0.3782294 0.02237733 0.2849225
v -0.3596504 0.02140388 0.2928229
v -0.3625561 0.03173098 0.290002
v -0.3737444 0.0199419 0.290002
v -0.3650493 0.01523815 0.2929234
v -0.3640221 0.03734742 0.2849225
v -0.3579414 0.03488265 0.2849225
v -0.3770504 -0.02272106 0.2849225
v -0.3601118 -0.03879669 0.2849225
v -0.3400436 -0.04361553 0.2849225
v -0.3377551 -0.0385028 0.2875174
v -0.3362858 -0.0382369 0.2849225
v -0.6549524 -0.1609219 -0.2803334
v -0.3741435 -0.06463975 -0.2241693
v -0.4021059 -0.03810218 -0.2241693
v -0.3398991 0.04029652 0.2874271
v -0.3408815 0.03993523 0.2849225
v -0.3300537 0.003375475 0.2849225
v -0.3367426 0.0301677 0.2904219
v -0.3210782 -0.02272329 0.290421
v -0.3182051 -0.03295217 0.2874271
v -0.3192259 -0.03318426 0.2849225
v -0.3132195 -0.03572738 0.2849225
v -0.315296 -0.03075408 0.2900019
v -0.3186378 -0.02039684 0.2929234
v -0.3261768 0.004548648 0.2941437
v -0.328957 0.003720248 0.2918792
v -0.3334312 0.02955223 0.2929234
v -0.3362623 0.04003723 0.290002
v -0.3372288 0.04533908 0.2849225
v -0.3170556 0.04049501 0.2849225
v -0.3001168 0.02441947 0.2849225
v -0.319491 0.03601006 0.290002
v -0.3242015 0.02733598 0.2929234
v -0.3044684 0.02175307 0.290002
v -0.2934853 0.002028279 0.2849225
v -0.2985872 0.001894879 0.290002
v -0.2989378 -0.02067886 0.2849225
v -0.3034228 -0.01824346 0.290002
v -0.312891 0.01660177 0.2929234
v -0.3084629 0.001650414 0.2929234
v -0.3121037 -0.0135119 0.2929234
v -0.6184658 0.01000929 0.302404
v -0.6632261 -0.02484165 0.3072517
v -0.4130534 -0.001138785 0.2565285
v -0.4040522 0.03634614 0.2565285
v -0.6631911 -0.02488508 0.2803334
v -0.4130534 -0.001138785 0.2241693
v -0.4130534 -0.001138785 0.2565285
v -0.6632261 -0.02484165 0.3072517
v -0.6177946 0.01003437 0.277848
v -0.4040522 0.03634614 0.2241693
v -0.4130534 -0.001138785 0.2241693
v -0.6631911 -0.02488508 0.2803334
v -0.3741435 -0.06463976 0.2241693
v -0.3741435 -0.06463977 0.2565285
v -0.6549525 -0.1609219 0.3126927
v -0.6549524 -0.1609219 0.2803334
v 0.6777498 -0.2012067 0.5999998
v 0.6419334 -0.177275 0.5999998
v 0.6289226 -0.1902858 0.6199998
v 0.6010023 -0.1485001 0.6199998
v 0.6180017 -0.1414587 0.5999998
v 0.591198 -0.09921044 0.6199998
v 0.609598 -0.09921044 0.5999998
v 0.6010023 -0.0499208 0.6199998
v 0.6180017 -0.05696219 0.5999998
v 0.6289226 -0.00813508 0.6199998
v 0.6419334 -0.02114584 0.5999998
v 0.6707084 0.01978524 0.6199998
v 0.6777497 0.002785864 0.5999998
v 0.719998 0.02958958 0.6199998
v 0.719998 0.01118958 0.5999998
v 0.7692876 0.01978527 0.6199998
v 0.7622463 0.002785883 0.5999998
v 0.8110733 -0.008135033 0.6199999
v 0.7980625 -0.0211458 0.5999998
v 0.8389937 -0.04992077 0.6199999
v 0.8219942 -0.05696213 0.5999998
v 0.848798 -0.0992104 0.6199999
v 0.830398 -0.0992104 0.5999998
v 0.8389937 -0.1485 0.6199999
v 0.8219943 -0.1414586 0.5999998
v 0.8110734 -0.1902857 0.6199999
v 0.7980626 -0.177275 0.5999998
v 0.7692876 -0.2182061 0.6199998
v 0.7622463 -0.2012067 0.5999998
v 0.719998 -0.2280104 0.6199998
v 0.719998 -0.2096104 0.5999998
v 0.6707084 -0.2182061 0.6199998
v -0.4021059 -0.03810218 -0.2241693
v -0.6564763 -0.1265059 -0.2803334
v -0.6549524 -0.1609219 -0.2803334
v -0.8716916 0.292803 -0.3251067
v -0.7398506 0.2733158 -0.2728798
v -0.7372142 0.2780961 -0.2681235
v -0.6036223 0.2406785 -0.2701861
v -0.6063408 0.2360697 -0.2747621
v -0.6008595 0.233989 -0.2758993
v -0.4744098 0.1797035 -0.3052341
v -0.4807873 0.1773171 -0.3065469
v -0.4810336 0.1816243 -0.4080066
v -0.47482 0.1846214 -0.4103101
v -0.4880205 0.1698291 -0.5545492
v -0.4819786 0.1729217 -0.5573504
v -0.4975115 0.1688926 -0.6309199
v -0.5052567 0.1715597 -0.6407409
v -0.4834551 0.1722446 -0.5722871
v -0.4920827 0.1716675 -0.6302994
v -0.5019806 0.1747531 -0.6429207
v -0.6121482 0.2212384 -0.6685195
v -0.6143482 0.2170759 -0.6645755
v -0.7456836 0.2572008 -0.6745403
v -0.7480418 0.2530911 -0.6703086
v -0.879079 0.287939 -0.6122944
v -0.8797467 0.283281 -0.6073064
v -0.990072 0.2983088 -0.5126637
v -0.9852085 0.2929985 -0.5146458
v -0.9974352 0.2989394 -0.4991625
v -0.9934307 0.2937744 -0.5002359
v -0.991405 0.3030999 -0.3716664
v -0.9901026 0.2979034 -0.3755836
v -0.8705881 0.2978662 -0.3203068
v -0.8762257 0.2929397 -0.327112
v -0.9856119 0.2948422 -0.5069201
v 0.4116703 -0.01560947 -0.2512822
v 0.4116704 -0.01560948 -0.2241693
v 0.6276345 -0.02304094 -0.2691451
v -0.4778672 0.1871757 -0.558966
v -0.4819786 0.1729217 -0.5573504
v -0.4834551 0.1722446 -0.5722871
v -0.4665975 0.2071831 -0.4125999
v -0.4689014 0.2148637 -0.4135459
v -0.4649348 0.2163057 -0.3099932
v -0.4627278 0.2086981 -0.3078057
v -0.47482 0.1846214 -0.4103101
v -0.4807264 0.1953431 -0.5605009
v -0.479959 0.1853104 -0.5738327
v -0.572262 0.2918418 -0.4270391
v -0.5708613 0.2953123 -0.2804559
v -0.5734192 0.2910827 -0.2750023
v -0.7074988 0.3311533 -0.2731213
v -0.7049182 0.3356549 -0.2786825
v -0.8617818 0.3431584 -0.3259896
v -0.5859725 0.2710585 -0.5839276
v -0.7041827 0.3339118 -0.4264056
v -0.8630176 0.3428618 -0.3975783
v -0.86071 0.348312 -0.3318777
v -0.9784651 0.3209824 -0.373955
v -0.8685368 0.3298263 -0.5547156
v -0.9890372 0.3139876 -0.5014641
v -0.8700941 0.3250048 -0.5688567
v -0.7163554 0.3122199 -0.5823329
v -0.9866762 0.3142912 -0.3718768
v -0.9957439 0.3081461 -0.4990018
v -0.9808808 0.3128641 -0.5184289
v -0.8759331 0.3044461 -0.6048048
v -0.7185 0.308169 -0.5964764
v -0.7343246 0.2775251 -0.6658249
v -0.991405 0.3030999 -0.3716664
v -0.6048791 0.2351467 -0.6651882
v -0.7378419 0.2711154 -0.6713818
v -0.8775308 0.2969168 -0.6104767
v -0.9889217 0.3066844 -0.5141502
v -0.9974352 0.2989394 -0.4991625
v -0.7456836 0.2572008 -0.6745403
v -0.879079 0.287939 -0.6122944
v -0.990072 0.2983088 -0.5126637
v -0.6121482 0.2212384 -0.6685195
v -0.500492 0.1824896 -0.6387948
v -0.5019806 0.1747531 -0.6429207
v -0.490363 0.1793468 -0.6259266
v -0.4920827 0.1716675 -0.6302994
v -0.6015777 0.2414643 -0.6595421
v -0.5012476 0.1899175 -0.6323005
v -0.4928321 0.1876042 -0.6213633
v -0.4827729 0.1931855 -0.5753192
v -0.5881432 0.2671782 -0.5981876
v 0.6276345 -0.02304094 -0.2691451
v 0.6281974 -0.02303253 -0.2897199
v 0.4116703 -0.01560947 -0.2512822
v -0.9866762 0.3142912 -0.3718768
v -0.991405 0.3030999 -0.3716664
v -0.8705881 0.2978662 -0.3203068
v -0.8617818 0.3431584 -0.3259896
v -0.7372142 0.2780961 -0.2681235
v -0.7074988 0.3311533 -0.2731213
v -0.5734192 0.2910827 -0.2750023
v -0.6036223 0.2406785 -0.2701861
v -0.4627278 0.2086981 -0.3078057
v -0.4744098 0.1797035 -0.3052341
v -0.47482 0.1846214 -0.4103101
v -0.4665975 0.2071831 -0.4125999
v -0.633438 0.2233732 -0.2755203
v -0.6676155 0.2264729 -0.2751234
v -0.6676155 0.2264729 -0.3040139
v -0.633438 0.2233732 -0.3044108
v -0.6914542 0.2610337 -0.3063301
v -0.6914542 0.2610338 -0.2774396
v -0.6236123 0.2480723 -0.2797221
v -0.6233069 0.2480803 -0.3064378
v -0.6914542 0.2610337 -0.3063301
v -0.6632261 -0.02484163 -0.3072517
v -0.6631911 -0.02488506 -0.2803334
v -0.6914542 0.2610338 -0.2774396
v -0.4040522 0.03634614 -0.2565285
v -0.4040522 0.03634614 -0.2241693
v -0.633438 0.2233732 -0.2755203
v -0.633438 0.2233732 -0.3044108
v -0.6236123 0.2480723 -0.2797221
v -0.3775147 0.06430855 -0.2241693
v -0.3775147 0.06430855 -0.2565285
v -0.6233069 0.2480803 -0.3064378
v -0.990072 0.2983087 0.5126637
v -0.9852085 0.2929984 0.5146458
v -0.8797467 0.2832809 0.6073064
v -0.879079 0.287939 0.6122944
v -0.7480419 0.253091 0.6703086
v -0.7456837 0.2572008 0.6745403
v -0.6143483 0.2170759 0.6645755
v -0.6121482 0.2212384 0.6685195
v -0.5052567 0.1715596 0.6407409
v -0.5019807 0.1747531 0.6429207
v -0.4975115 0.1688925 0.6309199
v -0.4920827 0.1716674 0.6302994
v -0.4834551 0.1722446 0.5722871
v -0.4819786 0.1729217 0.5573504
v -0.4880205 0.1698291 0.5545492
v -0.4748201 0.1846214 0.4103101
v -0.4810336 0.1816242 0.4080066
v -0.4744098 0.1797035 0.3052341
v -0.4807873 0.1773171 0.3065469
v -0.6008596 0.233989 0.2758993
v -0.6036223 0.2406785 0.2701861
v -0.6063408 0.2360697 0.2747621
v -0.7398506 0.2733158 0.2728798
v -0.7372143 0.278096 0.2681235
v -0.8716916 0.292803 0.3251067
v -0.8705881 0.2978662 0.3203068
v -0.8762257 0.2929397 0.327112
v -0.9901026 0.2979033 0.3755836
v -0.991405 0.3030998 0.3716664
v -0.9934307 0.2937743 0.5002359
v -0.9974352 0.2989394 0.4991625
v -0.9856119 0.2948421 0.5069201
v 0.6659786 -0.1355944 -0.2983403
v 0.6662103 -0.1644579 -0.2983403
v 0.3910661 -0.1014165 -0.2512822
v -0.8630177 0.3428617 0.3975783
v -0.8685369 0.3298262 0.5547156
v -0.7163555 0.3122199 0.5823329
v -0.7041828 0.3339118 0.4264056
v -0.5859725 0.2710584 0.5839276
v -0.572262 0.2918418 0.4270391
v -0.9784652 0.3209824 0.373955
v -0.86071 0.348312 0.3318777
v -0.7049182 0.3356549 0.2786825
v -0.5708613 0.2953123 0.2804559
v -0.4649348 0.2163057 0.3099932
v -0.4689014 0.2148637 0.4135459
v -0.4807265 0.1953431 0.5605009
v -0.482773 0.1931855 0.5753192
v -0.8617818 0.3431584 0.3259896
v -0.9866762 0.3142912 0.3718768
v -0.7074988 0.3311533 0.2731213
v -0.5734192 0.2910826 0.2750023
v -0.4627278 0.2086981 0.3078057
v -0.4665975 0.2071831 0.4125999
v -0.4778672 0.1871757 0.558966
v -0.479959 0.1853103 0.5738327
v -0.4928322 0.1876042 0.6213633
v -0.5881432 0.2671782 0.5981876
v -0.5012476 0.1899174 0.6323005
v -0.6015778 0.2414642 0.6595421
v -0.500492 0.1824896 0.6387948
v -0.6048791 0.2351467 0.6651882
v -0.6121482 0.2212384 0.6685195
v -0.4819786 0.1729217 0.5573504
v -0.4748201 0.1846214 0.4103101
v -0.4834551 0.1722446 0.5722871
v -0.490363 0.1793468 0.6259266
v -0.5019807 0.1747531 0.6429207
v -0.4920827 0.1716674 0.6302994
v -0.7456837 0.2572008 0.6745403
v -0.7378419 0.2711154 0.6713818
v -0.8775308 0.2969167 0.6104767
v -0.8759331 0.3044461 0.6048048
v -0.9808808 0.312864 0.5184289
v -0.8700942 0.3250048 0.5688567
v -0.9890372 0.3139876 0.5014641
v -0.9957439 0.308146 0.4990018
v -0.9889217 0.3066843 0.5141502
v -0.991405 0.3030998 0.3716664
v -0.9974352 0.2989394 0.4991625
v -0.990072 0.2983087 0.5126637
v -0.879079 0.287939 0.6122944
v -0.633438 0.2233732 0.2755203
v -0.633438 0.2233732 0.3044108
v -0.6676155 0.2264728 0.3040139
v -0.6676155 0.2264728 0.2751234
v -0.6914542 0.2610337 0.3063301
v -0.6233069 0.2480803 0.3064378
v -0.6236123 0.2480723 0.2797221
v -0.6914542 0.2610337 0.2774396
v -0.6914542 0.2610337 0.3063301
v -0.6914542 0.2610337 0.2774396
v -0.6631911 -0.02488509 0.2803334
v -0.6632261 -0.02484166 0.3072517
v -0.633438 0.2233732 0.3044108
v -0.4040522 0.03634613 0.2565285
v -0.3775147 0.06430854 0.2565285
v -0.6233069 0.2480803 0.3064378
v -0.6914542 0.2610337 0.3063301
v -0.6676155 0.2264728 0.3040139
v -0.6632261 -0.02484166 0.3072517
v -0.6184658 0.01000928 0.302404
v -0.3775147 0.06430854 0.2241693
v -0.4040522 0.03634614 0.2241693
v -0.633438 0.2233732 0.2755203
v -0.6236123 0.2480723 0.2797221
v -0.6914542 0.2610337 0.2774396
v -0.6676155 0.2264728 0.2751234
v -0.6177946 0.01003437 0.277848
v -0.6631911 -0.02488509 0.2803334
v -0.6236123 0.2480723 0.2797221
v -0.6233069 0.2480803 0.3064378
v -0.3775147 0.06430854 0.2565285
v -0.3775147 0.06430854 0.2241693
v 0.8211368 0.247415 0.4147284
v 0.8186857 0.2417317 0.4093401
v 0.8316587 0.2346355 0.2877515
v 0.8346224 0.2398077 0.285628
v 0.8259047 0.2332897 0.2810024
v 0.8261193 0.2379371 0.2757345
v 0.7153031 0.2162797 0.2709006
v 0.7098059 0.22008 0.2651092
v 0.7107413 0.2157039 0.2704749
v 0.5879757 0.1782054 0.2604824
v 0.5868845 0.1826131 0.2549086
v 0.484907 0.1041359 0.3066808
v 0.4825662 0.1076525 0.3010199
v 0.4816674 0.1008194 0.3087424
v 0.4012579 0.03052396 0.3533932
v 0.3968312 0.03276795 0.3485481
v 0.3953791 0.02657136 0.363607
v 0.3895827 0.02772965 0.3612792
v 0.3876876 0.0366841 0.4665991
v 0.3819856 0.03823059 0.4684631
v 0.3909653 0.04163407 0.4807852
v 0.3854115 0.0422283 0.4814896
v 0.4515716 0.1271423 0.5695215
v 0.4479631 0.1313321 0.5735059
v 0.5476848 0.2086266 0.6320385
v 0.5457195 0.2135516 0.6354488
v 0.6706563 0.2460826 0.6347755
v 0.6685734 0.2509261 0.6378816
v 0.7789326 0.2560005 0.6227202
v 0.7787812 0.2609982 0.6250103
v 0.788205 0.2560406 0.6145613
v 0.7905509 0.261036 0.6147239
v 0.7985193 0.2520648 0.5722503
v 0.8016753 0.2569947 0.5702456
v 0.8043724 0.2558917 0.5555238
v 0.8018086 0.2504674 0.5540684
v 0.6706563 0.2460826 0.6347755
v 0.8186857 0.2417317 0.4093401
v 0.8018086 0.2504674 0.5540684
v 0.7985193 0.2520648 0.5722503
v 0.788205 0.2560406 0.6145613
v 0.7789326 0.2560005 0.6227202
v 0.4012579 0.03052396 0.3533932
v 0.4816674 0.1008194 0.3087424
v 0.484907 0.1041359 0.3066808
v 0.4515716 0.1271423 0.5695215
v 0.5879757 0.1782054 0.2604824
v 0.5476848 0.2086266 0.6320385
v 0.7107413 0.2157039 0.2704749
v 0.7153031 0.2162797 0.2709006
v 0.8316587 0.2346355 0.2877515
v 0.8259047 0.2332897 0.2810024
v 0.3909653 0.04163407 0.4807852
v 0.3876876 0.0366841 0.4665991
v 0.3953791 0.02657136 0.363607
v 0.3910661 -0.1014165 -0.2512822
v 0.4133011 -0.07798763 -0.2512822
v 0.6659786 -0.1355944 -0.2983403
v 0.6188601 0.1775337 0.2931424
v 0.5935341 0.1769461 0.2935148
v 0.5935341 0.1769461 0.2664019
v 0.6188601 0.1775337 0.2660295
v 0.6338438 0.1982973 0.295316
v 0.6338438 0.1982973 0.2682031
v 0.5842313 0.1971823 0.2703452
v 0.5839755 0.1971756 0.2954171
v 0.6338438 0.1982973 0.295316
v 0.6671479 -0.0502715 0.2712274
v 0.6338438 0.1982973 0.2682031
v 0.6671753 -0.05023364 0.2937815
v 0.5935341 0.1769461 0.2664019
v 0.5935341 0.1769461 0.2935148
v 0.4116703 -0.01560948 0.2512822
v 0.4116704 -0.01560948 0.2241693
v 0.5935341 0.1769461 0.2935148
v 0.3882415 0.006625604 0.2512822
v 0.4116703 -0.01560948 0.2512822
v 0.5839755 0.1971756 0.2954171
v 0.6338438 0.1982973 0.295316
v 0.6188601 0.1775337 0.2931424
v 0.6671753 -0.05023364 0.2937815
v 0.6281974 -0.02303252 0.2897199
v 0.6662103 -0.1644579 -0.2712274
v 0.6659786 -0.1355944 -0.2712274
v 0.4133011 -0.07798763 -0.2241693
v 0.5935341 0.1769461 0.2664019
v 0.4116704 -0.01560948 0.2241693
v 0.3882415 0.006625604 0.2241693
v 0.5842313 0.1971823 0.2703452
v 0.6338438 0.1982973 0.2682031
v 0.6188601 0.1775337 0.2660295
v 0.6276345 -0.02304093 0.2691451
v 0.6671479 -0.0502715 0.2712274
v 0.4133011 -0.07798763 -0.2241693
v 0.3910662 -0.1014165 -0.2241693
v 0.6662103 -0.1644579 -0.2712274
v 0.3882415 0.006625604 0.2512822
v 0.5839755 0.1971756 0.2954171
v 0.5842313 0.1971823 0.2703452
v 0.3882415 0.006625604 0.2241693
v 0.5476848 0.2086266 -0.6320385
v 0.4515716 0.1271422 -0.5695215
v 0.4479631 0.1313321 -0.5735059
v 0.3854115 0.0422283 -0.4814896
v 0.3909653 0.04163406 -0.4807852
v 0.3819856 0.03823059 -0.4684631
v 0.3876876 0.03668409 -0.4665991
v 0.3895827 0.02772964 -0.3612792
v 0.3953791 0.02657135 -0.363607
v 0.3968312 0.03276794 -0.3485481
v 0.4012579 0.03052395 -0.3533932
v 0.4825662 0.1076525 -0.3010198
v 0.4816674 0.1008194 -0.3087424
v 0.484907 0.1041359 -0.3066809
v 0.5868846 0.1826131 -0.2549086
v 0.5879757 0.1782054 -0.2604824
v 0.7098059 0.22008 -0.2651092
v 0.7107414 0.2157038 -0.2704749
v 0.7153032 0.2162797 -0.2709006
v 0.8261194 0.2379371 -0.2757345
v 0.8259048 0.2332897 -0.2810024
v 0.8346225 0.2398076 -0.285628
v 0.8316588 0.2346355 -0.2877515
v 0.8211369 0.247415 -0.4147284
v 0.8186858 0.2417317 -0.4093401
v 0.8043724 0.2558916 -0.5555238
v 0.8018086 0.2504674 -0.5540684
v 0.7985193 0.2520648 -0.5722503
v 0.8016754 0.2569947 -0.5702456
v 0.790551 0.2610359 -0.6147239
v 0.7882051 0.2560405 -0.6145613
v 0.7787812 0.2609982 -0.6250103
v 0.7789326 0.2560005 -0.6227202
v 0.6685734 0.2509261 -0.6378816
v 0.6706563 0.2460826 -0.6347755
v 0.5457196 0.2135516 -0.6354488
v 0.3223309 -0.1147534 -0.2787154
v 0.3604431 -0.123905 -0.2787154
v 0.3600955 -0.110589 -0.2241693
v 0.3286878 -0.1030473 -0.2241693
v 0.2939006 -0.08777175 -0.2787154
v 0.3052589 -0.08081225 -0.2241693
v 0.2827702 -0.0501898 -0.2787155
v 0.2960865 -0.04984168 -0.2241693
v 0.2919217 -0.01207762 -0.2787154
v 0.3036283 -0.01843409 -0.2241693
v 0.6449363 -0.1779819 0.3273964
v 0.6671849 -0.1489453 0.2403636
v 0.6606627 -0.1775708 0.2678644
v 0.6642465 -0.03654268 0.2403636
v 0.6562129 -0.008297867 0.2678578
v 0.6401085 -0.008718914 0.3285939
v 0.4116703 -0.01560948 0.2512822
v 0.6281974 -0.02303252 0.2897199
v 0.6276345 -0.02304093 0.2691451
v 0.4012579 0.03052395 -0.3533932
v 0.3953791 0.02657135 -0.363607
v 0.3876876 0.03668409 -0.4665991
v 0.3909653 0.04163406 -0.4807852
v 0.4515716 0.1271422 -0.5695215
v 0.8316588 0.2346355 -0.2877515
v 0.8259048 0.2332897 -0.2810024
v 0.7153032 0.2162797 -0.2709006
v 0.8186858 0.2417317 -0.4093401
v 0.6706563 0.2460826 -0.6347755
v 0.7107414 0.2157038 -0.2704749
v 0.5879757 0.1782054 -0.2604824
v 0.5476848 0.2086266 -0.6320385
v 0.484907 0.1041359 -0.3066809
v 0.4816674 0.1008194 -0.3087424
v 0.7789326 0.2560005 -0.6227202
v 0.7882051 0.2560405 -0.6145613
v 0.7985193 0.2520648 -0.5722503
v 0.8018086 0.2504674 -0.5540684
v 0.4343577 0.1569488 -0.5064109
v 0.4420902 0.1606646 -0.3726719
v 0.548173 0.2608195 -0.3961814
v 0.5383908 0.257314 -0.53572
v 0.6643293 0.2906337 -0.5422629
v 0.777012 0.278504 -0.6018304
v 0.7841073 0.2828213 -0.5632402
v 0.7913818 0.2781153 -0.5646826
v 0.7861148 0.2839958 -0.548223
v 0.6753094 0.2953793 -0.4085886
v 0.5661812 0.2420344 -0.2547047
v 0.4525925 0.147181 -0.3031337
v 0.3926304 0.05363445 -0.3473481
v 0.3862342 0.04486458 -0.3596476
v 0.7992497 0.2892339 -0.4109906
v 0.6915234 0.2780146 -0.2651021
v 0.8150576 0.271166 -0.2776849
v 0.7935641 0.2788992 -0.5496962
v 0.8061438 0.2843512 -0.4114936
v 0.8215579 0.2669641 -0.2828207
v 0.8125813 0.265681 -0.2728487
v 0.6936021 0.2724969 -0.2605929
v 0.5684934 0.2364742 -0.2500941
v 0.8043724 0.2558916 -0.5555238
v 0.8016754 0.2569947 -0.5702456
v 0.4432789 0.1373423 -0.570452
v 0.541557 0.2269052 -0.6301775
v 0.5457196 0.2135516 -0.6354488
v 0.6641165 0.2637721 -0.6324989
v 0.6685734 0.2509261 -0.6378816
v 0.7725517 0.2722408 -0.6180703
v 0.7787812 0.2609982 -0.6250103
v 0.7838305 0.273867 -0.6067663
v 0.790551 0.2610359 -0.6147239
v 0.439797 0.1425163 -0.5633679
v 0.3857674 0.06066675 -0.4834456
v 0.4347738 0.1546582 -0.5212807
v 0.5380566 0.2549591 -0.5504107
v 0.5400177 0.23289 -0.6235414
v 0.6626468 0.2695371 -0.6257796
v 0.7679526 0.2771446 -0.611034
v 0.3800501 0.05415699 -0.4683342
v 0.6636137 0.2883853 -0.5569764
v 0.4564698 0.1420917 -0.2983697
v 0.3922582 0.0425996 -0.3468329
v 0.3860634 0.0353595 -0.3599312
v 0.3794342 0.04463794 -0.4673786
v 0.3968312 0.03276794 -0.3485481
v 0.3895827 0.02772964 -0.3612792
v 0.3838199 0.04849867 -0.4811436
v 0.3819856 0.03823059 -0.4684631
v 0.4479631 0.1313321 -0.5735059
v 0.3854115 0.0422283 -0.4814896
v 0.6276345 -0.02304093 0.2691451
v 0.4116704 -0.01560948 0.2241693
v 0.4116703 -0.01560948 0.2512822
v 0.8215579 0.2669641 -0.2828207
v 0.8346225 0.2398076 -0.285628
v 0.8211369 0.247415 -0.4147284
v 0.8061438 0.2843512 -0.4114936
v 0.7935641 0.2788992 -0.5496962
v 0.8043724 0.2558916 -0.5555238
v 0.3922582 0.0425996 -0.3468329
v 0.3968312 0.03276794 -0.3485481
v 0.4825662 0.1076525 -0.3010198
v 0.4564698 0.1420917 -0.2983697
v 0.5868846 0.1826131 -0.2549086
v 0.5684934 0.2364742 -0.2500941
v 0.6936021 0.2724969 -0.2605929
v 0.7098059 0.22008 -0.2651092
v 0.8125813 0.265681 -0.2728487
v 0.8261194 0.2379371 -0.2757345
v 0.6188602 0.1762595 -0.2931424
v 0.6188602 0.1762595 -0.2660295
v 0.5935341 0.1756719 -0.2664019
v 0.5935341 0.1756719 -0.2935148
v 0.6338438 0.1970231 -0.295316
v 0.5839755 0.1959015 -0.2954171
v 0.5842313 0.1959081 -0.2703452
v 0.6338438 0.1970231 -0.2682031
v 0.6671479 -0.05027153 -0.2712274
v 0.6671753 -0.05023366 -0.2937815
v 0.6338438 0.1970231 -0.295316
v 0.6338438 0.1970231 -0.2682031
v 0.5935341 0.1756719 -0.2664019
v 0.4116704 -0.01560949 -0.2241693
v 0.4116703 -0.01560949 -0.2512822
v 0.5935341 0.1756719 -0.2935148
v 0.6671753 -0.05023366 -0.2937815
v 0.6281974 -0.02303255 -0.2897199
v 0.6188602 0.1762595 -0.2931424
v 0.6338438 0.1970231 -0.295316
v 0.5935341 0.1756719 -0.2935148
v 0.5839755 0.1959015 -0.2954171
v 0.3882415 0.0066256 -0.2512822
v 0.4116703 -0.01560949 -0.2512822
v 0.6659786 -0.1355944 0.2983403
v 0.4133011 -0.07798764 0.2512822
v 0.3910661 -0.1014166 0.2512822
v 0.6276345 -0.02304096 -0.2691451
v 0.6671479 -0.05027153 -0.2712274
v 0.6338438 0.1970231 -0.2682031
v 0.6188602 0.1762595 -0.2660295
v 0.5935341 0.1756719 -0.2664019
v 0.5842313 0.1959081 -0.2703452
v 0.3882415 0.0066256 -0.2241693
v 0.4116704 -0.01560949 -0.2241693
v 0.3882415 0.0066256 -0.2512822
v 0.3882415 0.0066256 -0.2241693
v 0.5842313 0.1959081 -0.2703452
v 0.5839755 0.1959015 -0.2954171
v -0.0765525 0.5601526 -0.1992859
v -0.07655246 0.5601526 2.194925E-08
v -0.1444178 0.2499768 4.61413E-09
v -0.1444178 0.2499768 -0.199286
v 0.340531 0.2182901 2.442684E-08
v 0.3733167 0.239298 2.677823E-08
v 0.3733167 0.239298 -0.177582
v 0.3405309 0.2182901 -0.1060621
v -0.5883012 0.2657856 -0.201305
v -0.6003358 0.2653086 -0.112882
v -0.590351 0.2657925 -0.1126181
v -0.5998232 0.263078 -0.1090337
v -0.6436251 0.2163898 -0.1096758
v -0.6432357 0.2186355 -0.1130977
v -0.6490471 0.209794 -0.1184617
v -0.6479195 0.2129331 -0.120998
v -0.6478585 0.2087087 -0.1986109
v -0.6468361 0.2119188 -0.1961417
v -0.6415433 0.2151492 -0.2056964
v -0.6413816 0.2175515 -0.2025284
v -0.590332 0.2636429 -0.1088451
v -0.6324006 0.2234454 -0.1225632
v -0.6390704 0.2160131 -0.1329915
v -0.6382951 0.2153339 -0.1836241
v -0.6313419 0.2225317 -0.1936788
v -0.6084255 0.2472408 -0.1938701
v -0.598285 0.2652811 -0.2015688
v -0.6018551 0.2545718 -0.1839295
v -0.603077 0.2545671 -0.1307254
v -0.5971079 0.26289 -0.2045783
v -0.588107 0.2633337 -0.204274
v -0.6101295 0.247268 -0.1211583
v 0.3910661 -0.1014166 0.2512822
v 0.6662103 -0.1644579 0.2983403
v 0.6659786 -0.1355944 0.2983403
v -0.5971079 0.26289 -0.2045783
v -0.588107 0.2633337 -0.204274
v -0.5855846 0.2180132 -0.212953
v -0.6415433 0.2151492 -0.2056964
v -0.6410461 0.202834 -0.2042093
v -0.6478585 0.2087087 -0.1986109
v -0.6483007 0.2009339 -0.1980933
v 0.6662103 -0.1644579 0.2712274
v 0.3910662 -0.1014166 0.2241693
v 0.4133011 -0.07798764 0.2241693
v -0.591216 0.2191457 -0.08136418
v -0.5939707 0.2207204 -1.631529E-08
v -0.5936288 0.2658036 -1.432969E-08
v -0.590332 0.2636429 -0.1088451
v -0.590351 0.2657925 -0.1126181
v 0.4133011 -0.07798764 0.2241693
v 0.6659786 -0.1355944 0.2712274
v 0.6662103 -0.1644579 0.2712274
v -0.5722008 0.2714766 -1.314507E-08
v -0.5720028 0.2697007 -0.2005387
v -0.5883012 0.2657856 -0.201305
v -0.590351 0.2657925 -0.1126181
v -0.5936288 0.2658036 -1.432969E-08
v -0.6449307 0.2034039 -0.1095513
v -0.5939707 0.2207204 -1.631529E-08
v -0.591216 0.2191457 -0.08136418
v -0.7967197 0.160782 -2.779772E-08
v -0.6498087 0.2018884 -0.1189509
v -0.6483007 0.2009339 -0.1980933
v -0.7947212 0.1607748 -0.1759439
v -0.8019302 0.1477266 -0.1798405
v -0.8048889 0.1475432 -2.873349E-08
v -0.8021728 0.1252427 -0.1590046
v -0.8012441 0.06687956 -0.1806264
v -0.8023161 0.1349534 -0.1529305
v -0.8023158 0.1349534 -2.917133E-08
v -0.6811246 -0.03834376 -0.1541234
v -0.7769234 0.005570329 -0.1494104
v -0.7824004 0.0007766288 -0.157148
v -0.8018095 0.06662195 -0.1600942
v -0.7945998 0.06762432 -0.1523829
v -0.7947469 0.1185684 -0.1526245
v -0.7949685 0.1299137 -0.1422429
v -0.7949685 0.1299137 -2.907048E-08
v -0.2046983 -0.0788619 -0.2121879
v -0.2047598 -0.07815497 -0.2397546
v 0.09122416 -0.08458918 -0.2059273
v -0.4213783 -0.08815876 -0.227678
v -0.4211896 -0.08907059 -0.2008145
v -0.682873 -0.0448918 -0.1806264
v -0.6832282 -0.04532273 -0.161881
v -0.7817538 0.001071183 -0.1806264
v 0.2828276 -0.1102373 -0.1899984
v 0.243033 -0.09560581 -0.1641644
v 0.2391329 -0.1016647 -0.1720824
v 0.09132317 -0.08540805 -0.1774572
v 0.09188694 -0.07815455 -0.1695302
v -0.2047835 -0.07155927 -0.2044271
v -0.4206679 -0.08184452 -0.1930507
v 0.5971705 -0.1696798 -0.1562821
v 0.5968937 -0.1683127 -0.1722981
v 0.7013295 -0.1410189 -0.1636053
v 0.4139873 -0.1467707 -0.1992576
v 0.4130963 -0.1449878 -0.2246729
v 0.2803803 -0.116897 -0.1983838
v 0.2795475 -0.1150228 -0.2289229
v 0.2338129 -0.09853956 -0.1917038
v 0.7667217 -0.116085 -0.1684643
v 0.7716259 -0.1226472 -0.1577542
v 0.7020386 -0.1417439 -0.1402407
v 0.700214 -0.134748 -0.1299363
v 0.5966616 -0.162878 -0.1481165
v 0.4154988 -0.1399254 -0.1911481
v 0.7716777 -0.1227706 -0.1460488
v 0.7666932 -0.117277 -0.1383884
v 0.700214 -0.134748 -0.1299363
v -0.6605888 -0.008341157 0.2434971
v -0.6527757 0.02582397 0.2763115
v -0.6570816 -0.1424937 0.2434971
v -0.6335547 0.02632647 0.3488
v -0.6287531 -0.175714 0.3473708
v -0.6475229 -0.1762048 0.2763193
v -0.6392832 0.2230632 -0.1351002
v -0.6089783 0.2543154 -0.1819892
v -0.6135738 0.2491849 -0.1889441
v -0.6336511 0.2275219 -0.188792
v -0.6385803 0.2224168 -0.1816622
v -0.6344671 0.2284274 -0.1275719
v -0.6150005 0.2492356 -0.1263283
v -0.610083 0.2543221 -0.132997
v -0.6018551 0.2545718 -0.1839295
v -0.6084255 0.2472408 -0.1938701
v -0.6313419 0.2225317 -0.1936788
v -0.6382951 0.2153339 -0.1836241
v -0.6390704 0.2160131 -0.1329915
v -0.6324006 0.2234454 -0.1225632
v -0.6101295 0.247268 -0.1211583
v -0.603077 0.2545671 -0.1307254
v -0.5869402 0.2661981 -0.2098952
v -0.5855846 0.2180132 -0.212953
v -0.588107 0.2633337 -0.204274
v -0.5901583 0.2673778 -0.2035856
v -0.5883012 0.2657856 -0.201305
v -0.6287531 -0.175714 0.3473708
v -0.6570816 -0.1424937 0.2434971
v -0.6475229 -0.1762048 0.2763193
v -0.8083258 -0.1683003 0.3502944
v -0.6605888 -0.008341157 0.2434971
v -0.8129768 0.009600691 0.3502944
v -0.6527757 0.02582397 0.2763115
v -0.6335547 0.02632647 0.3488
v -0.3210782 -0.02272329 0.290421
v -0.328957 0.003720248 0.2918792
v -0.3367426 0.0301677 0.2904219
v 0.5202317 0.06565785 -0.2300632
v 0.6473318 -0.009757271 -0.2147532
v 0.5143602 0.0572982 -0.225211
v 0.3516049 0.08065569 -0.2417085
v 0.3538652 0.09091269 -0.2451729
v 0.5870908 0.1421177 -0.2024131
v 0.3596823 0.1479253 -0.2198931
v 0.207583 0.1439319 -0.2521426
v 0.2029744 0.1353828 -0.2524751
v 0.0648328 0.2306732 -0.2541995
v 0.06246511 0.218328 -0.2520642
v -0.07057241 0.2935984 -0.2721823
v -0.07110129 0.281628 -0.2686421
v -0.217263 0.3223484 -0.2846073
v 0.3769774 0.2363435 -0.1990228
v 0.4530011 0.2050526 -0.2020131
v 0.3264395 0.190451 -0.208453
v 0.2197731 0.169024 -0.217043
v 0.06349044 0.252411 -0.245473
v -0.07534988 0.3198216 -0.2641189
v -0.2163186 0.3546193 -0.2681125
v -0.3555171 0.3042813 -0.2870607
v -0.3560108 0.3430254 -0.2850429
v -0.2179957 0.3117952 -0.281617
v -0.3540714 0.2946907 -0.2803676
v -0.5932077 0.2731691 -0.2161388
v -0.5869402 0.2661981 -0.2098952
v -0.2783612 0.3784767 -0.2682388
v -0.21519 0.3633826 -0.2383189
v -0.3555171 0.3042813 -0.2870607
v -0.5932077 0.2731691 -0.2161388
v -0.642467 0.3138879 -0.209383
v -0.7149261 0.380644 -0.1913427
v -0.2687275 0.3816798 -0.2594998
v -0.21519 0.3633826 -0.2383189
v -0.3419897 0.4146675 -0.2663932
v -0.3400503 0.4208569 -0.2578633
v -0.3861907 0.4467955 -0.2397939
v -0.3990969 0.4479446 -0.2434894
v -0.4316144 0.4780767 -0.1848317
v -0.4382422 0.4778549 -0.1930346
v -0.4415482 0.4789513 -0.1797361
v -0.5230747 0.4557569 -0.1823076
v -0.4444184 0.4784002 -0.1898717
v -0.5218002 0.4547688 -0.1745766
v -0.7192917 0.385784 -0.1665038
v -0.7154021 0.3839002 -0.1570995
v 0.2097857 0.0868189 -0.3137861
v 0.348634 0.06011788 -0.2515288
v 0.2251097 0.05634228 -0.3351731
v 0.1160508 0.04224854 -0.4333232
v 0.5108134 0.05302491 -0.2271535
v 0.3479036 0.04945683 -0.2532221
v 0.22432 0.04442258 -0.3302925
v 0.112121 0.03074966 -0.4312149
v 0.005461826 0.02201415 -0.4960032
v 0.00330569 0.007999234 -0.4932153
v -0.1617743 -0.01209827 -0.5267009
v -0.1607434 0.001289662 -0.5301031
v -0.2865823 -0.009729969 -0.5200538
v -0.2831537 0.002254131 -0.5223691
v -0.2981813 -0.0009626512 -0.5128895
v -0.2945514 0.01139706 -0.5151533
v -0.3086873 0.07384203 -0.4687079
v -0.275758 0.0860403 -0.4658498
v -0.1692087 0.103051 -0.4614991
v -0.3146135 0.06201003 -0.462834
v -0.3313422 0.1178725 -0.4106175
v -0.3839324 0.2051673 -0.3139194
v -0.3879522 0.1907585 -0.3057206
v -0.5855846 0.2180132 -0.212953
v -0.3276173 0.1309274 -0.4188215
v -0.2983858 0.1535459 -0.4147176
v -0.1834741 0.1834573 -0.4019278
v -0.02975573 0.1749144 -0.3732147
v -0.0472304 0.2260755 -0.326966
v -0.1994628 0.2523227 -0.3451941
v -0.06692756 0.2797601 -0.2798327
v 0.0667043 0.217554 -0.2635333
v -0.07110129 0.281628 -0.2686421
v 0.06246511 0.218328 -0.2520642
v 0.07609146 0.1826241 -0.303874
v 0.2041085 0.135451 -0.2640562
v 0.2029744 0.1353828 -0.2524751
v 0.3524565 0.07710605 -0.2512949
v 0.3516049 0.08065569 -0.2417085
v -0.01146342 0.1213594 -0.4216275
v 0.08872575 0.1395126 -0.3474129
v 0.1949872 0.1162507 -0.2931327
v 0.5108134 0.05302491 -0.2271535
v 0.5143602 0.0572982 -0.225211
v 0.6473318 -0.009757271 -0.2147532
v -0.2179957 0.3117952 -0.281617
v -0.2158729 0.3100357 -0.293087
v -0.3291281 0.2324765 -0.3460164
v -0.3556926 0.2903266 -0.2907503
v -0.3540714 0.2946907 -0.2803676
v -0.5869402 0.2661981 -0.2098952
v -0.585407 0.2591337 -0.2165515
v -0.5855846 0.2180132 -0.212953
v -0.4040522 0.03634614 0.2565285
v -0.4040522 0.03634614 0.2241693
v -0.6177946 0.01003437 0.277848
v 0.2313488 0.4844683 3.128936E-08
v 0.2313488 0.4844683 -0.1775704
v 0.2165889 0.4846427 -0.1768267
v 0.2165889 0.4846427 3.065181E-08
v 0.2121106 0.4722121 -0.1738242
v 0.2121105 0.4722121 2.991269E-08
v 0.2085923 0.4679423 -0.1859264
v 0.2116872 0.4787201 -0.1936553
v 0.2255699 0.4775435 -0.1972904
v 0.2358493 0.4720079 -0.1746547
v 0.2358493 0.4720079 3.094142E-08
v 0.2239582 0.4644235 -0.1722985
v 0.2239582 0.4644236 3.009012E-08
v 0.2204252 0.4601604 -0.1843853
v 0.2309152 0.4661005 -0.1914521
v 0.2081938 0.4560614 -0.224121
v 0.2142765 0.4455312 -0.217103
v 0.2050403 0.4410176 -0.2082111
v 0.2239582 0.4644235 -0.1722985
v 0.2239582 0.4644236 3.009012E-08
v 0.2204252 0.4601604 -0.1843853
v 0.2050403 0.4410176 -0.2082111
v 0.1932388 0.4487669 -0.2097863
v 0.1951078 0.4580936 -0.2193763
v -0.6177946 0.01003437 0.277848
v -0.6184658 0.01000929 0.302404
v -0.4040522 0.03634614 0.2565285
v -0.05898684 0.5974273 2.353598E-08
v -0.05898685 0.5974273 -0.04992953
v -0.05515265 0.5989443 -0.04965686
v -0.05515264 0.5989443 2.376989E-08
v -0.0590168 0.5993638 0.05411936
v -0.1021594 0.6137184 0.05628671
v -0.05898686 0.5974273 0.04992957
v -0.1021593 0.6137184 2.236095E-08
v -0.05515266 0.5989443 0.04965691
v -0.05516456 0.6008971 0.05384351
v -0.05530725 0.6151661 0.0662128
v -0.05923687 0.6150503 0.06776929
v -0.05929333 0.6194878 0.06936704
v -0.1031432 0.6677138 0.05468298
v -0.05993063 0.673914 0.06743322
v -0.05996948 0.6783838 0.06557323
v -0.05602457 0.6743519 0.06587394
v -0.05535712 0.6196052 0.06780615
v -0.06004486 0.6940534 0.05139877
v -0.05608907 0.6788191 0.06402448
v -0.05633553 0.6930398 0.05121545
v -0.06004812 0.6959375 0.04719482
v -0.1031431 0.6677138 2.467817E-08
v -0.0600481 0.6959375 2.779561E-08
v -0.05637714 0.6949415 0.04701366
v -0.05637712 0.6949415 2.791254E-08
v -0.05637714 0.6949415 -0.0470136
v -0.06004811 0.6959375 -0.04719476
v -0.3631337 0.6567979 1.283648E-08
v -0.3631337 0.656798 -0.08316346
v -0.3566537 0.6654108 -0.08776306
v -0.3566537 0.6654108 1.34962E-08
v -0.3568292 0.6754092 -0.07199507
v -0.3568291 0.6754092 1.392558E-08
v -0.3569167 0.6803947 -0.07662579
v -0.3579399 0.7386968 -0.08233473
v -0.3576769 0.7237127 -0.07341722
v -0.3577644 0.7286983 -0.06804793
v -0.3625576 0.6622141 -0.1015855
v -0.3639053 0.7359279 -0.09568709
v -0.3641932 0.743742 -0.08098647
v -0.3641933 0.743742 1.65906E-08
v -0.3579398 0.7386968 1.664342E-08
v -0.3577644 0.7286983 1.621403E-08
v -0.3613307 0.5705554 9.145506E-09
v -0.3658453 0.5617514 8.56332E-09
v -0.3658453 0.5617514 -0.1104556
v -0.3613307 0.5705555 -0.1296835
v -0.3605599 0.5763916 9.434298E-09
v -0.3605599 0.5763916 -0.1333633
v -0.3613396 0.6097852 1.08599E-08
v -0.3613395 0.6097852 -0.1332421
v -0.3615387 0.6165174 -0.1302046
v -0.3615387 0.6165173 1.114547E-08
v -0.3631337 0.656798 -0.08316346
v -0.3631337 0.6567979 1.283648E-08
v -0.369415 0.680189 -0.0698149
v -0.3593727 0.677865 -0.07090499
v -0.3594321 0.6812532 -0.07405211
v -0.3694464 0.6819801 -0.07147843
v -0.369415 0.680189 1.358437E-08
v -0.3593726 0.677865 1.392174E-08
v -0.3568291 0.6754092 1.392558E-08
v -0.3568292 0.6754092 -0.07199507
v -0.3569167 0.6803947 -0.07662579
v -0.3576769 0.7237127 -0.07341722
v -0.3601561 0.7225052 -0.07099656
v -0.3701342 0.7211661 -0.0685759
v -0.3701748 0.7234797 -0.06608432
v -0.3602202 0.7261547 -0.06706613
v -0.3577644 0.7286983 -0.06804793
v -0.3577644 0.7286983 1.621403E-08
v -0.3602201 0.7261547 1.599551E-08
v -0.3701747 0.7234797 1.544346E-08
v -0.3405513 0.07525592 0.2241693
v -0.3775147 0.06430854 0.2241693
v -0.3775147 0.06430854 0.2565285
v -0.3409668 0.09114853 0.28927
v -0.29548 0.08022606 0.28927
v -0.3030663 0.06625491 0.2241693
v -0.3858208 0.07786421 0.28927
v -0.4180233 0.04393263 0.28927
v -0.4040522 0.03634614 0.2565285
v -0.4289457 -0.001554282 0.28927
v -0.4130534 -0.001138785 0.2565285
v -0.4156614 -0.04640833 0.28927
v -0.4021059 -0.03810219 0.2565285
v -0.4130534 -0.001138785 0.2241693
v -0.4021059 -0.03810219 0.2241693
v -0.3817299 -0.0786109 0.28927
v -0.3741435 -0.06463977 0.2565285
v -0.3362431 -0.08953337 0.28927
v -0.3741435 -0.06463976 0.2241693
v -0.3366586 -0.07364076 0.2241693
v -0.3741435 -0.06463977 0.2565285
v -0.4021059 -0.03810219 0.2565285
v -0.6564763 -0.1265059 0.3126927
v -0.0332065 0.6589732 -0.206952
v -0.0322696 0.6529241 -0.1998127
v -0.03282284 0.6074094 -0.1996351
v -0.03389196 0.5991973 -0.2067831
v -0.03769613 0.6137536 -0.1554283
v -0.03553391 0.6100472 -0.1976725
v -0.0398836 0.6158592 -0.158158
v -0.03719594 0.659393 -0.1565987
v -0.03945439 0.6567839 -0.1590786
v -0.04603473 0.6153786 -0.09626889
v -0.03505039 0.6508618 -0.1976799
v -0.03805225 0.6607289 -0.1488855
v -0.03856624 0.6150327 -0.1477144
v -0.04344128 0.621406 -0.1034861
v -0.0429801 0.6672273 -0.1056513
v -0.04543161 0.6753764 -0.09906933
v -0.04523592 0.6646015 -0.1080875
v -0.04563313 0.6234868 -0.1062508
v -0.04128023 0.6176713 -0.1457935
v -0.04082901 0.6586747 -0.1467153
v -0.04242154 0.6767099 -0.2039793
v -0.05411632 0.6926278 -0.1029433
v -0.05462485 0.6913232 -0.09862287
v -0.05617651 0.6794472 -0.08572893
v -0.05643268 0.6751541 -0.08366033
v -0.05691389 0.62119 -0.08095715
v -0.05676774 0.6166344 -0.08239768
v -0.05543966 0.6003998 -0.0947434
v -0.0550038 0.5980129 -0.09875132
v -0.04347948 0.5826899 -0.2040145
v -0.04297775 0.584062 -0.2083777
v -0.04138085 0.5959797 -0.2214528
v -0.04112177 0.6001992 -0.2233026
v -0.04047563 0.6537059 -0.2228136
v -0.04061916 0.658313 -0.2211067
v -0.04197041 0.6743439 -0.2080477
v -0.03716831 0.617448 -0.1597734
v -0.03321576 0.6119143 -0.195766
v -0.03279655 0.649209 -0.1955132
v -0.03680797 0.6548449 -0.1603942
v -0.03945439 0.6567839 -0.1590786
v -0.0398836 0.6158592 -0.158158
v -0.03553391 0.6100472 -0.1976725
v -0.03505039 0.6508618 -0.1976799
v -0.6564763 -0.1265059 0.3126927
v -0.6549525 -0.1609219 0.3126927
v -0.3741435 -0.06463977 0.2565285
v -0.04454906 0.6232425 -0.04494415
v -0.04510738 0.6700075 -0.04369131
v -0.04757895 0.6676115 -0.04138918
v -0.04707674 0.6255465 -0.04254515
v -0.04454887 0.6232266 -0.003899329
v -0.04707675 0.6255469 -0.006249703
v -0.04510719 0.6699911 -0.003899325
v -0.04757895 0.6676111 -0.0062497
v -0.04624768 0.6162423 -0.05225584
v -0.04696533 0.677022 -0.0505939
v -0.04624766 0.6162423 2.491525E-08
v -0.04454884 0.6232266 2.529481E-08
v -0.04510722 0.6699911 2.731455E-08
v -0.04696531 0.6770219 2.754065E-08
v -0.05637714 0.6949415 -0.0470136
v -0.05637712 0.6949415 2.791254E-08
v -0.05633553 0.6930398 -0.0512154
v -0.05608907 0.6788191 -0.06402443
v -0.05602456 0.6743519 -0.06587389
v -0.05535712 0.6196052 -0.0678061
v -0.05530725 0.6151661 -0.06621275
v -0.05516456 0.6008971 -0.05384346
v -0.05515265 0.5989443 -0.04965686
v -0.05515264 0.5989443 2.376989E-08
v -0.6549524 -0.1609219 0.2803334
v -0.6564763 -0.1265059 0.2803334
v -0.4021059 -0.03810219 0.2241693
v -0.05530725 0.6151661 -0.06621275
v -0.05923687 0.6150503 -0.06776924
v -0.05929332 0.6194878 -0.06936698
v -0.05535712 0.6196052 -0.0678061
v -0.05602456 0.6743519 -0.06587389
v -0.05993063 0.673914 -0.06743316
v -0.05515265 0.5989443 -0.04965686
v -0.05898685 0.5974273 -0.04992953
v -0.05901679 0.5993638 -0.05411931
v -0.05516456 0.6008971 -0.05384346
v -0.1021594 0.6137184 -0.05628667
v -0.1031432 0.6677138 -0.05468293
v -0.05996947 0.6783838 -0.06557318
v -0.1021593 0.6137184 2.236095E-08
v -0.05898684 0.5974273 2.353598E-08
v -0.06004485 0.6940534 -0.05139871
v -0.05608907 0.6788191 -0.06402443
v -0.05633553 0.6930398 -0.0512154
v -0.06004811 0.6959375 -0.04719476
v -0.1031431 0.6677138 2.467817E-08
v -0.0600481 0.6959375 2.779561E-08
v -0.05637714 0.6949415 -0.0470136
v -0.06004812 0.6959375 0.04719482
v -0.05637714 0.6949415 0.04701366
v -0.05637712 0.6949415 2.791254E-08
v -0.4021059 -0.03810219 0.2241693
v -0.3741435 -0.06463976 0.2241693
v -0.6549524 -0.1609219 0.2803334
v -0.06043612 0.6749472 -0.08241953
v -0.05643268 0.6751541 -0.08366033
v -0.05617651 0.6794472 -0.08572893
v -0.05691389 0.62119 -0.08095715
v -0.06099132 0.6213077 -0.07968424
v -0.05830325 0.692332 -0.09864928
v -0.05462485 0.6913232 -0.09862287
v -0.05411632 0.6926278 -0.1029433
v -0.06015587 0.6792471 -0.08449095
v -0.1021082 0.667055 -0.09813554
v -0.10229 0.6138415 -0.09581764
v -0.06084501 0.6167517 -0.08112286
v -0.05676774 0.6166344 -0.08239768
v -0.05543966 0.6003998 -0.0947434
v -0.05935685 0.5989488 -0.09465944
v -0.05891726 0.5965628 -0.09866667
v -0.0550038 0.5980129 -0.09875132
v -0.04047563 0.6537059 -0.2228136
v -0.04422001 0.65301 -0.2247275
v -0.04434498 0.657621 -0.2230156
v -0.04061916 0.658313 -0.2211067
v -0.04197041 0.6743439 -0.2080477
v -0.0456795 0.6754327 -0.2084622
v -0.04611005 0.6777911 -0.2043922
v -0.08890106 0.6489102 -0.2144252
v -0.05777781 0.6936406 -0.1029647
v -0.04242154 0.6767099 -0.2039793
v -0.05891726 0.5965628 -0.09866667
v -0.04732626 0.581166 -0.2044771
v -0.04347948 0.5826899 -0.2040145
v -0.04682928 0.5825325 -0.2088438
v -0.04297775 0.584062 -0.2083777
v -0.04138085 0.5959797 -0.2214528
v -0.04510624 0.5956252 -0.2232825
v -0.08913227 0.5960367 -0.2146743
v -0.04485221 0.5998408 -0.2251413
v -0.04112177 0.6001992 -0.2233026
v -0.10229 0.6138415 -0.09581764
v -0.0550038 0.5980129 -0.09875132
v -0.9856119 0.2948422 -0.5069201
v -0.9852085 0.2929985 -0.5146458
v -0.8797467 0.283281 -0.6073064
v -0.6143482 0.2170759 -0.6645755
v -0.5052567 0.1715597 -0.6407409
v -0.4880205 0.1698291 -0.5545492
v -0.4810336 0.1816243 -0.4080066
v -0.4807873 0.1773171 -0.3065469
v -0.6008595 0.233989 -0.2758993
v -0.6063408 0.2360697 -0.2747621
v -0.7398506 0.2733158 -0.2728798
v -0.7480418 0.2530911 -0.6703086
v -0.8716916 0.292803 -0.3251067
v -0.8762257 0.2929397 -0.327112
v -0.9901026 0.2979034 -0.3755836
v -0.6184658 0.01000931 -0.302404
v -0.6676155 0.2264729 -0.3040139
v -0.6676155 0.2264729 -0.2751234
v -0.3658453 0.5617514 -0.1104556
v -0.7160946 0.4374748 -0.1308997
v -0.3605599 0.5763916 -0.1333633
v -0.7181042 0.4297739 -0.1280672
v -0.7120827 0.4212685 -0.1163924
v -0.7375829 0.4824496 -0.08311296
v -0.7280255 0.4269284 -0.1232024
v -0.7323682 0.4242892 -0.1130604
v -0.7395371 0.485467 -0.07254019
v -0.7235013 0.470473 -0.125514
v -0.722672 0.4333643 -0.1284038
v -0.7183126 0.4703556 -0.1298119
v -0.7160946 0.4374748 -0.1308997
v -0.7181042 0.4297739 -0.1280672
v -0.7120827 0.4212685 -0.1163924
v -0.7176417 0.4190129 -0.1103182
v -0.7323682 0.4242892 -1.346656E-08
v -0.7395371 0.485467 -1.110575E-08
v -0.7176417 0.419013 -1.305348E-08
v -0.7368058 0.4906284 -0.07860377
v -0.7202824 0.5166578 -0.07395803
v -0.7240329 0.4769395 -0.1211192
v -0.7230912 0.5154855 -0.06691663
v -0.7378427 0.4926404 -0.06956126
v -0.7378427 0.4926404 -1.071813E-08
v -0.7395371 0.485467 -1.110575E-08
v -0.7395371 0.485467 -0.07254019
v -0.7375829 0.4824496 -0.08311296
v -0.7235013 0.470473 -0.125514
v -0.7183752 0.4770026 -0.1265595
v -0.7147112 0.5188757 -0.07596917
v -0.7182043 0.5207494 -0.07193743
v -0.721737 0.5193757 -0.06840167
v -0.7183126 0.4703556 -0.1298119
v -0.7230911 0.5154855 -9.074729E-09
v -0.721737 0.5193757 -8.845499E-09
v -0.721737 0.5193757 -0.06840167
v -0.6676155 0.2264729 -0.2751234
v -0.6177946 0.01003439 -0.277848
v -0.6184658 0.01000931 -0.302404
v -0.04459803 0.6273444 -0.008017469
v -0.04459773 0.6273195 -0.04075326
v -0.04505774 0.6658496 -0.03964585
v -0.04505803 0.6658732 -0.008017465
v -0.04757895 0.6676111 -0.0062497
v -0.04707675 0.6255469 -0.006249703
v -0.04707674 0.6255465 -0.04254515
v -0.04757895 0.6676115 -0.04138918
v -0.6676155 0.2264729 -0.3040139
v -0.6184658 0.01000931 -0.302404
v -0.6632261 -0.02484163 -0.3072517
v -0.6914542 0.2610337 -0.3063301
v -0.633438 0.2233732 -0.3044108
v -0.6233069 0.2480803 -0.3064378
v -0.3775147 0.06430855 -0.2565285
v -0.4040522 0.03634614 -0.2565285
v -0.6737862 0.3120207 -0.1263376
v -0.6771497 0.3119327 -0.1188585
v -0.6777979 0.3367282 -0.1085843
v -0.6745728 0.3421029 -0.1138728
v -0.6780664 0.3469988 -0.08378021
v -0.6748984 0.3545634 -0.08378021
v -0.6777979 0.3367282 -0.05897629
v -0.6745723 0.3421029 -0.05368774
v -0.6771494 0.3119327 -0.04870224
v -0.6737859 0.3120207 -0.04122299
v -0.6765014 0.2871372 -0.05897629
v -0.6729995 0.2819384 -0.05368775
v -0.6762329 0.2768666 -0.08378021
v -0.672674 0.2694779 -0.08378022
v -0.6765014 0.2871372 -0.1085843
v -0.6729998 0.2819384 -0.1138728
v -0.1058256 0.5778174 -0.1964572
v -0.1059174 0.5836356 -0.1843916
v -0.1108346 0.5974409 -0.1860269
v -0.1107031 0.5893222 -0.2027701
v -0.09864611 0.6048881 -0.1869458
v -0.09850261 0.5953881 -0.2065445
v -0.09806385 0.5664259 -0.2338583
v -0.08609245 0.5876495 -0.2026279
v -0.1102489 0.5615184 -0.2286546
v -0.1054129 0.55207 -0.2201803
v -0.09025799 0.5511761 -0.2204143
v -0.09063078 0.576821 -0.1963637
v -0.0907143 0.582613 -0.1843077
v -0.09071428 0.582613 2.150157E-08
v -0.08570436 0.5600239 -0.2287494
v -0.1059174 0.5836356 2.088172E-08
v -0.1108346 0.5974409 2.127024E-08
v -0.09864608 0.6048881 2.212854E-08
v -0.08620531 0.5957087 -0.1859053
v -0.0907143 0.582613 -0.1843077
v -0.09063078 0.576821 -0.1963637
v -0.09025799 0.5511761 -0.2204143
v -0.08620529 0.5957087 2.227111E-08
v -0.09071428 0.582613 2.150157E-08
v -0.6914542 0.2610338 -0.2774396
v -0.6631911 -0.02488506 -0.2803334
v -0.6177946 0.01003439 -0.277848
v -0.6676155 0.2264729 -0.2751234
v -0.633438 0.2233732 -0.2755203
v -0.6236123 0.2480723 -0.2797221
v -0.3775147 0.06430855 -0.2241693
v -0.4040522 0.03634614 -0.2241693
v -0.9856119 0.2948421 0.5069201
v -0.8797467 0.2832809 0.6073064
v -0.9852085 0.2929984 0.5146458
v -0.8762257 0.2929397 0.327112
v -0.9901026 0.2979033 0.3755836
v -0.8716916 0.292803 0.3251067
v -0.7398506 0.2733158 0.2728798
v -0.7480419 0.253091 0.6703086
v -0.6143483 0.2170759 0.6645755
v -0.6063408 0.2360697 0.2747621
v -0.6008596 0.233989 0.2758993
v -0.4807873 0.1773171 0.3065469
v -0.4810336 0.1816242 0.4080066
v -0.4880205 0.1698291 0.5545492
v -0.5052567 0.1715596 0.6407409
v -0.4627278 0.2086981 0.3078057
v -0.4665975 0.2071831 0.4125999
v -0.4748201 0.1846214 0.4103101
v -0.4744098 0.1797035 0.3052341
v -0.6036223 0.2406785 0.2701861
v -0.5734192 0.2910826 0.2750023
v -0.7372143 0.278096 0.2681235
v -0.7074988 0.3311533 0.2731213
v -0.8617818 0.3431584 0.3259896
v -0.8705881 0.2978662 0.3203068
v -0.9866762 0.3142912 0.3718768
v -0.991405 0.3030998 0.3716664
v -0.6184658 0.01000928 0.302404
v -0.6177946 0.01003437 0.277848
v -0.6676155 0.2264728 0.2751234
v -0.03857052 0.6570511 -0.1445314
v -0.04258625 0.6626533 -0.1093828
v -0.04292206 0.6250628 -0.1078855
v -0.03896484 0.6195645 -0.1439096
v -0.04128023 0.6176713 -0.1457935
v -0.04082901 0.6586747 -0.1467153
v -0.04523592 0.6646015 -0.1080875
v -0.04563313 0.6234868 -0.1062508
v -0.6676155 0.2264728 0.2751234
v -0.6676155 0.2264728 0.3040139
v -0.6184658 0.01000928 0.302404
v -0.0914579 0.6458926 -0.2118542
v -0.09178639 0.5993239 -0.2121003
v -0.1043391 0.6163067 -0.09884454
v -0.1040961 0.6632081 -0.100878
v -0.10229 0.6138415 -0.09581764
v -0.1021082 0.667055 -0.09813554
v -0.08890106 0.6489102 -0.2144252
v -0.08913227 0.5960367 -0.2146743
v -0.633438 0.2233732 0.2755203
v -0.4040522 0.03634614 0.2241693
v -0.4040522 0.03634613 0.2565285
v -0.1409543 0.5458463 -0.1864743
v -0.1402569 0.5492385 -0.1768816
v -0.170532 0.5577061 -0.1764856
v -0.1712262 0.5542523 -0.1860898
v -0.1801824 0.5865673 -0.1776701
v -0.1819845 0.5777606 -0.1995701
v -0.1213386 0.5607078 -0.2002795
v -0.1195012 0.5692984 -0.1783095
v -0.1195012 0.5692984 1.966126E-08
v -0.1402569 0.5492384 1.787715E-08
v -0.170532 0.5577061 1.692391E-08
v -0.1801825 0.5865673 1.776365E-08
v -0.1594295 0.6066507 -0.1783014
v -0.1422503 0.5397021 -0.1900258
v -0.1724376 0.5483779 -0.1894398
v -0.1860399 0.5587986 -0.2113974
v -0.1694092 0.5604422 -0.2338968
v -0.249381 0.2823105 -0.2228278
v -0.2577354 0.2831506 -0.207954
v -0.2481546 0.2799483 -0.1914533
v -0.2301722 0.2759071 -0.190797
v -0.2216237 0.2750721 -0.2061623
v -0.1256346 0.5413967 -0.2126966
v -0.1391913 0.5517169 -0.2346115
v -0.2312523 0.2782732 -0.2227323
v -0.1623676 0.5926317 -0.2123205
v -0.1319938 0.583986 -0.2126645
v -0.1213386 0.5607078 -0.2002795
v -0.1256346 0.5413967 -0.2126966
v -0.2216237 0.2750721 -0.2061623
v -0.1594295 0.6066507 1.954866E-08
v -0.1290243 0.5978496 -0.1786627
v -0.1195012 0.5692984 -0.1783095
v -0.1290243 0.5978496 2.049301E-08
v -0.1195012 0.5692984 1.966126E-08
v -0.4040522 0.03634613 0.2565285
v -0.633438 0.2233732 0.3044108
v -0.633438 0.2233732 0.2755203
v -0.03476245 0.5281529 -0.2173447
v 0.1279377 0.4835592 -0.1910788
v -0.03022873 0.546293 -0.1952055
v -0.05607113 0.5333778 -0.2180271
v -0.05718445 0.5530285 -0.1962851
v -0.07149522 0.5300898 -0.2171138
v -0.08036537 0.5482155 -0.1958255
v -0.07998158 0.5378442 -0.2417806
v -0.05646558 0.5428369 -0.2428455
v -0.09738892 0.5638528 -0.2447105
v -0.05797376 0.5719689 -0.2450737
v -0.1063208 0.5821555 -0.2228093
v -0.05909106 0.5916319 -0.2232195
v -0.0290979 0.5360962 -0.2418155
v -0.01886416 0.5621127 -0.2436728
v -0.01428688 0.5801338 -0.2216328
v -0.05869465 0.5821503 -0.1990939
v -0.09778374 0.5742732 -0.198604
v -0.1231104 0.5496017 -0.1945811
v -0.239199 0.2838598 -0.1559007
v -0.2115842 0.2724205 -0.1553782
v -0.09669669 0.5322554 -0.1926584
v -0.08036537 0.5482155 -0.1958255
v -0.05718445 0.5530285 -0.1962851
v -0.01998659 0.5722567 -0.1976352
v 0.1458161 0.5111147 -0.2152648
v 0.2779859 0.4240655 -0.1856362
v 0.2852622 0.4288488 -0.2066281
v 0.1395035 0.5048332 -0.1934264
v -0.03022873 0.546293 -0.1952055
v 0.2647229 0.4070285 -0.1816485
v 0.1279377 0.4835592 -0.1910788
v 0.1405303 0.496175 -0.2351062
v 0.2792796 0.4166408 -0.2239994
v 0.3097245 0.3943346 -0.2186509
v 0.3167253 0.4044039 -0.2023635
v 0.3079871 0.4013863 -0.1834729
v 0.292263 0.3882522 -0.180643
v 0.2660473 0.3995461 -0.220363
v 0.1289689 0.474838 -0.2326384
v 0.2940241 0.3811477 -0.2159745
v 0.3145368 0.3572098 -0.209995
v 0.3323144 0.3655557 -0.2119655
v 0.3401562 0.3732113 -0.1962693
v 0.3301878 0.3726017 -0.1794286
v 0.3123958 0.3643043 -0.1781011
v 0.3469505 0.3350061 -0.2014624
v 0.3544018 0.33955 -0.1885126
v 0.345585 0.3401807 -0.1744612
v 0.3293513 0.3362961 -0.1733374
v 0.3941582 0.2050251 -0.1759086
v 0.4023255 0.2093124 -0.1626115
v 0.3930836 0.2098702 -0.1466997
v 0.3756115 0.2061391 -0.143194
v 0.2853003 0.3780821 -0.1967366
v 0.3123958 0.3643043 -0.1781011
v 0.292263 0.3882522 -0.180643
v 0.3045868 0.3565677 -0.1929352
v 0.3293513 0.3362961 -0.1733374
v 0.3219009 0.3316867 -0.1857082
v 0.3756115 0.2061391 -0.143194
v 0.3673406 0.2018491 -0.1548025
v 0.3307027 0.3310552 -0.1997981
v 0.3766595 0.2012933 -0.1718918
v 0.2587661 0.3947161 -0.198884
v 0.1226853 0.4685008 -0.2098676
v 0.2647229 0.4070285 -0.1816485
v -0.198278 0.2602855 -0.1823382
v -0.09669669 0.5322554 -0.1926584
v -0.2115842 0.2724205 -0.1553782
v -0.08384053 0.5180594 -0.214213
v -0.2126583 0.2595879 -0.2104251
v -0.09732509 0.5210153 -0.2375453
v -0.2404597 0.2710224 -0.2114805
v -0.1237127 0.538274 -0.2392836
v -0.2535103 0.2831641 -0.1841319
v -0.1366419 0.5526637 -0.2178677
v 0.8016753 0.2569947 0.5702456
v 0.8043724 0.2558917 0.5555238
v 0.7935641 0.2788992 0.5496962
v 0.8061437 0.2843513 0.4114936
v 0.7992497 0.2892339 0.4109906
v 0.7861147 0.2839958 0.548223
v 0.7913818 0.2781153 0.5646826
v 0.7838305 0.2738671 0.6067663
v 0.7905509 0.261036 0.6147239
v 0.7787812 0.2609982 0.6250103
v 0.7725517 0.2722408 0.6180703
v 0.6685734 0.2509261 0.6378816
v 0.6641164 0.2637721 0.6324989
v 0.6753094 0.2953793 0.4085886
v 0.4420902 0.1606646 0.3726719
v 0.5481729 0.2608195 0.3961814
v 0.5661812 0.2420344 0.2547047
v 0.6915234 0.2780146 0.2651021
v 0.8150576 0.2711661 0.2776849
v 0.4525925 0.147181 0.3031337
v 0.4564698 0.1420917 0.2983697
v 0.3922582 0.04259961 0.3468329
v 0.5684934 0.2364742 0.2500941
v 0.693602 0.272497 0.2605929
v 0.8125813 0.265681 0.2728487
v 0.8215578 0.2669641 0.2828207
v 0.4432789 0.1373423 0.570452
v 0.4479631 0.1313321 0.5735059
v 0.5457195 0.2135516 0.6354488
v 0.3838199 0.04849867 0.4811436
v 0.3857674 0.06066675 0.4834456
v 0.3794342 0.04463794 0.4673786
v 0.3800501 0.05415699 0.4683342
v 0.3862342 0.04486459 0.3596476
v 0.3926304 0.05363446 0.3473481
v 0.3854115 0.0422283 0.4814896
v 0.3819856 0.03823059 0.4684631
v 0.3895827 0.02772965 0.3612792
v 0.3860634 0.0353595 0.3599312
v 0.3968312 0.03276795 0.3485481
v -0.04207918 0.4265988 -0.2042323
v -0.0459789 0.4331295 -0.21714
v -0.0658428 0.4259925 -0.21711
v -0.05880098 0.418907 -0.2320968
v -0.04056538 0.4276881 -0.2285541
v -0.04671544 0.4033841 -0.2295556
v -0.03127067 0.4157543 -0.2265645
v -0.04167283 0.3949478 -0.2120521
v -0.02738966 0.4092625 -0.2131666
v -0.03278479 0.4146656 -0.2022615
v -0.04868351 0.4019684 -0.1979428
v -0.2113732 0.2725567 -0.1793459
v -0.2027566 0.2631722 -0.2035663
v -0.2104062 0.2748493 -0.224943
v -0.2265216 0.2958874 -0.2249097
v 0.08415984 0.5156759 -0.2253925
v 0.09674618 0.4997093 -0.2269565
v 0.1019819 0.4910043 -0.2115799
v 0.0946597 0.4981938 -0.1949509
v -0.2351003 0.305263 -0.2021398
v -0.06076825 0.4174903 -0.2004313
v -0.03278479 0.4146656 -0.2022615
v 0.0946597 0.4981938 -0.1949509
v 0.08207192 0.5141565 -0.1935794
v 0.07680822 0.5229342 -0.2087461
v -0.2276066 0.2936086 -0.1789191
v -0.04868351 0.4019684 -0.1979428
v -0.2113732 0.2725567 -0.1793459
v 0.6281974 -0.02303252 0.2897199
v 0.6188601 0.1775337 0.2931424
v 0.6188601 0.1775337 0.2660295
v -0.1235128 -0.05321784 -0.2695019
v -0.1379363 -0.03601219 -0.2719335
v -0.1584078 -0.04627132 -0.2380611
v -0.2688183 0.1966289 -0.234328
v -0.2450786 0.2119731 -0.2796633
v -0.152766 -0.04910495 -0.2901064
v -0.2755011 0.1966259 -0.3176549
v -0.1728798 -0.06303518 -0.2851262
v -0.308756 0.1819374 -0.3187714
v -0.1835308 -0.06755622 -0.2609939
v -0.3225981 0.1757639 -0.2843002
v -0.1584078 -0.04627132 -0.2380611
v -0.2688183 0.1966289 -0.234328
v -0.1463128 -0.0943433 -0.2805919
v -0.1535169 -0.1027435 -0.2559991
v -0.1374079 -0.07144634 -0.2344611
v 0.2275502 -0.08769834 -0.2035325
v 0.1882717 -0.103975 -0.2075693
v 0.1878744 -0.09518995 -0.2408019
v -0.1080921 -0.1060649 -0.2781171
v -0.1045831 -0.08107261 -0.2849051
v -0.1331034 -0.07258525 -0.2868155
v -0.1104285 -0.1160723 -0.2530874
v 0.2518301 -0.05212541 -0.2054507
v 0.2240112 -0.08147834 -0.2363735
v 0.1855014 -0.07286306 -0.2506621
v -0.1024814 -0.05949926 -0.2680889
v 0.3169562 0.06244556 -0.2528564
v 0.2470989 -0.04945978 -0.2372582
v 0.2143455 -0.06476863 -0.2472187
v 0.1825607 -0.05362766 -0.228985
v -0.1067143 -0.08053001 -0.2324828
v -0.1374079 -0.07144634 -0.2344611
v 0.1832731 -0.07243151 -0.179861
v 0.2055956 -0.04965534 -0.2272654
v 0.2338888 -0.04035102 -0.2477842
v 0.3072666 0.05253509 -0.2768056
v 0.2132442 -0.06392851 -0.1790107
v 0.222233 -0.03160341 -0.2285667
v 0.2943115 0.05561981 -0.2811959
v 0.2329744 -0.0384 -0.1833915
v 0.2887861 0.07612172 -0.2613563
v 0.2979949 0.07086648 -0.229697
v -0.1067143 -0.08053001 -0.2324828
v 0.1832731 -0.07243151 -0.179861
v 0.2132442 -0.06392851 -0.1790107
v 0.2329744 -0.0384 -0.1833915
v 0.2979949 0.07086648 -0.229697
v 0.6188601 0.1775337 0.2660295
v 0.6276345 -0.02304093 0.2691451
v 0.6281974 -0.02303252 0.2897199
v -0.3641932 0.743742 -0.08098647
v -0.3639053 0.7359279 -0.09568709
v -0.4851761 0.6687783 -0.07999831
v -0.4853035 0.6763819 -0.06724806
v -0.4842629 0.6169301 -0.08278868
v -0.491412 0.6089407 -0.0677157
v -0.4934213 0.6667421 -0.0638072
v -0.4851761 0.6687783 -0.07999831
v -0.4853035 0.6763819 -0.06724806
v -0.4853035 0.6763819 8.352308E-09
v -0.4934212 0.6667421 7.576091E-09
v -0.4914119 0.6089407 5.137344E-09
v -0.491412 0.6089407 -0.0677157
v 0.6281974 -0.02303255 -0.2897199
v 0.6276345 -0.02304096 -0.2691451
v 0.6188602 0.1762595 -0.2660295
v -0.4851761 0.6687783 -0.07999831
v -0.3639053 0.7359279 -0.09568709
v -0.3625576 0.6622141 -0.1015855
v -0.4842629 0.6169301 -0.08278868
v -0.491412 0.6089407 -0.0677157
v -0.3631337 0.656798 -0.08316346
v 0.6188602 0.1762595 -0.2660295
v 0.6188602 0.1762595 -0.2931424
v 0.6281974 -0.02303255 -0.2897199
v -0.7140744 0.3978008 -1.382476E-08
v -0.7176417 0.419013 -1.305348E-08
v -0.7176417 0.4190129 -0.1103182
v -0.7140744 0.3978008 -0.1170987
v -0.7120827 0.4212685 -0.1163924
v -0.3658453 0.5617514 -0.1104556
v -0.3688872 0.4863597 -0.1154167
v -0.3688872 0.4863597 5.13488E-09
v -0.3658453 0.5617514 8.56332E-09
v 0.5967453 -0.09242917 -0.2093448
v 0.7013295 -0.1410189 -0.1636053
v 0.5968937 -0.1683127 -0.1722981
v 0.7904053 -0.05770832 -0.1734802
v 0.7667217 -0.116085 -0.1684643
v 0.7211407 -0.05542209 -0.198233
v 0.4771299 -0.01802591 -0.2353131
v 0.4130963 -0.1449878 -0.2246729
v 0.3479036 0.04945683 -0.2532221
v 0.5108134 0.05302491 -0.2271535
v 0.7874316 0.1193764 -0.1122905
v 0.7467758 0.117286 -0.176203
v 0.7612054 0.1430972 -0.1079044
v 0.8001685 0.06302726 -0.1737501
v 0.7716977 0.01882095 -0.1901831
v 0.8020688 -0.003067955 -0.1754907
v 0.7030932 0.07510172 -0.1991231
v 0.6227764 0.1898136 -0.1775829
v 0.6470834 0.2216237 -0.1117672
v 0.503654 0.2702004 -0.1336268
v 0.490462 0.2479833 -0.178953
v 0.700462 0.1929023 -0.06780483
v 0.7137157 0.1837797 -0.04459193
v 0.6478403 0.2275081 -0.07463977
v 0.5100235 0.2805697 -0.09353428
v 0.4032483 0.290364 -0.1604528
v 0.398608 0.2813731 -0.1803529
v 0.4126472 0.3083034 -0.1137928
v 0.4126472 0.3083034 -0.1137928
v 0.4126472 0.3083034 3.151375E-08
v 0.5100236 0.2805697 3.455793E-08
v 0.6478403 0.2275081 3.826269E-08
v 0.7137157 0.1837797 3.923077E-08
v 0.772904 0.1347432 -0.09070092
v 0.772904 0.1347432 3.967452E-08
v 0.7874316 0.1193764 3.963783E-08
v -0.3605599 0.5763916 -0.1333633
v -0.7160946 0.4374748 -0.1308997
v -0.7183126 0.4703556 -0.1298119
v -0.3613395 0.6097852 -0.1332421
v -0.7183752 0.4770026 -0.1265595
v -0.3615387 0.6165174 -0.1302046
v -0.7147112 0.5188757 -0.07596917
v -0.4941876 0.604658 -0.07553867
v -0.7182043 0.5207494 -0.07193743
v -0.4952115 0.6074631 -0.07128566
v -0.491412 0.6089407 -0.0677157
v -0.3630148 0.6537971 -0.08666791
v -0.3631337 0.656798 -0.08316346
v -0.3611218 0.5884178 9.93542E-09
v -0.3611219 0.5884178 -0.01015974
v -0.3043947 0.5898746 -0.0101709
v -0.3043947 0.5898746 1.247872E-08
v 0.7717956 -0.1230527 -0.1192731
v 0.8235455 -0.05885835 3.342553E-08
v 0.7717956 -0.1230527 2.835746E-08
v 0.8235455 -0.05885835 -0.1224431
v 0.4145218 -0.14784 1.165704E-08
v 0.4145217 -0.1478399 -0.1840148
v 0.5974348 -0.1709851 -0.1409903
v 0.5974349 -0.1709851 1.864071E-08
v 0.7021332 -0.1423953 2.446692E-08
v 0.7717956 -0.1230527 -0.1192731
v 0.7717956 -0.1230527 2.835746E-08
v 0.7021331 -0.1423953 -0.1227474
v 0.5974348 -0.1709851 -0.1409903
v 0.2808163 -0.1178783 -0.1823938
v 0.2431731 -0.104038 -0.1571811
v 0.2431732 -0.104038 6.081791E-09
v 0.09172428 -0.08872479 -0.06214507
v 0.09172431 -0.0887248 1.311128E-10
v -0.215052 -0.0387256 -1.109297E-08
v -0.215052 -0.0387256 -0.07610374
v -0.4203613 -0.09307634 -2.244307E-08
v -0.4203614 -0.09307633 -0.08280171
v -0.6835145 -0.04566988 -3.187367E-08
v 0.09137555 -0.08584111 -0.162402
v -0.2043314 -0.08308034 -0.08884011
v -0.2046587 -0.07931663 -0.1971309
v -0.4210839 -0.08958198 -0.1857487
v -0.6835146 -0.04566986 -0.146781
v -0.7828141 0.0005882197 -0.1421318
v -0.782814 0.0005882072 -3.419217E-08
v -0.8022229 0.06643371 -3.216237E-08
v -0.8022229 0.06643372 -0.1450917
v -0.8024424 0.1158651 -0.145205
v -0.802751 0.1250064 -2.962515E-08
v -0.802751 0.1250064 -0.1373808
v -0.5883012 0.2657856 -0.201305
v -0.5720028 0.2697007 -0.2005387
v -0.5901583 0.2673778 -0.2035856
v -0.716431 0.1974529 -2.268525E-08
v -0.716431 0.1974529 -0.07639282
v -0.7384598 0.1909094 -0.0763929
v -0.7384598 0.1909094 -2.393419E-08
v -0.3118686 0.5493867 -0.1581009
v -0.3149622 0.5468324 1.013536E-08
v -0.3118685 0.5493867 1.038225E-08
v -0.2231228 0.5514074 -0.1535004
v -0.2231228 0.5514074 1.434978E-08
v -0.6410461 0.202834 -0.2042093
v -0.682873 -0.0448918 -0.1806264
v -0.7817538 0.001071183 -0.1806264
v -0.8012441 0.06687956 -0.1806264
v -0.8019302 0.1477266 -0.1798405
v -0.7947212 0.1607748 -0.1759439
v -0.6483007 0.2009339 -0.1980933
v 0.3479036 0.04945683 -0.2532221
v 0.4130963 -0.1449878 -0.2246729
v 0.2795475 -0.1150228 -0.2289229
v 0.2338129 -0.09853956 -0.1917038
v 0.09122416 -0.08458918 -0.2059273
v 0.04066361 0.1260127 -0.2447453
v -0.2047598 -0.07815497 -0.2397546
v -0.1622208 0.165208 -0.2434803
v -0.3475966 0.1599342 -0.256474
v -0.4213783 -0.08815876 -0.227678
v -0.5855846 0.2180132 -0.212953
v -0.6410461 0.202834 -0.2042093
v -0.590332 0.2636429 -0.1088451
v -0.5998232 0.263078 -0.1090337
v -0.591216 0.2191457 -0.08136418
v -0.6436251 0.2163898 -0.1096758
v -0.6449307 0.2034039 -0.1095513
v -0.6490471 0.209794 -0.1184617
v -0.6498087 0.2018884 -0.1189509
v -0.6478585 0.2087087 -0.1986109
v -0.6483007 0.2009339 -0.1980933
v 0.8405269 0.04041342 3.850712E-08
v 0.8405269 0.04041343 -0.108443
v 0.8266248 0.06250378 -0.07331298
v 0.8266248 0.06250376 3.886504E-08
v -0.3149622 0.5468324 1.013536E-08
v -0.3149622 0.5468324 -0.1577641
v -0.3161378 0.5054873 -0.149555
v -0.3161377 0.5054873 8.276738E-09
v -0.7276083 0.3947834 -0.1284548
v -0.7276081 0.3947834 -1.454823E-08
v -0.3161377 0.5054873 8.276738E-09
v -0.3215903 0.5040633 -0.1545056
v -0.3204106 0.5444912 -0.1625339
v -0.3149622 0.5468324 -0.1577641
v -0.5855846 0.2180132 -0.212953
v -0.5869402 0.2661981 -0.2098952
v -0.585407 0.2591337 -0.2165515
v 0.4032483 0.290364 -0.1604528
v 0.398608 0.2813731 -0.1803529
v 0.3733167 0.239298 -0.177582
v 0.4126472 0.3083034 -0.1137928
v 0.3733167 0.239298 2.677823E-08
v 0.4126472 0.3083034 -0.1137928
v 0.4126472 0.3083034 -0.1137928
v 0.4126472 0.3083034 3.151375E-08
v -0.7177193 0.2048941 -0.07727676
v -0.7177193 0.2048941 -2.241631E-08
v -0.7167366 0.207794 -2.224659E-08
v -0.7167366 0.207794 -0.07904453
v -0.7167366 0.207794 -2.224659E-08
v -0.6995857 0.2128886 -2.127421E-08
v -0.6995857 0.2128886 -0.07904454
v -0.6995857 0.2128886 -2.127421E-08
v -0.6971793 0.2109955 -2.125177E-08
v -0.6971793 0.2109955 -0.07727678
v -0.673456 0.2180424 -0.07727676
v -0.6724733 0.2209423 -0.07904454
v -0.6565205 0.225681 -0.09674052
v -0.7598019 0.1950017 -0.0967405
v -0.7438492 0.1997404 -0.07904453
v -0.7414427 0.1978472 -0.07727677
v -0.673456 0.2180424 -1.990676E-08
v -0.6724733 0.2209423 -1.973704E-08
v -0.6565205 0.225681 -1.88326E-08
v -0.6510898 0.2241952 -1.866015E-08
v -0.6510899 0.2241952 -0.09887004
v -0.6542137 0.2232684 -0.1023171
v -0.7604176 0.191721 -0.1023171
v -0.7635408 0.1907921 -0.09887002
v -0.7635406 0.1907921 -2.503562E-08
v -0.7598017 0.1950017 -2.46882E-08
v -0.7438492 0.1997404 -2.378375E-08
v -0.7414427 0.1978472 -2.376131E-08
v -0.5869402 0.2661981 -0.2098952
v -0.642467 0.3138879 -0.209383
v -0.5932077 0.2731691 -0.2161388
v -0.7173402 0.3820177 -0.1560998
v -0.7154021 0.3839002 -0.1570995
v -0.7192917 0.385784 -0.1665038
v -0.7198327 0.3754627 -0.1635982
v -0.7166196 0.3719066 -0.1809333
v -0.7149261 0.380644 -0.1913427
v -0.6441266 0.3122578 -0.1974152
v -0.5901583 0.2673778 -0.2035856
v -0.6941963 0.2040576 -0.07639289
v -0.6941963 0.2040576 -2.142465E-08
v -0.6721675 0.2106012 -2.01757E-08
v -0.6721676 0.2106012 -0.07639285
v 0.7972651 -0.05705613 -0.1360865
v 0.771744 -0.1229294 -0.1309784
v 0.7666932 -0.117277 -0.1383884
v 0.7901763 -0.05507153 -0.1436636
v 0.7971211 -0.05674121 -0.1238031
v 0.7717956 -0.1230527 -0.1192731
v 0.8080017 -0.008548304 -0.1354327
v 0.8006473 -0.007635199 -0.1430006
v 0.8069792 0.05860186 -0.1346207
v 0.7994746 0.05899498 -0.1433268
v 0.7985532 0.08735643 -0.09882131
v 0.7897907 0.09296524 -0.1021202
v 0.7897908 0.09296523 3.85865E-08
v 0.7985532 0.08735641 3.872434E-08
v 0.8001222 0.07947402 -0.09528303
v 0.8001222 0.07947401 3.844837E-08
v 0.8070674 0.0567887 -0.122903
v 0.8077936 -0.00886895 -0.1210031
v -0.7154021 0.3839002 -0.1570995
v -0.7173402 0.3820177 -0.1560998
v -0.72294 0.3780327 -0.1487888
v -0.7222754 0.3891242 -0.1515478
v -0.7279744 0.3808442 -0.1278352
v -0.7276083 0.3947834 -0.1284548
v -0.7279744 0.3808442 -1.517355E-08
v -0.7276081 0.3947834 -1.454823E-08
v -0.6908714 0.3922901 -0.1576635
v -0.7046013 0.4190409 -0.1793795
v -0.7047976 0.3804319 -0.2184987
v -0.6720566 0.3544123 -0.2016058
v -0.6682075 0.3962882 -0.2585076
v -0.608285 0.3393321 -0.2176025
v -0.5777181 0.4111947 -0.2088709
v -0.6459045 0.4460284 -0.2416076
v -0.5976495 0.427812 -0.1615898
v -0.669414 0.4585654 -0.1922941
v -0.669414 0.4585654 -0.1922941
v -0.5976495 0.427812 -0.1615898
v -0.6722553 0.4457219 -0.2024508
v -0.6968137 0.4200514 -0.1940261
v -0.6947458 0.3936428 -0.2192829
v -0.6689093 0.402992 -0.2433172
v -0.6550094 0.4351787 -0.2329142
v -0.6722553 0.4457219 -0.2024508
v -0.8241184 0.08024584 -0.198059
v -0.7662196 0.0494316 -0.2016508
v -0.7251738 0.1708254 -0.2048435
v -0.7823063 0.2003542 -0.2005164
v -0.7223977 0.1772983 -0.2120472
v -0.7795677 0.2067189 -0.2076837
v -0.7768945 0.2040732 -0.2607412
v -0.719191 0.1747355 -0.2650063
v -0.7768945 0.2040732 -0.2607412
v -0.719191 0.1747355 -0.2650063
v -0.7211443 0.1676506 -0.2717536
v -0.7789414 0.1970649 -0.2675562
v -0.8211057 0.07756107 -0.264501
v -0.7627156 0.04698756 -0.2678532
v -0.7653813 0.04015528 -0.2607786
v -0.823745 0.07096834 -0.2573107
v -0.8260748 0.07334076 -0.2048814
v -0.7680776 0.04250629 -0.2084138
v -0.6675787 0.5362675 -0.1202676
v -0.6475983 0.5277246 -0.1343193
v -0.647759 0.5210398 -0.1356418
v -0.6187458 0.5348107 -0.1324674
v -0.6243353 0.5387729 -0.1317864
v -0.6146595 0.5591607 -0.1117092
v -0.6210529 0.558364 -0.1152017
v -0.6395332 0.5697299 -0.09415775
v -0.6410328 0.566907 -0.1011499
v -0.6684949 0.555989 -0.09731919
v -0.6642963 0.5558587 -0.1036827
v -0.6726325 0.5316501 -0.1180445
v -0.6078599 0.09149241 -0.272011
v -0.7361439 0.150544 -0.2690075
v -0.7303005 0.1707236 -0.253574
v -0.6010979 0.1113772 -0.260936
v -0.7323063 0.1720406 -0.2209896
v -0.6032807 0.1123935 -0.2364139
v -0.7401031 0.1530696 -0.2039425
v -0.612084 0.09335848 -0.2230757
v -0.7704527 0.04510573 -0.2195664
v -0.6326902 0.06083129 -0.2343429
v -0.5522807 0.03670489 -0.2404747
v -0.5560084 0.06263883 -0.2287416
v -0.5480435 0.08583583 -0.242178
v -0.5367194 0.08372167 -0.2660412
v -0.5330613 0.05839557 -0.2770231
v -0.5409918 0.03527202 -0.2642279
v -0.6305832 0.06058874 -0.258785
v -0.7684913 0.04394707 -0.2520689
v -0.4947757 0.0295109 -0.2136229
v -0.5155032 0.02307559 -0.2105836
v -0.5522807 0.03670489 -0.2404747
v -0.6326902 0.06083129 -0.2343429
v -0.7704527 0.04510573 -0.2195664
v -0.5155032 0.02307559 -0.2105836
v -0.5350441 0.04918056 -0.2089226
v -0.5239387 0.07994168 -0.2111296
v -0.5033389 0.0862454 -0.2141374
v -0.4866866 0.06147899 -0.2158723
v -0.824746 0.02379882 -0.1881838
v -0.734275 -0.1102419 -0.04428966
v -0.7342787 -0.1102091 -0.1895768
v -0.8289745 0.02895206 -0.0436483
v -0.8368097 0.07532717 -0.04393013
v -0.8365566 0.0753692 -0.1396392
v -0.6675787 0.5362675 -0.1202676
v -0.6398434 0.5346802 -0.1036939
v -0.6475983 0.5277246 -0.1343193
v -0.6243353 0.5387729 -0.1317864
v -0.6210529 0.558364 -0.1152017
v -0.6410328 0.566907 -0.1011499
v -0.6642963 0.5558587 -0.1036827
v -0.6167227 0.5350406 -0.08849277
v -0.6187458 0.5348107 -0.1324674
v -0.6146595 0.5591607 -0.1117092
v -0.6195316 0.518276 -0.1026845
v -0.647759 0.5210398 -0.1356418
v -0.6394382 0.5088218 -0.104852
v -0.6726325 0.5316501 -0.1180445
v -0.6565357 0.5161321 -0.09282763
v -0.6684949 0.555989 -0.09731919
v -0.6537267 0.5328966 -0.07863589
v -0.6395332 0.5697299 -0.09415775
v -0.6338199 0.5423508 -0.07646822
v -0.6146595 0.5591607 -0.1117092
v -0.6167227 0.5350406 -0.08849277
v -0.566192 0.5762154 -0.1242654
v -0.5462115 0.5676724 -0.1383171
v -0.5463723 0.5609877 -0.1396396
v -0.5173591 0.5747586 -0.1364652
v -0.5229486 0.5787208 -0.1357842
v -0.5132728 0.5991086 -0.115707
v -0.5196662 0.5983119 -0.1191996
v -0.5381464 0.6096778 -0.09815554
v -0.539646 0.6068549 -0.1051477
v -0.5671081 0.5959369 -0.101317
v -0.5629095 0.5958066 -0.1076805
v -0.5712457 0.5715981 -0.1220422
v -0.8378234 0.01757867 -0.187627
v -0.7432339 -0.1206885 -0.1889495
v -0.7433107 -0.1207639 -0.04398647
v -0.8379658 0.01794932 -0.04341485
v -0.8457841 0.07342892 -0.04377663
v -0.8456259 0.07354055 -0.139293
v -0.7342787 -0.1102091 -0.1895768
v -0.7432339 -0.1206885 -0.1889495
v -0.8378234 0.01757867 -0.187627
v -0.824746 0.02379882 -0.1881838
v -0.8456259 0.07354055 -0.139293
v -0.8365566 0.0753692 -0.1396392
v -0.8457841 0.07342892 -0.04377663
v -0.8368097 0.07532717 -0.04393013
v -0.8289745 0.02895206 -0.0436483
v -0.8379658 0.01794932 -0.04341485
v -0.734275 -0.1102419 -0.04428966
v -0.7433107 -0.1207639 -0.04398647
v -0.7432339 -0.1206885 -0.1889495
v -0.7342787 -0.1102091 -0.1895768
v -0.4350123 0.5557518 -0.1240443
v -0.4286671 0.556789 -0.1087853
v -0.4264694 0.4755324 -0.1142953
v -0.4338436 0.4728049 -0.1477034
v -0.4571948 0.547446 -0.1227139
v -0.4559329 0.464051 -0.145523
v -0.4662086 0.5406086 -0.1084884
v -0.4650211 0.4604231 -0.1084884
v -0.566192 0.5762154 -0.1242654
v -0.5384567 0.5746281 -0.1076917
v -0.5462115 0.5676724 -0.1383171
v -0.5229486 0.5787208 -0.1357842
v -0.5196662 0.5983119 -0.1191996
v -0.539646 0.6068549 -0.1051477
v -0.5629095 0.5958066 -0.1076805
v -0.515336 0.5749885 -0.09249055
v -0.5173591 0.5747586 -0.1364652
v -0.5132728 0.5991086 -0.115707
v -0.518145 0.558224 -0.1066823
v -0.5463723 0.5609877 -0.1396396
v -0.5380514 0.5487697 -0.1088498
v -0.5712457 0.5715981 -0.1220422
v -0.555149 0.55608 -0.09682541
v -0.5671081 0.5959369 -0.101317
v -0.55234 0.5728445 -0.08263367
v -0.5381464 0.6096778 -0.09815554
v -0.5324332 0.5822987 -0.08046603
v -0.5132728 0.5991086 -0.115707
v -0.515336 0.5749885 -0.09249055
v -0.7798257 0.6238892 -6.816199E-09
v -0.7825372 0.5997761 -7.988738E-09
v -0.7825372 0.5997761 -0.1295128
v -0.7830288 0.6012583 -0.2047454
v -0.7804168 0.6254454 -0.2043174
v -0.7798258 0.6238892 -0.1317372
v -0.7925525 0.6391153 -6.70695E-09
v -0.7925525 0.6391153 -0.134774
v -1.022223 0.6330563 -1.701104E-08
v -1.022224 0.6330563 -0.1724127
v -1.03047 0.6487004 -0.2872576
v -0.7936241 0.6412462 -0.2109046
v -1.036214 0.6594504 -0.3638938
v -0.7862533 0.6068376 -0.274037
v -0.7838013 0.6314729 -0.273852
v -0.7972631 0.6468776 -0.278947
v -0.7984679 0.6487533 -0.3015207
v -0.7847797 0.6333408 -0.2951417
v -0.7872242 0.6093155 -0.2949984
v -0.7923772 0.6195678 -0.4176169
v -0.7897707 0.6441919 -0.4166519
v -0.8417845 0.6617905 -0.483476
v -0.8040893 0.658864 -0.4135777
v -1.041774 0.6660622 -0.3826812
v -0.8477675 0.6386606 -0.4921941
v -0.8862995 0.6753344 -0.5176614
v -0.8927788 0.6883103 -0.5031353
v -0.847964 0.6743214 -0.4692217
v -0.8916216 0.6517312 -0.5270209
v -0.9472279 0.7038152 -0.5253408
v -0.9387447 0.6900681 -0.5393998
v -0.9406355 0.6648159 -0.5479064
v -1.124987 0.7477545 -0.5426824
v -1.121852 0.7551725 -0.5400555
v -1.118837 0.7572449 -0.5359066
v -0.3151384 0.6406373 1.422802E-08
v -0.3057281 0.6408834 1.465009E-08
v -0.3057282 0.6408834 -0.01039642
v -0.3151385 0.6406373 -0.01039641
v -0.3053643 0.6269615 -0.02495849
v -0.3147745 0.6267155 -0.02495849
v -0.3053643 0.6269615 -0.02495849
v -0.3047994 0.6053565 -0.02524825
v -0.3043947 0.5898746 -0.0101709
v -0.3611219 0.5884178 -0.01015974
v -0.3615266 0.6038996 -0.02523695
v -0.3620915 0.6255047 -0.02494734
v -0.3147745 0.6267155 -0.02495849
v -0.5128708 0.6172496 -0.06554641
v -0.7145653 0.5371109 -0.06703533
v -0.7145653 0.537111 -7.756771E-09
v -0.719098 0.53531 -0.06277817
v -0.7190979 0.53531 -8.033621E-09
v -0.719098 0.53531 0.06277815
v -0.7145653 0.5371109 0.06703532
v -0.5128708 0.6172496 0.06554642
v -0.5128708 0.6172496 4.562539E-09
v -0.5081564 0.6191228 -0.06128616
v -0.5081564 0.6191228 4.85049E-09
v -0.5081564 0.6191228 -0.06128616
v -0.5081564 0.6191228 4.85049E-09
v -0.5037318 0.6184279 5.013521E-09
v -0.7214755 0.5318072 -8.290662E-09
v -0.7190979 0.53531 -8.033621E-09
v -0.719098 0.53531 -0.06277817
v -0.7214756 0.5318072 -0.0661081
v -0.7145653 0.5371109 -0.06703533
v -0.7175046 0.5333821 -0.06996492
v -0.5128708 0.6172496 -0.06554641
v -0.5079134 0.6167561 -0.06850326
v -0.5037319 0.6184279 -0.06460717
v -0.4914119 0.6089407 5.137344E-09
v -0.5037319 0.6184279 0.06460718
v -0.491412 0.6089407 0.06771571
v -0.721737 0.5193757 -8.845499E-09
v -0.721737 0.5193757 0.06840166
v -0.7214756 0.5318072 0.06610809
v -0.721737 0.5193757 -0.06840167
v -0.7182043 0.5207494 -0.07193743
v -0.4952115 0.6074631 -0.07128566
v -0.491412 0.6089407 -0.0677157
v -0.3631337 0.656798 -0.08316346
v -0.3615387 0.6165174 -0.1302046
v -0.3630148 0.6537971 -0.08666791
v -0.3584599 0.4865969 -0.1191475
v -0.3622325 0.6308989 -0.03020063
v -0.3585352 0.4894778 -0.1261052
v -0.3620915 0.6255047 -0.02494734
v -0.3111429 0.4878053 -0.1191475
v -0.3620915 0.6255047 -0.02494734
v -0.3584599 0.4865969 -0.1191475
v -0.3147745 0.6267155 -0.02495849
v -0.8357066 0.5603566 -0.3281229
v -0.7475606 0.4981415 -0.2797734
v -0.7612901 0.4741846 -0.2900063
v -0.8508387 0.5400477 -0.3390284
v -0.7813205 0.4660578 -0.2700866
v -0.8649375 0.5469899 -0.2972836
v -0.9874645 0.6478206 -0.3603426
v -0.9922292 0.6462998 -0.3869423
v -0.8689041 0.5317867 -0.3199687
v -0.77997 0.4849921 -0.2475426
v -0.9726089 0.6460428 -0.4074002
v -0.9312732 0.641611 -0.3807544
v -0.9332782 0.6414341 -0.3246422
v -0.8444204 0.5646471 -0.3023232
v -0.7591054 0.5048208 -0.2535294
v -0.6689093 0.402992 -0.2433172
v -0.6550094 0.4351787 -0.2329142
v -0.6722553 0.4457219 -0.2024508
v -0.8444204 0.5646471 -0.3023232
v -0.9332782 0.6414341 -0.3246422
v -0.7591054 0.5048208 -0.2535294
v -0.6722553 0.4457219 -0.2024508
v -0.6968137 0.4200514 -0.1940261
v -0.6947458 0.3936428 -0.2192829
v 0.02071544 0.05105463 -0.4486665
v 0.03368109 0.0969773 -0.3522221
v -0.1882523 0.1170141 -0.3716995
v -0.1773869 0.03346837 -0.4715538
v -0.3879522 0.1907585 -0.3057206
v -0.3475966 0.1599342 -0.256474
v -0.5855846 0.2180132 -0.212953
v -0.3313422 0.1178725 -0.4106175
v -0.1622208 0.165208 -0.2434803
v 0.04066361 0.1260127 -0.2447453
v 0.22432 0.04442258 -0.3302925
v 0.3479036 0.04945683 -0.2532221
v -0.3602202 0.7261547 -0.06706613
v -0.3601561 0.7225052 -0.07099656
v -0.3576769 0.7237127 -0.07341722
v -0.1617743 -0.01209827 -0.5267009
v -0.3146135 0.06201003 -0.462834
v -0.2981813 -0.0009626512 -0.5128895
v -0.2865823 -0.009729969 -0.5200538
v 0.112121 0.03074966 -0.4312149
v 0.22432 0.04442258 -0.3302925
v 0.03368109 0.0969773 -0.3522221
v 0.02071544 0.05105463 -0.4486665
v 0.00330569 0.007999234 -0.4932153
v -0.1773869 0.03346837 -0.4715538
v -0.1882523 0.1170141 -0.3716995
v -0.3313422 0.1178725 -0.4106175
v -0.1045712 0.6165699 -0.05344845
v -0.1053508 0.6642841 -0.05202695
v -0.1031432 0.6677138 -0.05468293
v -0.1031431 0.6677138 2.467817E-08
v -0.1053508 0.6642841 2.443176E-08
v -0.1045711 0.6165699 2.238018E-08
v -0.1021593 0.6137184 2.236095E-08
v -0.1021594 0.6137184 -0.05628667
v -0.3658453 0.5617514 -0.1104556
v -0.3605599 0.5763916 -0.1333633
v -0.3613307 0.5705555 -0.1296835
v 0.7971211 -0.05674121 -0.1238031
v 0.8235455 -0.05885835 -0.1224431
v 0.7717956 -0.1230527 -0.1192731
v 0.8384042 -0.01117164 -0.1196631
v 0.8077936 -0.00886895 -0.1210031
v 0.8405269 0.04041343 -0.108443
v 0.8065804 0.04060056 -0.1096231
v 0.8266248 0.06250378 -0.07331298
v 0.7923129 0.063279 -0.07356307
v 0.7923129 0.063279 3.739911E-08
v 0.8266248 0.06250376 3.886504E-08
v -0.5720028 0.2697007 -0.2005387
v -0.6254749 0.3192322 -0.193899
v -0.6441266 0.3122578 -0.1974152
v -0.5882432 0.2657854 -0.2038042
v -0.6911399 0.3864228 -0.1459735
v -0.7173402 0.3820177 -0.1560998
v -0.6916059 0.3918024 -0.1549221
v -0.7198327 0.3754627 -0.1635982
v -0.6888425 0.38425 -0.1612414
v -0.7166196 0.3719066 -0.1809333
v -0.686408 0.3814184 -0.1761277
v -0.6441266 0.3122578 -0.1974152
v -0.7173402 0.3820177 -0.1560998
v -0.72294 0.3780327 -0.1487888
v -0.6937286 0.3883743 -0.127559
v -0.7279744 0.3808442 -0.1278352
v -0.6937286 0.3883743 -1.334747E-08
v -0.7279744 0.3808442 -1.517355E-08
v -0.2145354 0.3262372 -0.06187487
v -0.2145354 0.3262372 4.882641E-09
v -0.1250119 0.5619343 1.909848E-08
v -0.1250119 0.5619343 -0.07822495
v -0.2071868 0.3266723 -0.1722129
v -0.1062618 0.5520257 -0.2082892
v -0.4424963 0.5992603 -0.1432468
v -0.4673698 0.6098707 -0.1256494
v -0.462316 0.614488 -0.1278726
v -0.4590335 0.6340792 -0.1112877
v -0.4632321 0.6342095 -0.1049241
v -0.43577 0.6451275 -0.1087549
v -0.4342704 0.6479504 -0.1017627
v -0.4157902 0.6365845 -0.1228067
v -0.4093968 0.6373813 -0.1193141
v -0.4190726 0.6169934 -0.1393913
v -0.4134831 0.6130313 -0.1400723
v -0.4423356 0.6059451 -0.1419243
v -0.3267252 0.5107632 -0.2188634
v -0.3206986 0.544592 -0.1657395
v -0.3118686 0.5493867 -0.1581009
v -0.2683468 0.5351961 -0.1915071
v -0.2231228 0.5514074 -0.1535004
v -0.2220856 0.4841879 -0.231071
v -0.3149622 0.5468324 1.013536E-08
v -0.3149622 0.5468324 -0.1577641
v -0.3204106 0.5444912 -0.1625339
v -0.7276083 0.3947834 -0.1284548
v -0.7222754 0.3891242 -0.1515478
v -0.5255406 0.4617249 -0.1721933
v -0.4412199 0.4879796 -0.1794788
v -0.4257022 0.4872647 -0.187452
v -0.3327464 0.4625573 -0.2551528
v -0.2673509 0.3910655 -0.2642046
v -0.21519 0.3633826 -0.2383189
v -0.2687275 0.3816798 -0.2594998
v -0.3400503 0.4208569 -0.2578633
v -0.3389125 0.4304816 -0.2624444
v -0.3777169 0.45251 -0.2470337
v -0.3861907 0.4467955 -0.2397939
v -0.4316144 0.4780767 -0.1848317
v -0.4415482 0.4789513 -0.1797361
v -0.5218002 0.4547688 -0.1745766
v -0.7154021 0.3839002 -0.1570995
v -0.6478585 0.2087086 0.1986108
v -0.6483007 0.2009338 0.1980933
v -0.6410461 0.202834 0.2042093
v -0.6415433 0.2151491 0.2056964
v -0.5855846 0.2180131 0.212953
v -0.5971079 0.26289 0.2045782
v -0.588107 0.2633337 0.204274
v -0.462316 0.614488 -0.1278726
v -0.4345807 0.6129007 -0.1112988
v -0.4423356 0.6059451 -0.1419243
v -0.4190726 0.6169934 -0.1393913
v -0.4157902 0.6365845 -0.1228067
v -0.43577 0.6451275 -0.1087549
v -0.4590335 0.6340792 -0.1112877
v -0.6771494 0.3119327 -0.04870224
v -0.6777979 0.3367282 -0.05897629
v -0.645036 0.3127723 -0.08378037
v -0.6780664 0.3469988 -0.08378021
v -0.6777979 0.3367282 -0.1085843
v -0.6771497 0.3119327 -0.1188585
v -0.6765014 0.2871372 -0.1085843
v -0.6762329 0.2768666 -0.08378021
v -0.6765014 0.2871372 -0.05897629
v -0.590351 0.2657925 0.1126181
v -0.5936288 0.2658036 -1.432969E-08
v -0.590332 0.2636429 0.1088451
v -0.591216 0.2191457 0.08136415
v -0.5939707 0.2207204 -1.631529E-08
v -0.6737859 0.3120207 -0.04122299
v -0.6729995 0.2819384 -0.05368775
v -0.5545668 0.2956744 -0.06432389
v -0.5550753 0.3151242 -0.0562648
v -0.6745723 0.3421029 -0.05368774
v -0.5555838 0.334574 -0.06432389
v -0.6748984 0.3545634 -0.08378021
v -0.5557947 0.3426304 -0.08378037
v -0.6745728 0.3421029 -0.1138728
v -0.6748984 0.3545634 -0.08378021
v -0.5557947 0.3426304 -0.08378037
v -0.5555841 0.334574 -0.1032369
v -0.6737862 0.3120207 -0.1263376
v -0.5550756 0.3151242 -0.1112959
v -0.6729998 0.2819384 -0.1138728
v -0.5545671 0.2956744 -0.1032369
v -0.672674 0.2694779 -0.08378022
v -0.5543565 0.287618 -0.08378037
v -0.41146 0.613261 -0.09609772
v -0.4134831 0.6130313 -0.1400723
v -0.4093968 0.6373813 -0.1193141
v -0.4142689 0.5964966 -0.1102895
v -0.4424963 0.5992603 -0.1432468
v -0.4341754 0.5870423 -0.112457
v -0.4673698 0.6098707 -0.1256494
v -0.451273 0.5943526 -0.1004326
v -0.4632321 0.6342095 -0.1049241
v -0.448464 0.6111171 -0.08624084
v -0.4342704 0.6479504 -0.1017627
v -0.4285572 0.6205713 -0.08407317
v -0.4093968 0.6373813 -0.1193141
v -0.41146 0.613261 -0.09609772
v -0.3701748 0.7234797 -0.06608432
v -0.3701747 0.7234797 1.544346E-08
v -0.369415 0.680189 1.358437E-08
v -0.369415 0.680189 -0.0698149
v -0.3694464 0.6819801 -0.07147843
v -0.3701342 0.7211661 -0.0685759
v -0.7967197 0.160782 -2.779772E-08
v -0.8048889 0.1475432 -2.873349E-08
v -0.8019302 0.1477266 0.1798405
v -0.7947212 0.1607748 0.1759439
v -0.6483007 0.2009338 0.1980933
v -0.6498087 0.2018884 0.1189508
v -0.6449307 0.2034038 0.1095513
v -0.5939707 0.2207204 -1.631529E-08
v -0.591216 0.2191457 0.08136415
v -0.8023158 0.1349534 -2.917133E-08
v -0.8023161 0.1349534 0.1529304
v -0.8021728 0.1252427 0.1590046
v -0.8012441 0.06687954 0.1806263
v -0.8018095 0.06662194 0.1600941
v -0.7817538 0.001071167 0.1806263
v -0.7824004 0.0007766151 0.1571479
v -0.6832282 -0.04532274 0.1618809
v -0.682873 -0.04489182 0.1806263
v -0.4211896 -0.0890706 0.2008145
v -0.7949685 0.1299137 -2.907048E-08
v -0.7949685 0.1299137 0.1422428
v -0.7947469 0.1185684 0.1526244
v -0.7945998 0.0676243 0.1523829
v -0.7769234 0.005570316 0.1494104
v -0.6811246 -0.03834377 0.1541234
v -0.4206679 -0.08184454 0.1930507
v -0.2047836 -0.0715593 0.2044271
v -0.2046983 -0.07886192 0.2121879
v 0.09188692 -0.07815456 0.1695302
v 0.09132315 -0.08540808 0.1774572
v 0.243033 -0.09560583 0.1641645
v 0.2391329 -0.1016647 0.1720824
v 0.2828276 -0.1102373 0.1899984
v 0.2803803 -0.116897 0.1983838
v -0.4213783 -0.08815878 0.2276779
v -0.2047598 -0.07815498 0.2397545
v 0.09122413 -0.08458919 0.2059273
v 0.2338129 -0.09853958 0.1917038
v 0.2795475 -0.1150228 0.2289229
v 0.4130963 -0.1449878 0.2246729
v 0.4139873 -0.1467707 0.1992577
v 0.5968937 -0.1683128 0.1722981
v 0.5971705 -0.1696798 0.1562821
v 0.7013295 -0.1410189 0.1636054
v 0.4154988 -0.1399254 0.1911481
v 0.5966616 -0.162878 0.1481165
v 0.700214 -0.134748 0.1299363
v 0.7020386 -0.1417439 0.1402407
v 0.7716259 -0.1226472 0.1577543
v 0.7667217 -0.1160851 0.1684643
v 0.700214 -0.134748 0.1299363
v 0.7666932 -0.117277 0.1383884
v 0.7716777 -0.1227706 0.1460489
v -0.6392832 0.2230632 0.1351001
v -0.6089783 0.2543153 0.1819891
v -0.610083 0.254322 0.132997
v -0.6150005 0.2492356 0.1263283
v -0.6344671 0.2284274 0.1275719
v -0.6385803 0.2224168 0.1816621
v -0.6336511 0.2275219 0.188792
v -0.6135738 0.2491848 0.1889441
v -0.6084255 0.2472408 0.1938701
v -0.6018551 0.2545718 0.1839295
v -0.603077 0.254567 0.1307254
v -0.6101295 0.247268 0.1211583
v -0.6324006 0.2234454 0.1225632
v -0.6390704 0.2160131 0.1329915
v -0.6382951 0.2153339 0.1836241
v -0.6313419 0.2225317 0.1936787
v -0.5901583 0.2673777 0.2035855
v -0.5883012 0.2657856 0.2013049
v -0.588107 0.2633337 0.204274
v -0.5869402 0.2661981 0.2098951
v -0.5855846 0.2180131 0.212953
v -0.215873 0.3100357 0.293087
v -0.2179957 0.3117952 0.281617
v -0.3540715 0.2946907 0.2803676
v -0.3556926 0.2903266 0.2907502
v -0.5869402 0.2661981 0.2098951
v -0.585407 0.2591336 0.2165515
v -0.5855846 0.2180131 0.212953
v -0.3839325 0.2051673 0.3139194
v -0.3291281 0.2324765 0.3460164
v -0.3276173 0.1309274 0.4188215
v -0.2983858 0.1535459 0.4147176
v -0.1994628 0.2523227 0.3451942
v -0.275758 0.08604026 0.4658498
v -0.1692088 0.1030509 0.4614991
v -0.3086874 0.07384199 0.4687078
v -0.3313422 0.1178724 0.4106175
v -0.3879523 0.1907585 0.3057206
v -0.5855846 0.2180131 0.212953
v -0.3146135 0.06200999 0.462834
v -0.2981813 -0.000962696 0.5128894
v -0.2865823 -0.009730015 0.5200537
v -0.1617743 -0.01209831 0.5267009
v -0.1607434 0.001289616 0.5301031
v -0.2831538 0.002254085 0.5223691
v -0.2945515 0.01139702 0.5151533
v 0.005461782 0.02201411 0.4960032
v 0.003305647 0.007999191 0.4932153
v 0.112121 0.03074962 0.4312149
v 0.1160508 0.04224849 0.4333232
v 0.2243199 0.04442255 0.3302926
v 0.2251096 0.05634225 0.3351732
v 0.3479035 0.0494568 0.2532221
v 0.3486339 0.06011785 0.2515289
v 0.5108134 0.05302489 0.2271536
v 0.2097857 0.08681887 0.3137861
v -0.01146346 0.1213594 0.4216275
v 0.08872572 0.1395125 0.3474129
v 0.1949872 0.1162507 0.2931328
v 0.3524565 0.07710603 0.2512949
v 0.5108134 0.05302489 0.2271536
v 0.3516048 0.08065567 0.2417085
v 0.5143601 0.05729818 0.2252111
v 0.6473318 -0.00975729 0.2147532
v 0.2041085 0.135451 0.2640562
v 0.07609144 0.182624 0.303874
v -0.02975577 0.1749143 0.3732147
v 0.2029743 0.1353827 0.2524751
v 0.06246508 0.2183279 0.2520643
v 0.06670428 0.217554 0.2635333
v -0.04723043 0.2260754 0.326966
v -0.1834742 0.1834572 0.4019278
v -0.06692758 0.2797601 0.2798327
v -0.07110131 0.281628 0.2686421
v 0.7956964 0.1017081 3.92268E-08
v 0.7897908 0.09296523 3.85865E-08
v 0.7897907 0.09296524 -0.1021202
v 0.797441 -0.05744091 -0.1510956
v 0.7716777 -0.1227706 -0.1460488
v 0.7716259 -0.1226472 -0.1577542
v 0.7901763 -0.05507153 -0.1436636
v 0.8006473 -0.007635199 -0.1430006
v 0.8082179 -0.008215052 -0.1504303
v 0.7994746 0.05899498 -0.1433268
v 0.8068509 0.06124271 -0.1516876
v 0.7956963 0.1017081 -0.1052636
v 0.7941273 0.1095905 3.950277E-08
v 0.7666932 -0.117277 -0.1383884
v 0.7975849 -0.05775584 -0.163379
v 0.7667217 -0.116085 -0.1684643
v 0.808426 -0.007894406 -0.1648598
v 0.8067627 0.06305585 -0.1634053
v 0.7941273 0.1095905 -0.1088018
v 0.7874316 0.1193764 3.963783E-08
v 0.7874316 0.1193764 -0.1122905
v 0.8001685 0.06302726 -0.1737501
v 0.8020688 -0.003067955 -0.1754907
v 0.7904053 -0.05770832 -0.1734802
v -0.6675787 0.5362675 0.1202676
v -0.6726325 0.5316501 0.1180444
v -0.647759 0.5210398 0.1356418
v -0.6475983 0.5277246 0.1343193
v -0.6187458 0.5348107 0.1324674
v -0.6243353 0.5387729 0.1317864
v -0.6146595 0.5591607 0.1117092
v -0.6210529 0.558364 0.1152017
v -0.6395332 0.5697299 0.09415774
v -0.6410328 0.566907 0.1011499
v -0.6684949 0.555989 0.09731918
v -0.6642963 0.5558587 0.1036827
v -0.6146595 0.5591607 0.1117092
v -0.6167227 0.5350406 0.08849275
v -0.6338199 0.5423508 0.07646821
v -0.6395332 0.5697299 0.09415774
v -0.6537267 0.5328966 0.07863588
v -0.6684949 0.555989 0.09731918
v -0.6565357 0.5161321 0.09282763
v -0.6726325 0.5316501 0.1180444
v -0.6394382 0.5088218 0.104852
v -0.647759 0.5210398 0.1356418
v -0.6195316 0.518276 0.1026845
v -0.6187458 0.5348107 0.1324674
v -0.6167227 0.5350406 0.08849275
v -0.6146595 0.5591607 0.1117092
v -0.566192 0.5762154 0.1242654
v -0.5712457 0.5715981 0.1220422
v -0.5463723 0.5609877 0.1396396
v -0.5462115 0.5676724 0.1383171
v -0.5173591 0.5747586 0.1364652
v -0.5229486 0.5787208 0.1357842
v -0.5132728 0.5991086 0.115707
v -0.5196662 0.5983119 0.1191996
v -0.5381464 0.6096778 0.09815554
v -0.539646 0.6068549 0.1051477
v -0.5671081 0.5959369 0.101317
v -0.5629095 0.5958066 0.1076805
v -0.5132728 0.5991086 0.115707
v -0.515336 0.5749885 0.09249055
v -0.5324332 0.5822987 0.08046603
v -0.5381464 0.6096778 0.09815554
v -0.55234 0.5728445 0.08263367
v -0.5671081 0.5959369 0.101317
v -0.555149 0.55608 0.09682541
v -0.5712457 0.5715981 0.1220422
v -0.5380514 0.5487697 0.1088498
v -0.5463723 0.5609877 0.1396396
v -0.518145 0.558224 0.1066823
v -0.5173591 0.5747586 0.1364652
v -0.515336 0.5749885 0.09249055
v -0.5132728 0.5991086 0.115707
v -0.7798258 0.6238892 0.1317372
v -0.7798257 0.6238892 -6.816199E-09
v -0.7925525 0.6391153 -6.70695E-09
v -0.7825372 0.5997761 0.1295127
v -0.7804168 0.6254454 0.2043173
v -0.7830288 0.6012583 0.2047454
v -0.7862533 0.6068375 0.274037
v -0.7838013 0.6314728 0.273852
v -0.7847797 0.6333408 0.2951417
v -0.7872242 0.6093155 0.2949984
v -0.7923772 0.6195678 0.4176168
v -0.7825372 0.5997761 -7.988738E-09
v -0.7897707 0.6441919 0.4166519
v -0.8417846 0.6617904 0.483476
v -0.7984679 0.6487533 0.3015207
v -0.7972631 0.6468776 0.278947
v -0.7936241 0.6412462 0.2109046
v -0.7925525 0.6391153 0.1347739
v -0.8040893 0.658864 0.4135777
v -1.022223 0.6330563 -1.701104E-08
v -1.022224 0.6330563 0.1724126
v -1.03047 0.6487004 0.2872576
v -1.036214 0.6594504 0.3638938
v -1.041774 0.6660622 0.3826812
v -0.847964 0.6743214 0.4692217
v -0.947228 0.7038152 0.5253408
v -1.118838 0.7572448 0.5359066
v -1.121852 0.7551724 0.5400554
v -0.8927789 0.6883102 0.5031353
v -0.8862996 0.6753343 0.5176614
v -0.9387448 0.6900679 0.5393998
v -1.124988 0.7477544 0.5426823
v -0.9406356 0.6648158 0.5479064
v -0.8916217 0.6517311 0.5270208
v -0.8477675 0.6386606 0.492194
v -1.022223 0.6330563 -1.701104E-08
v -1.025766 0.6214088 -1.767502E-08
v -1.025766 0.6214088 0.1726361
v -1.022224 0.6330563 0.1724126
v -1.033693 0.6359991 0.287054
v -1.03047 0.6487004 0.2872576
v -1.039406 0.6458895 0.3641641
v -1.036214 0.6594504 0.3638938
v -1.0444 0.6512914 0.3829221
v -1.041774 0.6660622 0.3826812
v -1.121852 0.7551724 0.5400554
v -1.124988 0.7477544 0.5426823
v -0.6254748 0.3192322 -1.338629E-08
v -0.6937286 0.3883743 -1.334747E-08
v -0.6937286 0.3883743 -0.127559
v -0.5720025 0.2697007 -1.321404E-08
v -0.6254749 0.3192322 -0.193899
v -0.5720028 0.2697007 -0.2005387
v -0.6888425 0.38425 -0.1612414
v -0.6911399 0.3864228 -0.1459735
v -0.6916059 0.3918024 -0.1549221
v -0.686408 0.3814184 -0.1761277
v -0.9406356 0.6648158 0.5479064
v -1.124988 0.7477544 0.5426823
v -1.0444 0.6512914 0.3829221
v -0.8916217 0.6517311 0.5270208
v -0.8477675 0.6386606 0.492194
v -0.7923772 0.6195678 0.4176168
v -0.7872242 0.6093155 0.2949984
v -0.7862533 0.6068375 0.274037
v -1.039406 0.6458895 0.3641641
v -0.7830288 0.6012583 0.2047454
v -1.033693 0.6359991 0.287054
v -0.7825372 0.5997761 0.1295127
v -1.025766 0.6214088 0.1726361
v -1.025766 0.6214088 -1.767502E-08
v -0.7825372 0.5997761 -7.988738E-09
v -0.5081564 0.6191228 0.06128617
v -0.5081564 0.6191228 4.85049E-09
v -0.5128708 0.6172496 4.562539E-09
v -0.5128708 0.6172496 0.06554642
v -0.09071432 0.582613 0.1843078
v -0.09071428 0.582613 2.150157E-08
v -0.08620529 0.5957087 2.227111E-08
v -0.08620533 0.5957087 0.1859054
v -0.09864608 0.6048881 2.212854E-08
v -0.09071428 0.582613 2.150157E-08
v -0.09071432 0.582613 0.1843078
v -0.1059174 0.5836356 0.1843917
v -0.1059174 0.5836356 2.088172E-08
v -0.1108346 0.5974409 2.127024E-08
v -0.1108347 0.5974409 0.1860269
v -0.09864613 0.6048881 0.1869459
v -0.09850264 0.5953881 0.2065445
v -0.08609247 0.5876495 0.2026279
v -0.09063081 0.576821 0.1963637
v -0.08570437 0.5600238 0.2287494
v -0.090258 0.5511761 0.2204143
v -0.1107031 0.5893222 0.2027701
v -0.1058256 0.5778174 0.1964573
v -0.09806386 0.5664259 0.2338584
v -0.1102489 0.5615184 0.2286547
v -0.1054129 0.5520699 0.2201804
v -0.090258 0.5511761 0.2204143
v -0.09063081 0.576821 0.1963637
v -0.369415 0.680189 1.358437E-08
v -0.3701747 0.7234797 1.544346E-08
v -0.3701748 0.7234797 0.06608435
v -0.369415 0.680189 0.06981492
v -0.05515264 0.5989443 2.376989E-08
v -0.05515266 0.5989443 0.04965691
v -0.05898686 0.5974273 0.04992957
v -0.1045712 0.6165699 0.05344849
v -0.1021594 0.6137184 0.05628671
v -0.1031432 0.6677138 0.05468298
v -0.1053508 0.6642841 0.05202699
v -0.1031431 0.6677138 2.467817E-08
v -0.1053508 0.6642841 2.443176E-08
v -0.1045711 0.6165699 2.238018E-08
v -0.1021593 0.6137184 2.236095E-08
v -0.0569139 0.62119 0.0809572
v -0.06099133 0.6213077 0.07968428
v -0.06043613 0.6749472 0.08241957
v -0.05643268 0.6751541 0.08366038
v -0.05617652 0.6794472 0.08572898
v -0.05777782 0.6936406 0.1029648
v -0.05830326 0.692332 0.09864933
v -0.1021082 0.667055 0.09813558
v -0.05411633 0.6926278 0.1029434
v -0.05462486 0.6913232 0.09862291
v -0.06015588 0.6792471 0.084491
v -0.10229 0.6138415 0.09581769
v -0.06084502 0.6167517 0.08112291
v -0.05676774 0.6166344 0.08239773
v -0.05543967 0.6003998 0.09474345
v -0.05935685 0.5989488 0.09465948
v -0.05891727 0.5965628 0.09866671
v -0.05500381 0.5980129 0.09875136
v -0.04047565 0.6537059 0.2228136
v -0.04422003 0.65301 0.2247276
v -0.04485223 0.5998408 0.2251414
v -0.04112179 0.6001991 0.2233026
v -0.04138087 0.5959797 0.2214528
v -0.08913229 0.5960367 0.2146744
v -0.10229 0.6138415 0.09581769
v -0.05891727 0.5965628 0.09866671
v -0.04732627 0.581166 0.2044771
v -0.04347949 0.5826899 0.2040146
v -0.04682929 0.5825325 0.2088439
v -0.04297777 0.584062 0.2083778
v -0.04510626 0.5956252 0.2232825
v -0.08890108 0.6489102 0.2144252
v -0.05500381 0.5980129 0.09875136
v -0.044345 0.657621 0.2230156
v -0.04567952 0.6754327 0.2084622
v -0.04061918 0.658313 0.2211068
v -0.04197043 0.6743439 0.2080477
v -0.04611007 0.6777911 0.2043922
v -0.04242156 0.6767099 0.2039794
v -0.21519 0.3633826 6.477712E-09
v -0.2231228 0.5514074 -0.1535004
v -0.2231228 0.5514074 1.434978E-08
v -0.1444178 0.2499768 4.61413E-09
v -0.1444178 0.2499768 -0.199286
v -0.21519 0.3633826 -0.2383189
v -0.2231228 0.5514074 -0.1535004
v -0.2220856 0.4841879 -0.231071
v -0.1444178 0.2499768 -0.199286
v -0.1444178 0.2499768 4.61413E-09
v 0.1932655 0.1367096 -0.1067967
v 0.1932655 0.1367096 1.442368E-08
v 0.3405309 0.2182901 -0.1060621
v 0.340531 0.2182901 2.442684E-08
v 0.7717956 -0.1230527 -0.1192731
v 0.7021331 -0.1423953 -0.1227474
v 0.771744 -0.1229294 -0.1309784
v 0.2431731 -0.104038 -0.1571811
v 0.09137555 -0.08584111 -0.162402
v 0.09188694 -0.07815455 -0.1695302
v 0.243033 -0.09560581 -0.1641644
v 0.2808163 -0.1178783 -0.1823938
v 0.2828276 -0.1102373 -0.1899984
v 0.4145217 -0.1478399 -0.1840148
v 0.4154988 -0.1399254 -0.1911481
v 0.5974348 -0.1709851 -0.1409903
v 0.5966616 -0.162878 -0.1481165
v 0.700214 -0.134748 -0.1299363
v 0.7666932 -0.117277 -0.1383884
v -0.7181042 0.4297739 0.1280672
v -0.7120827 0.4212685 0.1163924
v -0.3658453 0.5617514 0.1104557
v -0.7160946 0.4374748 0.1308997
v -0.3605599 0.5763916 0.1333633
v -0.6721676 0.2106012 -0.07639285
v -0.6721675 0.2106012 -2.01757E-08
v -0.673456 0.2180424 -1.990676E-08
v -0.673456 0.2180424 -0.07727676
v -0.6971793 0.2109955 -0.07727678
v -0.6941963 0.2040576 -0.07639289
v -0.6971793 0.2109955 -2.125177E-08
v -0.6941963 0.2040576 -2.142465E-08
v -0.7375829 0.4824496 0.08311293
v -0.7395371 0.485467 0.07254016
v -0.7323682 0.4242892 0.1130604
v -0.7280255 0.4269284 0.1232023
v -0.7235013 0.470473 0.125514
v -0.722672 0.4333643 0.1284038
v -0.7183126 0.4703556 0.1298118
v -0.7160946 0.4374748 0.1308997
v -0.7181042 0.4297739 0.1280672
v -0.7120827 0.4212685 0.1163924
v -0.7176417 0.4190129 0.1103181
v -0.7323682 0.4242892 -1.346656E-08
v -0.7395371 0.485467 -1.110575E-08
v -0.7176417 0.419013 -1.305348E-08
v -0.7183752 0.4770026 0.1265595
v -0.7240329 0.4769395 0.1211191
v -0.7235013 0.470473 0.125514
v -0.7147112 0.5188757 0.07596915
v -0.7202824 0.5166578 0.07395802
v -0.7182043 0.5207494 0.07193742
v -0.721737 0.5193757 0.06840166
v -0.7230912 0.5154855 0.06691661
v -0.721737 0.5193757 -8.845499E-09
v -0.7230911 0.5154855 -9.074729E-09
v -0.7378427 0.4926404 -1.071813E-08
v -0.7183126 0.4703556 0.1298118
v -0.7368058 0.4906284 0.07860374
v -0.7378427 0.4926404 0.06956124
v -0.7395371 0.485467 -1.110575E-08
v -0.7395371 0.485467 0.07254016
v -0.7375829 0.4824496 0.08311293
v -0.721737 0.5193757 0.06840166
v -0.7182043 0.5207494 0.07193742
v -0.7175046 0.5333821 0.06996491
v -0.7214756 0.5318072 0.06610809
v -0.5037318 0.6184279 5.013521E-09
v -0.5081564 0.6191228 4.85049E-09
v -0.5081564 0.6191228 0.06128617
v -0.5037319 0.6184279 0.06460718
v -0.5079134 0.6167561 0.06850328
v -0.5128708 0.6172496 0.06554642
v -0.7145653 0.5371109 0.06703532
v -0.719098 0.53531 0.06277815
v -0.7214755 0.5318072 -8.290662E-09
v -0.7190979 0.53531 -8.033621E-09
v -0.4952115 0.6074631 0.07128567
v -0.491412 0.6089407 0.06771571
v -0.716431 0.1974529 -0.07639282
v -0.716431 0.1974529 -2.268525E-08
v -0.7177193 0.2048941 -2.241631E-08
v -0.7177193 0.2048941 -0.07727676
v -0.7414427 0.1978472 -0.07727677
v -0.7384598 0.1909094 -0.0763929
v -0.7414427 0.1978472 -2.376131E-08
v -0.7384598 0.1909094 -2.393419E-08
v -0.04459803 0.6273444 0.008017519
v -0.04505803 0.6658732 0.008017519
v -0.04505774 0.6658496 0.03964591
v -0.04459774 0.6273195 0.04075332
v -0.04757896 0.6676115 0.04138923
v -0.04707674 0.6255465 0.0425452
v -0.04707675 0.6255469 0.006249754
v -0.04757895 0.6676111 0.006249754
v -0.7553068 0.177317 -0.246887
v -0.7899697 0.07898001 -0.2447048
v -0.791154 0.08040424 -0.2150446
v -0.2071868 0.3266723 0.1722129
v -0.1062618 0.5520257 0.2082892
v -0.1250119 0.5619343 0.07822499
v -0.2145354 0.3262372 0.06187488
v -0.1250119 0.5619343 1.909848E-08
v -0.2145354 0.3262372 4.882641E-09
v -0.4424963 0.5992603 0.1432468
v -0.4423356 0.6059451 0.1419243
v -0.462316 0.614488 0.1278726
v -0.4673698 0.6098707 0.1256494
v -0.4590335 0.6340792 0.1112877
v -0.4632321 0.6342095 0.1049242
v -0.43577 0.6451275 0.1087549
v -0.4342704 0.6479504 0.1017627
v -0.4157902 0.6365845 0.1228067
v -0.4093968 0.6373813 0.1193141
v -0.4190726 0.6169934 0.1393913
v -0.4134831 0.6130313 0.1400723
v -0.6737862 0.3120206 0.1263376
v -0.6745728 0.3421029 0.1138728
v -0.6777979 0.3367282 0.1085843
v -0.6780664 0.3469988 0.08378018
v -0.6748984 0.3545634 0.08378018
v -0.6777979 0.3367282 0.05897626
v -0.6745723 0.3421029 0.05368771
v -0.6771494 0.3119327 0.04870221
v -0.6737859 0.3120207 0.04122296
v -0.6765014 0.2871372 0.05897626
v -0.6729995 0.2819384 0.05368771
v -0.6762329 0.2768666 0.08378018
v -0.672674 0.2694779 0.08378018
v -0.6765014 0.2871372 0.1085843
v -0.6729998 0.2819384 0.1138728
v -0.6771497 0.3119327 0.1188585
v -0.791154 0.08040424 -0.2150446
v -0.7568455 0.179041 -0.2166588
v -0.7553068 0.177317 -0.246887
v -0.6729998 0.2819384 0.1138728
v -0.5545671 0.2956744 0.1032368
v -0.5550756 0.3151242 0.1112959
v -0.6737862 0.3120206 0.1263376
v -0.5555841 0.334574 0.1032368
v -0.6745728 0.3421029 0.1138728
v -0.5557947 0.3426304 0.08378036
v -0.6748984 0.3545634 0.08378018
v -0.6748984 0.3545634 0.08378018
v -0.5557947 0.3426304 0.08378036
v -0.5555838 0.334574 0.06432386
v -0.6745723 0.3421029 0.05368771
v -0.5550753 0.3151242 0.05626478
v -0.6737859 0.3120207 0.04122296
v -0.5545668 0.2956744 0.06432387
v -0.6729995 0.2819384 0.05368771
v -0.5543565 0.287618 0.08378036
v -0.672674 0.2694779 0.08378018
v 0.2358493 0.4720079 0.1746548
v 0.2313488 0.4844683 0.1775704
v 0.2255698 0.4775435 0.1972904
v 0.2309151 0.4661005 0.1914521
v 0.2081938 0.4560614 0.224121
v 0.1951078 0.4580936 0.2193763
v 0.2116872 0.4787201 0.1936553
v 0.1932388 0.4487669 0.2097863
v 0.2142765 0.4455312 0.2171031
v 0.2204252 0.4601604 0.1843853
v 0.2239582 0.4644235 0.1722985
v 0.2358493 0.4720079 3.094142E-08
v 0.2313488 0.4844683 3.128936E-08
v 0.2165888 0.4846427 0.1768267
v 0.2085922 0.4679423 0.1859265
v 0.2050402 0.4410176 0.2082112
v 0.2239582 0.4644236 3.009012E-08
v 0.2165889 0.4846427 3.065181E-08
v 0.2121106 0.4722121 0.1738243
v 0.2121105 0.4722121 2.991269E-08
v 0.2050402 0.4410176 0.2082112
v 0.2204252 0.4601604 0.1843853
v 0.2239582 0.4644235 0.1722985
v 0.2239582 0.4644236 3.009012E-08
v -0.8183615 0.08648976 -0.2132324
v -0.8219834 0.08370186 -0.2127094
v -0.8210589 0.08691918 -0.2095253
v -0.03857053 0.6570511 0.1445314
v -0.03896486 0.6195645 0.1439096
v -0.04292207 0.6250628 0.1078856
v -0.04258626 0.6626533 0.1093828
v -0.04563314 0.6234868 0.1062509
v -0.04523593 0.6646015 0.1080875
v -0.04082903 0.6586747 0.1467153
v -0.04128024 0.6176713 0.1457935
v -0.7818849 0.1912422 -0.2153077
v -0.7842182 0.1927613 -0.2116564
v -0.7829677 0.1956861 -0.2149796
v -0.09145792 0.6458926 0.2118543
v -0.1040961 0.6632081 0.1008781
v -0.1043391 0.6163067 0.09884458
v -0.09178641 0.5993239 0.2121004
v -0.08913229 0.5960367 0.2146744
v -0.08890108 0.6489102 0.2144252
v -0.1021082 0.667055 0.09813558
v -0.10229 0.6138415 0.09581769
v -0.7800044 0.1893254 -0.2520231
v -0.781029 0.1937325 -0.2528587
v -0.7819568 0.1904884 -0.2560318
v -0.3701748 0.7234797 0.06608435
v -0.3701342 0.7211661 0.06857593
v -0.3694464 0.6819801 0.07147846
v -0.369415 0.680189 0.06981492
v -0.491412 0.6089407 0.06771571
v -0.3631337 0.656798 0.08316348
v -0.3625576 0.6622141 0.1015856
v -0.4842629 0.6169301 0.08278869
v -0.4851761 0.6687783 0.07999832
v -0.3639053 0.7359279 0.09568713
v -0.3641932 0.743742 0.08098651
v -0.4853035 0.6763819 0.06724808
v -0.3641933 0.743742 1.65906E-08
v -0.4853035 0.6763819 8.352308E-09
v -0.4853035 0.6763819 -0.06724806
v -0.3641932 0.743742 -0.08098647
v -0.8168227 0.08488491 -0.2493629
v -0.8191578 0.08502478 -0.2533247
v -0.8203782 0.08205796 -0.2499791
v -0.7182043 0.5207494 0.07193742
v -0.4952115 0.6074631 0.07128567
v -0.5079134 0.6167561 0.06850328
v -0.7175046 0.5333821 0.06996491
v -0.3688872 0.4863597 5.13488E-09
v -0.3658453 0.5617514 8.56332E-09
v -0.3658453 0.5617514 0.1104557
v -0.3688872 0.4863597 0.1154167
v -0.7140744 0.3978008 0.1170987
v -0.7120827 0.4212685 0.1163924
v -0.7176417 0.4190129 0.1103181
v -0.7140744 0.3978008 -1.382476E-08
v -0.7176417 0.419013 -1.305348E-08
v -0.802751 0.1250064 -0.1373808
v -0.802751 0.1250064 -2.962515E-08
v -0.7949685 0.1299137 -2.907048E-08
v -0.7949685 0.1299137 -0.1422429
v -0.7947469 0.1185684 -0.1526245
v -0.8024424 0.1158651 -0.145205
v -0.8022229 0.06643372 -0.1450917
v -0.7945998 0.06762432 -0.1523829
v -0.7828141 0.0005882197 -0.1421318
v -0.8022229 0.06643372 -0.1450917
v -0.7945998 0.06762432 -0.1523829
v -0.7769234 0.005570329 -0.1494104
v -0.6835146 -0.04566986 -0.146781
v -0.6811246 -0.03834376 -0.1541234
v -0.4210839 -0.08958198 -0.1857487
v -0.4206679 -0.08184452 -0.1930507
v -0.2046587 -0.07931663 -0.1971309
v -0.2047835 -0.07155927 -0.2044271
v -0.6510899 0.2241952 -0.09887004
v -0.6510898 0.2241952 -1.866015E-08
v -0.6452197 0.2044342 -1.926735E-08
v -0.6452198 0.2044342 -0.1034501
v -0.6542137 0.2232684 -0.1023171
v -0.6480955 0.20358 -0.1065116
v -0.7604176 0.191721 -0.1023171
v -0.7547951 0.1718854 -0.1065115
v -0.7635408 0.1907921 -0.09887002
v -0.7576711 0.1710311 -0.10345
v -0.7576711 0.1710311 -2.564284E-08
v -0.7635406 0.1907921 -2.503562E-08
v -0.491412 0.6089407 0.06771571
v -0.3630148 0.6537971 0.08666793
v -0.3631337 0.656798 0.08316348
v -0.4941876 0.604658 0.07553867
v -0.4952115 0.6074631 0.07128567
v -0.7182043 0.5207494 0.07193742
v -0.7147112 0.5188757 0.07596915
v -0.3615387 0.6165174 0.1302047
v -0.7183752 0.4770026 0.1265595
v -0.3613395 0.6097852 0.1332421
v -0.7183126 0.4703556 0.1298118
v -0.3605599 0.5763916 0.1333633
v -0.7160946 0.4374748 0.1308997
v -0.3611218 0.5884178 9.93542E-09
v -0.3043947 0.5898746 1.247872E-08
v -0.3043947 0.5898746 0.01017092
v -0.3611219 0.5884178 0.01015977
v 0.8235455 -0.05885835 3.342553E-08
v 0.8235455 -0.05885835 0.1224432
v 0.7717956 -0.1230528 0.1192731
v 0.7717956 -0.1230527 2.835746E-08
v -0.3161377 0.5054873 8.276738E-09
v -0.7276081 0.3947834 -1.454823E-08
v -0.7276083 0.3947834 0.1284548
v -0.3161378 0.5054873 0.149555
v -0.3149622 0.5468324 1.013536E-08
v -0.3161377 0.5054873 8.276738E-09
v -0.3149623 0.5468324 0.1577641
v -0.3204106 0.5444912 0.1625339
v -0.3215903 0.5040633 0.1545056
v -0.7276083 0.3947834 0.1284548
v -0.7662196 0.0494316 -0.2016508
v -0.7680776 0.04250629 -0.2084138
v -0.7653813 0.04015528 -0.2607786
v -0.7627156 0.04698756 -0.2678532
v -0.7211443 0.1676506 -0.2717536
v -0.7251738 0.1708254 -0.2048435
v -0.719191 0.1747355 -0.2650063
v -0.7223977 0.1772983 -0.2120472
v 0.7923129 0.063279 0.07356314
v 0.7923129 0.063279 3.739911E-08
v 0.8001222 0.07947401 3.844837E-08
v 0.8001222 0.07947402 0.09528311
v 0.8070674 0.05678869 0.122903
v 0.8065804 0.04060056 0.1096232
v 0.8077936 -0.008868962 0.1210032
v -0.7055539 0.0217848 -0.1465284
v -0.5336906 -0.06946182 -0.1531948
v -0.7592038 -0.07582207 -0.1444886
v -0.808707 -0.006509539 -0.1438525
v -0.7055466 0.02211392 -0.08071818
v -0.8091083 -0.00609729 -0.07887018
v -0.7591701 -0.07581798 -0.07931437
v -0.5329599 -0.06980594 -0.0853705
v -0.716431 0.1974529 -2.268525E-08
v -0.7384598 0.1909094 -2.393419E-08
v -0.7384598 0.1909094 0.07639286
v -0.716431 0.1974529 0.07639278
v 0.7874316 0.1193764 0.1122905
v 0.7874316 0.1193764 3.963783E-08
v 0.772904 0.1347432 3.967452E-08
v 0.772904 0.1347432 0.090701
v 0.7137157 0.1837797 3.923077E-08
v 0.7904053 -0.05770834 0.1734803
v 0.7211407 -0.05542211 0.1982331
v 0.7667217 -0.1160851 0.1684643
v 0.7716977 0.01882093 0.1901831
v 0.8020688 -0.00306797 0.1754908
v 0.8001685 0.06302725 0.1737502
v 0.7467758 0.1172859 0.176203
v 0.7612054 0.1430972 0.1079045
v 0.7137157 0.1837797 0.04459201
v 0.6470834 0.2216236 0.1117673
v 0.700462 0.1929023 0.06780491
v 0.6478403 0.2275081 0.07463984
v 0.503654 0.2702004 0.1336269
v 0.6227764 0.1898136 0.177583
v 0.7030932 0.0751017 0.1991232
v 0.5100235 0.2805697 0.09353435
v 0.6478403 0.2275081 3.826269E-08
v 0.5100236 0.2805697 3.455793E-08
v 0.4126472 0.3083034 3.151375E-08
v 0.4126472 0.3083034 0.1137928
v 0.4032483 0.290364 0.1604528
v 0.490462 0.2479833 0.1789531
v 0.2197731 0.1690239 0.217043
v 0.207583 0.1439319 0.2521426
v 0.3596823 0.1479252 0.2198931
v 0.3264395 0.190451 0.208453
v 0.3769774 0.2363434 0.1990229
v 0.4530011 0.2050526 0.2020131
v 0.398608 0.2813731 0.180353
v 0.5202317 0.06565782 0.2300632
v 0.3538652 0.09091268 0.2451729
v 0.5870908 0.1421177 0.2024131
v 0.6473318 -0.00975729 0.2147532
v 0.5143601 0.05729818 0.2252111
v 0.3516048 0.08065567 0.2417085
v 0.06349041 0.252411 0.245473
v 0.06483278 0.2306732 0.2541995
v 0.2029743 0.1353827 0.2524751
v -0.217263 0.3223484 0.2846073
v -0.2179957 0.3117952 0.281617
v -0.07110131 0.281628 0.2686421
v -0.07057243 0.2935984 0.2721823
v 0.06246508 0.2183279 0.2520643
v -0.5932077 0.2731691 0.2161388
v -0.5869402 0.2661981 0.2098951
v -0.3540715 0.2946907 0.2803676
v -0.3555171 0.3042812 0.2870607
v -0.3560108 0.3430254 0.2850429
v -0.2163186 0.3546193 0.2681125
v -0.0753499 0.3198216 0.2641189
v -0.2151901 0.3633826 0.238319
v -0.2783612 0.3784767 0.2682388
v -0.3419898 0.4146674 0.2663932
v -0.3990969 0.4479446 0.2434894
v -0.7192917 0.385784 0.1665038
v -0.7149261 0.380644 0.1913427
v -0.5230747 0.4557569 0.1823076
v -0.5218002 0.4547688 0.1745766
v -0.4444184 0.4784002 0.1898717
v -0.4415482 0.4789513 0.1797361
v -0.4382422 0.4778549 0.1930346
v -0.4316144 0.4780767 0.1848317
v -0.3861907 0.4467955 0.2397939
v -0.3400503 0.4208568 0.2578633
v -0.2687275 0.3816798 0.2594998
v -0.2151901 0.3633826 0.238319
v -0.642467 0.3138879 0.209383
v -0.5932077 0.2731691 0.2161388
v -0.3555171 0.3042812 0.2870607
v -0.7591701 -0.07581798 -0.07931437
v -0.7592038 -0.07582207 -0.1444886
v -0.5336906 -0.06946182 -0.1531948
v -0.3112182 0.4906862 0.1261052
v -0.3111429 0.4878053 0.1191475
v -0.3147745 0.6267155 0.02495852
v -0.3149155 0.6321097 0.03021181
v -0.3153514 0.6487811 0.01226
v -0.3151385 0.6406373 0.01039644
v -0.3153513 0.6487811 1.457468E-08
v -0.3151384 0.6406373 1.422802E-08
v -0.5336906 -0.06946182 -0.1531948
v -0.5329599 -0.06980594 -0.0853705
v -0.7591701 -0.07581798 -0.07931437
v -0.3585352 0.4894778 0.1261052
v -0.3112182 0.4906862 0.1261052
v -0.3149155 0.6321097 0.03021181
v -0.3622325 0.6308989 0.03020066
v -0.3626683 0.6475703 0.01224854
v -0.3153514 0.6487811 0.01226
v -0.3626683 0.6475703 1.245346E-08
v -0.3153513 0.6487811 1.457468E-08
v -0.6518823 0.4153475 -0.137391
v -0.6609703 0.4117196 -0.1003562
v -0.6623992 0.4604088 -0.1003562
v -0.653385 0.4672462 -0.1145817
v -0.6297934 0.4241013 -0.1395713
v -0.6312029 0.4755521 -0.1159121
v -0.6226251 0.4773465 -0.1003562
v -0.6212084 0.4274554 -0.1003562
v 0.3405309 0.2182901 0.1060621
v 0.340531 0.2182901 2.442684E-08
v 0.1932655 0.1367096 1.442368E-08
v 0.1932655 0.1367096 0.1067968
v -0.1444178 0.2499768 4.61413E-09
v -0.1444179 0.2499768 0.199286
v 0.8405269 0.04041342 3.850712E-08
v 0.8266248 0.06250376 3.886504E-08
v 0.8266248 0.06250377 0.07331306
v 0.8405269 0.04041342 0.1084431
v 0.4126472 0.3083034 0.1137928
v 0.4126472 0.3083034 3.151375E-08
v 0.3733167 0.239298 2.677823E-08
v 0.3733167 0.239298 0.177582
v 0.4032483 0.290364 0.1604528
v 0.4126472 0.3083034 0.1137928
v 0.398608 0.2813731 0.180353
v -0.2231228 0.5514074 0.1535004
v -0.2220856 0.4841878 0.2310711
v -0.2151901 0.3633826 0.238319
v -0.21519 0.3633826 6.477712E-09
v -0.1444179 0.2499768 0.199286
v -0.1444178 0.2499768 4.61413E-09
v -0.2231228 0.5514074 1.434978E-08
v -0.5509187 0.4377232 -0.145523
v -0.5600069 0.4340954 -0.1084883
v -0.5609236 0.501316 -0.1084883
v -0.5519094 0.5081533 -0.1227139
v -0.5288301 0.4464771 -0.1477034
v -0.529727 0.5164592 -0.1240442
v -0.5211495 0.5182536 -0.1084883
v -0.5202447 0.4498311 -0.1084883
v -0.7177193 0.2048941 0.07727672
v -0.7167366 0.207794 0.07904449
v -0.7167366 0.207794 -2.224659E-08
v -0.7177193 0.2048941 -2.241631E-08
v -0.6995857 0.2128886 0.07904449
v -0.6995857 0.2128886 -2.127421E-08
v -0.7167366 0.207794 -2.224659E-08
v -0.6971793 0.2109955 0.07727674
v -0.6971793 0.2109955 -2.125177E-08
v -0.6995857 0.2128886 -2.127421E-08
v -0.673456 0.2180424 0.07727672
v -0.6724733 0.2209423 0.0790445
v -0.6565205 0.225681 0.09674048
v -0.7598019 0.1950017 0.09674045
v -0.7438492 0.1997404 0.07904448
v -0.7414427 0.1978472 0.07727673
v -0.7414427 0.1978472 -2.376131E-08
v -0.7438492 0.1997404 -2.378375E-08
v -0.7598017 0.1950017 -2.46882E-08
v -0.7635406 0.1907921 -2.503562E-08
v -0.7635408 0.1907921 0.09886997
v -0.7604176 0.191721 0.1023171
v -0.6542137 0.2232684 0.1023171
v -0.6510899 0.2241952 0.09887
v -0.6510898 0.2241952 -1.866015E-08
v -0.6565205 0.225681 -1.88326E-08
v -0.6724733 0.2209423 -1.973704E-08
v -0.673456 0.2180424 -1.990676E-08
v -0.3057282 0.6408834 -0.01039642
v -0.3057281 0.6408834 1.465009E-08
v -0.3043947 0.5898746 1.247872E-08
v -0.3043947 0.5898746 -0.0101709
v -0.3047994 0.6053565 -0.02524825
v -0.3053643 0.6269615 -0.02495849
v -0.6941963 0.2040576 0.07639285
v -0.6721676 0.2106012 0.07639281
v -0.6721675 0.2106012 -2.01757E-08
v -0.6941963 0.2040576 -2.142465E-08
v -0.7829677 0.1956861 0.2149795
v -0.7818849 0.1912422 0.2153076
v -0.7800044 0.1893254 0.252023
v -0.781029 0.1937324 0.2528586
v -0.8211057 0.07756105 0.2645009
v -0.7789414 0.1970649 0.2675562
v -0.7819568 0.1904884 0.2560318
v -0.7768945 0.2040732 0.2607411
v -0.7795677 0.2067189 0.2076836
v -0.7823063 0.2003542 0.2005164
v -0.7842182 0.1927613 0.2116563
v -0.8241184 0.08024582 0.1980589
v -0.7800044 0.1893254 0.252023
v -0.8168227 0.08488489 0.2493628
v -0.8191578 0.08502477 0.2533246
v -0.8203782 0.08205794 0.249979
v -0.823745 0.07096832 0.2573107
v -0.8260748 0.07334074 0.2048813
v -0.8219834 0.08370185 0.2127094
v -0.8210589 0.08691917 0.2095253
v -0.7818849 0.1912422 0.2153076
v -0.8183615 0.08648974 0.2132323
v -0.8168227 0.08488489 0.2493628
v -0.8183615 0.08648974 0.2132323
v 0.8266017 -0.0177343 3.535671E-08
v 0.8305714 0.008578434 3.66804E-08
v 0.8305714 0.008578434 0.06379583
v 0.8266017 -0.0177343 0.06727266
v 0.8297374 -0.0001955414 0.07251949
v 0.8309917 -0.009448795 0.07308701
v 0.8310083 -0.03364639 3.485379E-08
v 0.8266017 -0.0177343 3.535671E-08
v 0.8266017 -0.0177343 0.06727266
v 0.8310082 -0.03364639 0.07588414
v 0.8309917 -0.009448795 0.07308701
v 0.8381816 -0.01419186 0.09174951
v 0.8297374 -0.0001955414 0.07251949
v 0.8387347 0.006635094 0.09005506
v 0.8305714 0.008578434 0.06379583
v 0.8397755 0.0223401 0.07249599
v 0.8397755 0.0223401 3.768427E-08
v 0.8305714 0.008578434 3.66804E-08
v -0.3147745 0.6267155 -0.02495849
v -0.3111429 0.4878053 -0.1191475
v -0.3112182 0.4906862 -0.1261052
v -0.3149155 0.6321097 -0.03021178
v -0.3153514 0.6487811 -0.01225997
v -0.3151385 0.6406373 -0.01039641
v -0.3153513 0.6487811 1.457468E-08
v -0.3151384 0.6406373 1.422802E-08
v -0.8022229 0.06643371 0.1450916
v -0.7945998 0.0676243 0.1523829
v -0.7947469 0.1185684 0.1526244
v -0.8024424 0.1158651 0.1452049
v -0.802751 0.1250064 0.1373807
v -0.7949685 0.1299137 0.1422428
v -0.7949685 0.1299137 -2.907048E-08
v -0.802751 0.1250064 -2.962515E-08
v 0.2431731 -0.104038 0.1571811
v 0.243033 -0.09560583 0.1641645
v 0.09188692 -0.07815456 0.1695302
v 0.09137554 -0.08584112 0.162402
v -0.2047836 -0.0715593 0.2044271
v -0.2046588 -0.07931665 0.1971309
v -0.4206679 -0.08184454 0.1930507
v -0.4210839 -0.089582 0.1857487
v -0.6811246 -0.03834377 0.1541234
v -0.6835146 -0.04566988 0.146781
v -0.7769234 0.005570316 0.1494104
v -0.7828141 0.0005882072 0.1421318
v -0.7945998 0.0676243 0.1523829
v -0.8022229 0.06643371 0.1450916
v 0.771744 -0.1229294 0.1309785
v 0.7666932 -0.117277 0.1383884
v 0.700214 -0.134748 0.1299363
v 0.7021331 -0.1423954 0.1227475
v 0.5966616 -0.162878 0.1481165
v 0.5974348 -0.1709851 0.1409903
v 0.4154988 -0.1399254 0.1911481
v 0.4145217 -0.14784 0.1840149
v 0.2828276 -0.1102373 0.1899984
v 0.2808163 -0.1178784 0.1823938
v 0.7717956 -0.1230528 0.1192731
v -0.3149155 0.6321097 -0.03021178
v -0.3112182 0.4906862 -0.1261052
v -0.3585352 0.4894778 -0.1261052
v -0.3622325 0.6308989 -0.03020063
v -0.3626683 0.6475703 -0.01224851
v -0.3153514 0.6487811 -0.01225997
v -0.3626683 0.6475703 1.245346E-08
v -0.3153513 0.6487811 1.457468E-08
v 0.7972651 -0.05705614 0.1360866
v 0.7901763 -0.05507154 0.1436636
v 0.7666932 -0.117277 0.1383884
v 0.771744 -0.1229294 0.1309785
v 0.7971211 -0.05674122 0.1238032
v 0.7717956 -0.1230528 0.1192731
v 0.8070674 0.05678869 0.122903
v 0.8001222 0.07947402 0.09528311
v 0.7985532 0.08735641 0.09882139
v 0.8069792 0.05860185 0.1346208
v 0.8080017 -0.008548317 0.1354327
v 0.8077936 -0.008868962 0.1210032
v 0.8001222 0.07947401 3.844837E-08
v 0.7985532 0.08735641 3.872434E-08
v 0.7897908 0.09296523 3.85865E-08
v 0.7897907 0.09296523 0.1021203
v 0.7994746 0.05899497 0.1433268
v 0.8006473 -0.007635212 0.1430007
v 0.2214963 0.1746491 -0.2025052
v 0.3405309 0.2182901 -0.1060621
v 0.3227743 0.195956 -0.1904325
v 0.3733167 0.239298 -0.177582
v -0.21519 0.3633826 -0.2383189
v -0.1444178 0.2499768 -0.199286
v -0.08393156 0.3302724 -0.2418778
v 0.06489059 0.2585482 -0.2290076
v 0.2214963 0.1746491 -0.2025052
v 0.1932655 0.1367096 -0.1067967
v 0.3405309 0.2182901 -0.1060621
v -0.7192917 0.385784 0.1665038
v -0.7154021 0.3839002 0.1570995
v -0.7173402 0.3820177 0.1560998
v -0.7198327 0.3754627 0.1635982
v -0.7166196 0.3719066 0.1809333
v -0.7149261 0.380644 0.1913427
v -0.642467 0.3138879 0.209383
v -0.6441266 0.3122577 0.1974152
v -0.5869402 0.2661981 0.2098951
v -0.5901583 0.2673777 0.2035855
v -0.5932077 0.2731691 0.2161388
v -0.5976495 0.427812 0.1615897
v -0.669414 0.4585654 0.1922941
v -0.6459045 0.4460284 0.2416076
v -0.5777181 0.4111947 0.2088709
v -0.6682075 0.3962882 0.2585076
v -0.6947458 0.3936428 0.2192829
v -0.7047976 0.3804318 0.2184987
v -0.6689093 0.402992 0.2433172
v -0.6550094 0.4351786 0.2329142
v -0.6722553 0.4457219 0.2024508
v -0.608285 0.3393321 0.2176025
v -0.6720566 0.3544123 0.2016058
v -0.6908714 0.3922901 0.1576635
v -0.7046013 0.4190409 0.1793795
v -0.669414 0.4585654 0.1922941
v -0.6722553 0.4457219 0.2024508
v -0.6968137 0.4200514 0.1940261
v -0.5976495 0.427812 0.1615897
v -0.7251738 0.1708254 0.2048435
v -0.7223977 0.1772982 0.2120472
v -0.719191 0.1747355 0.2650063
v -0.7211443 0.1676506 0.2717536
v -0.7662196 0.04943158 0.2016507
v -0.7627156 0.04698753 0.2678531
v -0.7653813 0.04015526 0.2607785
v -0.7680776 0.04250627 0.2084137
v -0.7768945 0.2040732 0.2607411
v -0.719191 0.1747355 0.2650063
v -0.7223977 0.1772982 0.2120472
v -0.7795677 0.2067189 0.2076836
v -0.7823063 0.2003542 0.2005164
v -0.7251738 0.1708254 0.2048435
v -0.8241184 0.08024582 0.1980589
v -0.7662196 0.04943158 0.2016507
v -0.8260748 0.07334074 0.2048813
v -0.7680776 0.04250627 0.2084137
v -0.7653813 0.04015526 0.2607785
v -0.823745 0.07096832 0.2573107
v -0.8211057 0.07756105 0.2645009
v -0.7627156 0.04698753 0.2678531
v -0.7211443 0.1676506 0.2717536
v -0.7789414 0.1970649 0.2675562
v -0.7768945 0.2040732 0.2607411
v -0.719191 0.1747355 0.2650063
v -0.4021059 -0.03810219 0.2565285
v -0.4021059 -0.03810219 0.2241693
v -0.6564763 -0.1265059 0.2803334
v -0.6564763 -0.1265059 0.3126927
v -0.8203782 0.08205796 -0.2499791
v -0.8219834 0.08370186 -0.2127094
v -0.8183615 0.08648976 -0.2132324
v -0.8168227 0.08488491 -0.2493629
v -0.7818849 0.1912422 -0.2153077
v -0.8183615 0.08648976 -0.2132324
v -0.8210589 0.08691918 -0.2095253
v -0.7842182 0.1927613 -0.2116564
v -0.8241184 0.08024584 -0.198059
v -0.8260748 0.07334076 -0.2048814
v -0.823745 0.07096834 -0.2573107
v -0.8211057 0.07756107 -0.264501
v -0.8191578 0.08502478 -0.2533247
v -0.7819568 0.1904884 -0.2560318
v -0.7800044 0.1893254 -0.2520231
v -0.8168227 0.08488491 -0.2493629
v -0.7823063 0.2003542 -0.2005164
v -0.7829677 0.1956861 -0.2149796
v -0.7795677 0.2067189 -0.2076837
v -0.7768945 0.2040732 -0.2607412
v -0.781029 0.1937325 -0.2528587
v -0.7789414 0.1970649 -0.2675562
v -0.7800044 0.1893254 -0.2520231
v -0.7818849 0.1912422 -0.2153077
v 0.8001222 0.07947401 3.844837E-08
v 0.7923129 0.063279 3.739911E-08
v 0.7923129 0.063279 -0.07356307
v 0.8001222 0.07947402 -0.09528303
v 0.8070674 0.0567887 -0.122903
v 0.8065804 0.04060056 -0.1096231
v 0.8077936 -0.00886895 -0.1210031
v -0.07534988 0.3198216 -0.2641189
v -0.2163186 0.3546193 -0.2681125
v -0.21519 0.3633826 -0.2383189
v -0.08393156 0.3302724 -0.2418778
v 0.06349044 0.252411 -0.245473
v 0.06489059 0.2585482 -0.2290076
v 0.2197731 0.169024 -0.217043
v 0.2214963 0.1746491 -0.2025052
v 0.3264395 0.190451 -0.208453
v 0.3227743 0.195956 -0.1904325
v 0.3769774 0.2363435 -0.1990228
v 0.3733167 0.239298 -0.177582
v -0.4203614 -0.09307633 -0.08280171
v -0.2043314 -0.08308034 -0.08884011
v -0.215052 -0.0387256 -0.07610374
v 0.09172428 -0.08872479 -0.06214507
v 0.398608 0.2813731 -0.1803529
v 0.3769774 0.2363435 -0.1990228
v 0.3733167 0.239298 -0.177582
v -0.07655251 0.5601526 0.199286
v -0.1444179 0.2499768 0.199286
v -0.1444178 0.2499768 4.61413E-09
v -0.07655246 0.5601526 2.194925E-08
v 0.340531 0.2182901 2.442684E-08
v 0.3405309 0.2182901 0.1060621
v 0.3733167 0.239298 0.177582
v 0.3733167 0.239298 2.677823E-08
v -0.3569167 0.6803947 0.07662582
v -0.3576769 0.7237127 0.07341725
v -0.3579399 0.7386968 0.08233477
v -0.3566537 0.6654108 0.08776309
v -0.3639053 0.7359279 0.09568713
v -0.3625576 0.6622141 0.1015856
v -0.3631337 0.656798 0.08316348
v -0.3631337 0.6567979 1.283648E-08
v -0.3566537 0.6654108 1.34962E-08
v -0.3568292 0.6754092 0.0719951
v -0.3568291 0.6754092 1.392558E-08
v -0.3577644 0.7286983 0.06804796
v -0.3579398 0.7386968 1.664342E-08
v -0.3641933 0.743742 1.65906E-08
v -0.3641932 0.743742 0.08098651
v -0.3577644 0.7286983 1.621403E-08
v -0.3701748 0.7234797 0.06608435
v -0.3602202 0.7261547 0.06706616
v -0.3601561 0.7225052 0.07099659
v -0.3701342 0.7211661 0.06857593
v -0.3694464 0.6819801 0.07147846
v -0.3701747 0.7234797 1.544346E-08
v -0.3602201 0.7261547 1.599551E-08
v -0.3577644 0.7286983 1.621403E-08
v -0.3577644 0.7286983 0.06804796
v -0.3576769 0.7237127 0.07341725
v -0.3594321 0.6812532 0.07405214
v -0.369415 0.680189 0.06981492
v -0.3593727 0.677865 0.07090501
v -0.3593726 0.677865 1.392174E-08
v -0.3568291 0.6754092 1.392558E-08
v -0.3568292 0.6754092 0.0719951
v -0.3569167 0.6803947 0.07662582
v -0.369415 0.680189 1.358437E-08
v -0.03320652 0.6589732 0.206952
v -0.03389198 0.5991973 0.2067832
v -0.03282285 0.6074094 0.1996352
v -0.03769615 0.6137536 0.1554284
v -0.04603473 0.6153786 0.09626894
v -0.05643268 0.6751541 0.08366038
v -0.04543162 0.6753764 0.09906939
v -0.0569139 0.62119 0.0809572
v -0.05676774 0.6166344 0.08239773
v -0.05543967 0.6003998 0.09474345
v -0.05500381 0.5980129 0.09875136
v -0.04347949 0.5826899 0.2040146
v -0.04297777 0.584062 0.2083778
v -0.04138087 0.5959797 0.2214528
v -0.04112179 0.6001991 0.2233026
v -0.03805226 0.6607289 0.1488855
v -0.04047565 0.6537059 0.2228136
v -0.04061918 0.658313 0.2211068
v -0.04197043 0.6743439 0.2080477
v -0.04242156 0.6767099 0.2039794
v -0.05411633 0.6926278 0.1029434
v -0.05462486 0.6913232 0.09862291
v -0.05617652 0.6794472 0.08572898
v -0.04298011 0.6672273 0.1056513
v -0.04523593 0.6646015 0.1080875
v -0.04563314 0.6234868 0.1062509
v -0.04344129 0.621406 0.1034862
v -0.04128024 0.6176713 0.1457935
v -0.03856625 0.6150327 0.1477145
v -0.04082903 0.6586747 0.1467153
v -0.03719595 0.659393 0.1565988
v -0.03226962 0.6529241 0.1998128
v -0.03505041 0.6508618 0.19768
v -0.03945441 0.6567839 0.1590786
v -0.03988361 0.6158592 0.1581581
v -0.03553393 0.6100472 0.1976726
v 0.7935641 0.2788992 0.5496962
v 0.8043724 0.2558917 0.5555238
v 0.8211368 0.247415 0.4147284
v 0.8061437 0.2843513 0.4114936
v 0.8215578 0.2669641 0.2828207
v 0.8346224 0.2398077 0.285628
v 0.8261193 0.2379371 0.2757345
v 0.8125813 0.265681 0.2728487
v 0.7098059 0.22008 0.2651092
v 0.693602 0.272497 0.2605929
v 0.5868845 0.1826131 0.2549086
v 0.5684934 0.2364742 0.2500941
v 0.4564698 0.1420917 0.2983697
v 0.4825662 0.1076525 0.3010199
v 0.3922582 0.04259961 0.3468329
v 0.3968312 0.03276795 0.3485481
v 0.6636137 0.2883853 0.5569764
v 0.6626467 0.2695371 0.6257796
v 0.7679525 0.2771447 0.611034
v 0.7770119 0.2785041 0.6018304
v 0.7841073 0.2828214 0.5632402
v 0.6643293 0.2906337 0.5422629
v 0.5383907 0.2573141 0.53572
v 0.5380566 0.2549592 0.5504107
v 0.5400176 0.23289 0.6235414
v 0.4343577 0.1569488 0.5064109
v 0.4347738 0.1546582 0.5212807
v 0.439797 0.1425163 0.5633679
v 0.5415569 0.2269052 0.6301775
v -0.590332 0.2636429 0.1088451
v -0.591216 0.2191457 0.08136415
v -0.5998232 0.263078 0.1090337
v -0.6436251 0.2163897 0.1096758
v -0.6449307 0.2034038 0.1095513
v -0.6490471 0.209794 0.1184616
v -0.6498087 0.2018884 0.1189508
v -0.6478585 0.2087086 0.1986108
v -0.6483007 0.2009338 0.1980933
v -0.5855846 0.2180131 0.212953
v -0.585407 0.2591336 0.2165515
v -0.5869402 0.2661981 0.2098951
v -0.7899697 0.07898001 -0.2447048
v -0.8168227 0.08488491 -0.2493629
v -0.8183615 0.08648976 -0.2132324
v -0.791154 0.08040424 -0.2150446
v -0.7568455 0.179041 -0.2166588
v -0.7818849 0.1912422 -0.2153077
v -0.7800044 0.1893254 -0.2520231
v -0.7553068 0.177317 -0.246887
v 0.8266017 -0.01773429 -0.06727259
v 0.8309917 -0.009448788 -0.07308694
v 0.8297374 -0.000195535 -0.07251942
v 0.8305714 0.008578439 -0.06379577
v 0.8266017 -0.0177343 3.535671E-08
v 0.8305714 0.008578434 3.66804E-08
v -0.6675787 0.5362675 0.1202676
v -0.6475983 0.5277246 0.1343193
v -0.6398434 0.5346802 0.1036939
v -0.6243353 0.5387729 0.1317864
v -0.6210529 0.558364 0.1152017
v -0.6410328 0.566907 0.1011499
v -0.6642963 0.5558587 0.1036827
v 0.3479035 0.0494568 0.2532221
v 0.2795475 -0.1150228 0.2289229
v 0.4130963 -0.1449878 0.2246729
v 0.2338129 -0.09853958 0.1917038
v 0.09122413 -0.08458919 0.2059273
v 0.04066359 0.1260127 0.2447453
v -0.2047598 -0.07815498 0.2397545
v -0.1622208 0.1652079 0.2434803
v -0.3475966 0.1599342 0.256474
v -0.4213783 -0.08815878 0.2276779
v -0.682873 -0.04489182 0.1806263
v -0.5855846 0.2180131 0.212953
v -0.6410461 0.202834 0.2042093
v -0.6410461 0.202834 0.2042093
v -0.6483007 0.2009338 0.1980933
v -0.7947212 0.1607748 0.1759439
v -0.8019302 0.1477266 0.1798405
v -0.8012441 0.06687954 0.1806263
v -0.7817538 0.001071167 0.1806263
v -0.6468361 0.2119188 0.1961417
v -0.6413816 0.2175515 0.2025284
v -0.6313419 0.2225317 0.1936787
v -0.6382951 0.2153339 0.1836241
v -0.6479195 0.2129331 0.1209979
v -0.6390704 0.2160131 0.1329915
v -0.6324006 0.2234454 0.1225632
v -0.6432357 0.2186355 0.1130977
v -0.6003358 0.2653086 0.1128819
v -0.6101295 0.247268 0.1211583
v -0.603077 0.254567 0.1307254
v -0.598285 0.265281 0.2015688
v -0.6018551 0.2545718 0.1839295
v -0.6084255 0.2472408 0.1938701
v -0.6415433 0.2151491 0.2056964
v -0.5971079 0.26289 0.2045782
v -0.588107 0.2633337 0.204274
v -0.5883012 0.2657856 0.2013049
v -0.590351 0.2657925 0.1126181
v -0.590332 0.2636429 0.1088451
v -0.5998232 0.263078 0.1090337
v -0.6436251 0.2163897 0.1096758
v -0.6490471 0.209794 0.1184616
v -0.6478585 0.2087086 0.1986108
v -0.5883012 0.2657856 0.2013049
v -0.5901583 0.2673777 0.2035855
v -0.5720028 0.2697007 0.2005387
v -0.5722008 0.2714766 -1.314507E-08
v -0.590351 0.2657925 0.1126181
v -0.5936288 0.2658036 -1.432969E-08
v -0.566192 0.5762154 0.1242654
v -0.5462115 0.5676724 0.1383171
v -0.5384567 0.5746281 0.1076917
v -0.5229486 0.5787208 0.1357842
v -0.5196662 0.5983119 0.1191996
v -0.539646 0.6068549 0.1051477
v -0.5629095 0.5958066 0.1076805
v -0.7684913 0.04394705 0.2520688
v -0.7704527 0.04510571 0.2195664
v -0.6326903 0.06083127 0.2343429
v -0.6305833 0.06058872 0.258785
v -0.5522807 0.03670486 0.2404746
v -0.5409918 0.035272 0.2642278
v -0.5155032 0.02307557 0.2105836
v -0.4947757 0.02951088 0.2136229
v 0.8397755 0.0223401 3.768427E-08
v 0.8305714 0.008578434 3.66804E-08
v 0.8305714 0.008578439 -0.06379577
v 0.8397755 0.0223401 -0.07249592
v 0.8387347 0.006635102 -0.09005499
v 0.8297374 -0.000195535 -0.07251942
v 0.8381816 -0.01419185 -0.09174944
v 0.8309917 -0.009448788 -0.07308694
v 0.8310082 -0.03364639 -0.07588407
v 0.8266017 -0.01773429 -0.06727259
v 0.8310083 -0.03364639 3.485379E-08
v 0.8266017 -0.0177343 3.535671E-08
v -0.04696531 0.6770219 2.754065E-08
v -0.05637712 0.6949415 2.791254E-08
v -0.05637714 0.6949415 0.04701366
v -0.04510738 0.6700075 0.04369136
v -0.04696533 0.677022 0.05059395
v -0.05633553 0.6930398 0.05121545
v -0.05608907 0.6788191 0.06402448
v -0.05602457 0.6743519 0.06587394
v -0.05535712 0.6196052 0.06780615
v -0.04624768 0.6162423 0.05225588
v -0.05530725 0.6151661 0.0662128
v -0.05516456 0.6008971 0.05384351
v -0.05515266 0.5989443 0.04965691
v -0.04624766 0.6162423 2.491525E-08
v -0.05515264 0.5989443 2.376989E-08
v -0.04454884 0.6232266 2.529481E-08
v -0.04510722 0.6699911 2.731455E-08
v -0.04510719 0.6699911 0.00389938
v -0.04454887 0.6232266 0.00389938
v -0.04454906 0.6232425 0.04494419
v -0.04757896 0.6676115 0.04138923
v -0.04757895 0.6676111 0.006249754
v -0.04707674 0.6255465 0.0425452
v -0.04707675 0.6255469 0.006249754
v 0.8405269 0.04041342 3.850712E-08
v 0.8397755 0.0223401 3.768427E-08
v 0.8397755 0.0223401 -0.07249592
v 0.8405269 0.04041343 -0.108443
v 0.8387347 0.006635102 -0.09005499
v 0.8384042 -0.01117164 -0.1196631
v 0.8381816 -0.01419185 -0.09174944
v 0.8235455 -0.05885835 -0.1224431
v 0.8310082 -0.03364639 -0.07588407
v 0.8235455 -0.05885835 3.342553E-08
v 0.8310083 -0.03364639 3.485379E-08
v -0.3615387 0.6165173 1.114547E-08
v -0.3631337 0.6567979 1.283648E-08
v -0.3631337 0.656798 0.08316348
v -0.3615387 0.6165174 0.1302047
v -0.3613396 0.6097852 1.08599E-08
v -0.3613395 0.6097852 0.1332421
v -0.3605599 0.5763916 0.1333633
v -0.3605599 0.5763916 9.434298E-09
v -0.3613307 0.5705555 0.1296835
v -0.3613307 0.5705554 9.145506E-09
v -0.3658453 0.5617514 0.1104557
v -0.3658453 0.5617514 8.56332E-09
v -1.121852 0.7551725 -0.5400555
v -1.124987 0.7477545 -0.5426824
v -1.0444 0.6512914 -0.3829221
v -1.041774 0.6660622 -0.3826812
v -1.036214 0.6594504 -0.3638938
v -1.039406 0.6458895 -0.3641641
v -1.03047 0.6487004 -0.2872576
v -1.033693 0.6359991 -0.2870541
v -1.022224 0.6330563 -0.1724127
v -1.025766 0.6214088 -0.1726362
v -1.022223 0.6330563 -1.701104E-08
v -1.025766 0.6214088 -1.767502E-08
v -0.1195012 0.5692984 0.1783095
v -0.1195012 0.5692984 1.966126E-08
v -0.1290243 0.5978496 2.049301E-08
v -0.2577354 0.2831506 0.207954
v -0.249381 0.2823105 0.2228278
v -0.1694092 0.5604422 0.2338968
v -0.1391913 0.5517169 0.2346115
v -0.1319939 0.583986 0.2126645
v -0.1213386 0.5607078 0.2002796
v -0.1290243 0.5978496 0.1786627
v -0.1594295 0.6066507 1.954866E-08
v -0.1594295 0.6066507 0.1783014
v -0.1801825 0.5865673 1.776365E-08
v -0.2312523 0.2782732 0.2227323
v -0.1256346 0.5413967 0.2126966
v -0.2216238 0.2750721 0.2061623
v -0.1860399 0.5587986 0.2113974
v -0.1724376 0.5483779 0.1894399
v -0.2481546 0.2799482 0.1914533
v -0.1623677 0.5926317 0.2123206
v -0.1819845 0.5777606 0.1995702
v -0.1801825 0.5865673 0.1776702
v -0.1712262 0.5542523 0.1860898
v -0.1422504 0.5397021 0.1900258
v -0.170532 0.5577061 0.1764856
v -0.1409544 0.5458463 0.1864743
v -0.1256346 0.5413967 0.2126966
v -0.2216238 0.2750721 0.2061623
v -0.2301722 0.2759071 0.190797
v -0.170532 0.5577061 1.692391E-08
v -0.1402569 0.5492384 1.787715E-08
v -0.1402569 0.5492385 0.1768816
v -0.1213386 0.5607078 0.2002796
v -0.1195012 0.5692984 1.966126E-08
v -0.1195012 0.5692984 0.1783095
v 0.3097245 0.3943346 0.2186509
v 0.3167253 0.4044039 0.2023636
v 0.2852622 0.4288488 0.2066282
v 0.2792796 0.4166408 0.2239994
v 0.1405302 0.496175 0.2351063
v 0.145816 0.5111147 0.2152648
v 0.2779859 0.4240655 0.1856362
v 0.1395035 0.5048332 0.1934264
v 0.2647229 0.4070285 0.1816485
v 0.1279377 0.4835592 0.1910789
v -0.03022875 0.546293 0.1952056
v -0.01998661 0.5722567 0.1976352
v -0.05718447 0.5530285 0.1962851
v 0.3079871 0.4013863 0.183473
v 0.2922629 0.3882522 0.1806431
v 0.3301878 0.3726017 0.1794287
v 0.3123958 0.3643043 0.1781012
v 0.3401562 0.3732113 0.1962693
v 0.3323144 0.3655557 0.2119656
v 0.3145368 0.3572098 0.2099951
v 0.2940241 0.3811477 0.2159745
v 0.2660472 0.399546 0.2203631
v 0.1289689 0.474838 0.2326385
v 0.3045868 0.3565677 0.1929353
v 0.2853003 0.3780821 0.1967367
v 0.2587661 0.3947161 0.1988841
v 0.1226852 0.4685008 0.2098676
v 0.3756115 0.206139 0.1431941
v 0.3673406 0.2018491 0.1548025
v 0.3219009 0.3316867 0.1857082
v 0.3293513 0.3362961 0.1733375
v 0.3123958 0.3643043 0.1781012
v 0.2922629 0.3882522 0.1806431
v 0.2647229 0.4070285 0.1816485
v 0.1279377 0.4835592 0.1910789
v 0.3930836 0.2098702 0.1466998
v 0.3756115 0.206139 0.1431941
v 0.3293513 0.3362961 0.1733375
v 0.345585 0.3401807 0.1744613
v 0.4023255 0.2093124 0.1626115
v 0.3544018 0.33955 0.1885126
v 0.3941582 0.2050251 0.1759086
v 0.3469505 0.3350061 0.2014625
v 0.3766595 0.2012933 0.1718919
v 0.3307027 0.3310552 0.1997982
v -0.3631337 0.656798 0.08316348
v -0.3630148 0.6537971 0.08666793
v -0.3615387 0.6165174 0.1302047
v -0.05869467 0.5821503 0.199094
v -0.08036539 0.5482155 0.1958255
v -0.09778377 0.5742732 0.198604
v -0.09669671 0.5322554 0.1926584
v -0.1231105 0.5496017 0.1945812
v -0.2115842 0.2724204 0.1553782
v -0.239199 0.2838598 0.1559007
v -0.1366419 0.5526637 0.2178678
v -0.2535103 0.2831641 0.1841319
v -0.1237128 0.538274 0.2392836
v -0.2404597 0.2710224 0.2114805
v -0.03476247 0.5281529 0.2173447
v -0.02909792 0.5360962 0.2418155
v -0.0564656 0.5428368 0.2428455
v -0.05797378 0.5719689 0.2450738
v -0.09738893 0.5638527 0.2447106
v -0.1063208 0.5821555 0.2228093
v -0.05909108 0.5916319 0.2232195
v -0.0142869 0.5801337 0.2216329
v -0.01886418 0.5621127 0.2436728
v -0.0799816 0.5378441 0.2417806
v -0.05607115 0.5333778 0.2180271
v -0.03022875 0.546293 0.1952056
v -0.09732512 0.5210152 0.2375454
v -0.07149524 0.5300898 0.2171139
v -0.05718447 0.5530285 0.1962851
v -0.08384055 0.5180594 0.214213
v -0.08036539 0.5482155 0.1958255
v -0.09669671 0.5322554 0.1926584
v -0.2126583 0.2595879 0.2104251
v -0.1982781 0.2602854 0.1823382
v -0.2115842 0.2724204 0.1553782
v -0.3658453 0.5617514 0.1104557
v -0.3613307 0.5705555 0.1296835
v -0.3605599 0.5763916 0.1333633
v -0.04167285 0.3949478 0.2120522
v -0.02738968 0.4092625 0.2131667
v -0.03127069 0.4157543 0.2265645
v -0.04671546 0.403384 0.2295557
v -0.0405654 0.4276881 0.2285541
v -0.058801 0.4189069 0.2320969
v -0.04597892 0.4331295 0.21714
v -0.06584282 0.4259925 0.21711
v -0.0420792 0.4265988 0.2042323
v -0.06076827 0.4174903 0.2004314
v 0.1019819 0.4910043 0.21158
v 0.09674617 0.4997092 0.2269565
v 0.08415982 0.5156758 0.2253925
v 0.0768082 0.5229342 0.2087461
v 0.0820719 0.5141565 0.1935795
v 0.09465968 0.4981938 0.1949509
v -0.0327848 0.4146656 0.2022615
v -0.04868352 0.4019684 0.1979428
v -0.2265216 0.2958874 0.2249097
v -0.2351004 0.305263 0.2021398
v -0.2276066 0.2936086 0.1789191
v -0.2113732 0.2725567 0.1793459
v -0.0327848 0.4146656 0.2022615
v 0.09465968 0.4981938 0.1949509
v -0.04868352 0.4019684 0.1979428
v -0.2113732 0.2725567 0.1793459
v -0.2027567 0.2631722 0.2035663
v -0.2104062 0.2748493 0.224943
v -0.4093968 0.6373813 0.1193141
v -0.41146 0.613261 0.09609774
v -0.4285572 0.6205713 0.08407319
v -0.4342704 0.6479504 0.1017627
v -0.448464 0.6111171 0.08624085
v -0.4632321 0.6342095 0.1049242
v -0.451273 0.5943526 0.1004326
v -0.4673698 0.6098707 0.1256494
v -0.4341754 0.5870423 0.112457
v -0.4424963 0.5992603 0.1432468
v -0.4142689 0.5964966 0.1102895
v -0.4134831 0.6130313 0.1400723
v -0.41146 0.613261 0.09609774
v -0.4093968 0.6373813 0.1193141
v 0.1878743 -0.09518997 0.2408019
v 0.1882716 -0.103975 0.2075693
v 0.2275502 -0.08769836 0.2035325
v -0.1080921 -0.1060649 0.2781171
v -0.1045831 -0.08107264 0.2849051
v -0.1331034 -0.07258528 0.2868155
v -0.1235128 -0.05321787 0.2695018
v -0.1379363 -0.03601221 0.2719335
v -0.152766 -0.04910498 0.2901064
v -0.1463128 -0.09434333 0.2805919
v -0.1728798 -0.0630352 0.2851262
v -0.153517 -0.1027435 0.255999
v -0.1835308 -0.06755625 0.2609938
v -0.1104285 -0.1160724 0.2530873
v -0.3087561 0.1819374 0.3187714
v -0.3225982 0.1757639 0.2843002
v -0.2755011 0.1966259 0.3176549
v -0.2450786 0.211973 0.2796633
v -0.2688183 0.1966289 0.234328
v -0.1584078 -0.04627134 0.2380611
v -0.1374079 -0.07144636 0.2344611
v -0.1024814 -0.05949928 0.2680889
v 0.1855014 -0.07286308 0.2506621
v 0.2240112 -0.08147836 0.2363735
v 0.2518301 -0.05212544 0.2054507
v 0.2132442 -0.06392853 0.1790107
v 0.2329743 -0.03840002 0.1833915
v 0.2979949 0.07086646 0.229697
v 0.3169562 0.06244553 0.2528564
v 0.2470989 -0.0494598 0.2372582
v 0.2143454 -0.06476866 0.2472187
v 0.1825607 -0.05362768 0.2289851
v -0.1067143 -0.08053003 0.2324828
v 0.3072665 0.05253506 0.2768057
v 0.2338888 -0.04035105 0.2477842
v 0.2055956 -0.04965536 0.2272654
v 0.183273 -0.07243153 0.1798611
v 0.2943115 0.05561978 0.2811959
v 0.222233 -0.03160343 0.2285667
v 0.2132442 -0.06392853 0.1790107
v 0.2887861 0.07612169 0.2613563
v 0.2329743 -0.03840002 0.1833915
v 0.2979949 0.07086646 0.229697
v -0.462316 0.614488 0.1278726
v -0.4423356 0.6059451 0.1419243
v -0.4345807 0.6129007 0.1112988
v -0.4190726 0.6169934 0.1393913
v -0.4157902 0.6365845 0.1228067
v -0.43577 0.6451275 0.1087549
v -0.4590335 0.6340792 0.1112877
v -0.2688183 0.1966289 0.234328
v -0.1584078 -0.04627134 0.2380611
v -0.1374079 -0.07144636 0.2344611
v -0.1067143 -0.08053003 0.2324828
v 0.183273 -0.07243153 0.1798611
v -0.6210077 -0.1789945 -0.6399997
v -0.6351498 -0.1648523 -0.6199997
v -0.6091371 -0.1259215 -0.6199997
v -0.5906596 -0.1335752 -0.6399997
v -0.6000026 -0.07999955 -0.6199996
v -0.5800027 -0.07999954 -0.6399997
v -0.6091371 -0.0340775 -0.6199996
v -0.5906596 -0.02642383 -0.6399997
v -0.6351499 0.004853296 -0.6199996
v -0.6210078 0.01899545 -0.6399996
v -0.6740807 0.030866 -0.6199994
v -0.666427 0.0493436 -0.6399994
v -0.7200027 0.04000046 -0.6199993
v -0.7200027 0.06000046 -0.6399994
v -0.7659247 0.03086598 -0.6199993
v -0.7735784 0.04934359 -0.6399993
v -0.8048555 0.004853258 -0.6199992
v -0.8189976 0.0189954 -0.6399992
v -0.8308682 -0.03407756 -0.6199992
v -0.8493457 -0.02642387 -0.6399992
v -0.8400027 -0.07999957 -0.6199992
v -0.8600026 -0.07999956 -0.6399992
v -0.8308682 -0.1259216 -0.6199993
v -0.8493457 -0.1335752 -0.6399992
v -0.8048555 -0.1648524 -0.6199993
v -0.8189976 -0.1789945 -0.6399993
v -0.7659247 -0.1908651 -0.6199995
v -0.7735783 -0.2093427 -0.6399994
v -0.7200027 -0.1999995 -0.6199995
v -0.7200027 -0.2199995 -0.6399996
v -0.6740807 -0.1908651 -0.6199996
v -0.666427 -0.2093426 -0.6399995
v -0.67408 0.03086588 0.6200003
v -0.6351493 0.004853172 0.6200004
v -0.6210071 0.01899531 0.6400005
v -0.590659 -0.02642397 0.6400005
v -0.6091365 -0.03407763 0.6200004
v -0.5800021 -0.07999967 0.6400005
v -0.6000021 -0.07999967 0.6200004
v -0.5906589 -0.1335753 0.6400005
v -0.6091365 -0.1259216 0.6200004
v -0.6210071 -0.1789946 0.6400005
v -0.6351492 -0.1648525 0.6200004
v -0.6664264 -0.2093428 0.6400003
v -0.67408 -0.1908652 0.6200003
v -0.7200021 -0.2199997 0.6400003
v -0.7200021 -0.1999997 0.6200003
v -0.7735777 -0.2093428 0.6400003
v -0.765924 -0.1908652 0.6200003
v -0.818997 -0.1789946 0.6400003
v -0.8048549 -0.1648525 0.6200003
v -0.8493451 -0.1335754 0.6400003
v -0.8308676 -0.1259217 0.6200003
v -0.860002 -0.07999969 0.6400003
v -0.8400021 -0.07999969 0.6200003
v -0.8493451 -0.02642401 0.6400003
v -0.8308676 -0.03407768 0.6200003
v -0.818997 0.01899527 0.6400003
v -0.8048549 0.004853143 0.6200003
v -0.7735778 0.04934345 0.6400003
v -0.765924 0.03086586 0.6200003
v -0.7200021 0.06000032 0.6400003
v -0.7200021 0.04000032 0.6200003
v -0.6664264 0.04934347 0.6400003
v -0.6771494 0.3119327 0.04870221
v -0.645036 0.3127723 0.08378034
v -0.6777979 0.3367282 0.05897626
v -0.6780664 0.3469988 0.08378018
v -0.6777979 0.3367282 0.1085843
v -0.6771497 0.3119327 0.1188585
v -0.6765014 0.2871372 0.1085843
v -0.6762329 0.2768666 0.08378018
v -0.6765014 0.2871372 0.05897626
v -0.4842629 0.6169301 0.08278869
v -0.4851761 0.6687783 0.07999832
v -0.4934213 0.6667421 0.06380722
v -0.4853035 0.6763819 0.06724808
v -0.4853035 0.6763819 8.352308E-09
v -0.4934212 0.6667421 7.576091E-09
v -0.4914119 0.6089407 5.137344E-09
v -0.491412 0.6089407 0.06771571
v 0.342612 -0.07709124 -0.277247
v 0.3437895 -0.07751381 -0.2750728
v 0.3388095 -0.0798424 -0.2750728
v 0.3512489 -0.04644924 -0.2750728
v 0.3442009 -0.0683879 -0.2796494
v 0.3494245 -0.04599526 -0.28088
v 0.3417739 -0.06629204 -0.2816925
v 0.34677 -0.04535414 -0.2827043
v 0.3369865 -0.06136942 -0.2817765
v 0.3332763 -0.04884209 -0.2817765
v 0.3249848 -0.04906569 -0.2793286
v 0.3290365 -0.03219231 -0.2793287
v 0.3299126 -0.06570427 -0.2793286
v 0.3397903 -0.07507862 -0.2793287
v 0.3453209 -0.02666129 -0.2817765
v 0.3363269 -0.03613801 -0.2817765
v 0.340982 -0.01960541 -0.2793287
v 0.3387479 -0.01595927 -0.2750728
v 0.3553285 -0.01104868 -0.2750728
v 0.3252787 -0.03015175 -0.2750728
v 0.3207101 -0.04917746 -0.2750728
v 0.3262664 -0.06793845 -0.2750728
v 0.3574674 -0.01522642 -0.2772469
v 0.3587082 -0.0153846 -0.2750728
v 0.3540394 -0.01573828 -0.2793287
v 0.3518215 -0.02444914 -0.2816923
v 0.3549339 -0.02368943 -0.2796498
v -0.3057282 0.6408834 0.01039645
v -0.3053643 0.6269615 0.02495852
v -0.3047994 0.6053565 0.02524828
v -0.3043947 0.5898746 0.01017092
v -0.3043947 0.5898746 1.247872E-08
v -0.3057281 0.6408834 1.465009E-08
v -0.7185001 0.308169 0.5964764
v -0.7343247 0.2775251 0.6658249
v 0.6777497 0.002785864 -0.5999998
v 0.719998 0.02958958 -0.6199998
v 0.719998 0.01118958 -0.5999998
v 0.7692876 0.01978527 -0.6199998
v 0.7622463 0.002785883 -0.5999998
v 0.8110733 -0.008135023 -0.6199999
v 0.7980625 -0.0211458 -0.5999998
v 0.8389937 -0.04992076 -0.6199999
v 0.8219942 -0.05696212 -0.5999998
v 0.848798 -0.0992104 -0.6199999
v 0.830398 -0.0992104 -0.5999998
v 0.8389937 -0.1485 -0.6199999
v 0.8219943 -0.1414586 -0.5999998
v 0.8110734 -0.1902857 -0.6199999
v 0.7980626 -0.177275 -0.5999998
v 0.7692876 -0.2182061 -0.6199998
v 0.7622463 -0.2012067 -0.5999998
v 0.719998 -0.2280104 -0.6199998
v 0.719998 -0.2096104 -0.5999998
v 0.6707084 -0.2182061 -0.6199998
v 0.6777498 -0.2012067 -0.5999998
v 0.6289226 -0.1902858 -0.6199998
v 0.6419334 -0.177275 -0.5999998
v 0.6010023 -0.1485001 -0.6199998
v 0.6180017 -0.1414587 -0.5999998
v 0.591198 -0.09921045 -0.6199998
v 0.609598 -0.09921045 -0.5999998
v 0.6010023 -0.04992082 -0.6199998
v 0.6180017 -0.0569622 -0.5999998
v 0.6289226 -0.00813509 -0.6199998
v 0.6419334 -0.02114584 -0.5999998
v 0.6707084 0.01978524 -0.6199998
v -0.2913891 -0.07624903 0.28927
v -0.3362431 -0.08953337 0.28927
v -0.3366586 -0.07364076 0.2241693
v -0.2996951 -0.06269338 0.2241693
v -0.2591864 -0.04231744 0.28927
v -0.2731577 -0.03473098 0.2241693
v -0.2482641 0.003169448 0.28927
v -0.2641567 0.002753951 0.2241693
v -0.2615483 0.04802348 0.28927
v -0.275104 0.03971735 0.2241693
v -1.025766 0.6214088 -1.767502E-08
v -0.7825372 0.5997761 -0.1295128
v -0.7825372 0.5997761 -7.988738E-09
v -1.025766 0.6214088 -0.1726362
v -1.033693 0.6359991 -0.2870541
v -0.7830288 0.6012583 -0.2047454
v -1.039406 0.6458895 -0.3641641
v -0.7862533 0.6068376 -0.274037
v -1.0444 0.6512914 -0.3829221
v -0.7872242 0.6093155 -0.2949984
v -0.7923772 0.6195678 -0.4176169
v -0.8477675 0.6386606 -0.4921941
v -0.8916216 0.6517312 -0.5270209
v -0.9406355 0.6648159 -0.5479064
v -1.124987 0.7477545 -0.5426824
v -0.03553393 0.6100472 0.1976726
v -0.03988361 0.6158592 0.1581581
v -0.03716832 0.617448 0.1597734
v -0.03321578 0.6119143 0.195766
v -0.03505041 0.6508618 0.19768
v -0.03279657 0.649209 0.1955133
v -0.03945441 0.6567839 0.1590786
v -0.03680798 0.6548449 0.1603943
v 0.7971211 -0.05674122 0.1238032
v 0.7717956 -0.1230528 0.1192731
v 0.8235455 -0.05885835 0.1224432
v 0.8384042 -0.01117165 0.1196632
v 0.8077936 -0.008868962 0.1210032
v 0.8405269 0.04041342 0.1084431
v 0.8065804 0.04060056 0.1096232
v 0.8266248 0.06250377 0.07331306
v 0.7923129 0.063279 0.07356314
v 0.7923129 0.063279 3.739911E-08
v 0.8266248 0.06250376 3.886504E-08
v -0.6941963 0.2040576 0.07639285
v -0.6941963 0.2040576 -2.142465E-08
v -0.6971793 0.2109955 -2.125177E-08
v -0.6971793 0.2109955 0.07727674
v -0.6721676 0.2106012 0.07639281
v -0.673456 0.2180424 0.07727672
v -0.673456 0.2180424 -1.990676E-08
v -0.6721675 0.2106012 -2.01757E-08
v 0.5967453 -0.09242919 0.2093449
v 0.5968937 -0.1683128 0.1722981
v 0.7013295 -0.1410189 0.1636054
v 0.4771298 -0.01802593 0.2353132
v 0.4130963 -0.1449878 0.2246729
v 0.3479035 0.0494568 0.2532221
v 0.5108134 0.05302489 0.2271536
v -0.7635408 0.1907921 0.09886997
v -0.7635406 0.1907921 -2.503562E-08
v -0.7576711 0.1710311 -2.564284E-08
v -0.7576711 0.1710311 0.1034499
v -0.7547951 0.1718854 0.1065114
v -0.7604176 0.191721 0.1023171
v -0.6480955 0.20358 0.1065116
v -0.6542137 0.2232684 0.1023171
v -0.6452198 0.2044342 0.1034501
v -0.6510899 0.2241952 0.09887
v -0.6452197 0.2044342 -1.926735E-08
v -0.6510898 0.2241952 -1.866015E-08
v -0.7384598 0.1909094 0.07639286
v -0.7384598 0.1909094 -2.393419E-08
v -0.7414427 0.1978472 -2.376131E-08
v -0.7414427 0.1978472 0.07727673
v -0.716431 0.1974529 0.07639278
v -0.7177193 0.2048941 0.07727672
v -0.7177193 0.2048941 -2.241631E-08
v -0.716431 0.1974529 -2.268525E-08
v -0.7276083 0.3947834 0.1284548
v -0.7276081 0.3947834 -1.454823E-08
v -0.7279744 0.3808442 -1.517355E-08
v -0.7279744 0.3808442 0.1278351
v -0.7222754 0.3891242 0.1515478
v -0.72294 0.3780327 0.1487888
v -0.7154021 0.3839002 0.1570995
v -0.7173402 0.3820177 0.1560998
v -0.7154021 0.3839002 0.1570995
v -0.7553068 0.1773169 0.246887
v -0.7568455 0.179041 0.2166588
v -0.791154 0.08040422 0.2150446
v 0.8397755 0.0223401 0.07249599
v 0.8397755 0.0223401 3.768427E-08
v 0.8405269 0.04041342 3.850712E-08
v 0.8405269 0.04041342 0.1084431
v 0.8387347 0.006635094 0.09005506
v 0.8384042 -0.01117165 0.1196632
v 0.8381816 -0.01419186 0.09174951
v 0.8235455 -0.05885835 0.1224432
v 0.8310082 -0.03364639 0.07588414
v 0.8235455 -0.05885835 3.342553E-08
v 0.8310083 -0.03364639 3.485379E-08
v -0.791154 0.08040422 0.2150446
v -0.7899697 0.07898 0.2447047
v -0.7553068 0.1773169 0.246887
v -0.7899697 0.07898 0.2447047
v -0.791154 0.08040422 0.2150446
v -0.8183615 0.08648974 0.2132323
v -0.7568455 0.179041 0.2166588
v -0.7818849 0.1912422 0.2153076
v -0.7800044 0.1893254 0.252023
v -0.7553068 0.1773169 0.246887
v -0.8168227 0.08488489 0.2493628
v -0.8183615 0.08648974 0.2132323
v -0.8210589 0.08691917 0.2095253
v -0.8219834 0.08370185 0.2127094
v -0.7800044 0.1893254 0.252023
v -0.7819568 0.1904884 0.2560318
v -0.781029 0.1937324 0.2528586
v -0.7818849 0.1912422 0.2153076
v -0.7829677 0.1956861 0.2149795
v -0.7842182 0.1927613 0.2116563
v 0.297627 0.3826413 -0.204814
v 0.3308389 0.3489284 -0.1970803
v 0.2960905 0.2398536 -0.190532
v 0.4399877 0.005741528 -0.09357491
v 0.377351 0.01489482 -0.1559166
v 0.216998 0.1623195 -0.2000298
v 0.2439582 0.3033164 -0.2013334
v 0.2710929 0.3992754 -0.2069614
v 0.1348942 0.4775662 -0.217945
v 0.1168748 0.3816795 -0.2140166
v -0.005372045 0.4355485 -0.2185766
v 0.08054673 0.2264763 -0.223214
v -0.02677551 0.2554605 -0.2246068
v -0.06630807 0.406553 -0.2159979
v -0.2871312 0.2507799 -0.2089135
v -0.08673485 0.5267208 -0.2222907
v -0.05574977 0.5439371 -0.2256481
v -0.0225773 0.5381289 -0.2254224
v 0.1348942 0.4775662 0.217945
v 0.1168748 0.3816795 0.2140166
v 0.2439581 0.3033164 0.2013335
v 0.08054671 0.2264762 0.223214
v 0.2169979 0.1623195 0.2000298
v 0.2960905 0.2398536 0.1905321
v 0.377351 0.01489481 0.1559166
v 0.3308389 0.3489284 0.1970803
v 0.4399877 0.00574152 0.09357495
v 0.2710928 0.3992754 0.2069615
v 0.297627 0.3826413 0.2048141
v -0.005372064 0.4355485 0.2185766
v -0.02677553 0.2554605 0.2246069
v -0.06630808 0.406553 0.215998
v -0.2871312 0.2507798 0.2089135
v -0.08673488 0.5267207 0.2222907
v -0.05574979 0.5439371 0.2256481
v -0.02257731 0.5381289 0.2254224
v -0.04113089 0.584179 -0.08265001
v -0.04113087 0.584179 2.373739E-08
v 0.09336591 0.5304116 2.726619E-08
v 0.09336589 0.5304116 -0.1091133
v 0.2835081 0.4326496 3.130425E-08
v 0.2835081 0.4326496 -0.1097783
v 0.3139209 0.4060539 3.14711E-08
v 0.3129874 0.407022 -0.1097948
v 0.3348064 0.3794475 3.122103E-08
v 0.3348064 0.3794475 -0.1098122
v 0.3543799 0.3483444 -0.102354
v 0.3543799 0.3483444 3.071706E-08
v 0.4008437 0.2374473 2.790059E-08
v 0.4008437 0.2374473 -0.05258536
v 0.3906274 0.2202676 -0.145207
v 0.3397641 0.3403015 -0.180168
v 0.3274559 0.3715946 -0.1937209
v 0.3027148 0.4016115 -0.1936856
v 0.2761902 0.4237355 -0.1936592
v 0.09369353 0.5178851 -0.2019539
v -0.04179005 0.5724224 -0.2084045
v -0.1062618 0.5520257 -0.2082892
v -0.1250119 0.5619343 -0.07822495
v -0.1250119 0.5619343 1.909848E-08
v 0.3543799 0.3483444 0.1023541
v 0.3543799 0.3483444 3.071706E-08
v 0.3348064 0.3794475 3.122103E-08
v 0.3348064 0.3794475 0.1098123
v 0.3129874 0.407022 0.1097948
v 0.3139209 0.4060539 3.14711E-08
v 0.2835081 0.4326496 0.1097784
v 0.2835081 0.4326496 3.130425E-08
v 0.09336589 0.5304116 0.1091134
v 0.09336591 0.5304116 2.726619E-08
v -0.0411309 0.584179 0.08265006
v -0.04113087 0.584179 2.373739E-08
v 0.2761902 0.4237355 0.1936593
v 0.09369351 0.5178851 0.201954
v -0.04179006 0.5724224 0.2084046
v -0.1062618 0.5520257 0.2082892
v -0.1250119 0.5619343 0.07822499
v -0.1250119 0.5619343 1.909848E-08
v 0.4008437 0.2374473 0.05258542
v 0.4008437 0.2374473 2.790059E-08
v 0.3906274 0.2202676 0.145207
v 0.3397641 0.3403015 0.1801681
v 0.3274559 0.3715946 0.193721
v 0.3027147 0.4016115 0.1936857
v 0.7980625 -0.0211458 0.5999998
v 0.830398 -0.0992104 0.5999998
v 0.8219942 -0.05696213 0.5999998
v 0.609598 -0.09921044 0.5999998
v 0.6180017 -0.1414587 0.5999998
v 0.6419334 -0.177275 0.5999998
v 0.7622463 0.002785883 0.5999998
v 0.719998 0.01118958 0.5999998
v 0.6777497 0.002785864 0.5999998
v 0.6419334 -0.02114584 0.5999998
v 0.7980625 -0.0211458 -0.5999998
v 0.609598 -0.09921045 -0.5999998
v 0.6180017 -0.0569622 -0.5999998
v 0.6419334 -0.02114584 -0.5999998
v 0.6777498 -0.2012067 -0.5999998
v 0.6419334 -0.177275 -0.5999998
v 0.830398 -0.0992104 -0.5999998
v 0.8219943 -0.1414586 -0.5999998
v 0.7622463 -0.2012067 -0.5999998
v 0.719998 -0.2096104 -0.5999998
v 0.8064944 -0.1857067 -0.6099998
v 0.719998 -0.09867104 -0.6299998
v 0.8330109 -0.1460218 -0.6099999
v 0.8423223 -0.0992104 -0.6099999
v 0.8330109 -0.05239889 -0.6099999
v 0.8064943 -0.01271403 -0.6099998
v 0.7668095 0.0138025 -0.6099999
v 0.719998 0.02311387 -0.6099998
v 0.6731865 0.01380248 -0.6099998
v 0.6335017 -0.01271409 -0.6099998
v 0.6069851 -0.05239898 -0.6099998
v 0.5976737 -0.09921045 -0.6099998
v 0.6069851 -0.1460219 -0.6099998
v 0.6335017 -0.1857068 -0.6099998
v 0.6731865 -0.2122233 -0.6099998
v 0.719998 -0.2215347 -0.6099998
v 0.7668095 -0.2122233 -0.6099999
v 0.7980625 -0.0211458 -0.5999998
v 0.6180017 -0.1414587 -0.5999998
v 0.609598 -0.09921045 -0.5999998
v 0.6419334 -0.177275 -0.5999998
v 0.719998 0.01118958 -0.5999998
v 0.7622463 0.002785883 -0.5999998
v 0.8219942 -0.05696212 -0.5999998
v 0.830398 -0.0992104 -0.5999998
v 0.6419334 -0.02114584 -0.5999998
v 0.6777497 0.002785864 -0.5999998
v 0.7980625 -0.0211458 -0.5999998
v 0.8219943 -0.1414586 -0.5999998
v 0.7980626 -0.177275 -0.5999998
v -0.8400021 -0.07999969 0.6200003
v -0.6351492 -0.1648525 0.6200004
v -0.6091365 -0.1259216 0.6200004
v -0.6000021 -0.07999967 0.6200004
v -0.6351493 0.004853172 0.6200004
v -0.67408 0.03086588 0.6200003
v 0.7980625 -0.0211458 -0.5999998
v 0.7980626 -0.177275 -0.5999998
v 0.7622463 -0.2012067 -0.5999998
v -0.8400021 -0.07999969 0.6200003
v -0.6000021 -0.07999967 0.6200004
v -0.6091365 -0.03407763 0.6200004
v -0.6351493 0.004853172 0.6200004
v -0.67408 -0.1908652 0.6200003
v -0.6351492 -0.1648525 0.6200004
v 0.7980625 -0.0211458 -0.5999998
v 0.719998 -0.2096104 -0.5999998
v 0.6777498 -0.2012067 -0.5999998
v 0.6777497 0.002785864 -0.5999998
v 0.719998 0.01118958 -0.5999998
v 0.824084 0.004875736 -0.2799999
v 0.7974532 0.08778278 -0.3199998
v 0.7763291 0.03678465 -0.2799999
v 0.719998 0.1165144 -0.4299998
v 0.8044946 0.1047822 -0.3999999
v 0.8025523 0.1000934 -0.4299999
v 0.719998 0.1215895 -0.3999998
v 0.8044946 0.1047822 -0.3599998
v 0.719998 0.1215895 -0.3599998
v 0.719998 0.1031896 -0.3199998
v 0.7199981 0.04798957 -0.2799999
v 0.8631164 0.04390804 -0.3199999
v 0.8761272 0.05691881 -0.3599999
v 0.8761271 0.05691881 -0.3999999
v 0.8725384 0.05333014 -0.4299999
v 0.8025523 0.1000934 -0.4699998
v 0.8725384 0.05333014 -0.4699999
v 0.8044944 0.1047822 -0.4999999
v 0.8761271 0.05691881 -0.4999999
v 0.8044944 0.1047822 -0.5399998
v 0.719998 0.02958958 -0.6199998
v 0.7939324 0.0792831 -0.5949998
v 0.7692876 0.01978527 -0.6199998
v 0.719998 0.09398956 -0.5949998
v 0.719998 0.1215895 -0.5399998
v 0.719998 0.1215895 -0.4999999
v 0.719998 0.1165144 -0.4699998
v 0.8389937 -0.1485 -0.6199999
v 0.856611 -0.2358234 -0.5949998
v 0.8110734 -0.1902857 -0.6199999
v 0.8984915 -0.1731447 -0.5949999
v 0.848798 -0.0992104 -0.6199999
v 0.9131979 -0.09921038 -0.5949999
v 0.8389937 -0.04992076 -0.6199999
v 0.8984915 -0.02527591 -0.5949999
v 0.8110733 -0.008135023 -0.6199999
v 0.856611 0.03740267 -0.5949998
v 0.8761271 0.05691881 -0.5399999
v 0.9239905 -0.01471385 -0.5399999
v 0.9407979 -0.09921038 -0.5399999
v 0.9239906 -0.1837068 -0.5399999
v 0.8761272 -0.2553395 -0.5399999
v 0.9239905 -0.01471385 -0.4999999
v 0.9407979 -0.09921038 -0.4999999
v 0.9239906 -0.1837068 -0.4999999
v 0.8761272 -0.2553395 -0.4999999
v 0.8044946 -0.303203 -0.4999999
v 0.8044946 -0.303203 -0.5399998
v 0.9193017 -0.01665602 -0.4699999
v 0.9357229 -0.09921038 -0.4699999
v 0.9193018 -0.1817647 -0.4699999
v 0.8725385 -0.2517509 -0.4699999
v 0.8025523 -0.2985142 -0.4699998
v 0.9193017 -0.01665603 -0.4299999
v 0.9357229 -0.09921038 -0.4299999
v 0.9193018 -0.1817647 -0.4299999
v 0.8725385 -0.2517509 -0.4299999
v 0.8025523 -0.2985142 -0.4299999
v 0.9239905 -0.01471385 -0.3999999
v 0.940798 -0.09921038 -0.3999999
v 0.9239906 -0.1837068 -0.3999999
v 0.8761272 -0.2553396 -0.3999999
v 0.8044946 -0.303203 -0.3999999
v 0.9239905 -0.01471386 -0.3599999
v 0.9407981 -0.09921038 -0.3599999
v 0.9239907 -0.1837068 -0.3599999
v 0.8761272 -0.2553396 -0.3599999
v 0.8044946 -0.303203 -0.3599998
v 0.9069912 -0.02175523 -0.3199999
v 0.922398 -0.09921038 -0.3199999
v 0.9069913 -0.1766654 -0.3199999
v 0.8631164 -0.2423288 -0.3199999
v 0.7974532 -0.2862036 -0.3199998
v 0.8240842 -0.2032965 -0.2799999
v 0.8559931 -0.1555414 -0.2799999
v 0.8671981 -0.09921041 -0.2799999
v 0.8559931 -0.04287938 -0.2799999
v 0.5768797 -0.2423288 -0.3199998
v 0.584003 -0.1555414 -0.2799998
v 0.5330049 -0.1766655 -0.3199998
v 0.615912 -0.2032965 -0.2799998
v 0.642543 -0.2862037 -0.3199998
v 0.6636671 -0.2352055 -0.2799999
v 0.7199981 -0.3016104 -0.3199998
v 0.7199982 -0.2464104 -0.2799999
v 0.7763291 -0.2352055 -0.2799999
v 0.7199981 -0.3200104 -0.3599998
v 0.6355016 -0.303203 -0.3599998
v 0.5638689 -0.2553396 -0.3599998
v 0.5160055 -0.183707 -0.3599998
v 0.5175981 -0.09921046 -0.3199998
v 0.4991981 -0.09921046 -0.3599998
v 0.7199981 -0.3200104 -0.3999998
v 0.6355016 -0.303203 -0.3999998
v 0.5638689 -0.2553396 -0.3999998
v 0.5160055 -0.183707 -0.3999998
v 0.499198 -0.09921046 -0.3999998
v 0.7199981 -0.3149353 -0.4299998
v 0.6374438 -0.2985142 -0.4299998
v 0.5674576 -0.2517509 -0.4299998
v 0.5206943 -0.1817648 -0.4299998
v 0.5042732 -0.09921046 -0.4299998
v 0.7199981 -0.3149353 -0.4699998
v 0.6374438 -0.2985142 -0.4699998
v 0.5674575 -0.2517509 -0.4699998
v 0.5206943 -0.1817648 -0.4699998
v 0.5042732 -0.09921046 -0.4699998
v 0.7199981 -0.3200104 -0.4999999
v 0.6355016 -0.303203 -0.4999998
v 0.5638689 -0.2553396 -0.4999998
v 0.5160055 -0.183707 -0.4999998
v 0.5638689 -0.2553396 -0.5399998
v 0.5160055 -0.183707 -0.5399998
v 0.719998 -0.3200104 -0.5399998
v 0.6355016 -0.303203 -0.5399998
v 0.7939324 -0.2777039 -0.5949998
v 0.719998 -0.2924104 -0.5949998
v 0.6460636 -0.2777039 -0.5949998
v 0.583385 -0.2358234 -0.5949998
v 0.6289226 -0.1902858 -0.6199998
v 0.5415045 -0.1731449 -0.5949998
v 0.6010023 -0.1485001 -0.6199998
v 0.6707084 -0.2182061 -0.6199998
v 0.719998 -0.2280104 -0.6199998
v 0.7692876 -0.2182061 -0.6199998
v 0.6707084 0.01978524 -0.6199998
v 0.719998 0.09398956 -0.5949998
v 0.719998 0.02958958 -0.6199998
v 0.6460635 0.07928307 -0.5949998
v 0.6289226 -0.00813509 -0.6199998
v 0.583385 0.03740258 -0.5949998
v 0.6010023 -0.04992082 -0.6199998
v 0.5415045 -0.02527602 -0.5949998
v 0.591198 -0.09921045 -0.6199998
v 0.526798 -0.09921046 -0.5949998
v 0.499198 -0.09921046 -0.5399998
v 0.5160055 -0.01471395 -0.5399998
v 0.5638689 0.05691873 -0.5399998
v 0.6355014 0.1047821 -0.5399998
v 0.719998 0.1215895 -0.5399998
v 0.6374437 0.1000933 -0.4299998
v 0.5674575 0.05333006 -0.4699998
v 0.5674575 0.05333008 -0.4299998
v 0.6374437 0.1000933 -0.4699998
v 0.5638689 0.05691873 -0.4999998
v 0.6355014 0.1047821 -0.4999998
v 0.719998 0.1215895 -0.4999999
v 0.719998 0.1165144 -0.4699998
v 0.719998 0.1165144 -0.4299998
v 0.719998 0.1215895 -0.3999998
v 0.6355016 0.1047821 -0.3999998
v 0.719998 0.1215895 -0.3599998
v 0.6355016 0.1047821 -0.3599998
v 0.719998 0.1031896 -0.3199998
v 0.642543 0.08778276 -0.3199998
v 0.5330049 -0.02175533 -0.3199998
v 0.5160055 -0.01471395 -0.3599998
v 0.5768797 0.04390797 -0.3199998
v 0.5638689 0.05691873 -0.3599998
v 0.5638689 0.05691873 -0.3999998
v 0.5160055 -0.01471395 -0.3999998
v 0.5206943 -0.01665612 -0.4299998
v 0.5206943 -0.01665612 -0.4699998
v 0.5160055 -0.01471395 -0.4999998
v 0.499198 -0.09921046 -0.4999998
v -0.8308682 -0.03407756 -0.6199992
v -0.6351498 -0.1648523 -0.6199997
v -0.6740807 -0.1908651 -0.6199996
v -0.7200027 0.04000046 -0.6199993
v -0.6740807 0.030866 -0.6199994
v -0.6351499 0.004853296 -0.6199996
v -0.6091371 -0.0340775 -0.6199996
v -0.8400021 -0.07999969 0.6200003
v -0.8308676 -0.1259217 0.6200003
v -0.8048549 -0.1648525 0.6200003
v -0.765924 -0.1908652 0.6200003
v -0.7200021 -0.1999997 0.6200003
v -0.67408 -0.1908652 0.6200003
v -0.67408 0.03086588 0.6200003
v -0.7200021 0.04000032 0.6200003
v -0.765924 0.03086586 0.6200003
v -0.8048549 0.004853143 0.6200003
v -0.8308676 -0.03407768 0.6200003
v 0.7980625 -0.0211458 0.5999998
v 0.7980626 -0.177275 0.5999998
v 0.8219943 -0.1414586 0.5999998
v 0.830398 -0.0992104 0.5999998
v 0.6419334 -0.02114584 0.5999998
v 0.6180017 -0.05696219 0.5999998
v 0.609598 -0.09921044 0.5999998
v 0.6419334 -0.177275 0.5999998
v 0.6777498 -0.2012067 0.5999998
v 0.719998 -0.2096104 0.5999998
v 0.7622463 -0.2012067 0.5999998
v -0.8308682 -0.03407756 -0.6199992
v -0.8048555 0.004853258 -0.6199992
v -0.7659247 0.03086598 -0.6199993
v -0.7200027 0.04000046 -0.6199993
v -0.6740807 -0.1908651 -0.6199996
v -0.7200027 -0.1999995 -0.6199995
v -0.7659247 -0.1908651 -0.6199995
v -0.8048555 -0.1648524 -0.6199993
v -0.8308682 -0.1259216 -0.6199993
v -0.8400027 -0.07999957 -0.6199992
v -0.6091371 -0.0340775 -0.6199996
v -0.6000026 -0.07999955 -0.6199996
v -0.6091371 -0.1259215 -0.6199997
v -0.6351498 -0.1648523 -0.6199997
v -0.6740807 0.030866 -0.6199994
v -0.6351499 0.004853296 -0.6199996
v 0.7199981 0.04798957 -0.2799999
v 0.6636671 0.03678462 -0.2799999
v 0.615912 0.004875688 -0.2799998
v 0.584003 -0.04287944 -0.2799998
v 0.5727981 -0.09921043 -0.2799998
v -0.6236559 -0.1763458 0.6300004
v -0.5941197 -0.1321418 0.6300004
v -0.7200021 -0.07941341 0.6500003
v -0.583748 -0.07999967 0.6300004
v -0.5941198 -0.02785748 0.6300004
v -0.623656 0.01634649 0.6300004
v -0.6678599 0.04588262 0.6300004
v -0.7200021 0.05625432 0.6300004
v -0.7721442 0.0458826 0.6300004
v -0.8163482 0.01634645 0.6300004
v -0.8458843 -0.02785755 0.6300003
v -0.856256 -0.0799997 0.6300003
v -0.8458843 -0.1321418 0.6300003
v -0.8163482 -0.1763458 0.6300004
v -0.7721442 -0.205882 0.6300004
v -0.7200021 -0.2162537 0.6300004
v -0.6678599 -0.2058819 0.6300004
v -0.6587726 0.06782106 0.3000004
v -0.720002 0.08000033 0.3000003
v -0.7200021 0.1400003 0.3400003
v -0.6068649 0.03313746 0.3000004
v -0.6358116 0.1232538 0.3400004
v -0.7200021 0.1600003 0.3800003
v -0.628158 0.1417314 0.3800004
v -0.5644385 0.07556387 0.3400004
v -0.5721813 -0.01877029 0.3000004
v -0.5167485 0.004190731 0.3400004
v -0.560002 -0.07999969 0.3000004
v -0.500002 -0.07999966 0.3400004
v -0.5721812 -0.141229 0.3000004
v -0.5167484 -0.1641899 0.3400004
v -0.6068649 -0.1931367 0.3000004
v -0.4982709 0.0118444 0.3800004
v -0.480002 -0.07999966 0.3800004
v -0.5502964 0.08970602 0.3800004
v -0.628158 0.1417314 0.4200004
v -0.5502965 0.08970602 0.4200004
v -0.6302691 0.1366349 0.4500004
v -0.5541971 0.0858053 0.4500004
v -0.6302691 0.1366349 0.4900004
v -0.4982709 0.01184441 0.4200004
v -0.480002 -0.07999966 0.4200004
v -0.5033674 -0.1697326 0.4500004
v -0.5541971 -0.2458046 0.4500004
v -0.5502963 -0.2497053 0.4200004
v -0.4982709 -0.1718436 0.4200004
v -0.4855185 -0.07999966 0.4500004
v -0.5033675 0.009733343 0.4500004
v -0.5033675 0.009733353 0.4900004
v -0.4855185 -0.07999966 0.4900004
v -0.5541973 0.0858053 0.4900004
v -0.5502964 -0.2497053 0.5200004
v -0.628158 -0.3017308 0.5200004
v -0.6302691 -0.2966342 0.4900004
v -0.5541971 -0.2458046 0.4900004
v -0.4982709 -0.1718436 0.5200004
v -0.5033674 -0.1697326 0.4900004
v -0.480002 -0.07999966 0.5200004
v -0.498271 0.01184441 0.5200004
v -0.5502965 0.08970602 0.5200004
v -0.480002 -0.07999966 0.5600004
v -0.4982709 -0.1718436 0.5600004
v -0.498271 0.01184441 0.5600004
v -0.5502965 0.08970602 0.5600004
v -0.628158 0.1417314 0.5200004
v -0.628158 0.1417314 0.5600004
v -0.6396386 0.114015 0.6150004
v -0.5715097 0.06849281 0.6150004
v -0.5259874 0.000363903 0.6150004
v -0.590659 -0.02642397 0.6400005
v -0.5800021 -0.07999967 0.6400005
v -0.5100021 -0.07999967 0.6150004
v -0.6210071 0.01899531 0.6400005
v -0.6664264 0.04934347 0.6400003
v -0.7200021 0.06000032 0.6400003
v -0.7200021 0.1300003 0.6150003
v -0.7200021 0.1600003 0.5600004
v -0.5259873 -0.1603631 0.6150004
v -0.5502964 -0.2497053 0.5600004
v -0.5715096 -0.2284921 0.6150004
v -0.628158 -0.3017308 0.5600004
v -0.6396385 -0.2740143 0.6150004
v -0.7200021 -0.3199997 0.5600004
v -0.7200021 -0.2899997 0.6150003
v -0.811846 -0.3017308 0.5600004
v -0.8897076 -0.2497053 0.5600002
v -0.8897076 -0.2497053 0.5200003
v -0.811846 -0.3017308 0.5200003
v -0.720002 -0.3199997 0.5200003
v -0.9417331 -0.1718437 0.5600002
v -0.9417331 -0.1718437 0.5200003
v -0.9366366 -0.1697326 0.4900002
v -0.8858069 -0.2458046 0.4900002
v -0.8097349 -0.2966343 0.4900003
v -0.720002 -0.3144832 0.4900003
v -0.9600021 -0.07999972 0.5600002
v -0.9600021 -0.07999972 0.5200003
v -0.9544856 -0.07999972 0.4900002
v -0.9544856 -0.07999972 0.4500003
v -0.9366366 -0.1697326 0.4500003
v -0.8858069 -0.2458046 0.4500003
v -0.8097349 -0.2966343 0.4500003
v -0.9417331 0.01184433 0.5600002
v -0.9417331 0.01184433 0.5200003
v -0.9366366 0.009733276 0.4900002
v -0.9366366 0.009733276 0.4500003
v -0.9417331 0.01184433 0.4200003
v -0.9600021 -0.07999972 0.4200003
v -0.9417331 -0.1718437 0.4200003
v -0.8897076 0.08970594 0.4200003
v -0.8897076 0.08970594 0.3800003
v -0.9417331 0.01184433 0.3800003
v -0.9600021 -0.07999972 0.3800003
v -0.941733 -0.1718437 0.3800003
v -0.8897076 -0.2497053 0.4200003
v -0.8897076 -0.2497053 0.3800003
v -0.811846 -0.3017308 0.4200003
v -0.8118459 -0.3017308 0.3800003
v -0.8755654 0.07556381 0.3400003
v -0.9232555 0.004190664 0.3400003
v -0.940002 -0.07999972 0.3400003
v -0.9232555 -0.16419 0.3400003
v -0.8755654 -0.2355632 0.3400003
v -0.8041922 -0.2832532 0.3400003
v -0.8678226 -0.141229 0.3000003
v -0.880002 -0.07999967 0.3000003
v -0.8678226 -0.01877034 0.3000003
v -0.8331391 0.03313741 0.3000003
v -0.7812313 0.06782104 0.3000003
v -0.8041924 0.1232538 0.3400003
v -0.720002 0.08000033 0.3000003
v -0.5644385 -0.2355631 0.3400004
v -0.6587726 -0.2278204 0.3000004
v -0.6358116 -0.2832532 0.3400004
v -0.7200019 -0.2399997 0.3000003
v -0.720002 -0.2999997 0.3400003
v -0.7812313 -0.2278204 0.3000003
v -0.8331391 -0.1931368 0.3000003
v -0.720002 -0.3199997 0.3800003
v -0.628158 -0.3017308 0.3800004
v -0.5502963 -0.2497053 0.3800004
v -0.4982709 -0.1718436 0.3800004
v -0.720002 -0.3199997 0.4200003
v -0.628158 -0.3017308 0.4200004
v -0.720002 -0.3144832 0.4500003
v -0.6302691 -0.2966342 0.4500004
v 0.719998 -0.0992104 -0.3249998
v 0.6636671 0.03678462 -0.2799999
v 0.615912 0.004875688 -0.2799998
v 0.584003 -0.04287944 -0.2799998
v 0.5727981 -0.09921043 -0.2799998
v 0.584003 -0.1555414 -0.2799998
v 0.615912 -0.2032965 -0.2799998
v 0.6636671 -0.2352055 -0.2799999
v 0.7199982 -0.2464104 -0.2799999
v 0.7763291 -0.2352055 -0.2799999
v 0.8240842 -0.2032965 -0.2799999
v 0.8559931 -0.1555414 -0.2799999
v 0.8671981 -0.09921041 -0.2799999
v 0.8559931 -0.04287938 -0.2799999
v 0.824084 0.004875736 -0.2799999
v 0.7763291 0.03678465 -0.2799999
v 0.7199981 0.04798957 -0.2799999
v 0.7980625 -0.0211458 0.5999998
v 0.7622463 -0.2012067 0.5999998
v 0.7980626 -0.177275 0.5999998
v 0.719998 0.01118958 0.5999998
v 0.6777497 0.002785864 0.5999998
v 0.6777498 -0.2012067 0.5999998
v 0.719998 -0.2096104 0.5999998
v -0.7200023 -0.07999972 -0.3449994
v -0.6068651 0.03313738 -0.2999996
v -0.6587727 0.06782097 -0.2999994
v -0.7200021 0.08000024 -0.2999993
v -0.7812315 0.06782096 -0.2999992
v -0.8331392 0.03313733 -0.2999992
v -0.8678228 -0.01877042 -0.2999991
v -0.8800021 -0.07999975 -0.2999992
v -0.8678228 -0.1412291 -0.2999992
v -0.8331392 -0.1931368 -0.2999993
v -0.7812315 -0.2278205 -0.2999994
v -0.7200021 -0.2399997 -0.2999995
v -0.6587727 -0.2278204 -0.2999997
v -0.606865 -0.1931368 -0.2999997
v -0.5721814 -0.141229 -0.2999997
v -0.5600021 -0.07999977 -0.2999997
v -0.5721814 -0.01877037 -0.2999997
v 0.7763291 0.03678464 0.2799999
v 0.7199981 0.04798957 0.2799999
v 0.719998 0.1031896 0.3199998
v 0.824084 0.004875727 0.2799999
v 0.7974532 0.08778278 0.3199998
v 0.719998 0.1215895 0.3599998
v 0.8559931 -0.04287939 0.2799999
v 0.8631164 0.04390803 0.3199999
v 0.8044946 0.1047822 0.3599998
v 0.719998 0.1215895 0.3999998
v 0.8671981 -0.09921042 0.2799999
v 0.9069912 -0.02175525 0.3199999
v 0.8761272 0.0569188 0.3599999
v 0.8044946 0.1047822 0.3999999
v 0.719998 0.1165144 0.4299998
v 0.8559931 -0.1555414 0.2799999
v 0.922398 -0.0992104 0.3199999
v 0.9239905 -0.01471388 0.3599999
v 0.8761271 0.0569188 0.3999999
v 0.8025523 0.1000934 0.4299999
v 0.719998 0.1165144 0.4699998
v 0.8240842 -0.2032965 0.2799999
v 0.9069913 -0.1766655 0.3199999
v 0.9407981 -0.0992104 0.3599999
v 0.9239905 -0.01471387 0.3999999
v 0.8725384 0.05333013 0.4299999
v 0.8025523 0.1000934 0.4699998
v 0.719998 0.1215895 0.4999999
v 0.719998 0.1215895 0.5399998
v 0.8044944 0.1047822 0.5399998
v 0.8044944 0.1047822 0.4999999
v 0.8725384 0.05333013 0.4699999
v 0.9193017 -0.01665604 0.4299999
v 0.940798 -0.0992104 0.3999999
v 0.9239907 -0.1837068 0.3599999
v 0.9357229 -0.0992104 0.4299999
v 0.9193017 -0.01665604 0.4699999
v 0.8761271 0.0569188 0.4999999
v 0.8761271 0.0569188 0.5399999
v 0.7939324 0.0792831 0.5949998
v 0.856611 0.03740266 0.5949998
v 0.9239905 -0.01471387 0.5399999
v 0.9239906 -0.1837068 0.3999999
v 0.8761272 -0.2553396 0.3999999
v 0.8761272 -0.2553396 0.3599999
v 0.9193018 -0.1817647 0.4299999
v 0.9357229 -0.0992104 0.4699999
v 0.9239905 -0.01471387 0.4999999
v 0.9407979 -0.0992104 0.4999999
v 0.8025523 -0.2985142 0.4299999
v 0.7199981 -0.3149353 0.4299998
v 0.7199981 -0.3200104 0.3999998
v 0.8044946 -0.303203 0.3999999
v 0.8725385 -0.2517509 0.4299999
v 0.9193018 -0.1817647 0.4699999
v 0.6374438 -0.2985142 0.4699998
v 0.5674575 -0.2517509 0.4699998
v 0.5674576 -0.2517509 0.4299998
v 0.6374438 -0.2985142 0.4299998
v 0.7199981 -0.3149353 0.4699998
v 0.8025523 -0.2985142 0.4699998
v 0.8725385 -0.2517509 0.4699999
v 0.9239906 -0.1837068 0.4999999
v 0.5160055 -0.1837069 0.4999998
v 0.499198 -0.09921044 0.4999998
v 0.5042732 -0.09921044 0.4699998
v 0.5206943 -0.1817648 0.4699998
v 0.5638689 -0.2553396 0.4999998
v 0.6355016 -0.303203 0.4999998
v 0.7199981 -0.3200104 0.4999999
v 0.8044946 -0.303203 0.4999999
v 0.8761272 -0.2553395 0.4999999
v 0.9407979 -0.0992104 0.5399999
v 0.9239906 -0.1837068 0.5399999
v 0.8761272 -0.2553395 0.5399999
v 0.8044946 -0.303203 0.5399998
v 0.719998 -0.3200104 0.5399998
v 0.8984915 -0.02527593 0.5949999
v 0.9131979 -0.0992104 0.5949999
v 0.8984915 -0.1731448 0.5949999
v 0.856611 -0.2358234 0.5949998
v 0.7939324 -0.2777039 0.5949998
v 0.719998 -0.2280104 0.6199998
v 0.6707084 -0.2182061 0.6199998
v 0.6460636 -0.2777039 0.5949998
v 0.719998 -0.2924104 0.5949998
v 0.7692876 -0.2182061 0.6199998
v 0.8110734 -0.1902857 0.6199999
v 0.8389937 -0.1485 0.6199999
v 0.848798 -0.0992104 0.6199999
v 0.6355016 -0.303203 0.5399998
v 0.5638689 -0.2553396 0.5399998
v 0.583385 -0.2358234 0.5949998
v 0.5160055 -0.1837069 0.5399998
v 0.5415045 -0.1731449 0.5949998
v 0.499198 -0.09921044 0.5399998
v 0.526798 -0.09921044 0.5949998
v 0.5160055 -0.01471394 0.5399998
v 0.5160055 -0.01471394 0.4999998
v 0.5638689 0.05691873 0.4999998
v 0.5638689 0.05691873 0.5399998
v 0.6355015 0.1047821 0.4999998
v 0.6355015 0.1047821 0.5399998
v 0.5415045 -0.025276 0.5949998
v 0.583385 0.03740259 0.5949998
v 0.6460635 0.07928307 0.5949998
v 0.6289226 -0.00813508 0.6199998
v 0.6707084 0.01978524 0.6199998
v 0.6374437 0.1000933 0.4699998
v 0.719998 0.1165144 0.4699998
v 0.719998 0.1165144 0.4299998
v 0.719998 0.1215895 0.4999999
v 0.719998 0.1215895 0.5399998
v 0.719998 0.09398956 0.5949998
v 0.719998 0.02958958 0.6199998
v 0.5674575 0.05333007 0.4699998
v 0.6374437 0.1000933 0.4299998
v 0.5674575 0.05333009 0.4299998
v 0.6355016 0.1047821 0.3999998
v 0.5638689 0.05691873 0.3999998
v 0.6355016 0.1047821 0.3599998
v 0.5638689 0.05691873 0.3599998
v 0.642543 0.08778276 0.3199998
v 0.5768797 0.04390797 0.3199998
v 0.6636671 0.03678463 0.2799999
v 0.7199981 0.04798957 0.2799999
v 0.719998 0.1031896 0.3199998
v 0.719998 0.1215895 0.3599998
v 0.719998 0.1215895 0.3999998
v 0.642543 -0.2862037 0.3199998
v 0.5768797 -0.2423288 0.3199998
v 0.615912 -0.2032965 0.2799998
v 0.584003 -0.1555414 0.2799998
v 0.5330049 -0.1766655 0.3199998
v 0.5727981 -0.09921042 0.2799998
v 0.5175981 -0.09921044 0.3199998
v 0.584003 -0.04287943 0.2799998
v 0.5330049 -0.02175531 0.3199998
v 0.615912 0.004875698 0.2799998
v 0.5160055 -0.01471394 0.3599998
v 0.4991981 -0.09921044 0.3599998
v 0.5160055 -0.1837069 0.3599998
v 0.5638689 -0.2553396 0.3599998
v 0.6355016 -0.303203 0.3599998
v 0.5206943 -0.0166561 0.4699998
v 0.5206943 -0.0166561 0.4299998
v 0.5160055 -0.01471394 0.3999998
v 0.499198 -0.09921044 0.3999998
v 0.5160055 -0.1837069 0.3999998
v 0.5042732 -0.09921044 0.4299998
v 0.5206943 -0.1817648 0.4299998
v 0.5638689 -0.2553396 0.3999998
v 0.6355016 -0.303203 0.3999998
v 0.7199981 -0.3200104 0.3599998
v 0.8044946 -0.303203 0.3599998
v 0.7199981 -0.3016104 0.3199998
v 0.7974532 -0.2862036 0.3199998
v 0.8631164 -0.2423288 0.3199999
v 0.7763291 -0.2352055 0.2799999
v 0.7199982 -0.2464104 0.2799999
v 0.6636671 -0.2352055 0.2799999
v -0.9140168 0.0003638268 0.6150002
v -0.8684945 0.06849275 0.6150003
v -0.8897077 0.08970594 0.5600002
v -0.8118461 0.1417314 0.5600004
v -0.8003656 0.114015 0.6150003
v -0.818997 0.01899527 0.6400003
v -0.7735778 0.04934345 0.6400003
v -0.8118461 0.1417314 0.5200003
v -0.7200021 0.1600003 0.5200003
v -0.7200021 0.1544839 0.4900003
v -0.7200021 0.1600003 0.5600004
v -0.7200021 0.1300003 0.6150003
v -0.7200021 0.06000032 0.6400003
v -0.7200021 0.1400003 0.3400003
v -0.8118461 0.1417314 0.3800003
v -0.7200021 0.1600003 0.3800003
v -0.8118461 0.1417314 0.4200003
v -0.7200021 0.1600003 0.4200003
v -0.809735 0.1366349 0.4500003
v -0.7200021 0.1544839 0.4500003
v -0.809735 0.1366349 0.4900003
v -0.8897077 0.08970594 0.5200003
v -0.8858069 0.08580522 0.4900002
v -0.8858069 0.08580524 0.4500003
v -0.8003655 -0.2740144 0.6150003
v -0.8684945 -0.2284921 0.6150003
v -0.9140167 -0.1603632 0.6150002
v -0.930002 -0.07999969 0.6150002
v -0.8493451 -0.02642401 0.6400003
v -0.860002 -0.07999969 0.6400003
v -0.8493451 -0.1335754 0.6400003
v -0.818997 -0.1789946 0.6400003
v -0.7735777 -0.2093428 0.6400003
v -0.7200021 -0.2199997 0.6400003
v -0.6664264 -0.2093428 0.6400003
v -0.6210071 -0.1789946 0.6400005
v -0.5906589 -0.1335753 0.6400005
v -0.5971625 -0.02911746 -0.6299996
v -0.7200027 -0.07941327 -0.6499994
v -0.625985 0.01401825 -0.6299995
v -0.6691206 0.04284057 -0.6299994
v -0.7200027 0.05296163 -0.6299993
v -0.7708847 0.04284056 -0.6299993
v -0.8140205 0.0140182 -0.6299992
v -0.8428428 -0.02911752 -0.6299992
v -0.8529639 -0.07999957 -0.6299992
v -0.8428428 -0.1308816 -0.6299993
v -0.8140205 -0.1740173 -0.6299993
v -0.7708847 -0.2028397 -0.6299994
v -0.7200027 -0.2129607 -0.6299995
v -0.6691206 -0.2028396 -0.6299996
v -0.6259848 -0.1740173 -0.6299996
v -0.5971625 -0.1308815 -0.6299997
v -0.5870414 -0.07999955 -0.6299996
v -0.7200021 0.1600003 0.5200003
v -0.7200021 0.1544839 0.4900003
v -0.7200021 0.1544839 0.4500003
v -0.7200021 0.1600003 0.4200003
v -0.7200021 -0.07999967 0.3450003
v -0.6068649 0.03313746 0.3000004
v -0.5721813 -0.01877029 0.3000004
v -0.560002 -0.07999969 0.3000004
v -0.5721812 -0.141229 0.3000004
v -0.6068649 -0.1931367 0.3000004
v -0.6587726 -0.2278204 0.3000004
v -0.7200019 -0.2399997 0.3000003
v -0.7812313 -0.2278204 0.3000003
v -0.8331391 -0.1931368 0.3000003
v -0.8678226 -0.141229 0.3000003
v -0.880002 -0.07999967 0.3000003
v -0.8678226 -0.01877034 0.3000003
v -0.8331391 0.03313741 0.3000003
v -0.7812313 0.06782104 0.3000003
v -0.720002 0.08000033 0.3000003
v -0.6587726 0.06782106 0.3000004
v 0.8330109 -0.05239889 0.6099999
v 0.8064943 -0.01271404 0.6099998
v 0.719998 -0.09867104 0.6299998
v 0.7668095 0.0138025 0.6099999
v 0.719998 0.02311387 0.6099998
v 0.6731865 0.01380248 0.6099998
v 0.6335017 -0.01271408 0.6099998
v 0.6069851 -0.05239896 0.6099998
v 0.5976737 -0.09921044 0.6099998
v 0.6069851 -0.1460219 0.6099998
v 0.6335017 -0.1857068 0.6099998
v 0.6731865 -0.2122233 0.6099998
v 0.719998 -0.2215347 0.6099998
v 0.7668095 -0.2122233 0.6099999
v 0.8064944 -0.1857067 0.6099998
v 0.8330109 -0.1460218 0.6099999
v 0.8423223 -0.0992104 0.6099999
v -0.9417337 0.01184442 -0.559999
v -0.9417336 0.01184439 -0.519999
v -0.8897082 0.089706 -0.519999
v -0.8897082 0.08970602 -0.559999
v -0.9140173 0.0003639412 -0.6149991
v -0.868495 0.06849287 -0.6149992
v -0.8493457 -0.02642387 -0.6399992
v -0.8189976 0.0189954 -0.6399992
v -0.8858074 0.08580526 -0.489999
v -0.8858073 0.08580524 -0.449999
v -0.8097354 0.1366349 -0.4499991
v -0.8097355 0.1366349 -0.4899991
v -0.8118465 0.1417315 -0.5199991
v -0.8118466 0.1417315 -0.5599991
v -0.8003661 0.1140151 -0.6149992
v -0.7735784 0.04934359 -0.6399993
v -0.7200026 0.1300004 -0.6149993
v -0.7200027 0.06000046 -0.6399994
v -0.7200026 0.1600004 -0.5599993
v -0.7200025 0.1600004 -0.5199993
v -0.7200024 0.1544839 -0.4899993
v -0.7200024 0.1544839 -0.4499993
v -0.7200024 0.1600003 -0.4199993
v -0.8118464 0.1417314 -0.4199991
v -0.7200023 0.1600003 -0.3799993
v -0.8118463 0.1417314 -0.3799991
v -0.8897079 0.08970594 -0.419999
v -0.8897079 0.08970592 -0.379999
v -0.9417335 0.01184433 -0.419999
v -0.9417334 0.0118443 -0.379999
v -0.9600024 -0.07999972 -0.419999
v -0.9600022 -0.07999974 -0.379999
v -0.8858073 -0.2458045 -0.4499992
v -0.8897079 -0.2497053 -0.4199992
v -0.9417334 -0.1718437 -0.4199991
v -0.9366369 -0.1697326 -0.4499991
v -0.954486 -0.07999969 -0.449999
v -0.9366369 0.009733295 -0.449999
v -0.8858074 -0.2458045 -0.4899992
v -0.936637 -0.1697326 -0.4899991
v -0.9544861 -0.07999967 -0.489999
v -0.9366371 0.009733315 -0.489999
v -0.8897081 -0.2497052 -0.5199992
v -0.9417335 -0.1718437 -0.5199991
v -0.9600025 -0.07999965 -0.519999
v -0.9600026 -0.07999962 -0.559999
v -0.9300026 -0.07999957 -0.6149991
v -0.8600026 -0.07999956 -0.6399992
v -0.8897082 -0.2497052 -0.5599992
v -0.9417336 -0.1718436 -0.5599991
v -0.9140173 -0.1603631 -0.6149992
v -0.8493457 -0.1335752 -0.6399992
v -0.868495 -0.228492 -0.6149993
v -0.8189976 -0.1789945 -0.6399993
v -0.5906596 -0.1335752 -0.6399997
v -0.5259879 -0.160363 -0.6149998
v -0.5715102 -0.2284919 -0.6149998
v -0.6210077 -0.1789945 -0.6399997
v -0.6396391 -0.2740142 -0.6149997
v -0.666427 -0.2093426 -0.6399995
v -0.7200026 -0.2899995 -0.6149996
v -0.7200027 -0.2199995 -0.6399996
v -0.800366 -0.2740142 -0.6149994
v -0.7735783 -0.2093427 -0.6399994
v -0.4982714 -0.1718435 -0.5599999
v -0.5502969 -0.2497052 -0.5599999
v -0.6281585 -0.3017307 -0.5599998
v -0.7200026 -0.3199996 -0.5599996
v -0.8118465 -0.3017307 -0.5599994
v -0.4982714 -0.1718435 -0.5199999
v -0.5502968 -0.2497052 -0.5199999
v -0.6281585 -0.3017307 -0.5199997
v -0.7200024 -0.3199996 -0.5199996
v -0.8118464 -0.3017307 -0.5199994
v -0.5033678 -0.1697325 -0.4899999
v -0.5541975 -0.2458045 -0.4899998
v -0.6302695 -0.2966341 -0.4899998
v -0.7200024 -0.3144832 -0.4899996
v -0.8097354 -0.2966342 -0.4899994
v -0.5033678 -0.1697325 -0.4499999
v -0.5541974 -0.2458045 -0.4499998
v -0.6302694 -0.2966342 -0.4499997
v -0.7200024 -0.3144832 -0.4499996
v -0.8097353 -0.2966343 -0.4499994
v -0.4982712 -0.1718436 -0.4199999
v -0.5502966 -0.2497053 -0.4199998
v -0.6281583 -0.3017307 -0.4199997
v -0.7200023 -0.3199996 -0.4199996
v -0.8118463 -0.3017308 -0.4199994
v -0.9417333 -0.1718438 -0.3799991
v -0.8897079 -0.2497053 -0.3799992
v -0.8118462 -0.3017308 -0.3799994
v -0.7200022 -0.3199997 -0.3799996
v -0.6281583 -0.3017308 -0.3799998
v -0.4982711 -0.1718436 -0.3799999
v -0.5167487 -0.16419 -0.3399999
v -0.5644386 -0.2355632 -0.3399998
v -0.5502966 -0.2497053 -0.3799999
v -0.6358118 -0.2832532 -0.3399997
v -0.7200022 -0.2999997 -0.3399996
v -0.8041925 -0.2832533 -0.3399994
v -0.8755657 -0.2355632 -0.3399993
v -0.6587727 -0.2278204 -0.2999997
v -0.7200021 -0.2399997 -0.2999995
v -0.7812315 -0.2278205 -0.2999994
v -0.8331392 -0.1931368 -0.2999993
v -0.8678228 -0.1412291 -0.2999992
v -0.9232557 -0.1641901 -0.3399991
v -0.8800021 -0.07999975 -0.2999992
v -0.9400022 -0.07999977 -0.339999
v -0.9232557 0.004190607 -0.339999
v -0.8755657 0.07556375 -0.3399991
v -0.8041927 0.1232538 -0.3399991
v -0.7200023 0.1400003 -0.3399993
v -0.8678228 -0.01877042 -0.2999991
v -0.8331392 0.03313733 -0.2999992
v -0.7812315 0.06782096 -0.2999992
v -0.7200021 0.08000024 -0.2999993
v 0.719998 -0.0992104 0.3249998
v 0.8559931 -0.1555414 0.2799999
v 0.8240842 -0.2032965 0.2799999
v 0.7763291 -0.2352055 0.2799999
v 0.7199982 -0.2464104 0.2799999
v 0.6636671 -0.2352055 0.2799999
v 0.615912 -0.2032965 0.2799998
v 0.584003 -0.1555414 0.2799998
v 0.5727981 -0.09921042 0.2799998
v 0.584003 -0.04287943 0.2799998
v 0.615912 0.004875698 0.2799998
v 0.6636671 0.03678463 0.2799999
v 0.7199981 0.04798957 0.2799999
v 0.7763291 0.03678464 0.2799999
v 0.824084 0.004875727 0.2799999
v 0.8559931 -0.04287939 0.2799999
v 0.8671981 -0.09921042 0.2799999
v -0.6358118 0.1232538 -0.3399995
v -0.6587727 0.06782097 -0.2999994
v -0.6068651 0.03313738 -0.2999996
v -0.5644388 0.07556381 -0.3399996
v -0.6281583 0.1417314 -0.3799995
v -0.5502967 0.089706 -0.3799996
v -0.5167487 0.004190674 -0.3399997
v -0.4982712 0.01184437 -0.3799998
v -0.5000021 -0.07999971 -0.3399999
v -0.4800023 -0.07999968 -0.3799998
v -0.5721814 -0.01877037 -0.2999997
v -0.5600021 -0.07999977 -0.2999997
v -0.5721814 -0.141229 -0.2999997
v -0.606865 -0.1931368 -0.2999997
v -0.4800023 -0.07999966 -0.4199998
v -0.4982713 0.01184441 -0.4199997
v -0.5502967 0.08970602 -0.4199997
v -0.7200024 0.1544839 -0.4499993
v -0.7200024 0.1600003 -0.4199993
v -0.6281583 0.1417314 -0.4199995
v -0.6302694 0.1366349 -0.4499995
v -0.5541975 0.0858053 -0.4499997
v -0.5033678 0.009733362 -0.4499997
v -0.4855188 -0.07999963 -0.4499998
v -0.7200024 0.1544839 -0.4899993
v -0.6302695 0.1366349 -0.4899995
v -0.5541977 0.08580534 -0.4899997
v -0.503368 0.009733391 -0.4899998
v -0.4855189 -0.07999961 -0.4899998
v -0.7200025 0.1600004 -0.5199993
v -0.6281585 0.1417315 -0.5199995
v -0.550297 0.08970608 -0.5199997
v -0.4982715 0.01184446 -0.5199997
v -0.4800025 -0.0799996 -0.5199999
v -0.7200026 0.1600004 -0.5599993
v -0.6281585 0.1417315 -0.5599995
v -0.550297 0.08970609 -0.5599996
v -0.4982715 0.01184449 -0.5599998
v -0.4800026 -0.07999957 -0.5599998
v -0.7200026 0.1300004 -0.6149993
v -0.6396392 0.1140152 -0.6149995
v -0.5715103 0.06849293 -0.6149996
v -0.525988 0.0003640175 -0.6149997
v -0.5100027 -0.07999955 -0.6149998
v -0.7200027 0.06000046 -0.6399994
v -0.666427 0.0493436 -0.6399994
v -0.6210078 0.01899545 -0.6399996
v -0.5906596 -0.02642383 -0.6399997
v -0.5800027 -0.07999954 -0.6399997
v -0.7200023 0.1600003 -0.3799993
v -0.7200023 0.1400003 -0.3399993
v -0.7200021 0.08000024 -0.2999993
v 0.8389937 -0.04992077 0.6199999
v 0.8110733 -0.008135033 0.6199999
v 0.7692876 0.01978527 0.6199998
v 0.719998 0.02958958 0.6199998
v 0.719998 0.09398956 0.5949998
v 0.6010023 -0.0499208 0.6199998
v 0.591198 -0.09921044 0.6199998
v 0.6010023 -0.1485001 0.6199998
v 0.6289226 -0.1902858 0.6199998
vt 0.9384766 0.6604004
vt 0.9375 0.6594238
vt 0.9375 0.6594238
vt 0.5419922 0.6572266
vt 0.5419922 0.6723633
vt 0.5117188 0.6723633
vt 0.5117188 0.6572266
vt 0.5419922 0.6420898
vt 0.5117188 0.6420898
vt 0.5117188 0.6875
vt 0.5419922 0.6875
vt 0.6025391 0.6723633
vt 0.6025391 0.6572266
vt 0.6025391 0.6420898
vt 0.6025391 0.6269531
vt 0.5419922 0.6269531
vt 0.5117188 0.6269531
vt 0.6782227 0.6572266
vt 0.6782227 0.6791992
vt 0.6025391 0.6875
vt 0.6782227 0.701416
vt 0.5117188 0.6118164
vt 0.5419922 0.6118164
vt 0.6025391 0.6118164
vt 0.6782227 0.5908203
vt 0.6782227 0.6130371
vt 0.6782227 0.6350098
vt 0.3439941 0.7495117
vt 0.3605957 0.762085
vt 0.3605957 0.7915039
vt 0.3439941 0.7915039
vt 0.3017578 0.7915039
vt 0.3017578 0.7495117
vt 0.3071289 0.8435059
vt 0.3071289 0.8140869
vt 0.3239746 0.8015137
vt 0.3239746 0.8435059
vt 0.3659668 0.8435059
vt 0.3659668 0.8015137
vt 0.5771484 0.8175049
vt 0.6147461 0.8175049
vt 0.6147461 0.8216553
vt 0.5771484 0.8216553
vt 0.5307617 0.8216553
vt 0.5307617 0.8175049
vt 0.5141602 0.8216553
vt 0.5141602 0.8175049
vt 0.4846191 0.8175049
vt 0.4846191 0.8216553
vt 0.463623 0.8175049
vt 0.463623 0.8216553
vt 0.4216309 0.8175049
vt 0.4216309 0.8216553
vt 0.8647461 0.6999512
vt 0.9106445 0.6479492
vt 0.8945313 0.7263184
vt 0.8662109 0.737793
vt 0.8427734 0.737793
vt 0.8413086 0.7004395
vt 0.8144531 0.7290039
vt 0.7924805 0.6525879
vt 0.3823242 0.5905762
vt 0.3852539 0.5847168
vt 0.420166 0.5847168
vt 0.4172363 0.5905762
vt 0.4143066 0.5964355
vt 0.3793945 0.5964355
vt 0.411377 0.6022949
vt 0.3764648 0.6022949
vt 0.3823242 0.5905762
vt 0.3852539 0.5847168
vt 0.420166 0.5847168
vt 0.4172363 0.5905762
vt 0.4143066 0.5964355
vt 0.3793945 0.5964355
vt 0.411377 0.6022949
vt 0.3764648 0.6022949
vt 0.411377 0.6022949
vt 0.3764648 0.6022949
vt 0.3793945 0.5964355
vt 0.4143066 0.5964355
vt 0.3823242 0.5905762
vt 0.4172363 0.5905762
vt 0.3852539 0.5847168
vt 0.420166 0.5847168
vt 0.2839355 0.6936035
vt 0.2839355 0.6936035
vt 0.2839355 0.7563477
vt 0.2839355 0.7563477
vt 0.2543945 0.6936035
vt 0.2683105 0.6936035
vt 0.2683105 0.7563477
vt 0.2543945 0.7563477
vt 0.9726563 0.3808594
vt 0.9804688 0.3808594
vt 0.9804688 0.4047852
vt 0.9726563 0.4047852
vt 0.9628906 0.3808594
vt 0.9628906 0.4047852
vt 0.9804688 0.3828125
vt 0.9804688 0.3828125
vt 0.9897461 0.3828125
vt 0.9804688 0.3808594
vt 0.9897461 0.3808594
vt 0.9926758 0.3828125
vt 0.9926758 0.3808594
vt 0.2017822 0.9793854
vt 0.2017822 0.9637451
vt 0.2641602 0.9637451
vt 0.2641602 0.9481201
vt 0.2017822 0.9481201
vt 0.2641602 0.9324951
vt 0.2017822 0.9324951
vt 0.2017822 0.9168701
vt 0.2641602 0.9168701
vt 0.3188477 0.9168701
vt 0.3188477 0.9324951
vt 0.3188477 0.9481201
vt 0.1274414 0.9481201
vt 0.1274414 0.9324951
vt 0.1274414 0.9168701
vt 0.3188477 0.9637451
vt 0.2641602 0.9793854
vt 0.2017822 0.995018
vt 0.1274414 0.995018
vt 0.1274414 0.9793854
vt 0.1274414 0.9637451
vt 0.3188477 0.9793854
vt 0.2641602 0.995018
vt 0.3188477 0.995018
vt 0.7924805 0.7363281
vt 0.7695313 0.6599121
vt 0.7924805 0.6525879
vt 0.753418 0.3588867
vt 0.7460938 0.2919922
vt 0.7817383 0.2890625
vt 0.7856445 0.3642578
vt 0.8217773 0.3681641
vt 0.815918 0.472168
vt 0.7910156 0.4291992
vt 0.824707 0.2993164
vt 0.7758789 0.2392578
vt 0.8222656 0.2363281
vt 0.8061523 0.222168
vt 0.8398438 0.15625
vt 0.7924805 0.6525879
vt 0.8144531 0.7290039
vt 0.7924805 0.7363281
vt 0.7856445 0.3642578
vt 0.7910156 0.4291992
vt 0.7583008 0.3901367
vt 0.753418 0.3588867
vt 0.7382813 0.3525391
vt 0.7304688 0.2958984
vt 0.7460938 0.2919922
vt 0.7368164 0.2617188
vt 0.7368164 0.2617188
vt 0.753418 0.2514648
vt 0.7817383 0.2890625
vt 0.7758789 0.2392578
vt 0.7788086 0.7611084
vt 0.7788086 0.751709
vt 0.8300781 0.7501221
vt 0.8300781 0.7611084
vt 0.8300781 0.7501221
vt 0.8813477 0.7404785
vt 0.8813477 0.7611084
vt 0.8916016 0.7611084
vt 0.8916016 0.7404785
vt 0.9018555 0.7611084
vt 0.9018555 0.7443848
vt 0.9121094 0.7611084
vt 0.9223633 0.7404785
vt 0.9941406 0.7404785
vt 0.9941406 0.7611084
vt 0.9223633 0.7611084
vt 0.9121094 0.7404785
vt 0.9018555 0.7443848
vt 0.454834 0.7755127
vt 0.463623 0.7662354
vt 0.4819336 0.7821045
vt 0.4658203 0.7583008
vt 0.3974609 0.7869873
vt 0.4130859 0.7811279
vt 0.4216309 0.810791
vt 0.4331055 0.7779541
vt 0.454834 0.7755127
vt 0.4729004 0.8007813
vt 0.4819336 0.7821045
vt 0.1420898 0.6677246
vt 0.1398926 0.6767578
vt 0.1954346 0.65625
vt 0.1356201 0.6806641
vt 0.1380615 0.6862793
vt 0.1361084 0.6975098
vt 0.1964111 0.7752686
vt 0.2410889 0.7749023
vt 0.2401123 0.6518555
vt 0.1368408 0.7757568
vt 0.04547119 0.4150391
vt 0.03640747 0.3447266
vt 0.0496521 0.3408203
vt 0.03582764 0.2392578
vt 0.3591309 0.4526367
vt 0.3737793 0.4838867
vt 0.3601074 0.480957
vt 0.3752441 0.5239258
vt 0.3640137 0.4970703
vt 0.3540039 0.4804688
vt 0.355957 0.4521484
vt 0.3720703 0.4394531
vt 0.4069824 0.4604492
vt 0.3950195 0.4941406
vt 0.3735352 0.5300293
vt 0.3703613 0.5290527
vt 0.3710938 0.5244141
vt 0.3598633 0.4995117
vt 0.4147949 0.5083008
vt 0.355957 0.5559082
vt 0.354248 0.5537109
vt 0.3232422 0.6210938
vt 0.3208008 0.6174316
vt 0.4177246 0.5100098
vt 0.3269043 0.6291504
vt 0.4208984 0.5070801
vt 0.4216309 0.5097656
vt 0.4177246 0.4868164
vt 0.4382324 0.480957
vt 0.4724121 0.5270996
vt 0.4731445 0.5283203
vt 0.487793 0.5007324
vt 0.6943359 0.6281738
vt 0.6962891 0.6486816
vt 0.6865234 0.6491699
vt 0.3630371 0.9294434
vt 0.3630371 0.921814
vt 0.3781738 0.921814
vt 0.3781738 0.9294434
vt 0.4384766 0.921814
vt 0.4384766 0.9294434
vt 0.5141602 0.921814
vt 0.5141602 0.9294434
vt 0.574707 0.921814
vt 0.574707 0.9294434
vt 0.6030273 0.921814
vt 0.6030273 0.9294434
vt 0.75 0.6586914
vt 0.7583008 0.666748
vt 0.7583008 0.690918
vt 0.7011719 0.690918
vt 0.7011719 0.666748
vt 0.7094727 0.6586914
vt 0.765625 0.7518311
vt 0.7856445 0.7397461
vt 0.7573242 0.6992188
vt 0.7495117 0.7558594
vt 0.7045898 0.6992188
vt 0.7089844 0.7558594
vt 0.6762695 0.7397461
vt 0.6923828 0.7518311
vt 0.2087402 0.8342285
vt 0.1982422 0.831665
vt 0.2004395 0.8305664
vt 0.2072754 0.8321533
vt 0.2106934 0.8178711
vt 0.2038574 0.8162842
vt 0.2141113 0.8035889
vt 0.2073975 0.8018799
vt 0.2058105 0.7999268
vt 0.2164307 0.8024902
vt 0.1896973 0.8175049
vt 0.1750488 0.8178711
vt 0.1763916 0.800293
vt 0.1917725 0.8087158
vt 0.1888428 0.7872314
vt 0.1981201 0.802124
vt 0.2062988 0.7821045
vt 0.223999 0.786377
vt 0.2373047 0.7988281
vt 0.22229 0.8079834
vt 0.1905518 0.8476563
vt 0.1773682 0.8352051
vt 0.1923828 0.8261719
vt 0.2424316 0.8161621
vt 0.2248535 0.8166504
vt 0.2382813 0.8337402
vt 0.2227783 0.8254395
vt 0.225708 0.8468018
vt 0.2164307 0.8319092
vt 0.208252 0.8519287
vt 0.2089844 0.8283691
vt 0.2115479 0.8181152
vt 0.2127686 0.8183594
vt 0.2150879 0.8087158
vt 0.2138672 0.8077393
vt 0.2159424 0.8046875
vt 0.2145996 0.8037109
vt 0.2164307 0.8024902
vt 0.2141113 0.8035889
vt 0.2106934 0.8178711
vt 0.22229 0.8079834
vt 0.2205811 0.80896
vt 0.2248535 0.8166504
vt 0.2154541 0.8302002
vt 0.2133789 0.8270264
vt 0.2176514 0.8226318
vt 0.2104492 0.8280029
vt 0.2189941 0.8167725
vt 0.2172852 0.8110352
vt 0.2229004 0.8166504
vt 0.2093506 0.8320313
vt 0.2209473 0.8244629
vt 0.2227783 0.8254395
vt 0.2164307 0.8319092
vt 0.2087402 0.8342285
vt 0.2077637 0.8322754
vt 0.2072754 0.8321533
vt 0.1916504 0.8173828
vt 0.1955566 0.8173828
vt 0.1972656 0.8231201
vt 0.1936035 0.8096924
vt 0.1939697 0.8250732
vt 0.1896973 0.8175049
vt 0.1917725 0.8087158
vt 0.1981201 0.802124
vt 0.1990967 0.803833
vt 0.2058105 0.7999268
vt 0.2055664 0.802002
vt 0.2069092 0.8017578
vt 0.2047119 0.8060303
vt 0.1999512 0.8256836
vt 0.1988525 0.8297119
vt 0.1923828 0.8261719
vt 0.1982422 0.831665
vt 0.2059326 0.8057861
vt 0.2023926 0.815918
vt 0.2034912 0.8161621
vt 0.2010498 0.826416
vt 0.2000732 0.8304443
vt 0.2004395 0.8305664
vt 0.2038574 0.8162842
vt 0.2073975 0.8018799
vt 0.1968994 0.8115234
vt 0.2011719 0.8071289
vt 0.09118652 0.1738281
vt 0.08013916 0.1875
vt 0.0927124 0.128418
vt 0.0496521 0.3408203
vt 0.09881592 0.3408203
vt 0.09350586 0.4150391
vt 0.08258057 0.2392578
vt 0.03582764 0.2392578
vt 0.006839752 0.1875
vt 0.006839752 0.128418
vt 0.07263184 0.06591797
vt 0.006839752 0.06591797
vt 0.06408691 0.02978516
vt 0.006839752 0.02978516
vt 0.0625 0.005859375
vt 0.006839752 0.005859375
vt 0.006839752 0.2392578
vt 0.006839752 0.3447266
vt 0.03640747 0.3447266
vt 0.006839752 0.4150391
vt 0.04547119 0.4150391
vt 0.006839752 0.505127
vt 0.07446289 0.5783691
vt 0.06958008 0.5817871
vt 0.006866455 0.5817871
vt 0.006839752 0.5617676
vt 0.07452393 0.5617676
vt 0.0748291 0.5390625
vt 0.006839752 0.5390625
vt 0.07531738 0.505127
vt 0.8037109 0.824585
vt 0.7880859 0.8059082
vt 0.784668 0.807373
vt 0.8032227 0.8292236
vt 0.831543 0.829834
vt 0.784668 0.7637939
vt 0.7807617 0.7637939
vt 0.7807617 0.8088379
vt 0.8032227 0.833374
vt 0.8295898 0.8341064
vt 0.8510742 0.833252
vt 0.8510742 0.8292236
vt 0.8740234 0.8312988
vt 0.831543 0.8240967
vt 0.8046875 0.821167
vt 0.7915039 0.8046875
vt 0.7880859 0.7637939
vt 0.7915039 0.7637939
vt 0.8769531 0.8270264
vt 0.8510742 0.8243408
vt 0.8310547 0.8210449
vt 0.8769531 0.8222656
vt 0.8745117 0.8192139
vt 0.8500977 0.8214111
vt 0.2017822 0.09960938
vt 0.1817627 0.1308594
vt 0.161499 0.1049805
vt 0.7871094 0.5192871
vt 0.7885742 0.5966797
vt 0.7744141 0.5917969
vt 0.7753906 0.501709
vt 0.8945313 0.8381348
vt 0.8945313 0.8535156
vt 0.9951172 0.8535156
vt 0.9951172 0.8381348
vt 0.7871094 0.5192871
vt 0.7753906 0.501709
vt 0.7744141 0.5917969
vt 0.7885742 0.5966797
vt 0.9951172 0.7861328
vt 0.8959961 0.7861328
vt 0.8959961 0.7745361
vt 0.9951172 0.7745361
vt 0.9951172 0.8095703
vt 0.8959961 0.8095703
vt 0.8959961 0.7978516
vt 0.9951172 0.7978516
vt 0.1276855 0.7984619
vt 0.1413574 0.7984619
vt 0.1413574 0.7849121
vt 0.1276855 0.7849121
vt 0.1685791 0.8120117
vt 0.1685791 0.7849121
vt 0.1549072 0.7849121
vt 0.1549072 0.7984619
vt 0.1549072 0.8120117
vt 0.1413574 0.8120117
vt 0.1276855 0.8120117
vt 0.1141968 0.7984619
vt 0.1141968 0.8120117
vt 0.1005859 0.7984619
vt 0.0869751 0.7849121
vt 0.1005859 0.7849121
vt 0.1005859 0.8120117
vt 0.0869751 0.8120117
vt 0.07336426 0.7849121
vt 0.07336426 0.8120117
vt 0.05978394 0.7849121
vt 0.06274414 0.8120117
vt 0.04620361 0.7849121
vt 0.04620361 0.8120117
vt 0.03259277 0.7849121
vt 0.03259277 0.8120117
vt 0.01899719 0.7849121
vt 0.01899719 0.8120117
vt 0.005409241 0.7849121
vt 0.005409241 0.8120117
vt 0.7011719 0.666748
vt 0.7011719 0.690918
vt 0.7583008 0.690918
vt 0.75 0.6586914
vt 0.7583008 0.666748
vt 0.7094727 0.6586914
vt 0.7856445 0.7397461
vt 0.7573242 0.6992188
vt 0.765625 0.7518311
vt 0.7495117 0.7558594
vt 0.7089844 0.7558594
vt 0.7045898 0.6992188
vt 0.6923828 0.7518311
vt 0.6762695 0.7397461
vt 0.2010498 0.826416
vt 0.2034912 0.8161621
vt 0.2059326 0.8057861
vt 0.2087402 0.8342285
vt 0.1982422 0.831665
vt 0.2004395 0.8305664
vt 0.2072754 0.8321533
vt 0.2106934 0.8178711
vt 0.2038574 0.8162842
vt 0.2141113 0.8035889
vt 0.2073975 0.8018799
vt 0.2058105 0.7999268
vt 0.2164307 0.8024902
vt 0.1763916 0.800293
vt 0.1917725 0.8087158
vt 0.1896973 0.8175049
vt 0.1746826 0.8178711
vt 0.1923828 0.8261719
vt 0.1773682 0.8352051
vt 0.1905518 0.8476563
vt 0.208252 0.8519287
vt 0.2164307 0.8319092
vt 0.225708 0.8468018
vt 0.2227783 0.8254395
vt 0.2382813 0.8337402
vt 0.2248535 0.8166504
vt 0.2424316 0.8161621
vt 0.22229 0.8079834
vt 0.2373047 0.7988281
vt 0.223999 0.786377
vt 0.2062988 0.7821045
vt 0.1981201 0.802124
vt 0.1888428 0.7872314
vt 0.2009277 0.8265381
vt 0.2000732 0.8304443
vt 0.1988525 0.8297119
vt 0.1999512 0.8256836
vt 0.1939697 0.8250732
vt 0.1972656 0.8231201
vt 0.1916504 0.8173828
vt 0.2038574 0.8162842
vt 0.2004395 0.8305664
vt 0.2034912 0.8161621
vt 0.2023926 0.815918
vt 0.1955566 0.8173828
vt 0.1936035 0.8096924
vt 0.1968994 0.8115234
vt 0.2011719 0.8071289
vt 0.1990967 0.803833
vt 0.2047119 0.8060303
vt 0.2059326 0.8057861
vt 0.2069092 0.8017578
vt 0.2073975 0.8018799
vt 0.2058105 0.7999268
vt 0.1981201 0.802124
vt 0.2055664 0.802002
vt 0.1917725 0.8087158
vt 0.1896973 0.8175049
vt 0.1923828 0.8261719
vt 0.1982422 0.831665
vt 0.9018555 0.6188965
vt 0.9179688 0.6313477
vt 0.815918 0.6296387
vt 0.8120117 0.6157227
vt 0.8945313 0.8998413
vt 0.9951172 0.8998413
vt 0.9951172 0.8843994
vt 0.8945313 0.8843994
vt 0.9018555 0.6188965
vt 0.8120117 0.6157227
vt 0.815918 0.6296387
vt 0.9179688 0.6313477
vt 0.9951172 0.7861328
vt 0.9951172 0.7745361
vt 0.8959961 0.7745361
vt 0.8959961 0.7861328
vt 0.8959961 0.7978516
vt 0.8959961 0.8095703
vt 0.9951172 0.8095703
vt 0.9951172 0.7978516
vt 0.04620361 0.8323975
vt 0.04620361 0.8188477
vt 0.03259277 0.8188477
vt 0.03259277 0.8323975
vt 0.0869751 0.8460693
vt 0.1005859 0.8460693
vt 0.1005859 0.8188477
vt 0.0869751 0.8188477
vt 0.07336426 0.8460693
vt 0.07336426 0.8323975
vt 0.05978394 0.8460693
vt 0.05978394 0.8323975
vt 0.04873657 0.8460693
vt 0.03259277 0.8460693
vt 0.07336426 0.8188477
vt 0.01899719 0.8460693
vt 0.01899719 0.8323975
vt 0.005409241 0.8460693
vt 0.005409241 0.8188477
vt 0.01899719 0.8188477
vt 0.9951172 0.8535156
vt 0.8945313 0.8535156
vt 0.8945313 0.8690186
vt 0.7045898 0.6992188
vt 0.6923828 0.7518311
vt 0.6762695 0.7397461
vt 0.7089844 0.7558594
vt 0.7573242 0.6992188
vt 0.7495117 0.7558594
vt 0.765625 0.7518311
vt 0.7856445 0.7397461
vt 0.8945313 0.8690186
vt 0.9951172 0.8690186
vt 0.9951172 0.8535156
vt 0.2141113 0.8035889
vt 0.2164307 0.8024902
vt 0.2058105 0.7999268
vt 0.2073975 0.8018799
vt 0.2038574 0.8162842
vt 0.2106934 0.8178711
vt 0.2004395 0.8305664
vt 0.2072754 0.8321533
vt 0.2087402 0.8342285
vt 0.1982422 0.831665
vt 0.225708 0.8468018
vt 0.2382813 0.8337402
vt 0.2227783 0.8254395
vt 0.2248535 0.8166504
vt 0.2424316 0.8161621
vt 0.22229 0.8079834
vt 0.2373047 0.7988281
vt 0.223999 0.786377
vt 0.2062988 0.7821045
vt 0.1981201 0.802124
vt 0.1888428 0.7872314
vt 0.1917725 0.8087158
vt 0.1763916 0.800293
vt 0.1896973 0.8175049
vt 0.1746826 0.8178711
vt 0.1923828 0.8261719
vt 0.1773682 0.8352051
vt 0.1905518 0.8476563
vt 0.208252 0.8519287
vt 0.2164307 0.8319092
vt 0.2077637 0.8322754
vt 0.2089844 0.8283691
vt 0.2106934 0.8178711
vt 0.2115479 0.8181152
vt 0.2127686 0.8183594
vt 0.2104492 0.8280029
vt 0.2093506 0.8320313
vt 0.2189941 0.8167725
vt 0.2176514 0.8226318
vt 0.2209473 0.8244629
vt 0.2133789 0.8270264
vt 0.2154541 0.8302002
vt 0.2087402 0.8342285
vt 0.2072754 0.8321533
vt 0.2164307 0.8319092
vt 0.2227783 0.8254395
vt 0.2229004 0.8166504
vt 0.2248535 0.8166504
vt 0.2205811 0.80896
vt 0.22229 0.8079834
vt 0.2159424 0.8046875
vt 0.2164307 0.8024902
vt 0.2145996 0.8037109
vt 0.2172852 0.8110352
vt 0.2150879 0.8087158
vt 0.2138672 0.8077393
vt 0.2141113 0.8035889
vt 0.1990967 0.803833
vt 0.2055664 0.802002
vt 0.2058105 0.7999268
vt 0.2069092 0.8017578
vt 0.2047119 0.8060303
vt 0.2059326 0.8057861
vt 0.2023926 0.815918
vt 0.2034912 0.8161621
vt 0.2038574 0.8162842
vt 0.2073975 0.8018799
vt 0.1955566 0.8173828
vt 0.1968994 0.8115234
vt 0.1936035 0.8096924
vt 0.2011719 0.8071289
vt 0.1916504 0.8173828
vt 0.1972656 0.8231201
vt 0.1999512 0.8256836
vt 0.2009277 0.8265381
vt 0.2000732 0.8304443
vt 0.2004395 0.8305664
vt 0.1982422 0.831665
vt 0.1939697 0.8250732
vt 0.1988525 0.8297119
vt 0.1923828 0.8261719
vt 0.1896973 0.8175049
vt 0.1917725 0.8087158
vt 0.1981201 0.802124
vt 0.9951172 0.8212891
vt 0.8959961 0.8212891
vt 0.8959961 0.8095703
vt 0.9018555 0.6188965
vt 0.8120117 0.6157227
vt 0.815918 0.6296387
vt 0.9179688 0.6313477
vt 0.8945313 0.8998413
vt 0.8945313 0.8843994
vt 0.9951172 0.8843994
vt 0.9951172 0.8998413
vt 0.9018555 0.6188965
vt 0.9179688 0.6313477
vt 0.815918 0.6296387
vt 0.8120117 0.6157227
vt 0.9951172 0.7861328
vt 0.8959961 0.7861328
vt 0.8959961 0.7745361
vt 0.9951172 0.7745361
vt 0.8959961 0.7978516
vt 0.9951172 0.7978516
vt 0.9951172 0.8095703
vt 0.8959961 0.8095703
vt 0.04620361 0.8323975
vt 0.03259277 0.8323975
vt 0.03259277 0.8188477
vt 0.04620361 0.8188477
vt 0.01899719 0.8188477
vt 0.01899719 0.8323975
vt 0.005409241 0.8188477
vt 0.005409241 0.8460693
vt 0.01899719 0.8460693
vt 0.03259277 0.8460693
vt 0.04873657 0.8460693
vt 0.05978394 0.8323975
vt 0.05978394 0.8460693
vt 0.07336426 0.8323975
vt 0.0869751 0.8188477
vt 0.07336426 0.8188477
vt 0.07336426 0.8460693
vt 0.0869751 0.8460693
vt 0.1005859 0.8188477
vt 0.1005859 0.8460693
vt 0.1141968 0.8188477
vt 0.1141968 0.8460693
vt 0.1276855 0.8188477
vt 0.1276855 0.8460693
vt 0.1413574 0.8188477
vt 0.1413574 0.8460693
vt 0.1549072 0.8188477
vt 0.1549072 0.8460693
vt 0.1685791 0.8188477
vt 0.1685791 0.8460693
vt 0.8959961 0.8095703
vt 0.9951172 0.8095703
vt 0.9951172 0.8212891
vt 0.2141113 0.8035889
vt 0.2164307 0.8024902
vt 0.2058105 0.7999268
vt 0.2073975 0.8018799
vt 0.2038574 0.8162842
vt 0.2106934 0.8178711
vt 0.2004395 0.8305664
vt 0.2072754 0.8321533
vt 0.2087402 0.8342285
vt 0.1982422 0.831665
vt 0.1896973 0.8175049
vt 0.1917725 0.8087158
vt 0.1763916 0.800293
vt 0.1888428 0.7872314
vt 0.1981201 0.802124
vt 0.2062988 0.7821045
vt 0.223999 0.786377
vt 0.2373047 0.7988281
vt 0.22229 0.8079834
vt 0.2424316 0.8161621
vt 0.2248535 0.8166504
vt 0.2382813 0.8337402
vt 0.2227783 0.8254395
vt 0.225708 0.8468018
vt 0.2164307 0.8319092
vt 0.208252 0.8519287
vt 0.1905518 0.8476563
vt 0.1773682 0.8352051
vt 0.1923828 0.8261719
vt 0.1750488 0.8178711
vt 0.2138672 0.8077393
vt 0.2150879 0.8087158
vt 0.2159424 0.8046875
vt 0.2205811 0.80896
vt 0.2172852 0.8110352
vt 0.2229004 0.8166504
vt 0.2189941 0.8167725
vt 0.2077637 0.8322754
vt 0.2089844 0.8283691
vt 0.2106934 0.8178711
vt 0.2115479 0.8181152
vt 0.2127686 0.8183594
vt 0.2176514 0.8226318
vt 0.2209473 0.8244629
vt 0.2227783 0.8254395
vt 0.2164307 0.8319092
vt 0.2104492 0.8280029
vt 0.2093506 0.8320313
vt 0.2154541 0.8302002
vt 0.2133789 0.8270264
vt 0.2087402 0.8342285
vt 0.2072754 0.8321533
vt 0.2248535 0.8166504
vt 0.22229 0.8079834
vt 0.2164307 0.8024902
vt 0.2145996 0.8037109
vt 0.2141113 0.8035889
vt 0.8959961 0.7861328
vt 0.9951172 0.7861328
vt 0.9951172 0.7978516
vt 0.2000732 0.8304443
vt 0.2004395 0.8305664
vt 0.2038574 0.8162842
vt 0.2010498 0.826416
vt 0.2059326 0.8057861
vt 0.2069092 0.8017578
vt 0.2073975 0.8018799
vt 0.2058105 0.7999268
vt 0.2055664 0.802002
vt 0.2047119 0.8060303
vt 0.2023926 0.815918
vt 0.2034912 0.8161621
vt 0.1999512 0.8256836
vt 0.1988525 0.8297119
vt 0.1982422 0.831665
vt 0.1923828 0.8261719
vt 0.1896973 0.8175049
vt 0.1939697 0.8250732
vt 0.1972656 0.8231201
vt 0.1916504 0.8173828
vt 0.1917725 0.8087158
vt 0.1936035 0.8096924
vt 0.1981201 0.802124
vt 0.1990967 0.803833
vt 0.1955566 0.8173828
vt 0.1968994 0.8115234
vt 0.2011719 0.8071289
vt 0.7871094 0.5192871
vt 0.7753906 0.501709
vt 0.7744141 0.5917969
vt 0.7885742 0.5966797
vt 0.8945313 0.8381348
vt 0.9951172 0.8381348
vt 0.9951172 0.8535156
vt 0.8945313 0.8535156
vt 0.7871094 0.5192871
vt 0.7885742 0.5966797
vt 0.7744141 0.5917969
vt 0.7753906 0.501709
vt 0.9951172 0.7861328
vt 0.9951172 0.7745361
vt 0.8959961 0.7745361
vt 0.8959961 0.7861328
vt 3.051758E-05 0.9999695
vt 3.051758E-05 0.9999695
vt 3.051758E-05 0.9999695
vt 3.051758E-05 0.9999695
vt 3.051758E-05 0.9999695
vt 3.051758E-05 0.9999695
vt 3.051758E-05 0.9999695
vt 3.051758E-05 0.9999695
vt 3.051758E-05 0.9999695
vt 3.051758E-05 0.9999695
vt 3.051758E-05 0.9999695
vt 3.051758E-05 0.9999695
vt 3.051758E-05 0.9999695
vt 3.051758E-05 0.9999695
vt 3.051758E-05 0.9999695
vt 3.051758E-05 0.9999695
vt 3.051758E-05 0.9999695
vt 3.051758E-05 0.9999695
vt 3.051758E-05 0.9999695
vt 3.051758E-05 0.9999695
vt 3.051758E-05 0.9999695
vt 3.051758E-05 0.9999695
vt 3.051758E-05 0.9999695
vt 3.051758E-05 0.9999695
vt 3.051758E-05 0.9999695
vt 3.051758E-05 0.9999695
vt 3.051758E-05 0.9999695
vt 3.051758E-05 0.9999695
vt 3.051758E-05 0.9999695
vt 3.051758E-05 0.9999695
vt 3.051758E-05 0.9999695
vt 3.051758E-05 0.9999695
vt 0.9951172 0.7978516
vt 0.8959961 0.7978516
vt 0.8959961 0.7861328
vt 0.5307617 0.1416016
vt 0.4782715 0.1655273
vt 0.4782715 0.1655273
vt 0.4223633 0.1616211
vt 0.4223633 0.1616211
vt 0.4223633 0.1616211
vt 0.3684082 0.1542969
vt 0.3684082 0.1542969
vt 0.3647461 0.1083984
vt 0.3647461 0.1083984
vt 0.357666 0.04882813
vt 0.357666 0.04882813
vt 0.3625488 0.02001953
vt 0.3625488 0.02001953
vt 0.357666 0.04882813
vt 0.3625488 0.02001953
vt 0.3625488 0.02001953
vt 0.4116211 0.0078125
vt 0.4116211 0.0078125
vt 0.4665527 0.006347656
vt 0.4665527 0.006347656
vt 0.5214844 0.02832031
vt 0.5214844 0.02832031
vt 0.5703125 0.06494141
vt 0.5703125 0.06494141
vt 0.5703125 0.06494141
vt 0.5703125 0.06494141
vt 0.578125 0.1147461
vt 0.578125 0.1147461
vt 0.5307617 0.1416016
vt 0.5307617 0.1416016
vt 0.5703125 0.06494141
vt 0.9951172 0.8843994
vt 0.9951172 0.8690186
vt 0.8945313 0.8690186
vt 0.8222656 0.04248047
vt 0.8266602 0.03808594
vt 0.8217773 0.02978516
vt 0.8364258 0.109375
vt 0.8330078 0.1098633
vt 0.8300781 0.1533203
vt 0.8330078 0.1538086
vt 0.8388672 0.109375
vt 0.8188477 0.04394531
vt 0.8178711 0.03369141
vt 0.7817383 0.1191406
vt 0.7861328 0.1835938
vt 0.7861328 0.1870117
vt 0.7265625 0.1933594
vt 0.7270508 0.1899414
vt 0.6611328 0.1723633
vt 0.7680664 0.04931641
vt 0.7270508 0.1245117
vt 0.6611328 0.137207
vt 0.6630859 0.168457
vt 0.612793 0.1474609
vt 0.6547852 0.07373047
vt 0.6049805 0.09521484
vt 0.6503906 0.06591797
vt 0.715332 0.05615234
vt 0.6074219 0.1489258
vt 0.6010742 0.09667969
vt 0.6049805 0.08691406
vt 0.6450195 0.04931641
vt 0.7114258 0.04833984
vt 0.7006836 0.01904297
vt 0.6025391 0.1484375
vt 0.7529297 0.01074219
vt 0.6982422 0.015625
vt 0.6430664 0.04541016
vt 0.6010742 0.08837891
vt 0.5966797 0.09667969
vt 0.6928711 0.01074219
vt 0.6401367 0.04248047
vt 0.5981445 0.08789063
vt 0.7495117 0.004394531
vt 0.8007813 0.01123047
vt 0.7993164 0.0078125
vt 0.8061523 0.01513672
vt 0.8056641 0.01123047
vt 0.7553711 0.01464844
vt 0.8012695 0.01513672
vt 0.8056641 0.01904297
vt 0.8154297 0.03613281
vt 0.7646484 0.04101563
vt 0.8945313 0.8690186
vt 0.8945313 0.8843994
vt 0.9951172 0.8843994
vt 0.9790039 0.01660156
vt 0.9750977 0.01660156
vt 0.9672852 0.07324219
vt 0.9858398 0.06982422
vt 0.9643555 0.1362305
vt 0.9912109 0.1391602
vt 0.9912109 0.2001953
vt 0.965332 0.1972656
vt 0.9858398 0.2670898
vt 0.9716797 0.2670898
vt 0.9755859 0.3144531
vt 0.984375 0.3144531
vt 0.7788086 0.8690186
vt 0.8022461 0.8690186
vt 0.8022461 0.8535156
vt 0.7788086 0.8535156
vt 0.8022461 0.8535156
vt 0.8022461 0.8381348
vt 0.7788086 0.8381348
vt 0.7788086 0.8535156
vt 0.8022461 0.8535156
vt 0.8945313 0.8535156
vt 0.8945313 0.8381348
vt 0.8022461 0.8381348
vt 0.6708984 0.8535156
vt 0.6708984 0.8690186
vt 0.7788086 0.8690186
vt 0.7788086 0.8535156
vt 0.7788086 0.8381348
vt 0.6708984 0.8381348
vt 0.6708984 0.8535156
vt 0.7788086 0.8535156
vt 0.5703125 0.06494141
vt 0.5703125 0.06494141
vt 0.5214844 0.02832031
vt 0.5214844 0.02832031
vt 0.4665527 0.006347656
vt 0.4665527 0.006347656
vt 0.4116211 0.0078125
vt 0.4116211 0.0078125
vt 0.3625488 0.02001953
vt 0.3625488 0.02001953
vt 0.3625488 0.02001953
vt 0.3625488 0.02001953
vt 0.357666 0.04882813
vt 0.357666 0.04882813
vt 0.357666 0.04882813
vt 0.3647461 0.1083984
vt 0.3647461 0.1083984
vt 0.3684082 0.1542969
vt 0.3684082 0.1542969
vt 0.4223633 0.1616211
vt 0.4223633 0.1616211
vt 0.4223633 0.1616211
vt 0.4782715 0.1655273
vt 0.4782715 0.1655273
vt 0.5307617 0.1416016
vt 0.5307617 0.1416016
vt 0.5307617 0.1416016
vt 0.578125 0.1147461
vt 0.578125 0.1147461
vt 0.5703125 0.06494141
vt 0.5703125 0.06494141
vt 0.5703125 0.06494141
vt 0.8959961 0.8095703
vt 0.8959961 0.8212891
vt 0.9951172 0.8212891
vt 0.6611328 0.137207
vt 0.6547852 0.07373047
vt 0.715332 0.05615234
vt 0.7270508 0.1245117
vt 0.7680664 0.04931641
vt 0.7817383 0.1191406
vt 0.612793 0.1474609
vt 0.6630859 0.168457
vt 0.7270508 0.1899414
vt 0.7861328 0.1835938
vt 0.8300781 0.1533203
vt 0.8330078 0.1098633
vt 0.8188477 0.04394531
vt 0.8154297 0.03613281
vt 0.6611328 0.1723633
vt 0.6074219 0.1489258
vt 0.7265625 0.1933594
vt 0.7861328 0.1870117
vt 0.8330078 0.1538086
vt 0.8364258 0.109375
vt 0.8222656 0.04248047
vt 0.8178711 0.03369141
vt 0.8056641 0.01904297
vt 0.7646484 0.04101563
vt 0.8012695 0.01513672
vt 0.7553711 0.01464844
vt 0.8007813 0.01123047
vt 0.7529297 0.01074219
vt 0.7495117 0.004394531
vt 0.8266602 0.03808594
vt 0.8388672 0.109375
vt 0.8217773 0.02978516
vt 0.8061523 0.01513672
vt 0.7993164 0.0078125
vt 0.8056641 0.01123047
vt 0.6928711 0.01074219
vt 0.6982422 0.015625
vt 0.6430664 0.04541016
vt 0.6450195 0.04931641
vt 0.6049805 0.08691406
vt 0.6503906 0.06591797
vt 0.6049805 0.09521484
vt 0.6010742 0.09667969
vt 0.6010742 0.08837891
vt 0.6025391 0.1484375
vt 0.5966797 0.09667969
vt 0.5981445 0.08789063
vt 0.6401367 0.04248047
vt 0.7788086 0.8690186
vt 0.7788086 0.8535156
vt 0.8022461 0.8535156
vt 0.8022461 0.8690186
vt 0.8022461 0.8535156
vt 0.7788086 0.8535156
vt 0.7788086 0.8381348
vt 0.8022461 0.8381348
vt 0.8022461 0.8535156
vt 0.8022461 0.8381348
vt 0.8945313 0.8381348
vt 0.8945313 0.8535156
vt 0.8710938 0.5234375
vt 0.7885742 0.5966797
vt 0.7983398 0.6074219
vt 0.8803711 0.5283203
vt 0.8881836 0.5046387
vt 0.8740234 0.5114746
vt 0.7753906 0.501709
vt 0.7871094 0.5192871
vt 0.7983398 0.6074219
vt 0.7885742 0.5966797
vt 0.8710938 0.5234375
vt 0.8803711 0.5283203
vt 0.8881836 0.5046387
vt 0.8740234 0.5114746
vt 0.7871094 0.5192871
vt 0.7753906 0.501709
vt 0.7788086 0.8381348
vt 0.7788086 0.8535156
vt 0.6708984 0.8535156
vt 0.6708984 0.8381348
vt 0.5009766 0.2167969
vt 0.5009766 0.2167969
vt 0.4914551 0.1660156
vt 0.4914551 0.1660156
vt 0.4914551 0.1660156
vt 0.4914551 0.1660156
vt 0.4443359 0.171875
vt 0.4443359 0.171875
vt 0.4443359 0.171875
vt 0.3925781 0.1704102
vt 0.3925781 0.1704102
vt 0.3442383 0.1958008
vt 0.3442383 0.1958008
vt 0.3442383 0.1958008
vt 0.3017578 0.2216797
vt 0.3017578 0.2216797
vt 0.3017578 0.2216797
vt 0.3017578 0.2216797
vt 0.3115234 0.2685547
vt 0.3115234 0.2685547
vt 0.3115234 0.2685547
vt 0.3115234 0.2685547
vt 0.3605957 0.3017578
vt 0.3605957 0.3017578
vt 0.4135742 0.3198242
vt 0.4135742 0.3198242
vt 0.4655762 0.3168945
vt 0.4655762 0.3168945
vt 0.5068359 0.3007813
vt 0.5068359 0.3007813
vt 0.5068359 0.3007813
vt 0.5068359 0.3007813
vt 0.5083008 0.2734375
vt 0.5083008 0.2734375
vt 0.5083008 0.2734375
vt 0.5083008 0.2734375
vt 0.4655762 0.3168945
vt 0.5009766 0.2167969
vt 0.5083008 0.2734375
vt 0.5083008 0.2734375
vt 0.5068359 0.3007813
vt 0.5068359 0.3007813
vt 0.3017578 0.2216797
vt 0.3442383 0.1958008
vt 0.3442383 0.1958008
vt 0.3605957 0.3017578
vt 0.3925781 0.1704102
vt 0.4135742 0.3198242
vt 0.4443359 0.171875
vt 0.4443359 0.171875
vt 0.4914551 0.1660156
vt 0.4914551 0.1660156
vt 0.3115234 0.2685547
vt 0.3115234 0.2685547
vt 0.3017578 0.2216797
vt 0.9951172 0.8212891
vt 0.9951172 0.8095703
vt 0.8959961 0.8095703
vt 0.8022461 0.8843994
vt 0.7788086 0.8843994
vt 0.7788086 0.8690186
vt 0.8022461 0.8690186
vt 0.8022461 0.8843994
vt 0.8022461 0.8998413
vt 0.7788086 0.8998413
vt 0.7788086 0.8843994
vt 0.8022461 0.8843994
vt 0.8945313 0.8998413
vt 0.8022461 0.8998413
vt 0.8945313 0.8843994
vt 0.7788086 0.8690186
vt 0.7788086 0.8843994
vt 0.6708984 0.8843994
vt 0.6708984 0.8690186
vt 0.887207 0.5419922
vt 0.8022461 0.6054688
vt 0.8120117 0.6157227
vt 0.8833008 0.5327148
vt 0.9042969 0.5322266
vt 0.8979492 0.541748
vt 0.9179688 0.6313477
vt 0.9018555 0.6188965
vt 0.8959961 0.7861328
vt 0.8959961 0.7978516
vt 0.9951172 0.7978516
vt 0.887207 0.5419922
vt 0.8120117 0.6157227
vt 0.8022461 0.6054688
vt 0.8833008 0.5327148
vt 0.9042969 0.5322266
vt 0.8979492 0.541748
vt 0.9018555 0.6188965
vt 0.9179688 0.6313477
vt 0.9951172 0.7978516
vt 0.9951172 0.7861328
vt 0.8959961 0.7861328
vt 0.6708984 0.8843994
vt 0.7788086 0.8843994
vt 0.7788086 0.8998413
vt 0.6708984 0.8998413
vt 0.4135742 0.3198242
vt 0.3605957 0.3017578
vt 0.3605957 0.3017578
vt 0.3115234 0.2685547
vt 0.3115234 0.2685547
vt 0.3115234 0.2685547
vt 0.3115234 0.2685547
vt 0.3017578 0.2216797
vt 0.3017578 0.2216797
vt 0.3017578 0.2216797
vt 0.3017578 0.2216797
vt 0.3442383 0.1958008
vt 0.3442383 0.1958008
vt 0.3442383 0.1958008
vt 0.3925781 0.1704102
vt 0.3925781 0.1704102
vt 0.4443359 0.171875
vt 0.4443359 0.171875
vt 0.4443359 0.171875
vt 0.4914551 0.1660156
vt 0.4914551 0.1660156
vt 0.4914551 0.1660156
vt 0.4914551 0.1660156
vt 0.5009766 0.2167969
vt 0.5009766 0.2167969
vt 0.5083008 0.2734375
vt 0.5083008 0.2734375
vt 0.5083008 0.2734375
vt 0.5083008 0.2734375
vt 0.5068359 0.3007813
vt 0.5068359 0.3007813
vt 0.5068359 0.3007813
vt 0.5068359 0.3007813
vt 0.4655762 0.3168945
vt 0.4655762 0.3168945
vt 0.4135742 0.3198242
vt 0.1549072 0.8460693
vt 0.1685791 0.8460693
vt 0.1685791 0.8188477
vt 0.1549072 0.8188477
vt 0.1413574 0.8460693
vt 0.1413574 0.8188477
vt 0.1276855 0.8460693
vt 0.1276855 0.8188477
vt 0.1141968 0.8460693
vt 0.1141968 0.8188477
vt 0.7583008 0.690918
vt 0.75 0.6586914
vt 0.7583008 0.666748
vt 0.7094727 0.6586914
vt 0.7011719 0.666748
vt 0.7011719 0.690918
vt 0.9951172 0.8843994
vt 0.8945313 0.8843994
vt 0.8945313 0.8690186
vt 0.3017578 0.2216797
vt 0.3017578 0.2216797
vt 0.3115234 0.2685547
vt 0.3115234 0.2685547
vt 0.3605957 0.3017578
vt 0.4914551 0.1660156
vt 0.4914551 0.1660156
vt 0.4443359 0.171875
vt 0.5009766 0.2167969
vt 0.4655762 0.3168945
vt 0.4443359 0.171875
vt 0.3925781 0.1704102
vt 0.4135742 0.3198242
vt 0.3442383 0.1958008
vt 0.3442383 0.1958008
vt 0.5068359 0.3007813
vt 0.5068359 0.3007813
vt 0.5083008 0.2734375
vt 0.5083008 0.2734375
vt 0.6782227 0.2734375
vt 0.6782227 0.2182617
vt 0.6274414 0.2260742
vt 0.6293945 0.2836914
vt 0.5771484 0.2861328
vt 0.5356445 0.315918
vt 0.5297852 0.300293
vt 0.5268555 0.3017578
vt 0.527832 0.2919922
vt 0.5742188 0.230957
vt 0.628418 0.1679688
vt 0.684082 0.1889648
vt 0.7182617 0.2119141
vt 0.7197266 0.2172852
vt 0.5234375 0.2353516
vt 0.5761719 0.1713867
vt 0.5258789 0.1801758
vt 0.5239258 0.2924805
vt 0.5195313 0.2348633
vt 0.5224609 0.1811523
vt 0.5268555 0.1767578
vt 0.5756836 0.1679688
vt 0.628418 0.1645508
vt 0.5205078 0.2915039
vt 0.5205078 0.2988281
vt 0.6821289 0.3051758
vt 0.6333008 0.3271484
vt 0.6337891 0.3330078
vt 0.5825195 0.328125
vt 0.581543 0.3339844
vt 0.5380859 0.3227539
vt 0.5361328 0.3271484
vt 0.5332031 0.3183594
vt 0.5302734 0.3237305
vt 0.6821289 0.3007813
vt 0.7124023 0.2700195
vt 0.6796875 0.2822266
vt 0.6308594 0.2924805
vt 0.6333008 0.3232422
vt 0.5825195 0.3242188
vt 0.5390625 0.3198242
vt 0.7158203 0.2617188
vt 0.5786133 0.2954102
vt 0.6845703 0.1850586
vt 0.7231445 0.2114258
vt 0.7231445 0.2177734
vt 0.7197266 0.2617188
vt 0.7275391 0.2124023
vt 0.7265625 0.21875
vt 0.7177734 0.2705078
vt 0.7226563 0.2626953
vt 0.6826172 0.3095703
vt 0.7192383 0.2719727
vt 0.8945313 0.8690186
vt 0.9951172 0.8690186
vt 0.9951172 0.8843994
vt 0.940918 0.1420898
vt 0.9536133 0.1430664
vt 0.953125 0.08544922
vt 0.9389648 0.08447266
vt 0.9414063 0.02734375
vt 0.9487305 0.02685547
vt 0.9501953 0.3710938
vt 0.9526367 0.3710938
vt 0.9570313 0.3305664
vt 0.9418945 0.3339844
vt 0.9589844 0.2700195
vt 0.9394531 0.2700195
vt 0.9414063 0.2114258
vt 0.9584961 0.2109375
vt 0.940918 0.1547852
vt 0.9541016 0.1557617
vt 0.8022461 0.8843994
vt 0.8022461 0.8690186
vt 0.7788086 0.8690186
vt 0.7788086 0.8843994
vt 0.8022461 0.8843994
vt 0.7788086 0.8843994
vt 0.7788086 0.8998413
vt 0.8022461 0.8998413
vt 0.8945313 0.8998413
vt 0.8945313 0.8843994
vt 0.8022461 0.8843994
vt 0.8022461 0.8998413
vt 0.7788086 0.8690186
vt 0.6708984 0.8690186
vt 0.6708984 0.8843994
vt 0.7788086 0.8843994
vt 0.9179688 0.6313477
vt 0.9018555 0.6188965
vt 0.8979492 0.541748
vt 0.9042969 0.5322266
vt 0.887207 0.5419922
vt 0.8833008 0.5327148
vt 0.8022461 0.6054688
vt 0.8120117 0.6157227
vt 0.8959961 0.8095703
vt 0.9951172 0.8095703
vt 0.9951172 0.8212891
vt 0.9018555 0.6188965
vt 0.9179688 0.6313477
vt 0.9042969 0.5322266
vt 0.8979492 0.541748
vt 0.887207 0.5419922
vt 0.8833008 0.5327148
vt 0.8022461 0.6054688
vt 0.8120117 0.6157227
vt 0.6708984 0.8843994
vt 0.6708984 0.8998413
vt 0.7788086 0.8998413
vt 0.7788086 0.8843994
vt 0.5512695 0.7852783
vt 0.5512695 0.8098145
vt 0.5512695 0.8098145
vt 0.5512695 0.7852783
vt 0.6171875 0.8098145
vt 0.6245117 0.8099365
vt 0.6245117 0.7967529
vt 0.6171875 0.7967529
vt 0.9765625 0.598877
vt 0.9360352 0.5959473
vt 0.9360352 0.598877
vt 0.9345703 0.595459
vt 0.9345703 0.5690918
vt 0.9360352 0.5698242
vt 0.9384766 0.5654297
vt 0.9394531 0.5666504
vt 0.9746094 0.5649414
vt 0.9736328 0.5661621
vt 0.9780273 0.5686035
vt 0.9765625 0.5693359
vt 0.9345703 0.5981445
vt 0.9404297 0.5742188
vt 0.9448242 0.5700684
vt 0.9677734 0.5698242
vt 0.9726563 0.5737305
vt 0.9726563 0.5876465
vt 0.9765625 0.5959473
vt 0.9682617 0.5917969
vt 0.9443359 0.5917969
vt 0.9780273 0.595459
vt 0.9775391 0.5981445
vt 0.9399414 0.5876465
vt 0.9951172 0.8212891
vt 0.8959961 0.8212891
vt 0.8959961 0.8095703
vt 0.9521484 0.4052734
vt 0.9526367 0.4018555
vt 0.9360352 0.3989258
vt 0.9326172 0.4194336
vt 0.9277344 0.4189453
vt 0.9321289 0.421875
vt 0.9291992 0.421875
vt 0.8959961 0.7861328
vt 0.9951172 0.7861328
vt 0.9951172 0.7978516
vt 0.04656982 0.6662598
vt 0.007469177 0.6665039
vt 0.007446289 0.6821289
vt 0.05911255 0.6821289
vt 0.06079102 0.6828613
vt 0.9951172 0.7978516
vt 0.8959961 0.7978516
vt 0.8959961 0.7861328
vt 0.007705688 0.6896973
vt 0.1021729 0.6887207
vt 0.102417 0.6831055
vt 0.06079102 0.6828613
vt 0.007446289 0.6821289
vt 0.05981445 0.6477051
vt 0.007469177 0.6665039
vt 0.04656982 0.6662598
vt 0.00711441 0.5952148
vt 0.06420898 0.6459961
vt 0.1016235 0.6462402
vt 0.09069824 0.595459
vt 0.09130859 0.5908203
vt 0.00687027 0.5905762
vt 0.08184814 0.5820313
vt 0.09130859 0.5620117
vt 0.07440186 0.5876465
vt 0.006809235 0.5876465
vt 0.07873535 0.5043945
vt 0.07824707 0.5393066
vt 0.08197021 0.5385742
vt 0.08184814 0.5620117
vt 0.07818604 0.5620117
vt 0.078125 0.5805664
vt 0.07226563 0.5849609
vt 0.006824493 0.5849609
vt 0.105835 0.3408203
vt 0.1187134 0.3408203
vt 0.1029053 0.2392578
vt 0.1130371 0.4155273
vt 0.1005249 0.4150391
vt 0.09130859 0.5046387
vt 0.08233643 0.5048828
vt 0.09143066 0.5385742
vt 0.09552002 0.1738281
vt 0.08416748 0.1879883
vt 0.08709717 0.1889648
vt 0.08959961 0.2392578
vt 0.0859375 0.2392578
vt 0.1022339 0.3408203
vt 0.09692383 0.4150391
vt 0.07977295 0.06591797
vt 0.08721924 0.06591797
vt 0.08612061 0.02978516
vt 0.09979248 0.1289063
vt 0.1116333 0.1289063
vt 0.09936523 0.1748047
vt 0.1136475 0.1748047
vt 0.09625244 0.1904297
vt 0.08544922 0.0078125
vt 0.08044434 0.006347656
vt 0.07226563 0.02978516
vt 0.06744385 0.03076172
vt 0.07592773 0.06591797
vt 0.0960083 0.128418
vt 0.07495117 0.006347656
vt 0.07141113 0.0078125
vt 0.06744385 0.03076172
vt 0.7094727 0.6586914
vt 0.7011719 0.666748
vt 0.75 0.6586914
vt 0.7011719 0.690918
vt 0.7583008 0.690918
vt 0.7583008 0.666748
vt 0.9995117 0.0004882813
vt 0.9995117 0.0004882813
vt 0.9995117 0.0004882813
vt 0.9995117 0.0004882813
vt 0.9995117 0.0004882813
vt 0.9995117 0.0004882813
vt 0.9995117 0.0004882813
vt 0.9995117 0.0004882813
vt 0.9995117 0.0004882813
vt 0.9995117 0.0004882813
vt 0.9995117 0.0004882813
vt 0.9995117 0.0004882813
vt 0.9995117 0.0004882813
vt 0.9995117 0.0004882813
vt 0.9995117 0.0004882813
vt 0.9995117 0.0004882813
vt 0.2425537 0.6481934
vt 0.2714844 0.6584473
vt 0.2426758 0.6523438
vt 0.2401123 0.6518555
vt 0.2406006 0.6533203
vt 0.6762695 0.7397461
vt 0.7089844 0.7558594
vt 0.6923828 0.7518311
vt 0.7045898 0.6992188
vt 0.7495117 0.7558594
vt 0.7573242 0.6992188
vt 0.765625 0.7518311
vt 0.7856445 0.7397461
vt 0.2059326 0.8057861
vt 0.2034912 0.8161621
vt 0.2010498 0.826416
vt 0.2165527 0.1699219
vt 0.1817627 0.1308594
vt 0.2105713 0.1777344
vt 0.2424316 0.2226563
vt 0.2457275 0.2197266
vt 0.2342529 0.1352539
vt 0.2697754 0.2060547
vt 0.277832 0.262207
vt 0.2749023 0.265625
vt 0.2939453 0.3208008
vt 0.2836914 0.3256836
vt 0.3078613 0.3740234
vt 0.2976074 0.3759766
vt 0.3198242 0.4272461
vt 0.3081055 0.1704102
vt 0.2785645 0.1645508
vt 0.2944336 0.2011719
vt 0.2927246 0.2475586
vt 0.3044434 0.3149414
vt 0.3210449 0.3720703
vt 0.3408203 0.425293
vt 0.3007813 0.4741211
vt 0.3200684 0.4716797
vt 0.3049316 0.4291992
vt 0.2922363 0.4755859
vt 0.276123 0.5588379
vt 0.2678223 0.5615234
vt 0.3476563 0.4536133
vt 0.3540039 0.4311523
vt 0.3007813 0.4741211
vt 0.276123 0.5588379
vt 0.2944336 0.5732422
vt 0.3103027 0.6062012
vt 0.355957 0.4521484
vt 0.3635254 0.4350586
vt 0.3479004 0.4794922
vt 0.3540039 0.4804688
vt 0.3598633 0.4995117
vt 0.3557129 0.5029297
vt 0.3710938 0.5244141
vt 0.3676758 0.5239258
vt 0.3703613 0.5290527
vt 0.3535156 0.5507813
vt 0.3679199 0.5263672
vt 0.354248 0.5537109
vt 0.317627 0.6137695
vt 0.3208008 0.6174316
vt 0.2105713 0.2924805
vt 0.2108154 0.2363281
vt 0.1929932 0.2905273
vt 0.168335 0.3369141
vt 0.2092285 0.1791992
vt 0.2019043 0.237793
vt 0.1854248 0.2885742
vt 0.161499 0.3378906
vt 0.1513672 0.3793945
vt 0.1442871 0.3803711
vt 0.128418 0.4379883
vt 0.1348877 0.4370117
vt 0.1223145 0.4814453
vt 0.1274414 0.4790039
vt 0.1259766 0.4858398
vt 0.1314697 0.4833984
vt 0.1588135 0.4858398
vt 0.1625977 0.4731445
vt 0.1787109 0.4375
vt 0.1542969 0.4907227
vt 0.1821289 0.4916992
vt 0.239502 0.4951172
vt 0.237793 0.4975586
vt 0.2548828 0.5700684
vt 0.1866455 0.4863281
vt 0.194458 0.4746094
vt 0.215332 0.4379883
vt 0.2235107 0.3837891
vt 0.2565918 0.3774414
vt 0.2575684 0.4306641
vt 0.2929688 0.3764648
vt 0.2790527 0.3266602
vt 0.2976074 0.3759766
vt 0.2836914 0.3256836
vt 0.2485352 0.3325195
vt 0.2629395 0.2734375
vt 0.2749023 0.265625
vt 0.2338867 0.2275391
vt 0.2424316 0.2226563
vt 0.1962891 0.3818359
vt 0.2159424 0.3408203
vt 0.2373047 0.2866211
vt 0.2092285 0.1791992
vt 0.2105713 0.1777344
vt 0.1817627 0.1308594
vt 0.3049316 0.4291992
vt 0.2995605 0.4301758
vt 0.2410889 0.472168
vt 0.2797852 0.4770508
vt 0.2922363 0.4755859
vt 0.2678223 0.5615234
vt 0.263916 0.5634766
vt 0.2548828 0.5700684
vt 0.9951172 0.8535156
vt 0.9951172 0.8690186
vt 0.8945313 0.8690186
vt 0.1196289 0.9338379
vt 0.06622314 0.9338379
vt 0.06622314 0.9387817
vt 0.1196289 0.9387817
vt 0.06622314 0.9437256
vt 0.1196289 0.9437256
vt 0.0612793 0.9437256
vt 0.0612793 0.9387817
vt 0.0612793 0.9338379
vt 0.06622314 0.928894
vt 0.1196289 0.928894
vt 0.06622314 0.9239502
vt 0.1196289 0.9239502
vt 0.0612793 0.9239502
vt 0.0612793 0.928894
vt 0.0513916 0.9338379
vt 0.0513916 0.928894
vt 0.0513916 0.9239502
vt 0.06622314 0.9486694
vt 0.1196289 0.9486694
vt 0.0612793 0.9486694
vt 0.0513916 0.9486694
vt 0.0513916 0.9437256
vt 0.0513916 0.9387817
vt 0.8945313 0.8690186
vt 0.8945313 0.8535156
vt 0.9951172 0.8535156
vt 0.9150391 0.6914063
vt 0.9321289 0.6914063
vt 0.9321289 0.6914063
vt 0.9150391 0.6914063
vt 0.9375 0.6914063
vt 0.9365234 0.7145996
vt 0.9321289 0.6914063
vt 0.9150391 0.7145996
vt 0.9321289 0.6914063
vt 0.9375 0.6914063
vt 0.9433594 0.6914063
vt 0.9433594 0.6914063
vt 0.9487305 0.6914063
vt 0.9711914 0.7145996
vt 0.9599609 0.6914063
vt 0.9658203 0.6914063
vt 0.9599609 0.6914063
vt 0.9487305 0.6914063
vt 0.9711914 0.6914063
vt 0.9658203 0.6914063
vt 0.9711914 0.6914063
vt 0.9770508 0.6914063
vt 0.9941406 0.7145996
vt 0.9941406 0.6914063
vt 0.9770508 0.6914063
vt 0.9941406 0.6914063
vt 0.9770508 0.6914063
vt 0.9770508 0.6914063
vt 0.3100586 0.6748047
vt 0.3325195 0.6748047
vt 0.3337402 0.6777344
vt 0.3100586 0.6777344
vt 0.3295898 0.6809082
vt 0.3100586 0.6809082
vt 0.3308105 0.6826172
vt 0.3322754 0.7019043
vt 0.329834 0.6970215
vt 0.3283691 0.6987305
vt 0.3374023 0.6765137
vt 0.3359375 0.7011719
vt 0.3320313 0.7036133
vt 0.3100586 0.7036133
vt 0.3100586 0.7019043
vt 0.3100586 0.6987305
vt 0.4436035 0.7141113
vt 0.4436035 0.7182617
vt 0.4904785 0.7194824
vt 0.4985352 0.7141113
vt 0.4436035 0.7114258
vt 0.5 0.7114258
vt 0.4436035 0.6965332
vt 0.5 0.6965332
vt 0.4987793 0.6936035
vt 0.4436035 0.6936035
vt 0.4790039 0.6757813
vt 0.4436035 0.6757813
vt 0.3293457 0.6826172
vt 0.3293457 0.6826172
vt 0.3293457 0.6826172
vt 0.3293457 0.6826172
vt 0.3100586 0.6821289
vt 0.3100586 0.6821289
vt 0.3100586 0.6809082
vt 0.3295898 0.6809082
vt 0.3308105 0.6826172
vt 0.329834 0.6970215
vt 0.3283691 0.6967773
vt 0.3283691 0.6967773
vt 0.3283691 0.6967773
vt 0.3283691 0.6967773
vt 0.3283691 0.6987305
vt 0.3100586 0.6987305
vt 0.3100586 0.6972656
vt 0.3100586 0.6972656
vt 0.0869751 0.7849121
vt 0.1005859 0.7849121
vt 0.1005859 0.7984619
vt 0.0869751 0.8120117
vt 0.07336426 0.8120117
vt 0.07336426 0.7849121
vt 0.1005859 0.8120117
vt 0.1141968 0.8120117
vt 0.1141968 0.7984619
vt 0.1276855 0.8120117
vt 0.1276855 0.7984619
vt 0.1413574 0.8120117
vt 0.1413574 0.7984619
vt 0.1276855 0.7849121
vt 0.1413574 0.7849121
vt 0.1549072 0.8120117
vt 0.1549072 0.7984619
vt 0.1685791 0.8120117
vt 0.1549072 0.7849121
vt 0.1685791 0.7849121
vt 0.9951172 0.8212891
vt 0.9951172 0.8095703
vt 0.8959961 0.8095703
vt 0.984375 0.4355469
vt 0.9824219 0.4384766
vt 0.9819336 0.4589844
vt 0.9853516 0.4619141
vt 0.9643555 0.4589844
vt 0.980957 0.4580078
vt 0.965332 0.4580078
vt 0.9643555 0.4384766
vt 0.965332 0.4394531
vt 0.9394531 0.4619141
vt 0.980957 0.4394531
vt 0.9604492 0.4384766
vt 0.9604492 0.4589844
vt 0.9423828 0.4589844
vt 0.9418945 0.4384766
vt 0.9389648 0.4360352
vt 0.9428711 0.4394531
vt 0.9433594 0.4575195
vt 0.9594727 0.4575195
vt 0.9594727 0.4394531
vt 0.9838867 0.4282227
vt 0.9389648 0.4282227
vt 0.9389648 0.4282227
vt 0.9321289 0.4360352
vt 0.9321289 0.4360352
vt 0.9331055 0.4619141
vt 0.9331055 0.4619141
vt 0.9399414 0.4692383
vt 0.9399414 0.4692383
vt 0.9853516 0.4692383
vt 0.9853516 0.4692383
vt 0.9916992 0.4619141
vt 0.9916992 0.4619141
vt 0.9907227 0.4360352
vt 0.9907227 0.4360352
vt 0.9838867 0.4282227
vt 3.051758E-05 0.9999695
vt 3.051758E-05 0.9999695
vt 3.051758E-05 0.9999695
vt 3.051758E-05 0.9999695
vt 3.051758E-05 0.9999695
vt 3.051758E-05 0.9999695
vt 3.051758E-05 0.9999695
vt 3.051758E-05 0.9999695
vt 0.8959961 0.8095703
vt 0.8959961 0.8212891
vt 0.9951172 0.8212891
vt 0.9418945 0.4384766
vt 0.9423828 0.4589844
vt 0.9433594 0.4575195
vt 0.9428711 0.4394531
vt 0.9604492 0.4384766
vt 0.9594727 0.4394531
vt 0.9604492 0.4589844
vt 0.9594727 0.4575195
vt 0.9389648 0.4360352
vt 0.9394531 0.4619141
vt 0.9614258 0.4355469
vt 0.9604492 0.4384766
vt 0.9604492 0.4589844
vt 0.9614258 0.4619141
vt 0.9399414 0.4692383
vt 0.9614258 0.4692383
vt 0.9399414 0.4692383
vt 0.9331055 0.4619141
vt 0.9331055 0.4619141
vt 0.9321289 0.4360352
vt 0.9321289 0.4360352
vt 0.9389648 0.4282227
vt 0.9389648 0.4282227
vt 0.9614258 0.4282227
vt 0.8959961 0.7861328
vt 0.8959961 0.7978516
vt 0.9951172 0.7978516
vt 0.9433594 0.6914063
vt 0.9433594 0.6914063
vt 0.9487305 0.6914063
vt 0.9487305 0.6914063
vt 0.9599609 0.6914063
vt 0.9599609 0.6914063
vt 0.9321289 0.6914063
vt 0.9321289 0.6914063
vt 0.9375 0.6914063
vt 0.9375 0.6914063
vt 0.9365234 0.7145996
vt 0.9711914 0.7145996
vt 0.9658203 0.6914063
vt 0.9150391 0.7145996
vt 0.9150391 0.6914063
vt 0.9711914 0.6914063
vt 0.9658203 0.6914063
vt 0.9711914 0.6914063
vt 0.9770508 0.6914063
vt 0.9941406 0.7145996
vt 0.9941406 0.6914063
vt 0.9770508 0.6914063
vt 0.9770508 0.6914063
vt 0.9770508 0.6914063
vt 0.9941406 0.6914063
vt 0.9951172 0.7978516
vt 0.9951172 0.7861328
vt 0.8959961 0.7861328
vt 0.3339844 0.8900757
vt 0.3339844 0.8900757
vt 0.3283691 0.8900757
vt 0.345459 0.8900757
vt 0.345459 0.8900757
vt 0.3227539 0.8900757
vt 0.3227539 0.8900757
vt 0.3171387 0.8900757
vt 0.3283691 0.8900757
vt 0.3227539 0.9133911
vt 0.3566895 0.9133911
vt 0.3510742 0.8900757
vt 0.3510742 0.8900757
vt 0.3566895 0.8900757
vt 0.3566895 0.8900757
vt 0.3623047 0.8900757
vt 0.3623047 0.8900757
vt 0.2553711 0.8900757
vt 0.2553711 0.8900757
vt 0.2609863 0.8900757
vt 0.2609863 0.8900757
vt 0.2666016 0.8900757
vt 0.2666016 0.8900757
vt 0.2722168 0.8900757
vt 0.2666016 0.9133911
vt 0.3171387 0.8900757
vt 0.2722168 0.8900757
vt 0.1821289 0.8900757
vt 0.2271729 0.8900757
vt 0.2271729 0.8900757
vt 0.2327881 0.8900757
vt 0.2327881 0.8900757
vt 0.2384033 0.8900757
vt 0.2384033 0.8900757
vt 0.2327881 0.9133911
vt 0.2440186 0.8900757
vt 0.2440186 0.8900757
vt 0.1821289 0.9133911
vt 0.1821289 0.8900757
vt 0.5703125 0.06494141
vt 0.5703125 0.06494141
vt 0.5214844 0.02832031
vt 0.4116211 0.0078125
vt 0.3625488 0.02001953
vt 0.357666 0.04882813
vt 0.3647461 0.1083984
vt 0.3684082 0.1542969
vt 0.4223633 0.1616211
vt 0.4223633 0.1616211
vt 0.4782715 0.1655273
vt 0.4665527 0.006347656
vt 0.5307617 0.1416016
vt 0.5307617 0.1416016
vt 0.578125 0.1147461
vt 0.8945313 0.8535156
vt 0.8022461 0.8535156
vt 0.8022461 0.8690186
vt 0.3754883 0.6325684
vt 0.3825684 0.7821045
vt 0.3862305 0.6286621
vt 0.3798828 0.7839355
vt 0.3737793 0.7828369
vt 0.4868164 0.6044922
vt 0.5073242 0.5666504
vt 0.5019531 0.5649414
vt 0.4812012 0.6064453
vt 0.5087891 0.5964355
vt 0.5102539 0.5710449
vt 0.5107422 0.5961914
vt 0.5112305 0.5739746
vt 0.5097656 0.5686035
vt 0.5039063 0.5629883
vt 0.5009766 0.5612793
vt 0.4436035 0.5649414
vt 0.4436035 0.6064453
vt 0.4436035 0.5612793
vt 0.484375 0.6101074
vt 0.4819336 0.6276855
vt 0.5063477 0.6008301
vt 0.4782715 0.6269531
vt 0.4797363 0.6113281
vt 0.4436035 0.6113281
vt 0.4436035 0.6064453
vt 0.4812012 0.6064453
vt 0.4868164 0.6044922
vt 0.5087891 0.5964355
vt 0.5092773 0.6008301
vt 0.4831543 0.6291504
vt 0.480957 0.6303711
vt 0.479248 0.6296387
vt 0.5107422 0.5961914
vt 0.4436035 0.6269531
vt 0.4436035 0.6296387
vt 0.479248 0.6296387
vt 0.8022461 0.8690186
vt 0.8945313 0.8690186
vt 0.8945313 0.8535156
vt 3.051758E-05 0.9999695
vt 3.051758E-05 0.9999695
vt 3.051758E-05 0.9999695
vt 3.051758E-05 0.9999695
vt 3.051758E-05 0.9999695
vt 3.051758E-05 0.9999695
vt 3.051758E-05 0.9999695
vt 3.051758E-05 0.9999695
vt 0.8740234 0.5114746
vt 0.7871094 0.5192871
vt 0.7753906 0.501709
vt 0.8881836 0.5046387
vt 0.8710938 0.5234375
vt 0.8803711 0.5283203
vt 0.7983398 0.6074219
vt 0.7885742 0.5966797
vt 0.1610107 0.2919922
vt 0.1588135 0.2866211
vt 0.1412354 0.2861328
vt 0.138916 0.2919922
vt 0.1286621 0.2739258
vt 0.1233521 0.2758789
vt 0.1287842 0.2563477
vt 0.1233521 0.2539063
vt 0.1412354 0.2436523
vt 0.1390381 0.2382813
vt 0.1589355 0.2436523
vt 0.1612549 0.2382813
vt 0.1713867 0.2563477
vt 0.1768799 0.2539063
vt 0.1713867 0.2739258
vt 0.1767578 0.2763672
vt 0.1759033 0.6291504
vt 0.1807861 0.6291504
vt 0.1807861 0.6242676
vt 0.1759033 0.6242676
vt 0.1807861 0.6191406
vt 0.1759033 0.6191406
vt 0.1660156 0.6191406
vt 0.1759033 0.6142578
vt 0.1660156 0.6242676
vt 0.1660156 0.6291504
vt 0.1660156 0.6340332
vt 0.1759033 0.6340332
vt 0.1807861 0.6340332
vt 0.2352295 0.6340332
vt 0.1660156 0.6142578
vt 0.2352295 0.6291504
vt 0.2352295 0.6242676
vt 0.2352295 0.6191406
vt 0.1807861 0.6142578
vt 0.1807861 0.609375
vt 0.1759033 0.609375
vt 0.1660156 0.609375
vt 0.2352295 0.6142578
vt 0.2352295 0.609375
vt 0.8881836 0.5046387
vt 0.7753906 0.501709
vt 0.7871094 0.5192871
vt 0.8740234 0.5114746
vt 0.8710938 0.5234375
vt 0.8803711 0.5283203
vt 0.7983398 0.6074219
vt 0.7885742 0.5966797
vt 0.5703125 0.06494141
vt 0.5214844 0.02832031
vt 0.5703125 0.06494141
vt 0.5307617 0.1416016
vt 0.578125 0.1147461
vt 0.5307617 0.1416016
vt 0.4782715 0.1655273
vt 0.4665527 0.006347656
vt 0.4116211 0.0078125
vt 0.4223633 0.1616211
vt 0.4223633 0.1616211
vt 0.3684082 0.1542969
vt 0.3647461 0.1083984
vt 0.357666 0.04882813
vt 0.3625488 0.02001953
vt 0.9858398 0.2670898
vt 0.984375 0.3144531
vt 0.9755859 0.3144531
vt 0.9716797 0.2670898
vt 0.965332 0.1972656
vt 0.9912109 0.2001953
vt 0.9643555 0.1362305
vt 0.9912109 0.1391602
vt 0.9858398 0.06982422
vt 0.9672852 0.07324219
vt 0.9790039 0.01660156
vt 0.9750977 0.01660156
vt 0.8945313 0.8535156
vt 0.8945313 0.8690186
vt 0.8022461 0.8690186
vt 3.051758E-05 0.9999695
vt 3.051758E-05 0.9999695
vt 3.051758E-05 0.9999695
vt 3.051758E-05 0.9999695
vt 3.051758E-05 0.9999695
vt 3.051758E-05 0.9999695
vt 3.051758E-05 0.9999695
vt 3.051758E-05 0.9999695
vt 0.8022461 0.8690186
vt 0.8022461 0.8535156
vt 0.8945313 0.8535156
vt 0.2288818 0.5085449
vt 0.2296143 0.5322266
vt 0.1722412 0.5322266
vt 0.1728516 0.5085449
vt 0.1707764 0.5336914
vt 0.1715088 0.5065918
vt 0.2302246 0.5065918
vt 0.230957 0.5336914
vt 0.7788086 0.8690186
vt 0.6708984 0.8690186
vt 0.6708984 0.8535156
vt 0.08605957 0.862793
vt 0.07592773 0.862793
vt 0.07592773 0.8730469
vt 0.08605957 0.8730469
vt 0.07592773 0.8831177
vt 0.08605957 0.8831177
vt 0.08605957 0.8526611
vt 0.07592773 0.8526611
vt 0.004875183 0.8526611
vt 0.004875183 0.862793
vt 0.004875183 0.8730469
vt 0.004875183 0.8831177
vt 0.07592773 0.8932495
vt 0.09625244 0.862793
vt 0.09625244 0.8730469
vt 0.09625244 0.8831177
vt 0.09625244 0.8932495
vt 0.1774902 0.8932495
vt 0.1774902 0.8831177
vt 0.1774902 0.8730469
vt 0.1774902 0.862793
vt 0.1774902 0.8526611
vt 0.09625244 0.8526611
vt 0.09625244 0.9034424
vt 0.1774902 0.9034424
vt 0.08605957 0.8932495
vt 0.08605957 0.9034424
vt 0.08605957 0.9135742
vt 0.09625244 0.9135742
vt 0.1774902 0.9135742
vt 0.004875183 0.8932495
vt 0.07592773 0.9034424
vt 0.07592773 0.9135742
vt 0.004875183 0.9034424
vt 0.004875183 0.9135742
vt 0.6708984 0.8535156
vt 0.7788086 0.8535156
vt 0.7788086 0.8690186
vt 0.8740234 0.980072
vt 0.8286133 0.9951973
vt 0.8740234 0.9951973
vt 0.8891602 0.980072
vt 0.8891602 0.9951973
vt 0.9042969 0.980072
vt 0.9042969 0.9951973
vt 0.9042969 0.9649353
vt 0.8891602 0.9649353
vt 0.9042969 0.9498291
vt 0.8891602 0.9498291
vt 0.9042969 0.9346924
vt 0.8891602 0.9346924
vt 0.8740234 0.9649353
vt 0.8740234 0.9498291
vt 0.8740234 0.9346924
vt 0.8891602 0.9195557
vt 0.9042969 0.9195557
vt 0.9194336 0.9195557
vt 0.9951172 0.9195557
vt 0.9951172 0.9044189
vt 0.9194336 0.9044189
vt 0.9042969 0.9044189
vt 0.8891602 0.9044189
vt 0.8740234 0.9195557
vt 0.8286133 0.9346924
vt 0.7832031 0.9195557
vt 0.7832031 0.9346924
vt 0.8286133 0.9195557
vt 0.8740234 0.9044189
vt 0.7832031 0.9044189
vt 0.8286133 0.9044189
vt 0.8286133 0.9498291
vt 0.7832031 0.9498291
vt 0.7680664 0.9498291
vt 0.7680664 0.9346924
vt 0.7680664 0.9195557
vt 0.7680664 0.9044189
vt 0.7832031 0.9649353
vt 0.8286133 0.9649353
vt 0.7680664 0.9649353
vt 0.7529297 0.9649353
vt 0.7529297 0.9498291
vt 0.7529297 0.9346924
vt 0.7529297 0.9195557
vt 0.7529297 0.9044189
vt 0.737793 0.9498291
vt 0.737793 0.9346924
vt 0.737793 0.9195557
vt 0.737793 0.9044189
vt 0.6323242 0.9498291
vt 0.6323242 0.9346924
vt 0.6323242 0.9195557
vt 0.6323242 0.9044189
vt 0.7680664 0.980072
vt 0.7529297 0.9951973
vt 0.7680664 0.9951973
vt 0.7529297 0.980072
vt 0.737793 0.9951973
vt 0.737793 0.980072
vt 0.6323242 0.9951973
vt 0.6323242 0.980072
vt 0.737793 0.9649353
vt 0.6323242 0.9649353
vt 0.7832031 0.980072
vt 0.8286133 0.980072
vt 0.7832031 0.9951973
vt 0.9951172 0.980072
vt 0.9194336 0.9951973
vt 0.9951172 0.9951973
vt 0.9194336 0.980072
vt 0.9951172 0.9649353
vt 0.9194336 0.9649353
vt 0.9951172 0.9498291
vt 0.9194336 0.9498291
vt 0.9951172 0.9346924
vt 0.9194336 0.9346924
vt 0.5205078 0.2988281
vt 0.5205078 0.2915039
vt 0.5239258 0.2924805
vt 0.5195313 0.2348633
vt 0.5234375 0.2353516
vt 0.527832 0.2919922
vt 0.5268555 0.3017578
vt 0.5332031 0.3183594
vt 0.5302734 0.3237305
vt 0.5361328 0.3271484
vt 0.5380859 0.3227539
vt 0.581543 0.3339844
vt 0.5825195 0.328125
vt 0.5742188 0.230957
vt 0.6782227 0.2182617
vt 0.6274414 0.2260742
vt 0.628418 0.1679688
vt 0.5761719 0.1713867
vt 0.5258789 0.1801758
vt 0.684082 0.1889648
vt 0.6845703 0.1850586
vt 0.7231445 0.2114258
vt 0.628418 0.1645508
vt 0.5756836 0.1679688
vt 0.5268555 0.1767578
vt 0.5224609 0.1811523
vt 0.6821289 0.3051758
vt 0.6826172 0.3095703
vt 0.6337891 0.3330078
vt 0.7177734 0.2705078
vt 0.7124023 0.2700195
vt 0.7197266 0.2617188
vt 0.7158203 0.2617188
vt 0.7197266 0.2172852
vt 0.7182617 0.2119141
vt 0.7192383 0.2719727
vt 0.7226563 0.2626953
vt 0.7265625 0.21875
vt 0.7231445 0.2177734
vt 0.7275391 0.2124023
vt 0.07635498 0.9887848
vt 0.07635498 0.9824219
vt 0.07000732 0.9824219
vt 0.07000732 0.9760742
vt 0.07635498 0.9760742
vt 0.07000732 0.9697113
vt 0.07635498 0.9697113
vt 0.07000732 0.9633789
vt 0.07635498 0.9633789
vt 0.07635498 0.9570007
vt 0.07000732 0.9570007
vt 0.006465912 0.9570007
vt 0.006465912 0.9633789
vt 0.006465912 0.9697113
vt 0.006465912 0.9760742
vt 0.1208496 0.9760742
vt 0.1208496 0.9697113
vt 0.1208496 0.9633789
vt 0.1208496 0.9570007
vt 0.006465912 0.9824219
vt 0.07000732 0.9887848
vt 0.07635498 0.9951363
vt 0.1208496 0.9951363
vt 0.1208496 0.9887848
vt 0.1208496 0.9824219
vt 0.006465912 0.9887848
vt 0.07000732 0.9951363
vt 0.006465912 0.9951363
vt 0.8945313 0.8843994
vt 0.8022461 0.8843994
vt 0.8022461 0.8690186
vt 0.4614258 0.9832458
vt 0.4494629 0.9832458
vt 0.4494629 0.9951591
vt 0.354248 0.9951591
vt 0.354248 0.9832458
vt 0.4494629 0.971344
vt 0.354248 0.971344
vt 0.4494629 0.9594421
vt 0.354248 0.9594421
vt 0.4494629 0.9475098
vt 0.354248 0.9475098
vt 0.4494629 0.9356079
vt 0.354248 0.9356079
vt 0.4614258 0.9594421
vt 0.4614258 0.9475098
vt 0.4614258 0.9356079
vt 0.5805664 0.9475098
vt 0.5683594 0.9475098
vt 0.5683594 0.9594421
vt 0.4733887 0.9594421
vt 0.4733887 0.971344
vt 0.4614258 0.971344
vt 0.4733887 0.9475098
vt 0.5922852 0.9475098
vt 0.5805664 0.9594421
vt 0.5683594 0.971344
vt 0.4733887 0.9832458
vt 0.6279297 0.9475098
vt 0.5922852 0.9594421
vt 0.5805664 0.971344
vt 0.5683594 0.9832458
vt 0.4733887 0.9951591
vt 0.4614258 0.9951591
vt 0.5683594 0.9951591
vt 0.5805664 0.9832458
vt 0.5922852 0.971344
vt 0.6279297 0.9594421
vt 0.5805664 0.9951591
vt 0.5922852 0.9832458
vt 0.6279297 0.971344
vt 0.5922852 0.9951591
vt 0.6279297 0.9832458
vt 0.6279297 0.9951591
vt 0.4733887 0.9356079
vt 0.5683594 0.9356079
vt 0.5805664 0.9356079
vt 0.5922852 0.9356079
vt 0.6279297 0.9356079
vt 0.8022461 0.8690186
vt 0.8945313 0.8690186
vt 0.8945313 0.8843994
vt 0.9750977 0.484375
vt 0.9750977 0.484375
vt 0.9750977 0.5410156
vt 0.9750977 0.5410156
vt 0.3051758 0.7355957
vt 0.3122559 0.737793
vt 0.3122559 0.7165527
vt 0.3051758 0.7165527
vt 0.3122559 0.7128906
vt 0.3334961 0.7128906
vt 0.3334961 0.7165527
vt 0.3334961 0.737793
vt 0.3122559 0.737793
vt 0.8945313 0.8843994
vt 0.8945313 0.8690186
vt 0.8022461 0.8690186
vt 0.9750977 0.5410156
vt 0.9750977 0.484375
vt 0.9956055 0.484375
vt 0.9956055 0.5410156
vt 0.9956055 0.5410156
vt 0.9956055 0.484375
vt 0.8022461 0.8690186
vt 0.8022461 0.8843994
vt 0.8945313 0.8843994
vt 0.6826172 0.7840576
vt 0.6826172 0.7749023
vt 0.6367188 0.7746582
vt 0.6362305 0.7840576
vt 0.6367188 0.7746582
vt 0.4904785 0.7194824
vt 0.4924316 0.7504883
vt 0.4436035 0.751709
vt 0.4436035 0.7182617
vt 0.1518555 0.1489258
vt 0.1313477 0.1098633
vt 0.1209717 0.1459961
vt 0.1501465 0.08203125
vt 0.1375732 0.08886719
vt 0.161499 0.1049805
vt 0.1800537 0.190918
vt 0.1342773 0.2104492
vt 0.2019043 0.237793
vt 0.2092285 0.1791992
vt 0.2102051 0.04785156
vt 0.2084961 0.07568359
vt 0.2233887 0.04833984
vt 0.1851807 0.06103516
vt 0.1774902 0.07861328
vt 0.1646729 0.0703125
vt 0.2017822 0.09960938
vt 0.2437744 0.112793
vt 0.2573242 0.08203125
vt 0.2976074 0.1157227
vt 0.286377 0.1411133
vt 0.255127 0.04394531
vt 0.2529297 0.03417969
vt 0.2641602 0.06396484
vt 0.3054199 0.09521484
vt 0.3339844 0.1220703
vt 0.3210449 0.1464844
vt 0.3413086 0.09667969
vt 0.3413086 0.09667969
vt 0.3481445 0.08203125
vt 0.3181152 0.06152344
vt 0.2802734 0.03759766
vt 0.2502441 0.01855469
vt 0.2210693 0.04101563
vt 0.222168 0.009765625
vt 0.2120361 0.008789063
vt 0.3862305 0.6286621
vt 0.3825684 0.7821045
vt 0.3955078 0.7784424
vt 0.3989258 0.6245117
vt 0.3981934 0.7775879
vt 0.4018555 0.6235352
vt 0.4238281 0.770874
vt 0.4267578 0.6757813
vt 0.4257813 0.7719727
vt 0.4289551 0.6757813
vt 0.4301758 0.6743164
vt 0.4245605 0.6193848
vt 0.4262695 0.6191406
vt 0.9628906 0.4047852
vt 0.9628906 0.4047852
vt 0.9628906 0.3808594
vt 0.9628906 0.3808594
vt 0.8774414 0.8106689
vt 0.8515625 0.7637939
vt 0.8769531 0.7637939
vt 0.8515625 0.8109131
vt 0.006839752 0.128418
vt 0.0927124 0.128418
vt 0.07263184 0.06591797
vt 0.006839752 0.06591797
vt 0.006839752 0.02978516
vt 0.0625 0.005859375
vt 0.006839752 0.005859375
vt 0.06408691 0.02978516
vt 0.07263184 0.06591797
vt 0.09118652 0.1738281
vt 0.08013916 0.1875
vt 0.006839752 0.1875
vt 0.03582764 0.2392578
vt 0.006839752 0.2392578
vt 0.006839752 0.3447266
vt 0.03640747 0.3447266
vt 0.006839752 0.4150391
vt 0.04547119 0.4150391
vt 0.006839752 0.505127
vt 0.08258057 0.2392578
vt 0.0496521 0.3408203
vt 0.09881592 0.3408203
vt 0.09350586 0.4150391
vt 0.07531738 0.505127
vt 0.0748291 0.5390625
vt 0.006839752 0.5390625
vt 0.006839752 0.5617676
vt 0.07452393 0.5617676
vt 0.07446289 0.5783691
vt 0.006866455 0.5817871
vt 0.06958008 0.5817871
vt 0.102417 0.6831055
vt 0.1021729 0.6887207
vt 0.1035156 0.682373
vt 0.7114258 0.7940674
vt 0.7402344 0.7940674
vt 0.7402344 0.7862549
vt 0.7114258 0.7862549
vt 0.4208984 0.5070801
vt 0.4731445 0.5283203
vt 0.4724121 0.5270996
vt 0.4382324 0.480957
vt 0.487793 0.5007324
vt 0.9277344 0.4189453
vt 0.8344727 0.4233398
vt 0.847168 0.4624023
vt 0.8706055 0.472168
vt 0.9003906 0.4760742
vt 0.9057617 0.4741211
vt 0.9291992 0.421875
vt 0.9135742 0.04541016
vt 0.8442383 0.01318359
vt 0.8496094 0.06396484
vt 0.8540039 0.08154297
vt 0.8530273 0.1347656
vt 0.9287109 0.1625977
vt 0.8427734 0.2451172
vt 0.9345703 0.2397461
vt 0.9248047 0.3081055
vt 0.8295898 0.324707
vt 0.9360352 0.3989258
vt 0.9277344 0.4189453
vt 0.9125977 0.5927734
vt 0.9165039 0.592041
vt 0.9106445 0.5725098
vt 0.9345703 0.5690918
vt 0.934082 0.5627441
vt 0.9384766 0.5654297
vt 0.9384766 0.5617676
vt 0.9746094 0.5649414
vt 0.9746094 0.5615234
vt 0.8120117 0.7637939
vt 0.8125 0.8061523
vt 0.8037109 0.7932129
vt 0.8037109 0.7637939
vt 0.6123047 0.8259277
vt 0.5415039 0.8259277
vt 0.5415039 0.8431396
vt 0.6123047 0.8431396
vt 0.3710938 0.8530273
vt 0.3710938 0.9065552
vt 0.5429688 0.9065552
vt 0.5415039 0.8431396
vt 0.5415039 0.8259277
vt 0.5415039 0.8259277
vt 0.2714844 0.6584473
vt 0.2425537 0.6481934
vt 0.2484131 0.6459961
vt 0.7026367 0.6235352
vt 0.6943359 0.6281738
vt 0.6962891 0.6486816
vt 0.7202148 0.6179199
vt 0.7729492 0.6467285
vt 0.7226563 0.6147461
vt 0.7226563 0.6147461
vt 0.7719727 0.6135254
vt 0.7407227 0.7944336
vt 0.7114258 0.7944336
vt 0.7114258 0.7950439
vt 0.7416992 0.7950439
vt 0.7114258 0.7950439
vt 0.7114258 0.8011475
vt 0.7416992 0.8011475
vt 0.7114258 0.8011475
vt 0.7114258 0.8017578
vt 0.7407227 0.8017578
vt 0.7407227 0.8103027
vt 0.7416992 0.8109131
vt 0.7480469 0.8166504
vt 0.7480469 0.779541
vt 0.7416992 0.7852783
vt 0.7407227 0.7858887
vt 0.7114258 0.8103027
vt 0.7114258 0.8109131
vt 0.7114258 0.8166504
vt 0.7114258 0.8183594
vt 0.7490234 0.8183594
vt 0.7504883 0.8171387
vt 0.7504883 0.7790527
vt 0.7490234 0.777832
vt 0.7114258 0.777832
vt 0.7114258 0.779541
vt 0.7114258 0.7852783
vt 0.7114258 0.7858887
vt 0.2425537 0.6481934
vt 0.1949463 0.6491699
vt 0.2390137 0.6437988
vt 0.1356201 0.6806641
vt 0.1337891 0.6796875
vt 0.1315918 0.6745605
vt 0.1398926 0.6767578
vt 0.1420898 0.6677246
vt 0.1348877 0.6611328
vt 0.1954346 0.65625
vt 0.2401123 0.6518555
vt 0.7402344 0.802124
vt 0.7114258 0.802124
vt 0.7114258 0.8100586
vt 0.7402344 0.8100586
vt 0.8505859 0.8183594
vt 0.8769531 0.8162842
vt 0.8745117 0.8192139
vt 0.8500977 0.8214111
vt 0.8505859 0.8133545
vt 0.8774414 0.8106689
vt 0.831543 0.8179932
vt 0.8310547 0.8210449
vt 0.8051758 0.817749
vt 0.8046875 0.821167
vt 0.793457 0.8033447
vt 0.7915039 0.8046875
vt 0.7915039 0.7637939
vt 0.793457 0.7637939
vt 0.796875 0.802002
vt 0.796875 0.7637939
vt 0.8056641 0.8129883
vt 0.831543 0.8122559
vt 0.1337891 0.6796875
vt 0.1356201 0.6806641
vt 0.1380615 0.6862793
vt 0.1296387 0.6838379
vt 0.1361084 0.6975098
vt 0.126709 0.6970215
vt 0.1368408 0.7757568
vt 0.1274414 0.7757568
vt 0.3503418 0.9324951
vt 0.3269043 0.9324951
vt 0.3269043 0.9481201
vt 0.3503418 0.9481201
vt 0.3269043 0.9637451
vt 0.3503418 0.9637451
vt 0.3503418 0.9793854
vt 0.3269043 0.9793854
vt 0.3503418 0.995018
vt 0.3269043 0.995018
vt 0.3269043 0.9168701
vt 0.3503418 0.9168701
vt 0.3188477 0.9168701
vt 0.3188477 0.9324951
vt 0.3188477 0.9481201
vt 0.3188477 0.9637451
vt 0.3188477 0.9793854
vt 0.3188477 0.995018
vt 0.2775879 0.8572998
vt 0.2775879 0.8865356
vt 0.3359375 0.8865356
vt 0.3359375 0.8572998
vt 0.340332 0.8865356
vt 0.340332 0.8572998
vt 0.3652344 0.8572998
vt 0.3652344 0.8865356
vt 0.1817627 0.8572998
vt 0.1817627 0.8865356
vt 0.1859131 0.8865356
vt 0.1859131 0.8572998
vt 0.2443848 0.8572998
vt 0.2443848 0.8865356
vt 0.2485352 0.8865356
vt 0.2485352 0.8572998
vt 0.2734375 0.8572998
vt 0.2734375 0.8865356
vt 0.1513672 0.03857422
vt 0.1466064 0.04833984
vt 0.1488037 0.05126953
vt 0.1328125 0.05126953
vt 0.1345215 0.04882813
vt 0.1256104 0.03857422
vt 0.1289063 0.0390625
vt 0.1329346 0.02636719
vt 0.1345215 0.02929688
vt 0.1473389 0.02587891
vt 0.145752 0.02929688
vt 0.1546631 0.03857422
vt 0.6025391 0.6723633
vt 0.6782227 0.6791992
vt 0.6782227 0.6572266
vt 0.6025391 0.6572266
vt 0.6782227 0.6350098
vt 0.6025391 0.6420898
vt 0.6782227 0.6130371
vt 0.6025391 0.6269531
vt 0.6782227 0.5908203
vt 0.6025391 0.6118164
vt 0.5419922 0.6118164
vt 0.5419922 0.6269531
vt 0.5419922 0.6420898
vt 0.5419922 0.6572266
vt 0.5419922 0.6723633
vt 0.5419922 0.6875
vt 0.6025391 0.6875
vt 0.6782227 0.701416
vt 0.5117188 0.6875
vt 0.5117188 0.7026367
vt 0.5419922 0.7026367
vt 0.6025391 0.7026367
vt 0.6782227 0.7233887
vt 0.5117188 0.6118164
vt 0.5117188 0.6269531
vt 0.5117188 0.6420898
vt 0.5117188 0.6572266
vt 0.5117188 0.6723633
vt 0.3239746 0.8015137
vt 0.3659668 0.8435059
vt 0.3659668 0.8015137
vt 0.3239746 0.8435059
vt 0.3071289 0.8435059
vt 0.3071289 0.8140869
vt 0.1513672 0.03857422
vt 0.1401367 0.0390625
vt 0.1466064 0.04833984
vt 0.1345215 0.04882813
vt 0.1289063 0.0390625
vt 0.1345215 0.02929688
vt 0.145752 0.02929688
vt 0.9941406 0.720459
vt 0.9790039 0.736084
vt 0.9941406 0.736084
vt 0.9790039 0.720459
vt 0.9633789 0.736084
vt 0.9633789 0.720459
vt 0.9477539 0.736084
vt 0.9477539 0.720459
vt 0.9321289 0.736084
vt 0.9321289 0.720459
vt 0.9169922 0.736084
vt 0.9169922 0.720459
vt 0.9013672 0.736084
vt 0.9013672 0.720459
vt 0.1513672 0.03857422
vt 0.1466064 0.04833984
vt 0.1488037 0.05126953
vt 0.1328125 0.05126953
vt 0.1345215 0.04882813
vt 0.1256104 0.03857422
vt 0.1289063 0.0390625
vt 0.1329346 0.02636719
vt 0.1345215 0.02929688
vt 0.1473389 0.02587891
vt 0.145752 0.02929688
vt 0.1546631 0.03857422
vt 0.3439941 0.7495117
vt 0.3017578 0.7495117
vt 0.3017578 0.7915039
vt 0.3439941 0.7915039
vt 0.3605957 0.7915039
vt 0.3605957 0.762085
vt 0.4216309 0.8175049
vt 0.4216309 0.8216553
vt 0.463623 0.8216553
vt 0.463623 0.8175049
vt 0.4846191 0.8216553
vt 0.4846191 0.8175049
vt 0.5141602 0.8216553
vt 0.5141602 0.8175049
vt 0.5307617 0.8175049
vt 0.5307617 0.8216553
vt 0.5771484 0.8175049
vt 0.5771484 0.8216553
vt 0.6147461 0.8216553
vt 0.6147461 0.8175049
vt 0.4172363 0.5905762
vt 0.420166 0.5847168
vt 0.3852539 0.5847168
vt 0.3823242 0.5905762
vt 0.4143066 0.5964355
vt 0.3793945 0.5964355
vt 0.411377 0.6022949
vt 0.3764648 0.6022949
vt 0.1513672 0.03857422
vt 0.1401367 0.0390625
vt 0.1466064 0.04833984
vt 0.1345215 0.04882813
vt 0.1289063 0.0390625
vt 0.1345215 0.02929688
vt 0.145752 0.02929688
vt 0.9941406 0.720459
vt 0.9790039 0.736084
vt 0.9941406 0.736084
vt 0.9790039 0.720459
vt 0.9633789 0.736084
vt 0.9633789 0.720459
vt 0.9477539 0.736084
vt 0.9477539 0.720459
vt 0.9321289 0.736084
vt 0.9321289 0.720459
vt 0.9169922 0.736084
vt 0.9169922 0.720459
vt 0.9013672 0.736084
vt 0.9013672 0.720459
vt 0.6210938 0.4506836
vt 0.6206055 0.4609375
vt 0.5693359 0.4619141
vt 0.5263672 0.4658203
vt 0.5253906 0.4545898
vt 0.5673828 0.4511719
vt 0.621582 0.4414063
vt 0.5664063 0.4423828
vt 0.6323242 0.3457031
vt 0.5600586 0.347168
vt 0.5004883 0.3452148
vt 0.5234375 0.4448242
vt 0.4675293 0.3505859
vt 0.4970703 0.4711914
vt 0.4970703 0.4599609
vt 0.4960938 0.4501953
vt 0.4833984 0.4526367
vt 0.4846191 0.4624023
vt 0.4821777 0.4726563
vt 0.4321289 0.4658203
vt 0.4365234 0.4560547
vt 0.407959 0.4370117
vt 0.4399414 0.4472656
vt 0.451416 0.3540039
vt 0.3991699 0.4448242
vt 0.3935547 0.4194336
vt 0.401123 0.4135742
vt 0.4152832 0.4311523
vt 0.3835449 0.4262695
vt 0.3913574 0.3920898
vt 0.3835449 0.3984375
vt 0.3737793 0.4052734
vt 0.3791504 0.3227539
vt 0.3791504 0.3227539
vt 0.3791504 0.3227539
vt 0.9926758 0.3828125
vt 0.9926758 0.3808594
vt 0.9897461 0.3808594
vt 0.9897461 0.3828125
vt 0.9804688 0.3808594
vt 0.9804688 0.3828125
vt 0.9804688 0.3828125
vt 0.9726563 0.3808594
vt 0.9628906 0.3808594
vt 0.9628906 0.4047852
vt 0.9726563 0.4047852
vt 0.9804688 0.4047852
vt 0.9804688 0.3808594
vt 0.2397461 0.5944824
vt 0.1508789 0.5944824
vt 0.1508789 0.5722656
vt 0.1508789 0.5944824
vt 0.1508789 0.5722656
vt 0.1508789 0.550293
vt 0.1508789 0.550293
vt 0.2397461 0.550293
vt 0.2397461 0.5722656
vt 0.2397461 0.5944824
vt 0.2397461 0.5722656
vt 0.2397461 0.5944824
vt 0.2397461 0.5722656
vt 0.2397461 0.5722656
vt 0.1508789 0.5722656
vt 0.1508789 0.5722656
vt 0.1508789 0.5944824
vt 0.1508789 0.5944824
vt 0.1508789 0.5944824
vt 0.1508789 0.5944824
vt 0.2397461 0.5944824
vt 0.2397461 0.5944824
vt 0.2397461 0.5944824
vt 0.2457275 0.5722656
vt 0.2397461 0.550293
vt 0.2419434 0.545166
vt 0.1478271 0.5722656
vt 0.1478271 0.5456543
vt 0.1508789 0.550293
vt 0.1478271 0.5991211
vt 0.1478271 0.5991211
vt 0.2419434 0.5996094
vt 0.2419434 0.5996094
vt 0.2580566 0.8337402
vt 0.279541 0.8095703
vt 0.2700195 0.8410645
vt 0.2839355 0.7563477
vt 0.2839355 0.6936035
vt 0.2839355 0.7563477
vt 0.2839355 0.6936035
vt 0.2683105 0.7563477
vt 0.2543945 0.6936035
vt 0.2543945 0.7563477
vt 0.2683105 0.6936035
vt 0.2017822 0.9793854
vt 0.2641602 0.9793854
vt 0.2641602 0.9637451
vt 0.2017822 0.9637451
vt 0.2641602 0.9481201
vt 0.2017822 0.9324951
vt 0.1274414 0.9324951
vt 0.1274414 0.9481201
vt 0.2017822 0.9481201
vt 0.2641602 0.9324951
vt 0.1274414 0.9637451
vt 0.1274414 0.9793854
vt 0.1274414 0.995018
vt 0.2017822 0.995018
vt 0.2641602 0.995018
vt 0.3188477 0.9637451
vt 0.3188477 0.9793854
vt 0.3188477 0.995018
vt 0.2017822 0.9168701
vt 0.1274414 0.9168701
vt 0.2641602 0.9168701
vt 0.3188477 0.9168701
vt 0.3188477 0.9324951
vt 0.3188477 0.9481201
vt 0.753418 0.3588867
vt 0.7856445 0.3642578
vt 0.7817383 0.2890625
vt 0.7460938 0.2919922
vt 0.8061523 0.222168
vt 0.8222656 0.2363281
vt 0.8398438 0.15625
vt 0.7758789 0.2392578
vt 0.824707 0.2993164
vt 0.8217773 0.3681641
vt 0.7910156 0.4291992
vt 0.815918 0.472168
vt 0.3283691 0.6967773
vt 0.3283691 0.6967773
vt 0.329834 0.6970215
vt 0.7304688 0.2958984
vt 0.753418 0.2514648
vt 0.7368164 0.2617188
vt 0.7368164 0.2617188
vt 0.7583008 0.3901367
vt 0.7910156 0.4291992
vt 0.7856445 0.3642578
vt 0.753418 0.3588867
vt 0.7382813 0.3525391
vt 0.7460938 0.2919922
vt 0.7817383 0.2890625
vt 0.7758789 0.2392578
vt 0.8642578 0.6750488
vt 0.8632813 0.6513672
vt 0.8647461 0.6494141
vt 0.8364258 0.6494141
vt 0.8364258 0.6513672
vt 0.8364258 0.6750488
vt 0.8364258 0.6765137
vt 0.8657227 0.6765137
vt 0.3754883 0.6325684
vt 0.3862305 0.6286621
vt 0.3837891 0.6298828
vt 0.5664063 0.916748
vt 0.5664063 0.9060059
vt 0.5473633 0.916748
vt 0.5786133 0.9060059
vt 0.5786133 0.916748
vt 0.5913086 0.9060059
vt 0.5913086 0.916748
vt 0.6040039 0.9060059
vt 0.6040039 0.916748
vt 0.6230469 0.916748
vt 0.6230469 0.9060059
vt 0.7788086 0.7611084
vt 0.8300781 0.7611084
vt 0.8300781 0.7501221
vt 0.7788086 0.751709
vt 0.9121094 0.7611084
vt 0.9018555 0.7443848
vt 0.9018555 0.7611084
vt 0.8916016 0.7404785
vt 0.8916016 0.7611084
vt 0.8813477 0.7404785
vt 0.8813477 0.7611084
vt 0.8300781 0.7501221
vt 0.9018555 0.7443848
vt 0.9121094 0.7404785
vt 0.9223633 0.7611084
vt 0.9223633 0.7404785
vt 0.9941406 0.7611084
vt 0.9941406 0.7404785
vt 0.1282959 0.6323242
vt 0.1220703 0.6328125
vt 0.1226196 0.6088867
vt 0.1278076 0.6086426
vt 0.1395264 0.6313477
vt 0.1411133 0.6081543
vt 0.1488037 0.05126953
vt 0.1546631 0.03857422
vt 0.1513672 0.03857422
vt 0.145752 0.02929688
vt 0.1473389 0.02587891
vt 0.1345215 0.02929688
vt 0.1329346 0.02636719
vt 0.1289063 0.0390625
vt 0.1256104 0.03857422
vt 0.1345215 0.04882813
vt 0.1328125 0.05126953
vt 0.1466064 0.04833984
vt 0.3950195 0.4941406
vt 0.4147949 0.5083008
vt 0.4208984 0.5070801
vt 0.4177246 0.4868164
vt 0.4382324 0.480957
vt 0.4069824 0.4604492
vt 0.4731445 0.5283203
vt 0.4216309 0.5097656
vt 0.4177246 0.5100098
vt 0.3269043 0.6291504
vt 0.3232422 0.6210938
vt 0.355957 0.5559082
vt 0.3735352 0.5300293
vt 0.3752441 0.5239258
vt 0.3737793 0.4838867
vt 0.3591309 0.4526367
vt 0.3635254 0.4350586
vt 0.355957 0.4521484
vt 0.3540039 0.4804688
vt 0.3601074 0.480957
vt 0.3640137 0.4970703
vt 0.3598633 0.4995117
vt 0.3710938 0.5244141
vt 0.3703613 0.5290527
vt 0.354248 0.5537109
vt 0.3208008 0.6174316
vt 0.9321289 0.421875
vt 0.9291992 0.421875
vt 0.9277344 0.4189453
vt 0.9326172 0.4194336
vt 0.9360352 0.3989258
vt 0.9521484 0.4052734
vt 0.9526367 0.4018555
vt 0.1513672 0.03857422
vt 0.1401367 0.0390625
vt 0.1466064 0.04833984
vt 0.1345215 0.04882813
vt 0.1289063 0.0390625
vt 0.1345215 0.02929688
vt 0.145752 0.02929688
vt 0.1412354 0.2436523
vt 0.1287842 0.2563477
vt 0.1500244 0.2651367
vt 0.1286621 0.2739258
vt 0.1412354 0.2861328
vt 0.1588135 0.2866211
vt 0.1713867 0.2739258
vt 0.1713867 0.2563477
vt 0.1589355 0.2436523
vt 0.06079102 0.6828613
vt 0.007446289 0.6821289
vt 0.05911255 0.6821289
vt 0.04656982 0.6662598
vt 0.007469177 0.6665039
vt 0.6347656 0.855957
vt 0.6196289 0.855957
vt 0.6196289 0.9003296
vt 0.6347656 0.9003296
vt 0.6494141 0.855957
vt 0.6494141 0.9003296
vt 0.6640625 0.855957
vt 0.6640625 0.9003296
vt 0.5605469 0.855957
vt 0.5458984 0.855957
vt 0.5458984 0.9003296
vt 0.5605469 0.9003296
vt 0.5751953 0.855957
vt 0.5751953 0.9003296
vt 0.590332 0.855957
vt 0.590332 0.9003296
vt 0.6049805 0.855957
vt 0.6049805 0.9003296
vt 0.9941406 0.720459
vt 0.9790039 0.736084
vt 0.9941406 0.736084
vt 0.9790039 0.720459
vt 0.9633789 0.736084
vt 0.9633789 0.720459
vt 0.9477539 0.736084
vt 0.9477539 0.720459
vt 0.9321289 0.736084
vt 0.9321289 0.720459
vt 0.9169922 0.736084
vt 0.9169922 0.720459
vt 0.9013672 0.736084
vt 0.9013672 0.720459
vt 0.3283691 0.6967773
vt 0.3100586 0.6972656
vt 0.3100586 0.6821289
vt 0.3293457 0.6826172
vt 0.3293457 0.6826172
vt 0.3283691 0.6967773
vt 0.00711441 0.5952148
vt 0.00687027 0.5905762
vt 0.09130859 0.5908203
vt 0.09069824 0.595459
vt 0.1016235 0.6462402
vt 0.06420898 0.6459961
vt 0.05981445 0.6477051
vt 0.007469177 0.6665039
vt 0.04656982 0.6662598
vt 0.006809235 0.5876465
vt 0.07440186 0.5876465
vt 0.08184814 0.5820313
vt 0.09130859 0.5620117
vt 0.08184814 0.5620117
vt 0.09143066 0.5385742
vt 0.08197021 0.5385742
vt 0.08233643 0.5048828
vt 0.09130859 0.5046387
vt 0.1005249 0.4150391
vt 0.006824493 0.5849609
vt 0.07226563 0.5849609
vt 0.078125 0.5805664
vt 0.07818604 0.5620117
vt 0.07824707 0.5393066
vt 0.07873535 0.5043945
vt 0.09692383 0.4150391
vt 0.1022339 0.3408203
vt 0.105835 0.3408203
vt 0.0859375 0.2392578
vt 0.08959961 0.2392578
vt 0.08416748 0.1879883
vt 0.08709717 0.1889648
vt 0.09552002 0.1738281
vt 0.09936523 0.1748047
vt 0.1130371 0.4155273
vt 0.1187134 0.3408203
vt 0.1029053 0.2392578
vt 0.09625244 0.1904297
vt 0.1136475 0.1748047
vt 0.1116333 0.1289063
vt 0.09979248 0.1289063
vt 0.08721924 0.06591797
vt 0.07977295 0.06591797
vt 0.08612061 0.02978516
vt 0.0960083 0.128418
vt 0.07592773 0.06591797
vt 0.06744385 0.03076172
vt 0.07226563 0.02978516
vt 0.08044434 0.006347656
vt 0.08544922 0.0078125
vt 0.06744385 0.03076172
vt 0.07141113 0.0078125
vt 0.07495117 0.006347656
vt 0.9995117 0.0004882813
vt 0.9995117 0.0004882813
vt 0.9995117 0.0004882813
vt 0.9995117 0.0004882813
vt 0.9995117 0.0004882813
vt 0.9995117 0.0004882813
vt 0.9995117 0.0004882813
vt 0.9995117 0.0004882813
vt 0.9995117 0.0004882813
vt 0.9995117 0.0004882813
vt 0.9995117 0.0004882813
vt 0.9995117 0.0004882813
vt 0.9995117 0.0004882813
vt 0.9995117 0.0004882813
vt 0.9995117 0.0004882813
vt 0.9995117 0.0004882813
vt 0.2401123 0.6518555
vt 0.2406006 0.6533203
vt 0.2426758 0.6523438
vt 0.2425537 0.6481934
vt 0.2714844 0.6584473
vt 0.2995605 0.4301758
vt 0.3049316 0.4291992
vt 0.2922363 0.4755859
vt 0.2797852 0.4770508
vt 0.2678223 0.5615234
vt 0.263916 0.5634766
vt 0.2548828 0.5700684
vt 0.239502 0.4951172
vt 0.2410889 0.472168
vt 0.1866455 0.4863281
vt 0.194458 0.4746094
vt 0.2575684 0.4306641
vt 0.1625977 0.4731445
vt 0.1787109 0.4375
vt 0.1588135 0.4858398
vt 0.1821289 0.4916992
vt 0.237793 0.4975586
vt 0.2548828 0.5700684
vt 0.1542969 0.4907227
vt 0.1259766 0.4858398
vt 0.1223145 0.4814453
vt 0.128418 0.4379883
vt 0.1348877 0.4370117
vt 0.1274414 0.4790039
vt 0.1314697 0.4833984
vt 0.1513672 0.3793945
vt 0.1442871 0.3803711
vt 0.161499 0.3378906
vt 0.168335 0.3369141
vt 0.1854248 0.2885742
vt 0.1929932 0.2905273
vt 0.2019043 0.237793
vt 0.2108154 0.2363281
vt 0.2092285 0.1791992
vt 0.2105713 0.2924805
vt 0.1962891 0.3818359
vt 0.2159424 0.3408203
vt 0.2373047 0.2866211
vt 0.2338867 0.2275391
vt 0.2092285 0.1791992
vt 0.2424316 0.2226563
vt 0.2105713 0.1777344
vt 0.1817627 0.1308594
vt 0.2629395 0.2734375
vt 0.2485352 0.3325195
vt 0.2235107 0.3837891
vt 0.2749023 0.265625
vt 0.2836914 0.3256836
vt 0.2790527 0.3266602
vt 0.2565918 0.3774414
vt 0.215332 0.4379883
vt 0.2929688 0.3764648
vt 0.2976074 0.3759766
vt 0.7880859 0.7637939
vt 0.7915039 0.7637939
vt 0.7915039 0.8046875
vt 0.8510742 0.8243408
vt 0.8769531 0.8222656
vt 0.8769531 0.8270264
vt 0.8500977 0.8214111
vt 0.8310547 0.8210449
vt 0.831543 0.8240967
vt 0.8046875 0.821167
vt 0.8037109 0.824585
vt 0.7880859 0.8059082
vt 0.784668 0.7637939
vt 0.8745117 0.8192139
vt 0.8510742 0.8292236
vt 0.8740234 0.8312988
vt 0.831543 0.829834
vt 0.8032227 0.8292236
vt 0.784668 0.807373
vt 0.7807617 0.7637939
vt 0.7807617 0.8088379
vt 0.8032227 0.833374
vt 0.8295898 0.8341064
vt 0.8510742 0.833252
vt 0.1513672 0.03857422
vt 0.1546631 0.03857422
vt 0.1488037 0.05126953
vt 0.1466064 0.04833984
vt 0.1328125 0.05126953
vt 0.1345215 0.04882813
vt 0.1256104 0.03857422
vt 0.1289063 0.0390625
vt 0.1329346 0.02636719
vt 0.1345215 0.02929688
vt 0.1473389 0.02587891
vt 0.145752 0.02929688
vt 0.9013672 0.736084
vt 0.9013672 0.720459
vt 0.9169922 0.720459
vt 0.9169922 0.736084
vt 0.9321289 0.720459
vt 0.9321289 0.736084
vt 0.9477539 0.720459
vt 0.9477539 0.736084
vt 0.9633789 0.720459
vt 0.9633789 0.736084
vt 0.9790039 0.720459
vt 0.9790039 0.736084
vt 0.9941406 0.720459
vt 0.9941406 0.736084
vt 0.1513672 0.03857422
vt 0.1546631 0.03857422
vt 0.1488037 0.05126953
vt 0.1466064 0.04833984
vt 0.1328125 0.05126953
vt 0.1345215 0.04882813
vt 0.1256104 0.03857422
vt 0.1289063 0.0390625
vt 0.1329346 0.02636719
vt 0.1345215 0.02929688
vt 0.1473389 0.02587891
vt 0.145752 0.02929688
vt 0.9013672 0.736084
vt 0.9013672 0.720459
vt 0.9169922 0.720459
vt 0.9169922 0.736084
vt 0.9321289 0.720459
vt 0.9321289 0.736084
vt 0.9477539 0.720459
vt 0.9477539 0.736084
vt 0.9633789 0.720459
vt 0.9633789 0.736084
vt 0.9790039 0.720459
vt 0.9790039 0.736084
vt 0.9941406 0.720459
vt 0.9941406 0.736084
vt 0.5673828 0.4511719
vt 0.6210938 0.4506836
vt 0.621582 0.4414063
vt 0.5693359 0.4619141
vt 0.5253906 0.4545898
vt 0.5263672 0.4658203
vt 0.4970703 0.4711914
vt 0.4970703 0.4599609
vt 0.4846191 0.4624023
vt 0.4821777 0.4726563
vt 0.4321289 0.4658203
vt 0.6206055 0.4609375
vt 0.4365234 0.4560547
vt 0.407959 0.4370117
vt 0.4833984 0.4526367
vt 0.4960938 0.4501953
vt 0.5234375 0.4448242
vt 0.5664063 0.4423828
vt 0.4399414 0.4472656
vt 0.6323242 0.3457031
vt 0.5600586 0.347168
vt 0.5004883 0.3452148
vt 0.4675293 0.3505859
vt 0.451416 0.3540039
vt 0.4152832 0.4311523
vt 0.3913574 0.3920898
vt 0.3791504 0.3227539
vt 0.3791504 0.3227539
vt 0.401123 0.4135742
vt 0.3935547 0.4194336
vt 0.3835449 0.3984375
vt 0.3791504 0.3227539
vt 0.3737793 0.4052734
vt 0.3835449 0.4262695
vt 0.3991699 0.4448242
vt 0.6323242 0.3457031
vt 0.6328125 0.3398438
vt 0.5600586 0.3408203
vt 0.5600586 0.347168
vt 0.5 0.3383789
vt 0.5004883 0.3452148
vt 0.467041 0.3432617
vt 0.4675293 0.3505859
vt 0.4541016 0.3461914
vt 0.451416 0.3540039
vt 0.3791504 0.3227539
vt 0.3791504 0.3227539
vt 0.1964111 0.7752686
vt 0.1368408 0.7757568
vt 0.1361084 0.6975098
vt 0.2410889 0.7749023
vt 0.1954346 0.65625
vt 0.2401123 0.6518555
vt 0.1398926 0.6767578
vt 0.1380615 0.6862793
vt 0.1356201 0.6806641
vt 0.1420898 0.6677246
vt 0.7724609 0.503418
vt 0.7612305 0.4238281
vt 0.6982422 0.4760742
vt 0.7675781 0.5246582
vt 0.7573242 0.545166
vt 0.730957 0.5725098
vt 0.684082 0.5871582
vt 0.6733398 0.5844727
vt 0.6845703 0.4746094
vt 0.6450195 0.5808105
vt 0.6518555 0.4726563
vt 0.6064453 0.583252
vt 0.5981445 0.484375
vt 0.5307617 0.4995117
vt 0.5551758 0.5939941
vt 0.2397461 0.550293
vt 0.2397461 0.5722656
vt 0.2397461 0.5722656
vt 0.2397461 0.550293
vt 0.1807861 0.609375
vt 0.2352295 0.609375
vt 0.2352295 0.6142578
vt 0.1807861 0.6142578
vt 0.2352295 0.6191406
vt 0.2352295 0.6340332
vt 0.1807861 0.6340332
vt 0.1807861 0.6291504
vt 0.2352295 0.6291504
vt 0.2352295 0.6242676
vt 0.1807861 0.6242676
vt 0.1807861 0.6191406
vt 0.1759033 0.6191406
vt 0.1759033 0.6142578
vt 0.1759033 0.609375
vt 0.1660156 0.6142578
vt 0.1660156 0.609375
vt 0.1759033 0.6242676
vt 0.1759033 0.6291504
vt 0.1660156 0.6191406
vt 0.1660156 0.6242676
vt 0.1660156 0.6291504
vt 0.1660156 0.6340332
vt 0.1759033 0.6340332
vt 0.3100586 0.6821289
vt 0.3100586 0.6972656
vt 0.3283691 0.6967773
vt 0.3293457 0.6826172
vt 0.9150391 0.6914063
vt 0.9321289 0.6914063
vt 0.9321289 0.6914063
vt 0.8642578 0.6750488
vt 0.8657227 0.6765137
vt 0.8647461 0.6494141
vt 0.8632813 0.6513672
vt 0.8364258 0.6494141
vt 0.8364258 0.6513672
vt 0.8364258 0.6750488
vt 0.8364258 0.6765137
vt 0.345459 0.8900757
vt 0.345459 0.8900757
vt 0.3339844 0.8900757
vt 0.3339844 0.8900757
vt 0.3283691 0.8900757
vt 0.3171387 0.8900757
vt 0.3227539 0.8900757
vt 0.3227539 0.9133911
vt 0.3171387 0.8900757
vt 0.3227539 0.8900757
vt 0.3283691 0.8900757
vt 0.3566895 0.9133911
vt 0.3510742 0.8900757
vt 0.3510742 0.8900757
vt 0.3566895 0.8900757
vt 0.3566895 0.8900757
vt 0.3623047 0.8900757
vt 0.3623047 0.8900757
vt 0.2553711 0.8900757
vt 0.2553711 0.8900757
vt 0.2440186 0.8900757
vt 0.2440186 0.8900757
vt 0.2384033 0.8900757
vt 0.2327881 0.9133911
vt 0.1821289 0.9133911
vt 0.1821289 0.8900757
vt 0.2271729 0.8900757
vt 0.2271729 0.8900757
vt 0.2327881 0.8900757
vt 0.2327881 0.8900757
vt 0.2384033 0.8900757
vt 0.2666016 0.9133911
vt 0.1821289 0.8900757
vt 0.2609863 0.8900757
vt 0.2666016 0.8900757
vt 0.2609863 0.8900757
vt 0.2666016 0.8900757
vt 0.2722168 0.8900757
vt 0.2722168 0.8900757
vt 0.5180664 0.8098145
vt 0.494873 0.7908936
vt 0.494873 0.8098145
vt 0.5512695 0.8098145
vt 0.5512695 0.7852783
vt 0.5175781 0.7780762
vt 0.494873 0.7908936
vt 0.5029297 0.7813721
vt 0.5512695 0.7852783
vt 0.5512695 0.8098145
vt 0.5991211 0.7967529
vt 0.5991211 0.8098145
vt 0.6171875 0.7967529
vt 0.6171875 0.8098145
vt 0.0625 0.005859375
vt 0.06408691 0.02978516
vt 0.06793213 0.005859375
vt 0.08013916 0.1875
vt 0.08258057 0.2392578
vt 0.0859375 0.2392578
vt 0.08416748 0.1879883
vt 0.09118652 0.1738281
vt 0.09552002 0.1738281
vt 0.0927124 0.128418
vt 0.0960083 0.128418
vt 0.07263184 0.06591797
vt 0.07592773 0.06591797
vt 0.06744385 0.03076172
vt 0.07141113 0.0078125
vt 0.3798828 0.7839355
vt 0.3737793 0.7828369
vt 0.3754883 0.6325684
vt 0.3825684 0.7821045
vt 0.3862305 0.6286621
vt 0.7402344 0.8100586
vt 0.7114258 0.8100586
vt 0.7114258 0.8103027
vt 0.7407227 0.8103027
vt 0.7407227 0.8017578
vt 0.7402344 0.802124
vt 0.7114258 0.8017578
vt 0.7114258 0.802124
vt 0.4868164 0.6044922
vt 0.4812012 0.6064453
vt 0.5019531 0.5649414
vt 0.5073242 0.5666504
vt 0.5087891 0.5964355
vt 0.5102539 0.5710449
vt 0.5107422 0.5961914
vt 0.5112305 0.5739746
vt 0.5097656 0.5686035
vt 0.5039063 0.5629883
vt 0.5009766 0.5612793
vt 0.4436035 0.5649414
vt 0.4436035 0.6064453
vt 0.4436035 0.5612793
vt 0.5092773 0.6008301
vt 0.5063477 0.6008301
vt 0.5087891 0.5964355
vt 0.4831543 0.6291504
vt 0.4819336 0.6276855
vt 0.480957 0.6303711
vt 0.479248 0.6296387
vt 0.4782715 0.6269531
vt 0.4436035 0.6296387
vt 0.4436035 0.6269531
vt 0.4436035 0.6113281
vt 0.5107422 0.5961914
vt 0.484375 0.6101074
vt 0.4797363 0.6113281
vt 0.4436035 0.6064453
vt 0.4812012 0.6064453
vt 0.4868164 0.6044922
vt 0.1478271 0.5456543
vt 0.1478271 0.5456543
vt 0.1508789 0.550293
vt 0.1508789 0.550293
vt 0.2397461 0.5722656
vt 0.2397461 0.5722656
vt 0.2397461 0.550293
vt 0.2397461 0.550293
vt 0.2397461 0.550293
vt 0.2397461 0.550293
vt 0.1508789 0.550293
vt 0.1508789 0.550293
vt 0.1508789 0.5722656
vt 0.1508789 0.5722656
vt 0.2419434 0.545166
vt 0.2419434 0.545166
vt 0.7402344 0.7940674
vt 0.7114258 0.7940674
vt 0.7114258 0.7944336
vt 0.7407227 0.7944336
vt 0.7407227 0.7858887
vt 0.7402344 0.7862549
vt 0.7114258 0.7858887
vt 0.7114258 0.7862549
vt 3.051758E-05 0.9999695
vt 3.051758E-05 0.9999695
vt 3.051758E-05 0.9999695
vt 3.051758E-05 0.9999695
vt 3.051758E-05 0.9999695
vt 3.051758E-05 0.9999695
vt 3.051758E-05 0.9999695
vt 3.051758E-05 0.9999695
vt 0.9858398 0.6618652
vt 0.9399414 0.6618652
vt 0.9399414 0.6762695
vt 0.1395264 0.6313477
vt 0.1411133 0.6081543
vt 0.1278076 0.6086426
vt 0.1282959 0.6323242
vt 0.1226196 0.6088867
vt 0.1220703 0.6328125
vt 0.1488037 0.05126953
vt 0.1466064 0.04833984
vt 0.1513672 0.03857422
vt 0.1546631 0.03857422
vt 0.145752 0.02929688
vt 0.1473389 0.02587891
vt 0.1345215 0.02929688
vt 0.1329346 0.02636719
vt 0.1289063 0.0390625
vt 0.1256104 0.03857422
vt 0.1345215 0.04882813
vt 0.1328125 0.05126953
vt 0.1610107 0.2919922
vt 0.138916 0.2919922
vt 0.1412354 0.2861328
vt 0.1286621 0.2739258
vt 0.1233521 0.2758789
vt 0.1287842 0.2563477
vt 0.1233521 0.2539063
vt 0.1412354 0.2436523
vt 0.1390381 0.2382813
vt 0.1589355 0.2436523
vt 0.1612549 0.2382813
vt 0.1713867 0.2563477
vt 0.1768799 0.2539063
vt 0.1713867 0.2739258
vt 0.1767578 0.2763672
vt 0.1588135 0.2866211
vt 0.9399414 0.6762695
vt 0.9858398 0.6762695
vt 0.9858398 0.6618652
vt 0.590332 0.855957
vt 0.590332 0.9003296
vt 0.5751953 0.9003296
vt 0.5751953 0.855957
vt 0.5605469 0.9003296
vt 0.5605469 0.855957
vt 0.5458984 0.9003296
vt 0.5458984 0.855957
vt 0.6640625 0.855957
vt 0.6640625 0.9003296
vt 0.6494141 0.9003296
vt 0.6494141 0.855957
vt 0.6347656 0.9003296
vt 0.6347656 0.855957
vt 0.6196289 0.9003296
vt 0.6196289 0.855957
vt 0.6049805 0.9003296
vt 0.6049805 0.855957
vt 0.06622314 0.928894
vt 0.06622314 0.9338379
vt 0.0612793 0.9338379
vt 0.0612793 0.928894
vt 0.0513916 0.9338379
vt 0.0513916 0.9387817
vt 0.0612793 0.9387817
vt 0.0513916 0.9437256
vt 0.0513916 0.928894
vt 0.0612793 0.9239502
vt 0.06622314 0.9239502
vt 0.1196289 0.928894
vt 0.1196289 0.9338379
vt 0.06622314 0.9387817
vt 0.0612793 0.9437256
vt 0.0513916 0.9239502
vt 0.1196289 0.9239502
vt 0.1196289 0.9387817
vt 0.06622314 0.9437256
vt 0.1196289 0.9437256
vt 0.0513916 0.9486694
vt 0.0612793 0.9486694
vt 0.06622314 0.9486694
vt 0.1196289 0.9486694
vt 0.9384766 0.6777344
vt 0.9375 0.6789551
vt 0.9375 0.6789551
vt 3.051758E-05 0.9999695
vt 3.051758E-05 0.9999695
vt 3.051758E-05 0.9999695
vt 3.051758E-05 0.9999695
vt 3.051758E-05 0.9999695
vt 3.051758E-05 0.9999695
vt 3.051758E-05 0.9999695
vt 3.051758E-05 0.9999695
vt 0.9873047 0.6777344
vt 0.9882813 0.6789551
vt 0.9882813 0.6789551
vt 0.2288818 0.5085449
vt 0.1728516 0.5085449
vt 0.1722412 0.5322266
vt 0.2296143 0.5322266
vt 0.230957 0.5336914
vt 0.2302246 0.5065918
vt 0.1715088 0.5065918
vt 0.1707764 0.5336914
vt 0.9873047 0.6601563
vt 0.9882813 0.6591797
vt 0.9882813 0.6591797
vt 0.3283691 0.6967773
vt 0.3283691 0.6967773
vt 0.3293457 0.6826172
vt 0.3293457 0.6826172
vt 0.9086914 0.5410156
vt 0.9086914 0.484375
vt 0.9086914 0.484375
vt 0.9086914 0.5410156
vt 0.9291992 0.5410156
vt 0.9291992 0.484375
vt 0.9291992 0.484375
vt 0.9291992 0.5410156
vt 0.9521484 0.484375
vt 0.9521484 0.5410156
vt 0.9750977 0.5410156
vt 0.9750977 0.484375
vt 0.9384766 0.6604004
vt 0.9375 0.6594238
vt 0.9375 0.6594238
vt 0.1478271 0.5456543
vt 0.2419434 0.545166
vt 0.2397461 0.550293
vt 0.1508789 0.550293
vt 0.4436035 0.751709
vt 0.4436035 0.7182617
vt 0.4904785 0.7194824
vt 0.4924316 0.7504883
vt 0.6362305 0.7840576
vt 0.6367188 0.7746582
vt 0.6367188 0.7746582
vt 0.6826172 0.7840576
vt 0.6826172 0.7749023
vt 0.06958008 0.5817871
vt 0.006866455 0.5817871
vt 0.006824493 0.5849609
vt 0.07226563 0.5849609
vt 0.078125 0.5805664
vt 0.07446289 0.5783691
vt 0.07452393 0.5617676
vt 0.07818604 0.5620117
vt 0.0748291 0.5390625
vt 0.07452393 0.5617676
vt 0.07818604 0.5620117
vt 0.07824707 0.5393066
vt 0.07531738 0.505127
vt 0.07873535 0.5043945
vt 0.09350586 0.4150391
vt 0.09692383 0.4150391
vt 0.09881592 0.3408203
vt 0.1022339 0.3408203
vt 0.6650391 0.8183594
vt 0.6220703 0.8183594
vt 0.6220703 0.829834
vt 0.6650391 0.829834
vt 0.6679688 0.8183594
vt 0.6679688 0.829834
vt 0.7084961 0.8183594
vt 0.7084961 0.829834
vt 0.7114258 0.8183594
vt 0.7114258 0.829834
vt 0.7490234 0.829834
vt 0.7490234 0.8183594
vt 0.4301758 0.6743164
vt 0.4245605 0.6193848
vt 0.4262695 0.6191406
vt 0.4267578 0.6757813
vt 0.4289551 0.6757813
vt 0.4257813 0.7719727
vt 0.4238281 0.770874
vt 0.4018555 0.6235352
vt 0.3981934 0.7775879
vt 0.3989258 0.6245117
vt 0.3955078 0.7784424
vt 0.3862305 0.6286621
vt 0.3825684 0.7821045
vt 0.9628906 0.4047852
vt 0.9628906 0.3808594
vt 0.9628906 0.3808594
vt 0.9628906 0.4047852
vt 0.8515625 0.7637939
vt 0.8515625 0.8109131
vt 0.8774414 0.8106689
vt 0.8769531 0.7637939
vt 0.5429688 0.9065552
vt 0.3710938 0.9065552
vt 0.3710938 0.8530273
vt 0.5415039 0.8431396
vt 0.6123047 0.8259277
vt 0.6123047 0.8431396
vt 0.5415039 0.8259277
vt 0.5415039 0.8259277
vt 0.5415039 0.8431396
vt 0.3710938 0.8530273
vt 0.9360352 0.6491699
vt 0.9331055 0.6459961
vt 0.9331055 0.6210938
vt 0.9365234 0.6179199
vt 0.9916992 0.6174316
vt 0.9916992 0.6491699
vt 0.9946289 0.6208496
vt 0.9951172 0.6459961
vt 0.8032227 0.7932129
vt 0.8032227 0.7637939
vt 0.796875 0.7637939
vt 0.796875 0.802002
vt 0.8056641 0.8129883
vt 0.8120117 0.8077393
vt 0.831543 0.8122559
vt 0.8413086 0.7004395
vt 0.7924805 0.6525879
vt 0.8144531 0.7290039
vt 0.8427734 0.737793
vt 0.8647461 0.6999512
vt 0.8662109 0.737793
vt 0.8945313 0.7263184
vt 0.9106445 0.6479492
vt 0.7114258 0.7940674
vt 0.7114258 0.7862549
vt 0.7402344 0.7862549
vt 0.7402344 0.7940674
vt 0.2102051 0.04785156
vt 0.2120361 0.008789063
vt 0.222168 0.009765625
vt 0.2210693 0.04101563
vt 0.2502441 0.01855469
vt 0.1501465 0.08203125
vt 0.161499 0.1049805
vt 0.1375732 0.08886719
vt 0.1774902 0.07861328
vt 0.1646729 0.0703125
vt 0.1851807 0.06103516
vt 0.2084961 0.07568359
vt 0.2233887 0.04833984
vt 0.2529297 0.03417969
vt 0.2573242 0.08203125
vt 0.255127 0.04394531
vt 0.2641602 0.06396484
vt 0.2976074 0.1157227
vt 0.2437744 0.112793
vt 0.2017822 0.09960938
vt 0.3054199 0.09521484
vt 0.2802734 0.03759766
vt 0.3181152 0.06152344
vt 0.3481445 0.08203125
vt 0.3413086 0.09667969
vt 0.3339844 0.1220703
vt 0.286377 0.1411133
vt 0.2927246 0.2475586
vt 0.277832 0.262207
vt 0.2697754 0.2060547
vt 0.2944336 0.2011719
vt 0.3081055 0.1704102
vt 0.2785645 0.1645508
vt 0.3210449 0.1464844
vt 0.2165527 0.1699219
vt 0.2457275 0.2197266
vt 0.2342529 0.1352539
vt 0.1817627 0.1308594
vt 0.2105713 0.1777344
vt 0.2424316 0.2226563
vt 0.3044434 0.3149414
vt 0.2939453 0.3208008
vt 0.2749023 0.265625
vt 0.3198242 0.4272461
vt 0.3049316 0.4291992
vt 0.2976074 0.3759766
vt 0.3078613 0.3740234
vt 0.2836914 0.3256836
vt 0.276123 0.5588379
vt 0.2678223 0.5615234
vt 0.2922363 0.4755859
vt 0.3007813 0.4741211
vt 0.3200684 0.4716797
vt 0.3408203 0.425293
vt 0.3210449 0.3720703
vt 0.3540039 0.4311523
vt 0.3476563 0.4536133
vt 0.3479004 0.4794922
vt 0.3557129 0.5029297
vt 0.317627 0.6137695
vt 0.3103027 0.6062012
vt 0.3535156 0.5507813
vt 0.354248 0.5537109
vt 0.3679199 0.5263672
vt 0.3703613 0.5290527
vt 0.3676758 0.5239258
vt 0.3710938 0.5244141
vt 0.3598633 0.4995117
vt 0.3540039 0.4804688
vt 0.355957 0.4521484
vt 0.3591309 0.4331055
vt 0.2944336 0.5732422
vt 0.276123 0.5588379
vt 0.3007813 0.4741211
vt 0.7924805 0.7363281
vt 0.8144531 0.7290039
vt 0.7924805 0.6525879
vt 0.2683105 0.7563477
vt 0.2683105 0.7563477
vt 0.2683105 0.6936035
vt 0.2683105 0.6936035
vt 0.2683105 0.6811523
vt 0.2683105 0.6811523
vt 0.2683105 0.6748047
vt 0.2683105 0.6748047
vt 0.7924805 0.6525879
vt 0.7695313 0.6599121
vt 0.7924805 0.7363281
vt 0.2839355 0.7563477
vt 0.2683105 0.7563477
vt 0.2683105 0.6936035
vt 0.2839355 0.6936035
vt 0.2824707 0.6811523
vt 0.2683105 0.6811523
vt 0.2824707 0.6748047
vt 0.2683105 0.6748047
vt 0.3793945 0.5964355
vt 0.3764648 0.6022949
vt 0.411377 0.6022949
vt 0.4143066 0.5964355
vt 0.3823242 0.5905762
vt 0.4172363 0.5905762
vt 0.420166 0.5847168
vt 0.3852539 0.5847168
vt 0.6171875 0.7967529
vt 0.6171875 0.8098145
vt 0.5991211 0.8098145
vt 0.5991211 0.7967529
vt 0.5512695 0.8098145
vt 0.5512695 0.7852783
vt 0.8120117 0.7637939
vt 0.8037109 0.7637939
vt 0.8037109 0.7932129
vt 0.8125 0.8061523
vt 0.7226563 0.6147461
vt 0.7719727 0.6135254
vt 0.7729492 0.6467285
vt 0.6962891 0.6486816
vt 0.7026367 0.6235352
vt 0.7202148 0.6179199
vt 0.6943359 0.6281738
vt 0.494873 0.7908936
vt 0.5029297 0.7813721
vt 0.5175781 0.7780762
vt 0.5180664 0.8098145
vt 0.5512695 0.7852783
vt 0.5512695 0.8098145
vt 0.494873 0.8098145
vt 0.3793945 0.5964355
vt 0.3764648 0.6022949
vt 0.411377 0.6022949
vt 0.4143066 0.5964355
vt 0.3823242 0.5905762
vt 0.4172363 0.5905762
vt 0.420166 0.5847168
vt 0.3852539 0.5847168
vt 0.7407227 0.7944336
vt 0.7416992 0.7950439
vt 0.7114258 0.7950439
vt 0.7114258 0.7944336
vt 0.7416992 0.8011475
vt 0.7114258 0.8011475
vt 0.7114258 0.7950439
vt 0.7407227 0.8017578
vt 0.7114258 0.8017578
vt 0.7114258 0.8011475
vt 0.7407227 0.8103027
vt 0.7416992 0.8109131
vt 0.7480469 0.8166504
vt 0.7480469 0.779541
vt 0.7416992 0.7852783
vt 0.7407227 0.7858887
vt 0.7114258 0.7858887
vt 0.7114258 0.7852783
vt 0.7114258 0.779541
vt 0.7114258 0.777832
vt 0.7490234 0.777832
vt 0.7504883 0.7790527
vt 0.7504883 0.8171387
vt 0.7490234 0.8183594
vt 0.7114258 0.8183594
vt 0.7114258 0.8166504
vt 0.7114258 0.8109131
vt 0.7114258 0.8103027
vt 0.9672852 0.3735352
vt 0.9672852 0.3735352
vt 0.9858398 0.3735352
vt 0.9858398 0.3735352
vt 0.9804688 0.3808594
vt 0.9726563 0.3808594
vt 0.7402344 0.802124
vt 0.7402344 0.8100586
vt 0.7114258 0.8100586
vt 0.7114258 0.802124
vt 0.9882813 0.6789551
vt 0.9873047 0.6777344
vt 0.9873047 0.6601563
vt 0.9882813 0.6591797
vt 0.9350586 0.6533203
vt 0.9907227 0.652832
vt 0.9882813 0.6591797
vt 0.9936523 0.65625
vt 0.9941406 0.6816406
vt 0.9907227 0.6850586
vt 0.9882813 0.6789551
vt 0.9350586 0.6850586
vt 0.9873047 0.6601563
vt 0.9384766 0.6604004
vt 0.9375 0.6594238
vt 0.9375 0.6594238
vt 0.9321289 0.6564941
vt 0.9321289 0.6818848
vt 0.9375 0.6789551
vt 0.9375 0.6789551
vt 0.9873047 0.6777344
vt 0.9384766 0.6777344
vt 0.9384766 0.6604004
vt 0.9384766 0.6777344
vt 0.8354492 0.7637939
vt 0.824707 0.7637939
vt 0.824707 0.7893066
vt 0.8354492 0.7907715
vt 0.828125 0.7928467
vt 0.8320313 0.7930908
vt 0.8413086 0.7637939
vt 0.8354492 0.7637939
vt 0.8354492 0.7907715
vt 0.8413086 0.7937012
vt 0.8320313 0.7930908
vt 0.8339844 0.7991943
vt 0.828125 0.7928467
vt 0.8256836 0.7991943
vt 0.824707 0.7893066
vt 0.8193359 0.7928467
vt 0.8193359 0.7637939
vt 0.824707 0.7637939
vt 0.2683105 0.6936035
vt 0.2683105 0.7563477
vt 0.2683105 0.7563477
vt 0.2683105 0.6936035
vt 0.2683105 0.6811523
vt 0.2683105 0.6811523
vt 0.2683105 0.6748047
vt 0.2683105 0.6748047
vt 0.07452393 0.5617676
vt 0.07818604 0.5620117
vt 0.078125 0.5805664
vt 0.07446289 0.5783691
vt 0.06958008 0.5817871
vt 0.07226563 0.5849609
vt 0.006824493 0.5849609
vt 0.006866455 0.5817871
vt 0.08013916 0.1875
vt 0.08416748 0.1879883
vt 0.0859375 0.2392578
vt 0.08258057 0.2392578
vt 0.1022339 0.3408203
vt 0.09881592 0.3408203
vt 0.09692383 0.4150391
vt 0.09350586 0.4150391
vt 0.07873535 0.5043945
vt 0.07531738 0.505127
vt 0.07824707 0.5393066
vt 0.0748291 0.5390625
vt 0.07818604 0.5620117
vt 0.07452393 0.5617676
vt 0.06793213 0.005859375
vt 0.07141113 0.0078125
vt 0.06744385 0.03076172
vt 0.06408691 0.02978516
vt 0.07592773 0.06591797
vt 0.07263184 0.06591797
vt 0.0960083 0.128418
vt 0.0927124 0.128418
vt 0.09552002 0.1738281
vt 0.09118652 0.1738281
vt 0.0625 0.005859375
vt 0.2683105 0.6936035
vt 0.2683105 0.7563477
vt 0.2839355 0.7563477
vt 0.2839355 0.6936035
vt 0.2824707 0.6811523
vt 0.2683105 0.6811523
vt 0.2824707 0.6748047
vt 0.2683105 0.6748047
vt 0.8505859 0.8183594
vt 0.8500977 0.8214111
vt 0.8745117 0.8192139
vt 0.8769531 0.8162842
vt 0.8505859 0.8133545
vt 0.8774414 0.8106689
vt 0.8056641 0.8129883
vt 0.796875 0.802002
vt 0.793457 0.8033447
vt 0.8051758 0.817749
vt 0.831543 0.8179932
vt 0.831543 0.8122559
vt 0.796875 0.7637939
vt 0.793457 0.7637939
vt 0.7915039 0.7637939
vt 0.7915039 0.8046875
vt 0.8046875 0.821167
vt 0.8310547 0.8210449
vt 0.454834 0.7755127
vt 0.4819336 0.7821045
vt 0.463623 0.7662354
vt 0.4658203 0.7583008
vt 0.3974609 0.7869873
vt 0.4216309 0.810791
vt 0.4130859 0.7811279
vt 0.4331055 0.7779541
vt 0.454834 0.7755127
vt 0.4729004 0.8007813
vt 0.4819336 0.7821045
vt 0.1315918 0.6745605
vt 0.1337891 0.6796875
vt 0.1356201 0.6806641
vt 0.1398926 0.6767578
vt 0.1420898 0.6677246
vt 0.1348877 0.6611328
vt 0.1949463 0.6491699
vt 0.1954346 0.65625
vt 0.2425537 0.6481934
vt 0.2401123 0.6518555
vt 0.2390137 0.6437988
vt 0.3503418 0.9944115
vt 0.3269043 0.9944115
vt 0.3269043 0.978775
vt 0.3503418 0.978775
vt 0.3269043 0.9637451
vt 0.3188477 0.9481201
vt 0.3269043 0.9481201
vt 0.3188477 0.9637451
vt 0.3188477 0.9793854
vt 0.3188477 0.995018
vt 0.3503418 0.9637451
vt 0.3503418 0.9481201
vt 0.3503418 0.9324951
vt 0.3269043 0.9324951
vt 0.3269043 0.9168701
vt 0.3188477 0.9168701
vt 0.3188477 0.9324951
vt 0.3503418 0.9168701
vt 0.9916992 0.6491699
vt 0.9951172 0.6459961
vt 0.9946289 0.6208496
vt 0.9916992 0.6174316
vt 0.9360352 0.6491699
vt 0.9365234 0.6179199
vt 0.9331055 0.6210938
vt 0.9331055 0.6459961
vt 0.3652344 0.8572998
vt 0.3652344 0.8865356
vt 0.340332 0.8865356
vt 0.340332 0.8572998
vt 0.3359375 0.8572998
vt 0.3359375 0.8865356
vt 0.2775879 0.8572998
vt 0.2775879 0.8865356
vt 0.2734375 0.8572998
vt 0.2734375 0.8865356
vt 0.2485352 0.8865356
vt 0.2485352 0.8572998
vt 0.2443848 0.8572998
vt 0.2443848 0.8865356
vt 0.1859131 0.8865356
vt 0.1859131 0.8572998
vt 0.1817627 0.8572998
vt 0.1817627 0.8865356
vt 0.9951172 0.8095703
vt 0.9951172 0.7978516
vt 0.8959961 0.7978516
vt 0.8959961 0.8095703
vt 0.9375 0.6594238
vt 0.9375 0.6789551
vt 0.9384766 0.6777344
vt 0.9384766 0.6604004
vt 0.9873047 0.6777344
vt 0.9384766 0.6777344
vt 0.9375 0.6789551
vt 0.9882813 0.6789551
vt 0.9350586 0.6850586
vt 0.9321289 0.6818848
vt 0.9321289 0.6564941
vt 0.9350586 0.6533203
vt 0.9375 0.6594238
vt 0.9882813 0.6591797
vt 0.9873047 0.6601563
vt 0.9384766 0.6604004
vt 0.9907227 0.6850586
vt 0.9882813 0.6789551
vt 0.9941406 0.6816406
vt 0.9936523 0.65625
vt 0.9882813 0.6591797
vt 0.9907227 0.652832
vt 0.9873047 0.6601563
vt 0.9873047 0.6777344
vt 0.796875 0.7637939
vt 0.8032227 0.7637939
vt 0.8032227 0.7932129
vt 0.796875 0.802002
vt 0.8056641 0.8129883
vt 0.8120117 0.8077393
vt 0.831543 0.8122559
vt 0.574707 0.9294434
vt 0.6201172 0.9294434
vt 0.6201172 0.921814
vt 0.574707 0.921814
vt 0.5141602 0.9294434
vt 0.5141602 0.921814
vt 0.4384766 0.9294434
vt 0.4384766 0.921814
vt 0.3781738 0.9294434
vt 0.3781738 0.921814
vt 0.3630371 0.9294434
vt 0.3630371 0.921814
vt 0.04547119 0.4150391
vt 0.0496521 0.3408203
vt 0.03640747 0.3447266
vt 0.03582764 0.2392578
vt 0.6943359 0.6281738
vt 0.6865234 0.6491699
vt 0.6962891 0.6486816
vt 0.5512695 0.7852783
vt 0.5512695 0.7852783
vt 0.5512695 0.8098145
vt 0.5512695 0.8098145
vt 0.6171875 0.8098145
vt 0.6171875 0.7967529
vt 0.6245117 0.7967529
vt 0.6245117 0.8099365
vt 0.3308105 0.6826172
vt 0.329834 0.6970215
vt 0.3322754 0.7019043
vt 0.3337402 0.6777344
vt 0.3359375 0.7011719
vt 0.3374023 0.6765137
vt 0.3325195 0.6748047
vt 0.3100586 0.6748047
vt 0.3100586 0.6777344
vt 0.3295898 0.6809082
vt 0.3100586 0.6809082
vt 0.3283691 0.6987305
vt 0.3100586 0.7019043
vt 0.3100586 0.7036133
vt 0.3320313 0.7036133
vt 0.3100586 0.6987305
vt 0.3283691 0.6967773
vt 0.3283691 0.6967773
vt 0.3283691 0.6967773
vt 0.3283691 0.6967773
vt 0.3293457 0.6826172
vt 0.3100586 0.6972656
vt 0.3100586 0.6972656
vt 0.3100586 0.6987305
vt 0.3283691 0.6987305
vt 0.329834 0.6970215
vt 0.3293457 0.6826172
vt 0.3293457 0.6826172
vt 0.3293457 0.6826172
vt 0.3100586 0.6821289
vt 0.3100586 0.6809082
vt 0.3295898 0.6809082
vt 0.3308105 0.6826172
vt 0.3100586 0.6821289
vt 0.984375 0.4355469
vt 0.9853516 0.4619141
vt 0.9819336 0.4589844
vt 0.9643555 0.4589844
vt 0.9394531 0.4619141
vt 0.9321289 0.4360352
vt 0.9389648 0.4360352
vt 0.9331055 0.4619141
vt 0.9331055 0.4619141
vt 0.9399414 0.4692383
vt 0.9399414 0.4692383
vt 0.9853516 0.4692383
vt 0.9853516 0.4692383
vt 0.9916992 0.4619141
vt 0.9916992 0.4619141
vt 0.9604492 0.4384766
vt 0.9907227 0.4360352
vt 0.9907227 0.4360352
vt 0.9838867 0.4282227
vt 0.9838867 0.4282227
vt 0.9389648 0.4282227
vt 0.9389648 0.4282227
vt 0.9321289 0.4360352
vt 0.9418945 0.4384766
vt 0.9428711 0.4394531
vt 0.9433594 0.4575195
vt 0.9423828 0.4589844
vt 0.9594727 0.4575195
vt 0.9604492 0.4589844
vt 0.9594727 0.4394531
vt 0.9643555 0.4384766
vt 0.9824219 0.4384766
vt 0.980957 0.4394531
vt 0.965332 0.4394531
vt 0.965332 0.4580078
vt 0.980957 0.4580078
vt 0.9414063 0.02734375
vt 0.9487305 0.02685547
vt 0.953125 0.08544922
vt 0.9389648 0.08447266
vt 0.940918 0.1420898
vt 0.9536133 0.1430664
vt 0.9541016 0.1557617
vt 0.940918 0.1547852
vt 0.9584961 0.2109375
vt 0.9414063 0.2114258
vt 0.9589844 0.2700195
vt 0.9394531 0.2700195
vt 0.9418945 0.3339844
vt 0.9570313 0.3305664
vt 0.9501953 0.3710938
vt 0.9526367 0.3710938
vt 0.5786133 0.2954102
vt 0.5825195 0.3242188
vt 0.5390625 0.3198242
vt 0.5356445 0.315918
vt 0.5297852 0.300293
vt 0.5771484 0.2861328
vt 0.6293945 0.2836914
vt 0.6308594 0.2924805
vt 0.6333008 0.3232422
vt 0.6782227 0.2734375
vt 0.6796875 0.2822266
vt 0.6821289 0.3007813
vt 0.6333008 0.3271484
vt 0.9125977 0.5927734
vt 0.9106445 0.5725098
vt 0.9165039 0.592041
vt 0.9345703 0.5690918
vt 0.934082 0.5627441
vt 0.9384766 0.5654297
vt 0.9384766 0.5617676
vt 0.9746094 0.5649414
vt 0.9746094 0.5615234
vt 0.2714844 0.6584473
vt 0.2484131 0.6459961
vt 0.2425537 0.6481934
vt 0.9399414 0.6618652
vt 0.9384766 0.6604004
vt 0.9384766 0.6777344
vt 0.9399414 0.6762695
vt 0.9858398 0.6762695
vt 0.9873047 0.6777344
vt 0.9873047 0.6601563
vt 0.9858398 0.6618652
vt 0.8354492 0.7907715
vt 0.8320313 0.7930908
vt 0.828125 0.7928467
vt 0.824707 0.7893066
vt 0.8354492 0.7637939
vt 0.824707 0.7637939
vt 0.1513672 0.03857422
vt 0.1466064 0.04833984
vt 0.1401367 0.0390625
vt 0.1345215 0.04882813
vt 0.1289063 0.0390625
vt 0.1345215 0.02929688
vt 0.145752 0.02929688
vt 0.9135742 0.04541016
vt 0.8496094 0.06396484
vt 0.8442383 0.01318359
vt 0.8540039 0.08154297
vt 0.8530273 0.1347656
vt 0.9287109 0.1625977
vt 0.8427734 0.2451172
vt 0.9345703 0.2397461
vt 0.9248047 0.3081055
vt 0.8295898 0.324707
vt 0.8344727 0.4233398
vt 0.9360352 0.3989258
vt 0.9277344 0.4189453
vt 0.9277344 0.4189453
vt 0.9291992 0.421875
vt 0.9057617 0.4741211
vt 0.9003906 0.4760742
vt 0.8706055 0.472168
vt 0.847168 0.4624023
vt 0.9736328 0.5661621
vt 0.9765625 0.5693359
vt 0.9726563 0.5737305
vt 0.9677734 0.5698242
vt 0.9394531 0.5666504
vt 0.9448242 0.5700684
vt 0.9404297 0.5742188
vt 0.9360352 0.5698242
vt 0.9360352 0.5959473
vt 0.9399414 0.5876465
vt 0.9443359 0.5917969
vt 0.9765625 0.5959473
vt 0.9682617 0.5917969
vt 0.9726563 0.5876465
vt 0.9780273 0.5686035
vt 0.9780273 0.595459
vt 0.9775391 0.5981445
vt 0.9765625 0.598877
vt 0.9360352 0.598877
vt 0.9345703 0.5981445
vt 0.9345703 0.595459
vt 0.9345703 0.5690918
vt 0.9384766 0.5654297
vt 0.9746094 0.5649414
vt 0.102417 0.6831055
vt 0.1035156 0.682373
vt 0.1021729 0.6887207
vt 0.007705688 0.6896973
vt 0.06079102 0.6828613
vt 0.007446289 0.6821289
vt 0.1513672 0.03857422
vt 0.1466064 0.04833984
vt 0.1401367 0.0390625
vt 0.1345215 0.04882813
vt 0.1289063 0.0390625
vt 0.1345215 0.02929688
vt 0.145752 0.02929688
vt 0.6782227 0.701416
vt 0.6782227 0.7233887
vt 0.6025391 0.7026367
vt 0.6025391 0.6875
vt 0.5419922 0.7026367
vt 0.5419922 0.6875
vt 0.5117188 0.7026367
vt 0.5117188 0.6875
vt 0.8193359 0.7637939
vt 0.824707 0.7637939
vt 0.824707 0.7893066
vt 0.8193359 0.7928467
vt 0.8256836 0.7991943
vt 0.828125 0.7928467
vt 0.8339844 0.7991943
vt 0.8320313 0.7930908
vt 0.8413086 0.7937012
vt 0.8354492 0.7907715
vt 0.8413086 0.7637939
vt 0.8354492 0.7637939
vt 0.9614258 0.4619141
vt 0.9614258 0.4692383
vt 0.9399414 0.4692383
vt 0.9423828 0.4589844
vt 0.9394531 0.4619141
vt 0.9399414 0.4692383
vt 0.9331055 0.4619141
vt 0.9331055 0.4619141
vt 0.9321289 0.4360352
vt 0.9389648 0.4360352
vt 0.9321289 0.4360352
vt 0.9389648 0.4282227
vt 0.9389648 0.4282227
vt 0.9614258 0.4355469
vt 0.9614258 0.4282227
vt 0.9604492 0.4384766
vt 0.9604492 0.4589844
vt 0.9604492 0.4589844
vt 0.9604492 0.4384766
vt 0.9418945 0.4384766
vt 0.9433594 0.4575195
vt 0.9594727 0.4575195
vt 0.9428711 0.4394531
vt 0.9594727 0.4394531
vt 0.8120117 0.7637939
vt 0.8193359 0.7637939
vt 0.8193359 0.7928467
vt 0.8125 0.8061523
vt 0.8256836 0.7991943
vt 0.831543 0.8109131
vt 0.8339844 0.7991943
vt 0.8515625 0.8109131
vt 0.8413086 0.7937012
vt 0.8515625 0.7637939
vt 0.8413086 0.7637939
vt 0.4436035 0.6936035
vt 0.4436035 0.6757813
vt 0.4790039 0.6757813
vt 0.4987793 0.6936035
vt 0.4436035 0.6965332
vt 0.5 0.6965332
vt 0.5 0.7114258
vt 0.4436035 0.7114258
vt 0.4985352 0.7141113
vt 0.4436035 0.7141113
vt 0.4904785 0.7194824
vt 0.4436035 0.7182617
vt 0.3791504 0.3227539
vt 0.3791504 0.3227539
vt 0.4541016 0.3461914
vt 0.451416 0.3540039
vt 0.4675293 0.3505859
vt 0.467041 0.3432617
vt 0.5004883 0.3452148
vt 0.5 0.3383789
vt 0.5600586 0.347168
vt 0.5600586 0.3408203
vt 0.6323242 0.3457031
vt 0.6328125 0.3398438
vt 0.07592773 0.9135742
vt 0.004875183 0.9135742
vt 0.004875183 0.9034424
vt 0.1774902 0.8831177
vt 0.1774902 0.8932495
vt 0.09625244 0.8932495
vt 0.09625244 0.9034424
vt 0.08605957 0.9034424
vt 0.08605957 0.9135742
vt 0.07592773 0.9034424
vt 0.004875183 0.8932495
vt 0.07592773 0.8932495
vt 0.004875183 0.8831177
vt 0.1774902 0.9034424
vt 0.09625244 0.9135742
vt 0.1774902 0.9135742
vt 0.09625244 0.8831177
vt 0.09625244 0.8730469
vt 0.1774902 0.8730469
vt 0.08605957 0.8932495
vt 0.08605957 0.8831177
vt 0.07592773 0.8831177
vt 0.08605957 0.8730469
vt 0.09625244 0.862793
vt 0.07592773 0.8730469
vt 0.08605957 0.862793
vt 0.09625244 0.8526611
vt 0.1774902 0.8526611
vt 0.1774902 0.862793
vt 0.004875183 0.8730469
vt 0.004875183 0.862793
vt 0.07592773 0.862793
vt 0.08605957 0.8526611
vt 0.004875183 0.8526611
vt 0.07592773 0.8526611
vt 0.7680664 0.9498291
vt 0.7680664 0.9346924
vt 0.7832031 0.9346924
vt 0.7832031 0.9498291
vt 0.8286133 0.9498291
vt 0.8286133 0.9346924
vt 0.7832031 0.9195557
vt 0.8286133 0.9195557
vt 0.7832031 0.9044189
vt 0.8286133 0.9044189
vt 0.8740234 0.9044189
vt 0.8740234 0.9195557
vt 0.8891602 0.9044189
vt 0.7680664 0.9195557
vt 0.7680664 0.9044189
vt 0.7529297 0.9195557
vt 0.7529297 0.9044189
vt 0.7529297 0.9346924
vt 0.7529297 0.9498291
vt 0.7529297 0.9649353
vt 0.7680664 0.9649353
vt 0.7832031 0.9649353
vt 0.8286133 0.9649353
vt 0.7529297 0.980072
vt 0.7680664 0.980072
vt 0.7832031 0.980072
vt 0.8286133 0.980072
vt 0.6323242 0.9951973
vt 0.6323242 0.980072
vt 0.737793 0.980072
vt 0.737793 0.9951973
vt 0.7529297 0.9951973
vt 0.7680664 0.9951973
vt 0.7832031 0.9951973
vt 0.8286133 0.9951973
vt 0.6323242 0.9195557
vt 0.6323242 0.9044189
vt 0.737793 0.9044189
vt 0.737793 0.9195557
vt 0.6323242 0.9346924
vt 0.737793 0.9346924
vt 0.6323242 0.9498291
vt 0.737793 0.9498291
vt 0.6323242 0.9649353
vt 0.737793 0.9649353
vt 0.2580566 0.8337402
vt 0.2700195 0.8410645
vt 0.279541 0.8095703
vt 0.8891602 0.9195557
vt 0.9042969 0.9044189
vt 0.9042969 0.9195557
vt 0.9194336 0.9044189
vt 0.9194336 0.9195557
vt 0.9951172 0.9044189
vt 0.9951172 0.9195557
vt 0.9194336 0.9346924
vt 0.9951172 0.9346924
vt 0.9194336 0.9498291
vt 0.9951172 0.9498291
vt 0.8740234 0.980072
vt 0.8740234 0.9649353
vt 0.8891602 0.9649353
vt 0.8891602 0.9498291
vt 0.9042969 0.9498291
vt 0.9042969 0.9346924
vt 0.8891602 0.9346924
vt 0.8740234 0.9346924
vt 0.8740234 0.9498291
vt 0.9042969 0.9649353
vt 0.8891602 0.980072
vt 0.8740234 0.9951973
vt 0.9194336 0.9649353
vt 0.9042969 0.980072
vt 0.8891602 0.9951973
vt 0.9194336 0.980072
vt 0.9042969 0.9951973
vt 0.9194336 0.9951973
vt 0.9951172 0.9649353
vt 0.9951172 0.980072
vt 0.9951172 0.9951973
vt 0.3754883 0.6325684
vt 0.3837891 0.6298828
vt 0.3862305 0.6286621
vt 0.07000732 0.9633789
vt 0.07635498 0.9633789
vt 0.07635498 0.9697113
vt 0.07000732 0.9697113
vt 0.07635498 0.9760742
vt 0.07000732 0.9760742
vt 0.07635498 0.9824219
vt 0.07000732 0.9824219
vt 0.07635498 0.9887848
vt 0.07000732 0.9887848
vt 0.1208496 0.9633789
vt 0.1208496 0.9697113
vt 0.1208496 0.9760742
vt 0.1208496 0.9824219
vt 0.1208496 0.9887848
vt 0.1208496 0.9951363
vt 0.07635498 0.9951363
vt 0.07000732 0.9951363
vt 0.006465912 0.9760742
vt 0.006465912 0.9824219
vt 0.006465912 0.9887848
vt 0.006465912 0.9951363
vt 0.07635498 0.9570007
vt 0.1208496 0.9570007
vt 0.07000732 0.9570007
vt 0.006465912 0.9570007
vt 0.006465912 0.9633789
vt 0.006465912 0.9697113
vt 0.9013672 0.736084
vt 0.9013672 0.720459
vt 0.9169922 0.720459
vt 0.9169922 0.736084
vt 0.9321289 0.720459
vt 0.9321289 0.736084
vt 0.9477539 0.720459
vt 0.9477539 0.736084
vt 0.9633789 0.720459
vt 0.9633789 0.736084
vt 0.9790039 0.720459
vt 0.9790039 0.736084
vt 0.9941406 0.720459
vt 0.9941406 0.736084
vt 0.5683594 0.9594421
vt 0.5683594 0.9475098
vt 0.5805664 0.9475098
vt 0.4733887 0.9594421
vt 0.4733887 0.971344
vt 0.4614258 0.971344
vt 0.4614258 0.9832458
vt 0.4494629 0.9832458
vt 0.4494629 0.971344
vt 0.4614258 0.9594421
vt 0.4494629 0.9594421
vt 0.4614258 0.9475098
vt 0.4494629 0.9475098
vt 0.4733887 0.9475098
vt 0.354248 0.9594421
vt 0.354248 0.9475098
vt 0.354248 0.971344
vt 0.354248 0.9832458
vt 0.354248 0.9951591
vt 0.4494629 0.9951591
vt 0.4614258 0.9951591
vt 0.4733887 0.9832458
vt 0.5683594 0.971344
vt 0.5805664 0.9594421
vt 0.5922852 0.9475098
vt 0.5805664 0.9356079
vt 0.5922852 0.9356079
vt 0.6279297 0.9356079
vt 0.6279297 0.9475098
vt 0.5922852 0.9594421
vt 0.5805664 0.971344
vt 0.5683594 0.9832458
vt 0.4733887 0.9951591
vt 0.6279297 0.9594421
vt 0.5922852 0.971344
vt 0.5805664 0.9832458
vt 0.5683594 0.9951591
vt 0.6279297 0.971344
vt 0.5922852 0.9832458
vt 0.5805664 0.9951591
vt 0.6279297 0.9832458
vt 0.5922852 0.9951591
vt 0.6279297 0.9951591
vt 0.1513672 0.03857422
vt 0.1466064 0.04833984
vt 0.1401367 0.0390625
vt 0.1345215 0.04882813
vt 0.1289063 0.0390625
vt 0.1345215 0.02929688
vt 0.145752 0.02929688
vt 0.354248 0.9356079
vt 0.4494629 0.9356079
vt 0.4614258 0.9356079
vt 0.4733887 0.9356079
vt 0.5683594 0.9356079
vt 3.051758E-05 0.9999695
vt 3.051758E-05 0.9999695
vt 3.051758E-05 0.9999695
vt 3.051758E-05 0.9999695
vt 3.051758E-05 0.9999695
vt 3.051758E-05 0.9999695
vt 3.051758E-05 0.9999695
vt 3.051758E-05 0.9999695
vt 3.051758E-05 0.9999695
vt 3.051758E-05 0.9999695
vt 3.051758E-05 0.9999695
vt 3.051758E-05 0.9999695
vt 3.051758E-05 0.9999695
vt 3.051758E-05 0.9999695
vt 0.0001060963 0.9999695
vt 0.0001095533 0.9999695
vt 0.0001237392 0.9999695
vt 0.0001301765 0.9999695
vt 0.000135541 0.9999695
vt 0.0001440048 0.9999695
vt 0.0001397133 0.9999695
vt 0.0001487732 0.9999695
vt 0.000135541 0.9999695
vt 0.0001440048 0.9999695
vt 0.0001237392 0.9999695
vt 0.0001301765 0.9999695
vt 0.0001060963 0.9999695
vt 0.0001095533 0.9999695
vt 3.051758E-05 0.9999695
vt 3.051758E-05 0.9999695
vt 3.051758E-05 0.9999695
vt 3.051758E-05 0.9999695
vt 3.051758E-05 0.9999695
vt 3.051758E-05 0.9999695
vt 3.051758E-05 0.9999695
vt 3.051758E-05 0.9999695
vt 3.051758E-05 0.9999695
vt 3.051758E-05 0.9999695
vt 3.051758E-05 0.9999695
vt 3.051758E-05 0.9999695
vt 3.051758E-05 0.9999695
vt 3.051758E-05 0.9999695
vt 3.051758E-05 0.9999695
vt 3.051758E-05 0.9999695
vt 3.051758E-05 0.9999695
vt 3.051758E-05 0.9999695
vt 3.051758E-05 0.9999695
vt 3.051758E-05 0.9999695
vt 3.051758E-05 0.9999695
vt 3.051758E-05 0.9999695
vt 3.051758E-05 0.9999695
vt 3.051758E-05 0.9999695
vt 3.051758E-05 0.9999695
vt 3.051758E-05 0.9999695
vt 3.051758E-05 0.9999695
vt 3.051758E-05 0.9999695
vt 3.051758E-05 0.9999695
vt 3.051758E-05 0.9999695
vt 3.051758E-05 0.9999695
vt 3.051758E-05 0.9999695
vt 3.051758E-05 0.9999695
vt 3.051758E-05 0.9999695
vt 3.051758E-05 0.9999695
vt 3.051758E-05 0.9999695
vt 0.1412354 0.2436523
vt 0.1500244 0.2651367
vt 0.1287842 0.2563477
vt 0.1286621 0.2739258
vt 0.1412354 0.2861328
vt 0.1588135 0.2866211
vt 0.1713867 0.2739258
vt 0.1713867 0.2563477
vt 0.1589355 0.2436523
vt 0.3051758 0.7355957
vt 0.3051758 0.7165527
vt 0.3122559 0.7165527
vt 0.3122559 0.7128906
vt 0.3334961 0.7128906
vt 0.3334961 0.7165527
vt 0.3334961 0.737793
vt 0.3122559 0.737793
vt 0.2145996 0.8037109
vt 0.2141113 0.8035889
vt 0.2164307 0.8024902
vt 0.2106934 0.8178711
vt 0.2138672 0.8077393
vt 0.2115479 0.8181152
vt 0.2150879 0.8087158
vt 0.2127686 0.8183594
vt 0.2172852 0.8110352
vt 0.2189941 0.8167725
vt 0.2229004 0.8166504
vt 0.2209473 0.8244629
vt 0.2205811 0.80896
vt 0.2159424 0.8046875
vt 0.2133789 0.8270264
vt 0.2176514 0.8226318
vt 0.2154541 0.8302002
vt 0.2164307 0.8319092
vt 0.2087402 0.8342285
vt 0.2227783 0.8254395
vt 0.2248535 0.8166504
vt 0.22229 0.8079834
vt 0.2077637 0.8322754
vt 0.2072754 0.8321533
vt 0.2093506 0.8320313
vt 0.2104492 0.8280029
vt 0.2089844 0.8283691
vt 0.9672852 0.3735352
vt 0.9726563 0.3808594
vt 0.9804688 0.3808594
vt 0.9858398 0.3735352
vt 0.9858398 0.3735352
vt 0.9672852 0.3735352
vt 0.7114258 0.04833984
vt 0.7006836 0.01904297
vt 3.051758E-05 0.9999695
vt 3.051758E-05 0.9999695
vt 3.051758E-05 0.9999695
vt 3.051758E-05 0.9999695
vt 3.051758E-05 0.9999695
vt 3.051758E-05 0.9999695
vt 3.051758E-05 0.9999695
vt 3.051758E-05 0.9999695
vt 3.051758E-05 0.9999695
vt 3.051758E-05 0.9999695
vt 3.051758E-05 0.9999695
vt 3.051758E-05 0.9999695
vt 3.051758E-05 0.9999695
vt 3.051758E-05 0.9999695
vt 3.051758E-05 0.9999695
vt 3.051758E-05 0.9999695
vt 3.051758E-05 0.9999695
vt 3.051758E-05 0.9999695
vt 3.051758E-05 0.9999695
vt 3.051758E-05 0.9999695
vt 3.051758E-05 0.9999695
vt 3.051758E-05 0.9999695
vt 3.051758E-05 0.9999695
vt 3.051758E-05 0.9999695
vt 3.051758E-05 0.9999695
vt 3.051758E-05 0.9999695
vt 3.051758E-05 0.9999695
vt 3.051758E-05 0.9999695
vt 3.051758E-05 0.9999695
vt 3.051758E-05 0.9999695
vt 3.051758E-05 0.9999695
vt 3.051758E-05 0.9999695
vt 0.01899719 0.8120117
vt 0.005409241 0.8120117
vt 0.005409241 0.7849121
vt 0.01899719 0.7849121
vt 0.03259277 0.8120117
vt 0.03259277 0.7849121
vt 0.04620361 0.8120117
vt 0.04620361 0.7849121
vt 0.06274414 0.8120117
vt 0.05978394 0.7849121
vt 0.5307617 0.4995117
vt 0.6064453 0.583252
vt 0.5551758 0.5939941
vt 0.5981445 0.484375
vt 0.6518555 0.4726563
vt 0.6450195 0.5808105
vt 0.6845703 0.4746094
vt 0.6733398 0.5844727
vt 0.6982422 0.4760742
vt 0.684082 0.5871582
vt 0.730957 0.5725098
vt 0.7573242 0.545166
vt 0.7675781 0.5246582
vt 0.7724609 0.503418
vt 0.7612305 0.4238281
vt 3.051758E-05 0.9999695
vt 3.051758E-05 0.9999695
vt 3.051758E-05 0.9999695
vt 3.051758E-05 0.9999695
vt 3.051758E-05 0.9999695
vt 3.051758E-05 0.9999695
vt 3.051758E-05 0.9999695
vt 3.051758E-05 0.9999695
vt 0.5664063 0.916748
vt 0.5473633 0.916748
vt 0.5664063 0.9060059
vt 0.5786133 0.9060059
vt 0.5786133 0.916748
vt 0.5913086 0.9060059
vt 0.5913086 0.916748
vt 0.6040039 0.9060059
vt 0.6040039 0.916748
vt 0.6230469 0.916748
vt 0.6230469 0.9060059
vt 0.7402344 0.802124
vt 0.7114258 0.802124
vt 0.7114258 0.8017578
vt 0.7407227 0.8017578
vt 0.7402344 0.8100586
vt 0.7407227 0.8103027
vt 0.7114258 0.8103027
vt 0.7114258 0.8100586
vt 0.1518555 0.1489258
vt 0.1209717 0.1459961
vt 0.1313477 0.1098633
vt 0.1800537 0.190918
vt 0.1342773 0.2104492
vt 0.2019043 0.237793
vt 0.2092285 0.1791992
vt 0.7114258 0.8183594
vt 0.7490234 0.8183594
vt 0.7490234 0.829834
vt 0.7114258 0.829834
vt 0.7084961 0.829834
vt 0.7084961 0.8183594
vt 0.6679688 0.829834
vt 0.6679688 0.8183594
vt 0.6650391 0.829834
vt 0.6650391 0.8183594
vt 0.6220703 0.829834
vt 0.6220703 0.8183594
vt 0.7402344 0.7862549
vt 0.7114258 0.7862549
vt 0.7114258 0.7858887
vt 0.7407227 0.7858887
vt 0.7402344 0.7940674
vt 0.7407227 0.7944336
vt 0.7114258 0.7944336
vt 0.7114258 0.7940674
vt 0.126709 0.6970215
vt 0.1274414 0.7757568
vt 0.1368408 0.7757568
vt 0.1361084 0.6975098
vt 0.1296387 0.6838379
vt 0.1380615 0.6862793
vt 0.1337891 0.6796875
vt 0.1356201 0.6806641
vt 0.3208008 0.6174316
vt 0.9858398 0.6618652
vt 0.9858398 0.6762695
vt 0.9399414 0.6762695
vt 0.8193359 0.7928467
vt 0.8193359 0.7637939
vt 0.8120117 0.7637939
vt 0.8125 0.8061523
vt 0.8256836 0.7991943
vt 0.831543 0.8109131
vt 0.8339844 0.7991943
vt 0.8515625 0.8109131
vt 0.8413086 0.7937012
vt 0.8515625 0.7637939
vt 0.8413086 0.7637939
vt 0.9399414 0.6762695
vt 0.9399414 0.6618652
vt 0.9858398 0.6618652
vt 0.9399414 0.6618652
vt 0.9399414 0.6762695
vt 0.9384766 0.6777344
vt 0.9858398 0.6762695
vt 0.9873047 0.6777344
vt 0.9873047 0.6601563
vt 0.9858398 0.6618652
vt 0.9384766 0.6604004
vt 0.9384766 0.6777344
vt 0.9375 0.6789551
vt 0.9375 0.6789551
vt 0.9873047 0.6601563
vt 0.9882813 0.6591797
vt 0.9882813 0.6591797
vt 0.9873047 0.6777344
vt 0.9882813 0.6789551
vt 0.9882813 0.6789551
vt 0.04345703 0.7033691
vt 0.0383606 0.7060547
vt 0.03875732 0.7197266
vt 0.01334381 0.7419434
vt 0.0213623 0.7426758
vt 0.04556274 0.7312012
vt 0.04711914 0.7143555
vt 0.04718018 0.7023926
vt 0.065979 0.6982422
vt 0.06488037 0.7097168
vt 0.08117676 0.7080078
vt 0.06396484 0.7287598
vt 0.07342529 0.7351074
vt 0.08740234 0.7133789
vt 0.1011963 0.7443848
vt 0.09393311 0.7004395
vt 0.09088135 0.6972656
vt 0.08673096 0.6967773
vt 0.065979 0.6982422
vt 0.06488037 0.7097168
vt 0.04711914 0.7143555
vt 0.06396484 0.7287598
vt 0.04556274 0.7312012
vt 0.03875732 0.7197266
vt 0.0213623 0.7426758
vt 0.0383606 0.7060547
vt 0.01334381 0.7419434
vt 0.04718018 0.7023926
vt 0.04345703 0.7033691
vt 0.08117676 0.7080078
vt 0.07342529 0.7351074
vt 0.08740234 0.7133789
vt 0.1011963 0.7443848
vt 0.09393311 0.7004395
vt 0.09088135 0.6972656
vt 0.08673096 0.6967773
vt 0.1286621 0.6008301
vt 0.1228027 0.6003418
vt 0.1231689 0.5866699
vt 0.131958 0.5871582
vt 0.1235962 0.5690918
vt 0.1329346 0.5695801
vt 0.1236572 0.565918
vt 0.1330566 0.5668945
vt 0.1237183 0.5629883
vt 0.1331787 0.5639648
vt 0.1331787 0.5583496
vt 0.1238403 0.5571289
vt 0.1240845 0.5471191
vt 0.1293945 0.5478516
vt 0.138916 0.5473633
vt 0.1411133 0.5585938
vt 0.1416016 0.5666504
vt 0.1416016 0.5666504
vt 0.1416016 0.5666504
vt 0.1414795 0.5876465
vt 0.1414795 0.6015625
vt 0.1411133 0.6081543
vt 0.1278076 0.6086426
vt 0.1226196 0.6088867
vt 0.1331787 0.5583496
vt 0.1238403 0.5571289
vt 0.1237183 0.5629883
vt 0.1331787 0.5639648
vt 0.1330566 0.5668945
vt 0.1236572 0.565918
vt 0.1329346 0.5695801
vt 0.1235962 0.5690918
vt 0.131958 0.5871582
vt 0.1231689 0.5866699
vt 0.1286621 0.6008301
vt 0.1228027 0.6003418
vt 0.1416016 0.5666504
vt 0.1414795 0.5876465
vt 0.1414795 0.6015625
vt 0.1411133 0.6081543
vt 0.1278076 0.6086426
vt 0.1226196 0.6088867
vt 0.1293945 0.5478516
vt 0.1240845 0.5471191
vt 0.138916 0.5473633
vt 0.1411133 0.5585938
vt 0.1416016 0.5666504
vt 0.1416016 0.5666504
vt 0.644043 0.6704102
vt 0.5893555 0.6047363
vt 0.6035156 0.6401367
vt 0.965332 0.6047363
vt 0.9501953 0.5690918
vt 0.9106445 0.5380859
vt 0.7060547 0.6906738
vt 0.7773438 0.6977539
vt 0.8486328 0.6906738
vt 0.9106445 0.6704102
vt 0.644043 0.6704102
vt 0.9648438 0.604248
vt 0.949707 0.6401367
vt 0.9101563 0.6704102
vt 0.8481445 0.5175781
vt 0.9101563 0.5378418
vt 0.5898438 0.604248
vt 0.6040039 0.5681152
vt 0.706543 0.5175781
vt 0.7768555 0.5102539
vt 0.644043 0.5378418
vt 0.7768555 0.6047363
vt 0.6035156 0.5683594
vt 0.5893555 0.604248
vt 0.6035156 0.6401367
vt 0.644043 0.6704102
vt 0.7050781 0.690918
vt 0.7768555 0.697998
vt 0.8491211 0.690918
vt 0.909668 0.6704102
vt 0.9506836 0.6401367
vt 0.9648438 0.604248
vt 0.9506836 0.5683594
vt 0.909668 0.5378418
vt 0.8491211 0.5175781
vt 0.7768555 0.5102539
vt 0.7050781 0.5175781
vt 0.644043 0.6704102
vt 0.949707 0.5681152
vt 0.9648438 0.604248
vt 0.9101563 0.5378418
vt 0.7768555 0.697998
vt 0.706543 0.6906738
vt 0.6040039 0.6401367
vt 0.5898438 0.604248
vt 0.9101563 0.6704102
vt 0.8481445 0.6906738
vt 0.644043 0.6704102
vt 0.6040039 0.5681152
vt 0.644043 0.5378418
vt 0.9648438 0.604248
vt 0.644043 0.5378418
vt 0.6035156 0.5683594
vt 0.5893555 0.604248
vt 0.644043 0.6704102
vt 0.7050781 0.690918
vt 0.644043 0.6704102
vt 0.644043 0.5378418
vt 0.706543 0.5175781
vt 0.9648438 0.604248
vt 0.5893555 0.604248
vt 0.6035156 0.6401367
vt 0.644043 0.6704102
vt 0.7050781 0.5175781
vt 0.644043 0.5378418
vt 0.644043 0.6704102
vt 0.7768555 0.5102539
vt 0.8481445 0.5175781
vt 0.8481445 0.6906738
vt 0.7768555 0.697998
vt 3.051758E-05 0.8755493
vt 0.08825684 0.9380798
vt 3.051758E-05 0.9380798
vt 0.2305908 1.000592
vt 0.1918945 0.9380798
vt 0.2305908 0.9380798
vt 0.1918945 1.000592
vt 0.1429443 0.9380798
vt 0.1429443 1.000592
vt 0.08825684 1.000592
vt 3.051758E-05 1.000592
vt 0.08825684 0.8755493
vt 0.1429443 0.8755493
vt 0.1918945 0.8755493
vt 0.2305908 0.8755493
vt 0.279541 0.9380798
vt 0.279541 0.8755493
vt 0.3181152 0.9380798
vt 0.3181152 0.8755493
vt 0.3671875 0.9380798
vt 0.534668 1.000592
vt 0.4438477 0.9380798
vt 0.534668 0.9380798
vt 0.4438477 1.000592
vt 0.3671875 1.000592
vt 0.3181152 1.000592
vt 0.279541 1.000592
vt 0.534668 0.6879883
vt 0.4438477 0.6254883
vt 0.534668 0.6254883
vt 0.4438477 0.6879883
vt 0.534668 0.7504883
vt 0.4438477 0.7504883
vt 0.534668 0.8129883
vt 0.4438477 0.8129883
vt 0.534668 0.8755493
vt 0.4438477 0.8755493
vt 0.3671875 0.8755493
vt 0.3671875 0.8129883
vt 0.3671875 0.7504883
vt 0.3671875 0.6879883
vt 0.3671875 0.6254883
vt 0.3181152 0.8129883
vt 0.3181152 0.7504883
vt 0.3181152 0.6879883
vt 0.3181152 0.6254883
vt 0.3181152 0.5629883
vt 0.3671875 0.5629883
vt 0.279541 0.8129883
vt 0.279541 0.7504883
vt 0.279541 0.6879883
vt 0.279541 0.6254883
vt 0.279541 0.5629883
vt 0.2305908 0.8129883
vt 0.2305908 0.7504883
vt 0.2305908 0.6879883
vt 0.2305908 0.6254883
vt 0.2305908 0.5629883
vt 0.1918945 0.8129883
vt 0.1918945 0.7504883
vt 0.1918945 0.6879883
vt 0.1918945 0.6254883
vt 0.1918945 0.5629883
vt 0.1429443 0.8129883
vt 0.1429443 0.7504883
vt 0.1429443 0.6879883
vt 0.1429443 0.6254883
vt 0.1429443 0.5629883
vt 0.08825684 0.8129883
vt 0.08825684 0.7504883
vt 0.08825684 0.6879883
vt 0.08825684 0.6254883
vt 0.08825684 0.5629883
vt 3.051758E-05 0.6254883
vt 3.051758E-05 0.6879883
vt 3.051758E-05 0.7504883
vt 3.051758E-05 0.8129883
vt 0.08825684 0.3754883
vt 3.051758E-05 0.3129883
vt 0.08825684 0.3129883
vt 3.051758E-05 0.3754883
vt 0.08825684 0.4379883
vt 3.051758E-05 0.4379883
vt 0.08825684 0.5004883
vt 3.051758E-05 0.5004883
vt 3.051758E-05 0.5629883
vt 0.1429443 0.5004883
vt 0.1429443 0.4379883
vt 0.1429443 0.3754883
vt 0.1429443 0.3129883
vt 0.08825684 0.2504883
vt 0.1429443 0.2504883
vt 0.1918945 0.5004883
vt 0.1918945 0.4379883
vt 0.1918945 0.3754883
vt 0.1918945 0.3129883
vt 0.1918945 0.2504883
vt 0.2305908 0.5004883
vt 0.2305908 0.4379883
vt 0.2305908 0.3754883
vt 0.2305908 0.3129883
vt 0.2305908 0.2504883
vt 0.279541 0.5004883
vt 0.279541 0.4379883
vt 0.279541 0.3754883
vt 0.279541 0.3129883
vt 0.279541 0.2504883
vt 0.3181152 0.5004883
vt 0.3181152 0.4379883
vt 0.3181152 0.3754883
vt 0.3181152 0.3129883
vt 0.3671875 0.3754883
vt 0.3671875 0.3129883
vt 0.3671875 0.5004883
vt 0.3671875 0.4379883
vt 0.4438477 0.5629883
vt 0.4438477 0.5004883
vt 0.4438477 0.4379883
vt 0.4438477 0.3754883
vt 0.534668 0.3754883
vt 0.4438477 0.3129883
vt 0.534668 0.3129883
vt 0.534668 0.4379883
vt 0.534668 0.5004883
vt 0.534668 0.5629883
vt 0.534668 0.06298828
vt 0.4438477 0
vt 0.534668 0
vt 0.4438477 0.06298828
vt 0.534668 0.1254883
vt 0.4438477 0.1254883
vt 0.534668 0.1879883
vt 0.4438477 0.1879883
vt 0.534668 0.2504883
vt 0.4438477 0.2504883
vt 0.3671875 0.2504883
vt 0.3671875 0.1879883
vt 0.3671875 0.1254883
vt 0.3671875 0.06298828
vt 0.3671875 0
vt 0.2305908 0.06298828
vt 0.279541 0.1254883
vt 0.2305908 0.1254883
vt 0.279541 0.06298828
vt 0.3181152 0.1254883
vt 0.3181152 0.06298828
vt 0.3181152 0
vt 0.279541 0
vt 0.2305908 0
vt 0.1918945 0
vt 0.1918945 0.06298828
vt 0.1429443 0
vt 0.1429443 0.06298828
vt 0.08825684 0
vt 0.08825684 0.06298828
vt 0.08825684 0.1879883
vt 0.1429443 0.1879883
vt 0.08825684 0.1254883
vt 0.1429443 0.1254883
vt 0.1918945 0.1254883
vt 0.1918945 0.1879883
vt 0.2305908 0.1879883
vt 0.279541 0.1879883
vt 0.3181152 0.1879883
vt 0.3181152 0.2504883
vt 0.9506836 0.6401367
vt 0.644043 0.5378418
vt 0.7050781 0.5175781
vt 0.7768555 0.697998
vt 0.7050781 0.690918
vt 0.644043 0.6704102
vt 0.6035156 0.6401367
vt 0.9648438 0.604248
vt 0.9506836 0.5683594
vt 0.909668 0.5378418
vt 0.8491211 0.5175781
vt 0.7768555 0.5102539
vt 0.7050781 0.5175781
vt 0.7050781 0.690918
vt 0.7768555 0.697998
vt 0.8491211 0.690918
vt 0.909668 0.6704102
vt 0.9506836 0.6401367
vt 0.644043 0.6704102
vt 0.644043 0.5380859
vt 0.6035156 0.5690918
vt 0.5893555 0.6047363
vt 0.9106445 0.6704102
vt 0.9501953 0.6401367
vt 0.965332 0.6047363
vt 0.9106445 0.5380859
vt 0.8486328 0.5178223
vt 0.7773438 0.5102539
vt 0.7060547 0.5178223
vt 0.9506836 0.6401367
vt 0.909668 0.6704102
vt 0.8491211 0.690918
vt 0.7768555 0.697998
vt 0.7050781 0.5175781
vt 0.7768555 0.5102539
vt 0.8491211 0.5175781
vt 0.909668 0.5378418
vt 0.9506836 0.5683594
vt 0.9648438 0.604248
vt 0.6035156 0.6401367
vt 0.5893555 0.604248
vt 0.6035156 0.5683594
vt 0.644043 0.5378418
vt 0.7050781 0.690918
vt 0.644043 0.6704102
vt 3.051758E-05 0
vt 3.051758E-05 0.06298828
vt 3.051758E-05 0.1254883
vt 3.051758E-05 0.1879883
vt 3.051758E-05 0.2504883
vt 0.644043 0.5378418
vt 0.6035156 0.5683594
vt 0.7768555 0.6047363
vt 0.5893555 0.604248
vt 0.6035156 0.6401367
vt 0.644043 0.6704102
vt 0.7050781 0.690918
vt 0.7768555 0.697998
vt 0.8491211 0.690918
vt 0.909668 0.6704102
vt 0.9506836 0.6401367
vt 0.9648438 0.604248
vt 0.9506836 0.5683594
vt 0.909668 0.5378418
vt 0.8491211 0.5175781
vt 0.7768555 0.5102539
vt 0.7050781 0.5175781
vt 3.051758E-05 0.9380798
vt 3.051758E-05 1.000592
vt 0.08825684 1.000592
vt 3.051758E-05 0.8755493
vt 0.08825684 0.9380798
vt 0.1429443 1.000592
vt 0.1429443 0.9380798
vt 0.08825684 0.8755493
vt 3.051758E-05 0.8129883
vt 0.08825684 0.8129883
vt 3.051758E-05 0.7504883
vt 0.08825684 0.7504883
vt 3.051758E-05 0.6879883
vt 0.08825684 0.6879883
vt 3.051758E-05 0.6254883
vt 0.1429443 0.8129883
vt 0.1429443 0.7504883
vt 0.1429443 0.8755493
vt 0.1918945 0.9380798
vt 0.1918945 0.8755493
vt 0.2305908 0.9380798
vt 0.2305908 0.8755493
vt 0.279541 0.9380798
vt 0.1918945 0.8129883
vt 0.1918945 0.7504883
vt 0.2305908 0.6879883
vt 0.2305908 0.6254883
vt 0.1918945 0.6254883
vt 0.1918945 0.6879883
vt 0.2305908 0.7504883
vt 0.2305908 0.8129883
vt 0.279541 0.8129883
vt 0.279541 0.7504883
vt 0.279541 0.8755493
vt 0.3181152 0.6254883
vt 0.3181152 0.5629883
vt 0.279541 0.5629883
vt 0.279541 0.6254883
vt 0.3181152 0.6879883
vt 0.279541 0.6879883
vt 0.3181152 0.7504883
vt 0.3181152 0.8129883
vt 0.3181152 0.8755493
vt 0.3671875 0.7504883
vt 0.3671875 0.6879883
vt 0.3671875 0.8129883
vt 0.3671875 0.8755493
vt 0.3181152 0.9380798
vt 0.3671875 0.9380798
vt 0.4438477 0.9380798
vt 0.4438477 0.8755493
vt 0.4438477 0.8129883
vt 0.534668 0.8129883
vt 0.534668 0.7504883
vt 0.4438477 0.7504883
vt 0.534668 0.8755493
vt 0.534668 0.9380798
vt 0.534668 1.000592
vt 0.4438477 1.000592
vt 0.3671875 1.000592
vt 0.4438477 0.6879883
vt 0.3671875 0.6254883
vt 0.4438477 0.6254883
vt 0.3671875 0.5629883
vt 0.4438477 0.5629883
vt 0.3671875 0.5004883
vt 0.4438477 0.5004883
vt 0.3671875 0.4379883
vt 0.3671875 0.3754883
vt 0.3181152 0.3754883
vt 0.3181152 0.4379883
vt 0.3181152 0.5004883
vt 0.3671875 0.3129883
vt 0.3181152 0.3129883
vt 0.279541 0.3129883
vt 0.279541 0.3754883
vt 0.279541 0.4379883
vt 0.279541 0.5004883
vt 0.3671875 0.2504883
vt 0.3181152 0.2504883
vt 0.279541 0.2504883
vt 0.2305908 0.2504883
vt 0.2305908 0.3129883
vt 0.2305908 0.3754883
vt 0.2305908 0.4379883
vt 0.3671875 0.1879883
vt 0.3181152 0.1879883
vt 0.279541 0.1879883
vt 0.2305908 0.1879883
vt 0.1918945 0.1879883
vt 0.1918945 0.2504883
vt 0.1918945 0.3129883
vt 0.1918945 0.1254883
vt 0.1429443 0.1254883
vt 0.1429443 0.1879883
vt 0.1429443 0.2504883
vt 0.1429443 0.3129883
vt 0.1918945 0.3754883
vt 0.1429443 0.3754883
vt 0.1918945 0.4379883
vt 0.1429443 0.4379883
vt 0.08825684 0.1254883
vt 0.08825684 0.1879883
vt 0.08825684 0.2504883
vt 0.08825684 0.3129883
vt 0.08825684 0.3754883
vt 0.08825684 0.4379883
vt 3.051758E-05 0.3129883
vt 3.051758E-05 0.2504883
vt 3.051758E-05 0.1879883
vt 3.051758E-05 0.1254883
vt 3.051758E-05 0.06298828
vt 0.08825684 0.06298828
vt 3.051758E-05 0
vt 0.08825684 0.6254883
vt 3.051758E-05 0.5629883
vt 0.08825684 0.5629883
vt 3.051758E-05 0.5004883
vt 0.08825684 0.5004883
vt 3.051758E-05 0.4379883
vt 3.051758E-05 0.3754883
vt 0.1429443 0.5004883
vt 0.1429443 0.5629883
vt 0.1429443 0.6254883
vt 0.1429443 0.6879883
vt 0.1918945 0.5004883
vt 0.1918945 0.5629883
vt 0.2305908 0.5004883
vt 0.2305908 0.5629883
vt 0.7773438 0.8442383
vt 0.8598633 0.9437866
vt 0.9296875 0.9204102
vt 0.9765625 0.885437
vt 0.9931641 0.8442383
vt 0.9765625 0.8029785
vt 0.9296875 0.7679443
vt 0.8598633 0.7446289
vt 0.7773438 0.7363281
vt 0.6943359 0.7446289
vt 0.6245117 0.7679443
vt 0.5776367 0.8029785
vt 0.5610352 0.8442383
vt 0.5776367 0.885437
vt 0.6245117 0.9204102
vt 0.6943359 0.9437866
vt 0.7773438 0.9519958
vt 0.644043 0.6704102
vt 0.7060547 0.5178223
vt 0.644043 0.5380859
vt 0.7773438 0.6977539
vt 0.8486328 0.6906738
vt 0.8486328 0.5178223
vt 0.7773438 0.5102539
vt 0.7773438 0.8442383
vt 0.6245117 0.9204102
vt 0.6943359 0.9437866
vt 0.7773438 0.9519958
vt 0.8598633 0.9437866
vt 0.9296875 0.9204102
vt 0.9765625 0.885437
vt 0.9931641 0.8442383
vt 0.9765625 0.8029785
vt 0.9296875 0.7679443
vt 0.8598633 0.7446289
vt 0.7773438 0.7363281
vt 0.6943359 0.7446289
vt 0.6245117 0.7679443
vt 0.5776367 0.8029785
vt 0.5610352 0.8442383
vt 0.5776367 0.885437
vt 3.051758E-05 0.9380798
vt 3.051758E-05 1.000592
vt 0.08825684 1.000592
vt 3.051758E-05 0.8755493
vt 0.08825684 0.9380798
vt 0.1429443 1.000592
vt 3.051758E-05 0.8129883
vt 0.08825684 0.8755493
vt 0.1429443 0.9380798
vt 0.1918945 1.000592
vt 3.051758E-05 0.7504883
vt 0.08825684 0.8129883
vt 0.1429443 0.8755493
vt 0.1918945 0.9380798
vt 0.2305908 1.000592
vt 3.051758E-05 0.6879883
vt 0.08825684 0.7504883
vt 0.1429443 0.8129883
vt 0.1918945 0.8755493
vt 0.2305908 0.9380798
vt 0.279541 1.000592
vt 3.051758E-05 0.6254883
vt 0.08825684 0.6879883
vt 0.1429443 0.7504883
vt 0.1918945 0.8129883
vt 0.2305908 0.8755493
vt 0.279541 0.9380798
vt 0.3181152 1.000592
vt 0.3671875 1.000592
vt 0.3671875 0.9380798
vt 0.3181152 0.9380798
vt 0.279541 0.8755493
vt 0.2305908 0.8129883
vt 0.1918945 0.7504883
vt 0.1429443 0.6879883
vt 0.2305908 0.7504883
vt 0.279541 0.8129883
vt 0.3181152 0.8755493
vt 0.3671875 0.8755493
vt 0.4438477 0.9380798
vt 0.4438477 0.8755493
vt 0.3671875 0.8129883
vt 0.1918945 0.6879883
vt 0.1918945 0.6254883
vt 0.1429443 0.6254883
vt 0.2305908 0.6879883
vt 0.279541 0.7504883
vt 0.3181152 0.8129883
vt 0.3181152 0.7504883
vt 0.2305908 0.5629883
vt 0.2305908 0.5004883
vt 0.1918945 0.5004883
vt 0.1918945 0.5629883
vt 0.2305908 0.6254883
vt 0.279541 0.6879883
vt 0.279541 0.4379883
vt 0.279541 0.3754883
vt 0.2305908 0.3754883
vt 0.2305908 0.4379883
vt 0.279541 0.5004883
vt 0.279541 0.5629883
vt 0.279541 0.6254883
vt 0.3181152 0.6879883
vt 0.3181152 0.3129883
vt 0.3181152 0.2504883
vt 0.279541 0.2504883
vt 0.279541 0.3129883
vt 0.3181152 0.3754883
vt 0.3181152 0.4379883
vt 0.3181152 0.5004883
vt 0.3181152 0.5629883
vt 0.3181152 0.6254883
vt 0.3671875 0.7504883
vt 0.3671875 0.6879883
vt 0.3671875 0.6254883
vt 0.3671875 0.5629883
vt 0.3671875 0.5004883
vt 0.4438477 0.8129883
vt 0.4438477 0.7504883
vt 0.4438477 0.6879883
vt 0.4438477 0.6254883
vt 0.4438477 0.5629883
vt 0.534668 0.5004883
vt 0.534668 0.4379883
vt 0.4438477 0.4379883
vt 0.4438477 0.5004883
vt 0.534668 0.5629883
vt 0.534668 0.6254883
vt 0.534668 0.6879883
vt 0.534668 0.7504883
vt 0.3671875 0.4379883
vt 0.3671875 0.3754883
vt 0.4438477 0.3754883
vt 0.3671875 0.3129883
vt 0.4438477 0.3129883
vt 0.3671875 0.2504883
vt 0.4438477 0.2504883
vt 0.3671875 0.1879883
vt 0.3181152 0.1879883
vt 0.3181152 0.1254883
vt 0.3671875 0.1254883
vt 0.3181152 0.06298828
vt 0.3671875 0.06298828
vt 0.4438477 0.1879883
vt 0.4438477 0.1254883
vt 0.4438477 0.06298828
vt 0.534668 0.1254883
vt 0.534668 0.06298828
vt 0.279541 0.06298828
vt 0.279541 0
vt 0.2305908 0
vt 0.3181152 0
vt 0.3671875 0
vt 0.4438477 0
vt 0.534668 0
vt 0.279541 0.1254883
vt 0.2305908 0.06298828
vt 0.2305908 0.1254883
vt 0.1918945 0.06298828
vt 0.1918945 0.1254883
vt 0.1429443 0.06298828
vt 0.1429443 0.1254883
vt 0.08825684 0.06298828
vt 0.08825684 0.1254883
vt 3.051758E-05 0.06298828
vt 3.051758E-05 0
vt 0.08825684 0
vt 0.1429443 0
vt 0.1918945 0
vt 0.08825684 0.4379883
vt 0.08825684 0.3754883
vt 3.051758E-05 0.3754883
vt 3.051758E-05 0.3129883
vt 0.08825684 0.3129883
vt 3.051758E-05 0.2504883
vt 0.08825684 0.2504883
vt 3.051758E-05 0.1879883
vt 0.08825684 0.1879883
vt 3.051758E-05 0.1254883
vt 0.1429443 0.1879883
vt 0.1429443 0.2504883
vt 0.1429443 0.3129883
vt 0.1429443 0.3754883
vt 0.1429443 0.4379883
vt 0.279541 0.1879883
vt 0.2305908 0.1879883
vt 0.1918945 0.1879883
vt 0.1918945 0.2504883
vt 0.1918945 0.3129883
vt 0.2305908 0.2504883
vt 0.2305908 0.3129883
vt 0.1918945 0.3754883
vt 0.1918945 0.4379883
vt 0.1429443 0.5004883
vt 0.1429443 0.5629883
vt 0.08825684 0.5004883
vt 0.08825684 0.5629883
vt 0.08825684 0.6254883
vt 3.051758E-05 0.5629883
vt 3.051758E-05 0.5004883
vt 3.051758E-05 0.4379883
vt 0.4438477 0.1879883
vt 0.4438477 0.1254883
vt 0.3671875 0.1254883
vt 0.3671875 0.06298828
vt 0.4438477 0.06298828
vt 0.534668 0.1254883
vt 0.534668 0.06298828
vt 0.3181152 0.06298828
vt 0.3181152 0
vt 0.279541 0
vt 0.3671875 0
vt 0.4438477 0
vt 0.534668 0
vt 0.08825684 0
vt 0.1429443 0.06298828
vt 0.1429443 0
vt 0.1918945 0.06298828
vt 0.1918945 0
vt 0.2305908 0.06298828
vt 0.2305908 0
vt 0.279541 0.06298828
vt 0.3181152 0.1254883
vt 0.279541 0.1254883
vt 0.2305908 0.1254883
vt 0.4438477 0.4379883
vt 0.4438477 0.3754883
vt 0.4438477 0.3129883
vt 0.4438477 0.2504883
vt 0.534668 0.1879883
vt 0.534668 0.2504883
vt 0.534668 0.3129883
vt 0.534668 0.3754883
vt 0.534668 0.4379883
vt 0.534668 0.5004883
vt 0.534668 0.5629883
vt 0.534668 0.6254883
vt 0.534668 0.6879883
vt 0.6035156 0.6401367
vt 0.7768555 0.6047363
vt 0.644043 0.6704102
vt 0.7050781 0.690918
vt 0.7768555 0.697998
vt 0.8491211 0.690918
vt 0.909668 0.6704102
vt 0.9506836 0.6401367
vt 0.9648438 0.604248
vt 0.9506836 0.5683594
vt 0.909668 0.5378418
vt 0.8491211 0.5175781
vt 0.7768555 0.5102539
vt 0.7050781 0.5175781
vt 0.644043 0.5378418
vt 0.6035156 0.5683594
vt 0.5893555 0.604248
vt 0.3181152 1.000592
vt 0.279541 1.000592
vt 0.2305908 1.000592
vt 0.1918945 1.000592
vt 0.7773438 0.8442383
vt 0.6245117 0.9204102
vt 0.5776367 0.885437
vt 0.5610352 0.8442383
vt 0.5776367 0.8029785
vt 0.6245117 0.7679443
vt 0.6943359 0.7446289
vt 0.7773438 0.7363281
vt 0.8598633 0.7446289
vt 0.9296875 0.7679443
vt 0.9765625 0.8029785
vt 0.9931641 0.8442383
vt 0.9765625 0.885437
vt 0.9296875 0.9204102
vt 0.8598633 0.9437866
vt 0.7773438 0.9519958
vt 0.6943359 0.9437866
vt 0.6035156 0.6401367
vt 0.644043 0.6704102
vt 0.7768555 0.6047363
vt 0.7050781 0.690918
vt 0.7768555 0.697998
vt 0.8491211 0.690918
vt 0.909668 0.6704102
vt 0.9506836 0.6401367
vt 0.9648438 0.604248
vt 0.9506836 0.5683594
vt 0.909668 0.5378418
vt 0.8491211 0.5175781
vt 0.7768555 0.5102539
vt 0.7050781 0.5175781
vt 0.644043 0.5378418
vt 0.6035156 0.5683594
vt 0.5893555 0.604248
vt 0.3671875 0.1879883
vt 0.3181152 0.1879883
vt 0.3181152 0.1254883
vt 0.3671875 0.1254883
vt 0.4438477 0.1879883
vt 0.4438477 0.1254883
vt 0.534668 0.1879883
vt 0.534668 0.1254883
vt 0.279541 0.1254883
vt 0.2305908 0.1254883
vt 0.2305908 0.06298828
vt 0.279541 0.06298828
vt 0.3181152 0.06298828
vt 0.3671875 0.06298828
vt 0.4438477 0.06298828
vt 0.534668 0.06298828
vt 0.4438477 0
vt 0.534668 0
vt 0.3671875 0
vt 0.3181152 0
vt 0.279541 0
vt 0.2305908 0
vt 0.1918945 0
vt 0.1918945 0.06298828
vt 0.1429443 0
vt 0.1429443 0.06298828
vt 0.1918945 0.1254883
vt 0.1429443 0.1254883
vt 0.1918945 0.1879883
vt 0.1429443 0.1879883
vt 0.1918945 0.2504883
vt 0.1429443 0.2504883
vt 0.2305908 0.3754883
vt 0.1918945 0.3754883
vt 0.1918945 0.3129883
vt 0.2305908 0.3129883
vt 0.2305908 0.2504883
vt 0.2305908 0.1879883
vt 0.279541 0.3754883
vt 0.279541 0.3129883
vt 0.279541 0.2504883
vt 0.279541 0.1879883
vt 0.3181152 0.3754883
vt 0.3181152 0.3129883
vt 0.3181152 0.2504883
vt 0.3671875 0.2504883
vt 0.4438477 0.2504883
vt 0.534668 0.2504883
vt 0.3671875 0.3754883
vt 0.3671875 0.3129883
vt 0.4438477 0.3129883
vt 0.534668 0.3129883
vt 0.4438477 0.3754883
vt 0.534668 0.3754883
vt 0.534668 0.6879883
vt 0.4438477 0.6879883
vt 0.4438477 0.6254883
vt 0.534668 0.6254883
vt 0.4438477 0.5629883
vt 0.534668 0.5629883
vt 0.4438477 0.5004883
vt 0.534668 0.5004883
vt 0.4438477 0.4379883
vt 0.534668 0.4379883
vt 0.3671875 0.6879883
vt 0.3671875 0.6254883
vt 0.3671875 0.5629883
vt 0.3671875 0.5004883
vt 0.3671875 0.4379883
vt 0.3181152 0.6879883
vt 0.3181152 0.6254883
vt 0.3181152 0.5629883
vt 0.3181152 0.5004883
vt 0.3181152 0.4379883
vt 0.279541 0.6879883
vt 0.279541 0.6254883
vt 0.279541 0.5629883
vt 0.279541 0.5004883
vt 0.279541 0.4379883
vt 0.2305908 0.6879883
vt 0.2305908 0.6254883
vt 0.2305908 0.5629883
vt 0.2305908 0.5004883
vt 0.2305908 0.4379883
vt 0.1918945 0.6879883
vt 0.1918945 0.6254883
vt 0.1918945 0.5629883
vt 0.1918945 0.5004883
vt 0.1918945 0.4379883
vt 0.1429443 0.3129883
vt 0.1429443 0.3754883
vt 0.1429443 0.4379883
vt 0.1429443 0.5004883
vt 0.1429443 0.5629883
vt 0.1429443 0.6879883
vt 0.08825684 0.6879883
vt 0.08825684 0.6254883
vt 0.1429443 0.6254883
vt 0.08825684 0.5629883
vt 0.08825684 0.5004883
vt 0.08825684 0.4379883
vt 0.08825684 0.3754883
vt 3.051758E-05 0.5629883
vt 3.051758E-05 0.5004883
vt 3.051758E-05 0.4379883
vt 3.051758E-05 0.3754883
vt 3.051758E-05 0.3129883
vt 0.08825684 0.3129883
vt 3.051758E-05 0.2504883
vt 0.08825684 0.2504883
vt 0.08825684 0.1879883
vt 0.08825684 0.1254883
vt 0.08825684 0.06298828
vt 0.08825684 0
vt 3.051758E-05 0.1879883
vt 3.051758E-05 0.1254883
vt 3.051758E-05 0.06298828
vt 3.051758E-05 0
vt 0.7773438 0.8442383
vt 0.5776367 0.8029785
vt 0.6245117 0.7679443
vt 0.6943359 0.7446289
vt 0.7773438 0.7363281
vt 0.8598633 0.7446289
vt 0.9296875 0.7679443
vt 0.9765625 0.8029785
vt 0.9931641 0.8442383
vt 0.9765625 0.885437
vt 0.9296875 0.9204102
vt 0.8598633 0.9437866
vt 0.7773438 0.9519958
vt 0.6943359 0.9437866
vt 0.6245117 0.9204102
vt 0.5776367 0.885437
vt 0.5610352 0.8442383
vt 0.08825684 0.9380798
vt 3.051758E-05 0.9380798
vt 3.051758E-05 0.8755493
vt 0.08825684 0.8755493
vt 0.1429443 0.9380798
vt 0.1429443 0.8755493
vt 0.08825684 0.8129883
vt 0.1429443 0.8129883
vt 0.08825684 0.7504883
vt 0.1429443 0.7504883
vt 3.051758E-05 0.8129883
vt 3.051758E-05 0.7504883
vt 3.051758E-05 0.6879883
vt 3.051758E-05 0.6254883
vt 0.1918945 0.7504883
vt 0.1918945 0.8129883
vt 0.1918945 0.8755493
vt 0.2305908 1.000592
vt 0.1918945 1.000592
vt 0.1918945 0.9380798
vt 0.2305908 0.9380798
vt 0.2305908 0.8755493
vt 0.2305908 0.8129883
vt 0.2305908 0.7504883
vt 0.279541 1.000592
vt 0.279541 0.9380798
vt 0.279541 0.8755493
vt 0.279541 0.8129883
vt 0.279541 0.7504883
vt 0.3181152 1.000592
vt 0.3181152 0.9380798
vt 0.3181152 0.8755493
vt 0.3181152 0.8129883
vt 0.3181152 0.7504883
vt 0.3671875 1.000592
vt 0.3671875 0.9380798
vt 0.3671875 0.8755493
vt 0.3671875 0.8129883
vt 0.3671875 0.7504883
vt 0.4438477 1.000592
vt 0.4438477 0.9380798
vt 0.4438477 0.8755493
vt 0.4438477 0.8129883
vt 0.4438477 0.7504883
vt 0.534668 1.000592
vt 0.534668 0.9380798
vt 0.534668 0.8755493
vt 0.534668 0.8129883
vt 0.534668 0.7504883
vt 0.1429443 1.000592
vt 0.08825684 1.000592
vt 3.051758E-05 1.000592
vt 0.534668 0.8129883
vt 0.534668 0.8755493
vt 0.534668 0.9380798
vt 0.534668 1.000592
vt 0.4438477 1.000592
vt 0.534668 0.1879883
vt 0.534668 0.2504883
vt 0.534668 0.3129883
vt 0.534668 0.3754883
vn 0.7846386 -0.3089128 0.5375083
vn 0.7846386 -0.3089128 0.5375083
vn 0.7846386 -0.3089128 0.5375083
vn 0.7517689 0.2782137 0.5978634
vn 0.7412592 0.671219 0
vn 0.851563 0.4894811 0.1877462
vn 0.7143743 0.05624995 0.6974993
vn 0.7062207 -0.3836947 0.5950049
vn 0.7549767 -0.4636865 0.4636865
vn 0.8112739 0.4854868 -0.3257872
vn 0.7070629 0.629119 -0.3229106
vn 0.7060133 0.7060133 0.0555916
vn 0.7257972 0.3829009 0.5714939
vn 0.7384595 -0.3605078 0.5698348
vn 0.711789 -0.7005798 0.05044174
vn 0.7267473 -0.6866904 0.01716726
vn 0.8107282 -0.5553807 -0.1851269
vn 0.7237672 0.4616153 0.5129059
vn 0.7068329 0.7068329 0.02782807
vn 0.7095415 0.6816068 -0.1787821
vn 0.7059261 0.7003676 -0.105611
vn 0.7906368 -0.448235 -0.4171076
vn 0.7579692 -0.5490801 -0.3521274
vn 0.7034527 -0.6591407 -0.2658719
vn 0.7057516 -0.6779661 -0.2056127
vn 0.7164515 -0.6656793 0.20873
vn 0.7427663 -0.2046994 0.6374923
vn 0.9402251 0 -0.340554
vn 0.9901047 0 -0.1403298
vn 0.9901047 0 -0.1403298
vn 0.9378123 -0.007384349 -0.3470644
vn 0.8699242 0 -0.4931854
vn 0.8699242 0 -0.4931854
vn 0.9824908 -0.0154723 0.1856676
vn 0.9765187 -0.007689124 0.2152955
vn 0.9329413 -0.007345994 0.3599537
vn 0.9377356 -0.01476749 0.347036
vn 0.8728368 -0.00687273 0.4879638
vn 0.8728368 -0.00687273 0.4879638
vn 0.7645471 -0.541805 -0.3491632
vn 0.7245324 0.6503676 -0.2281992
vn 0.7983317 0.3583064 -0.4840279
vn 0.7645471 -0.541805 -0.3491632
vn 0.7043176 -0.7098634 0.005545808
vn 0.7043176 -0.7098634 0.005545808
vn 0.7102513 -0.5033277 0.4921426
vn 0.7102513 -0.5033277 0.4921426
vn 0.7142274 0.1855866 0.6748605
vn 0.7171366 0.3839786 0.5816147
vn 0.7120799 0.6279759 0.313988
vn 0.711253 0.6888514 0.1400104
vn 0.7245324 0.6503676 -0.2281992
vn 0.7983317 0.3583064 -0.4840279
vn 0.712203 -0.5047108 0.4878871
vn 0.7043176 -0.7098634 -0.005545808
vn 0.7043284 -0.7098743 0
vn 0.712203 -0.5047108 0.4878871
vn 0.7183171 0.3223943 0.6165084
vn 0.7120239 0.6335331 0.3027503
vn 0.7070958 0.7070958 -0.005567683
vn 0.7071068 0.7071068 0
vn 0.7473045 0.6119658 0.2589087
vn 0.9778782 0.2078954 0.02309949
vn 0.9351643 0.3313574 0.1251795
vn 0.7348902 0.613373 0.2893268
vn 0.7499971 0.6082653 0.2598415
vn 0.8461028 0.5063292 0.1665557
vn 0.9404827 0.3332419 0.06664837
vn 0.9727589 0.2297856 -0.03063808
vn 0.7500886 0.6319644 0.1949049
vn 0.9781103 0.2079447 0.007701655
vn 0.9388623 0.3326678 0.0887114
vn 0.7409437 0.635928 0.2158655
vn 0.7464263 0.6347563 0.1998307
vn 0.8445486 0.5186991 0.1329998
vn 0.9385803 0.3399582 0.05912317
vn 0.9731015 0.2298665 -0.01532443
vn 0.9369186 0.3467337 0.04426387
vn 0.9731015 0.2298665 -0.01532443
vn 0.8407463 0.529604 0.1125408
vn 0.7448713 0.6451641 0.1700887
vn 0.7196652 0.6686652 0.1869996
vn 0.8291803 0.5419052 0.1371085
vn 0.9562939 0.2861352 0.06023898
vn 0.9320614 0.3596143 0.0440344
vn 0.9994734 -0.007869869 -0.03147948
vn 0.9994734 -0.007869869 -0.03147948
vn -0.9994816 -0.00780845 -0.0312338
vn -0.9994816 -0.00780845 -0.0312338
vn 0.7049357 0.2109257 -0.6771824
vn -0.7110672 0.6999568 0.06666255
vn 0.7039388 -0.5875395 -0.3990834
vn 0.7039388 -0.5875395 -0.3990834
vn 0.7068329 0.6957017 -0.1280091
vn 0.7083045 0.7027273 0.0669264
vn 0.7049357 0.2109257 -0.6771824
vn 0.7077653 0.6130251 -0.3510962
vn 0.7049683 0.2719957 -0.6550099
vn 0.7049683 0.2719957 -0.6550099
vn 0.7083045 0.7027273 0.0669264
vn 0.7083045 0.6023377 0.3680952
vn 0.7091432 0.3461959 0.6142185
vn 0.7083045 0.6023377 0.3680952
vn 0.7075346 0.1727053 0.68525
vn 0.7071068 0 0.7071068
vn 0.7071068 0 0.7071068
vn 0.8120032 0.396411 0.4283796
vn 0.7108073 0.6324506 -0.3078299
vn 0.7108073 0.6324506 -0.3078299
vn 0.7789506 0.04293428 -0.6256138
vn 0.7854334 0.02473806 -0.6184515
vn 0.7642564 -0.6439011 -0.0361066
vn 0.7683154 -0.6352214 -0.07864645
vn 0.716087 -0.4792708 0.5074632
vn 0.715405 -0.4055839 0.5689441
vn 0.7063299 -0.5005487 0.5005487
vn 0.7934555 -0.5810344 -0.1811828
vn 0.7557248 0.2142212 -0.6188612
vn 0.8054932 -0.05708219 -0.5898494
vn 0.7692873 -0.5936233 -0.2362379
vn -0.7484868 -0.4034812 0.5262798
vn 0.7211487 0.6700437 -0.1760284
vn 0.7989792 0.4026352 0.4466734
vn 0.716087 -0.4792708 0.5074632
vn 0.7458983 -0.4052518 0.5285894
vn 0.803717 0.5189354 0.2911101
vn 0.7070958 0.562336 -0.4287116
vn 0.7944641 0.2564805 0.5504948
vn 0.715405 -0.4055839 0.5689441
vn 0.7063299 -0.5005487 0.5005487
vn 0.7043284 0 -0.7098743
vn 0.7043284 0 -0.7098743
vn 0.7043284 0 -0.7098743
vn 0.7047078 -0.3884216 -0.5937302
vn 0.7049358 -0.4551554 -0.5439662
vn 0.7069753 -0.3006037 -0.6401745
vn 0.7093533 -0.2345893 -0.6646696
vn 0.7119904 -0.2354614 -0.6615343
vn 0.7130108 -0.2863272 -0.6400254
vn 0.7163147 -0.2425317 -0.6542717
vn 0.7048489 -0.2441996 -0.6659989
vn 0.7180989 -0.1979013 -0.66721
vn 0.7267473 -0.01716726 -0.6866903
vn 0.7561936 0.08335992 -0.6490166
vn 0.7199426 0.2380913 -0.6519166
vn 0.7043176 -0.005545808 -0.7098634
vn 0.7043176 -0.005545808 -0.7098634
vn 0.7043176 -0.005545808 -0.7098634
vn 0.7196189 -0.3173123 -0.6176257
vn 0.7196189 -0.3173123 -0.6176257
vn 0.7179152 -0.3900484 -0.5765933
vn 0.7070629 -0.4565288 -0.5400401
vn 0.7081614 -0.5129988 -0.4851184
vn 0.7043609 -0.5046995 -0.4991534
vn 0.706319 -0.4449253 -0.5505951
vn 0.7032046 -0.5647785 -0.4318895
vn 0.703701 -0.5596362 -0.4377353
vn 0.7042309 -0.487971 -0.5156966
vn 0.7078533 -0.4737601 -0.5239229
vn 0.7102513 -0.4921426 -0.5033277
vn 0.7289467 -0.5739738 -0.3730829
vn 0.7065485 -0.6787317 -0.2002815
vn 0.7061333 -0.6838929 -0.1834835
vn 0.7711571 -0.3461099 -0.5343451
vn 0.704101 -0.6708364 -0.2328523
vn 0.7061334 -0.4837291 -0.5170898
vn 0.7121471 -0.3644847 -0.5999979
vn 0.7562338 -0.1488649 -0.6371419
vn 0.7124159 -0.3982798 -0.5777861
vn 0.7049357 -0.2109257 -0.6771824
vn 0.7262717 -0.04003073 -0.686241
vn 0.7238965 0.1766991 -0.6668968
vn 0.7119792 -0.04484908 -0.7007669
vn 0.7126963 0 -0.7014728
vn 0.7126963 0 -0.7014728
vn 0.7380479 -0.029057 -0.6741225
vn 0.7154958 -0.005633825 -0.6985943
vn 0.7191458 0.2095149 -0.6625201
vn 0.712831 0.1515468 0.6847668
vn 0.7400626 0.1048908 0.6643081
vn 0.7481339 0.07068982 0.6597716
vn 0.827946 0.01303852 0.5606563
vn 0.7295719 0.1263825 0.6721253
vn 0.7294154 -0.1780463 0.6604942
vn 0.7122478 -0.4991343 0.493526
vn 0.7419672 -0.1460565 0.6543333
vn 0.7080293 -0.07247543 0.7024543
vn 0.7063299 -0.1001097 0.7007682
vn 0.7518742 -0.05328242 0.6571499
vn -0.7148942 -0.3630322 -0.5976068
vn -0.7587659 -0.1481965 -0.6342809
vn -0.773601 -0.3444942 -0.5318507
vn -0.7077118 -0.2101019 -0.6745378
vn -0.7265928 0.1759717 -0.6641512
vn -0.7406768 -0.02893269 -0.6712383
vn -0.8150222 0 -0.5794298
vn -0.8059884 -0.006296785 -0.5918978
vn -0.7316198 -0.5715779 -0.3715256
vn -0.8180292 0 -0.5751768
vn 0.7046536 -0.6824598 -0.1941959
vn 0.7038847 -0.6817151 -0.1995264
vn 0.7038847 -0.6817151 -0.1995264
vn 0.7049358 -0.6771824 -0.2109257
vn 0.7067125 0.7011479 -0.09459931
vn 0.7095415 0.6257374 0.3240426
vn 0.7173996 0.6948044 -0.05083934
vn 0.7535666 0.5636915 0.3382149
vn 0.7528909 0.6521102 0.08892412
vn 0.7316999 0.6279944 -0.2650252
vn 0.7058389 0.6335877 -0.3167938
vn 0.7300659 0.6668319 -0.1494623
vn 0.7164515 0.6036245 0.3497638
vn 0.7094751 0.4636727 0.5307097
vn 0.7247211 0.6162983 0.3081491
vn 0.7225829 0.6884452 0.06258593
vn 0.7754577 0.6228086 0.1038014
vn 0.7973399 0.6027136 0.03139133
vn 0.7269378 0.2461285 0.6410789
vn 0.7164515 0.6036245 0.3497638
vn 0.7136746 0.6574798 0.2416379
vn 0.7258801 0.4629629 0.5086877
vn 0.7202204 0.5841158 0.3742878
vn 0.7539914 -0.1128019 0.6471264
vn 0.729861 0.08620405 0.6781385
vn 0.7286707 0.1032761 0.6770325
vn 0.7856138 -0.1237187 0.6062216
vn 0.7075895 0.4122963 0.5738718
vn 0.7080842 0.1895659 0.6802069
vn 0.7183285 0 0.695704
vn 0.7916808 -0.006233707 0.6109033
vn 0.7071068 0 0.7071068
vn 0.7102402 0.5480593 0.4418029
vn 0.8298881 0.1764329 0.5292987
vn 0.7354568 0.5385629 0.4111609
vn 0.7354568 0.5385629 0.4111609
vn 0.8298881 0.1764329 0.5292987
vn 0.7482378 0.2238822 0.6245134
vn 0.716087 0.4792708 0.5074632
vn 0.7080293 -0.07247543 0.7024543
vn 0.7195265 0.4589106 0.5212318
vn 0.7419672 -0.1460565 0.6543333
vn 0.7384595 0.4768006 0.4768006
vn 0.7294154 -0.1780463 0.6604942
vn 0.7200815 0.4762744 0.5046241
vn 0.7295719 0.1263825 0.6721253
vn 0.7157685 0.5185094 0.4677857
vn 0.9694374 0.2442677 0.0229001
vn 0.9694374 0.2442677 0.0229001
vn 0.9694374 0.2442677 0.0229001
vn 0.9694374 0.2442677 0.0229001
vn 0.9694374 0.2442677 0.0229001
vn 0.9694374 0.2442677 0.0229001
vn -0.7200107 0.2362535 0.6525097
vn -0.7125531 -0.01670046 0.7014195
vn -0.7442616 0.4360908 0.5058653
vn -0.767224 0.6173756 0.1738242
vn -0.7544307 0.5835049 -0.3005934
vn -0.843329 0.3491909 -0.4084875
vn -0.8208839 0.01923947 -0.5707709
vn -0.9678933 -0.249535 -0.03024667
vn 0.7037982 -0.70934 -0.03879203
vn 0.7032477 -0.7087851 -0.05537384
vn 0.7043176 -0.7098634 -0.005545808
vn 0.7043176 -0.7098634 -0.005545808
vn 0.7043176 -0.7098634 -0.005545808
vn 0.7043176 -0.7098634 -0.005545808
vn 0.7043284 -0.7098743 0
vn 0.7043176 -0.7098634 -0.005545808
vn 0.7039388 -0.7094816 0.03325695
vn 0.7034527 -0.7089917 0.04985098
vn 0.7067125 -0.7067125 -0.03338799
vn 0.7064064 -0.7064064 -0.04449804
vn 0.7070629 -0.7070629 -0.01113485
vn 0.7071068 -0.7071068 0
vn 0.7069315 -0.7069315 0.02226556
vn 0.7067125 -0.7067125 0.03338799
vn 0.7062207 -0.7062207 0.05004713
vn 0.7057843 -0.7057843 0.06113093
vn 0.7057843 -0.7057843 0.06113093
vn 0.7060133 -0.7060133 0.0555916
vn 0.7055337 -0.7055337 -0.06666461
vn 0.7055337 -0.7055337 -0.06666461
vn 0.7057843 -0.7057843 -0.06113093
vn 0.7065703 -0.7065703 0.03894482
vn 0.7068329 -0.7068329 0.02782807
vn 0.7070958 -0.7070958 0.005567683
vn 0.7070958 -0.7070958 -0.005567683
vn 0.7068329 -0.7068329 -0.02782807
vn 0.7065703 -0.7065703 -0.03894482
vn 0.7060133 -0.7060133 -0.0555916
vn 0.8377958 -0.4947613 0.2308886
vn 0.8092948 -0.5671436 0.1529376
vn 0.7171823 -0.6945938 0.05647105
vn 0.7145891 -0.6977091 -0.05064017
vn 0.851812 -0.5097458 0.1207293
vn 0.7095747 -0.6313539 -0.3128833
vn 0.8423536 -0.5239838 -0.1260214
vn 0.7282752 -0.4874282 -0.4816938
vn 0.892465 -0.4286643 -0.1405457
vn 0.9067035 -0.3498305 0.2356001
vn 0.717858 -0.5143707 -0.4691513
vn 0.7171022 -0.6211122 -0.3162026
vn 0.7682732 -0.550495 -0.3266674
vn 0.7341899 -0.6532556 0.1849927
vn 0.708558 -0.7029788 0.06137117
vn 0.7098851 -0.7042954 0.005589646
vn 0.7085139 -0.6917773 0.1394712
vn 0.7087896 -0.7032086 -0.05581021
vn 0.7068329 -0.6957017 -0.1280091
vn 0.7425377 -0.6431429 -0.1870961
vn 0.7057843 -0.6279813 0.327884
vn 0.7558854 -0.6547039 0
vn 0.8108604 -0.5810102 -0.070232
vn 0.7932079 -0.5683616 0.2186006
vn 0.7122478 -0.4991343 0.493526
vn 0.7647412 -0.5118346 0.391403
vn 0.7933472 -0.3810565 0.474759
vn 0.7433386 -0.6438366 0.1814449
vn 0.7089995 -0.7034168 0.05024406
vn 0.7073261 -0.6961871 0.1225289
vn 0.755872 -0.6546923 -0.005951748
vn 0.7183746 -0.6222142 0.3111071
vn 0.7697818 -0.551576 0.3212475
vn 0.8112077 -0.5812591 0.06387462
vn 0.7921118 -0.5675762 -0.2245356
vn 0.7333938 -0.6525472 -0.1905669
vn 0.7097188 -0.4694203 -0.5253037
vn 0.7053487 -0.6164859 -0.3498974
vn 0.7780145 -0.4533313 -0.434953
vn 0.7067672 -0.6900719 -0.1558227
vn 0.7147815 -0.697897 0.04502561
vn 0.7145891 -0.6245621 0.3150944
vn 0.7197576 -0.5157319 0.4647254
vn 0.7380604 -0.4532969 0.4997889
vn 0.8637457 -0.4284723 -0.2652448
vn 0.7194919 -0.6911654 -0.06798349
vn 0.8298881 -0.5292987 -0.1764329
vn 0.8843145 -0.4456388 -0.1392621
vn 0.8796145 -0.4571225 0.1315959
vn 0.9355956 -0.3241434 0.139971
vn 0.9350122 -0.2355936 -0.2650428
vn 0.8092948 -0.2803856 -0.5161644
vn 0.7098517 -0.7042624 -0.01117877
vn 0.7083045 -0.7027273 -0.0669264
vn 0.712831 -0.1515468 -0.6847668
vn 0.709619 -0.02793776 -0.7040315
vn 0.711789 -0.05044174 -0.7005798
vn 0.7041551 0.02217812 -0.7096997
vn 0.7041551 0.02217812 -0.7096997
vn 0.7041551 0.02217812 -0.7096997
vn 0.7042309 0.01663538 -0.709776
vn 0.7070958 0.005567683 -0.7070958
vn 0.7070958 -0.005567683 -0.7070958
vn 0.7098851 -0.005589646 -0.7042954
vn 0.7043176 -0.005545808 -0.7098634
vn 0.7070958 -0.005567683 -0.7070958
vn 0.7183171 -0.00565604 -0.695693
vn 0.7183171 -0.00565604 -0.695693
vn 0.7647551 0 -0.6443212
vn 0.7647412 -0.006021584 -0.6443095
vn 0.7070958 -0.005567683 -0.7070958
vn 0.7043176 -0.005545808 -0.7098634
vn 0.7071068 0 -0.7071068
vn 0.7070958 -0.005567683 -0.7070958
vn 0.7043176 0.005545808 -0.7098634
vn 0.7211487 -0.005678337 -0.6927571
vn 0.9997211 0 -0.02361546
vn 0.999226 0 -0.03933961
vn 0.9997211 0 -0.02361546
vn 0.9889933 0 -0.1479596
vn 0.9889933 0 -0.1479596
vn 0.8340476 -0.006567304 -0.5516535
vn 0.8340476 -0.006567304 -0.5516535
vn 0.7154958 0.005633825 -0.6985943
vn -0.9616724 -0.2704704 -0.04507839
vn -0.9898715 -0.1237339 -0.06960034
vn -0.9184895 0.0789327 0.3874877
vn -0.9390212 0.286108 0.1907387
vn -0.9587544 0.2696497 -0.08988322
vn -0.9523377 0 0.3050457
vn -0.8569017 0 0.5154799
vn -0.8312038 0.1363694 0.5389838
vn -0.8070611 0.5107183 0.2963427
vn -0.8144281 0.5790074 -0.03817632
vn -0.7802268 0.6034567 -0.1645791
vn -0.9255941 0.2603233 -0.2747858
vn -0.7496155 0.568068 -0.3396695
vn -0.9273171 -0.3622333 -0.09418064
vn -0.830329 -0.5449034 -0.116765
vn -0.8688205 -0.2375681 -0.4344102
vn -0.9479401 0 -0.3184486
vn -0.8715755 0 -0.4902612
vn -0.7966308 0.174263 -0.578802
vn -0.900382 -0.358746 -0.2461982
vn -0.809268 -0.5816614 -0.08219128
vn -0.8021964 -0.3760296 -0.4637699
vn -0.7447653 -0.4945707 -0.4480229
vn -0.8098509 -0.5630994 -0.164501
vn 0.7133143 0.6908477 0.1179496
vn 0.7105069 0.6993178 -0.07832359
vn 0.7123262 0.6898907 -0.129004
vn 0.7110858 -0.6998876 -0.06718921
vn 0.7121471 -0.7009321 -0.0392522
vn 0.7110858 -0.6998876 -0.06718921
vn 0.7118561 -0.6950406 -0.100893
vn -0.7098634 -0.005545808 -0.7043176
vn -0.7098634 -0.005545808 -0.7043176
vn -0.8620946 0.2020534 -0.4647229
vn -0.7701904 0 -0.637814
vn -0.7197261 0.685989 0.1068343
vn -0.7191011 0.6741573 0.1685393
vn -0.7197261 0.685989 0.1068343
vn -0.7204896 0.6923454 0.03940177
vn 0.7037982 0.03879203 -0.70934
vn 0.7239906 -0.005700713 -0.6897863
vn 0.7239906 -0.005700713 -0.6897863
vn 0.7191111 0.1698688 -0.6738128
vn 0.9516112 0.3072131 0.007493002
vn 0.7268544 0 0.6867916
vn 0.7268544 0 0.6867916
vn 0.986603 0 0.1631391
vn -0.8620946 0.2020534 -0.4647229
vn -0.9523114 0.3050373 0.007439933
vn -0.9868075 0 0.1618981
vn -0.7701904 0 -0.637814
vn -0.7143262 0.1618395 -0.6808422
vn -0.7082749 0.1660019 -0.6861413
vn -0.7065787 0.03864102 -0.7065787
vn -0.7218288 0.1691786 -0.6710752
vn -0.7565492 0.3250798 -0.567412
vn -0.8607681 0.3698613 -0.349687
vn -0.9176158 0.394288 0.05018211
vn -0.8742958 0.3756739 0.3073696
vn -0.8371558 0.3597154 0.4120376
vn -0.7764995 0.2547889 0.5763082
vn -0.7218288 0.1691786 0.6710752
vn -0.7238689 0 0.6899376
vn -0.7622694 0.2798958 0.5836126
vn -0.7109686 0.1666333 0.6831964
vn -0.7383565 0.1730523 0.6518303
vn -0.7664121 0.1796279 0.6167222
vn -0.8511986 0.1994997 0.4854492
vn -0.8981848 0.2105121 0.3859388
vn -0.9681424 0.2269084 0.1058906
vn -0.9718187 0.22777 -0.06073867
vn -0.9100241 0.2132869 -0.3554781
vn -0.8620946 0.2020534 -0.4647229
vn -0.7749184 0.1816215 -0.605405
vn -0.7439221 0.1743567 -0.6451199
vn -0.7082749 0.1660019 -0.6861413
vn -0.7143262 0.1618395 -0.6808422
vn -0.843329 0.3491909 0.4084875
vn -0.8100617 0.1392294 0.5695747
vn -0.9211494 0.2158944 -0.3238416
vn -0.7957836 0.5719694 -0.1989459
vn -0.7210952 0.3098456 -0.6196912
vn -0.7169659 0.6721556 0.1848428
vn -0.9211494 0.2158944 -0.3238416
vn -0.756074 0.5257077 -0.3898506
vn -0.7210952 0.3098456 -0.6196912
vn -0.7957836 0.5719694 -0.1989459
vn -0.7169659 0.6721556 0.1848428
vn -0.7376695 0.4322282 0.5186738
vn -0.843329 0.3491909 0.4084875
vn -0.8100617 0.1392294 0.5695747
vn -0.8858185 -0.4429092 -0.1384091
vn -0.8319057 -0.5264404 -0.1754801
vn -0.8654577 -0.4259675 -0.2636942
vn 0.7036362 -0.7091767 -0.04432354
vn 0.7036362 -0.7091767 -0.04432354
vn 0.7043284 -0.7098743 0
vn 0.7043284 -0.7098743 0
vn 0.7043284 -0.7098743 0
vn 0.7043284 -0.7098743 0
vn 0.7043284 -0.7098743 0
vn 0.7043284 -0.7098743 0
vn 0.7037982 -0.70934 0.03879203
vn 0.7037982 -0.70934 0.03879203
vn 0.7069315 -0.7069315 0.02226556
vn 0.7067125 -0.7067125 0.03338799
vn 0.7071068 -0.7071068 0
vn 0.7070629 -0.7070629 -0.01113485
vn 0.7067125 -0.7067125 -0.03338799
vn 0.7064064 -0.7064064 -0.04449804
vn 0.7055337 -0.7055337 -0.06666461
vn 0.7052617 -0.7052617 -0.07219214
vn 0.7057843 -0.7057843 -0.06113093
vn 0.7060133 -0.7060133 -0.0555916
vn 0.7065703 -0.7065703 -0.03894482
vn 0.7068329 -0.7068329 -0.02782807
vn 0.7070958 -0.7070958 -0.005567683
vn 0.7070958 -0.7070958 0.005567683
vn 0.7068329 -0.7068329 0.02782807
vn 0.7065703 -0.7065703 0.03894482
vn 0.7060133 -0.7060133 0.0555916
vn 0.7055337 -0.7055337 0.06666461
vn 0.7060133 -0.7060133 0.0555916
vn 0.7062207 -0.7062207 0.05004713
vn 0.8338318 -0.4924203 0.249493
vn 0.7971044 -0.4142432 0.4393488
vn 0.7053487 -0.6164859 0.3498974
vn 0.712831 -0.6847668 0.1515468
vn 0.7433386 -0.6438366 0.1814449
vn 0.708558 -0.7029788 0.06137117
vn 0.755872 -0.6546923 -0.005951748
vn 0.9516112 -0.217297 0.217297
vn 0.8225105 -0.2849643 0.492211
vn 0.8517929 -0.4963203 0.1676758
vn 0.7124159 -0.7011968 0.02804787
vn 0.7126514 -0.7014286 -0.01122286
vn 0.740868 -0.6416968 -0.1983426
vn 0.7105069 -0.6993178 -0.07832359
vn 0.7059261 -0.7003676 -0.105611
vn 0.7120239 -0.6335331 -0.3027503
vn 0.7182022 -0.6899265 -0.09048216
vn 0.86247 -0.4957505 0.1018665
vn 0.8536381 -0.4973954 -0.1545959
vn 0.9276995 -0.3214077 -0.1899227
vn 0.7118002 -0.470797 -0.5212395
vn 0.7364454 -0.5276893 -0.4233112
vn 0.7107182 -0.6211789 -0.3301762
vn 0.7921118 -0.5675762 -0.2245356
vn 0.8112077 -0.5812591 0.06387462
vn 0.7697818 -0.551576 0.3212475
vn 0.7054031 -0.4332397 0.5609899
vn 0.7087896 -0.7032086 -0.05581021
vn 0.7080293 -0.7024543 -0.07247543
vn 0.7087896 -0.7032086 -0.05581021
vn 0.7093533 -0.7037679 -0.03909821
vn -0.707096 -0.005524187 -0.707096
vn -0.7850398 0 -0.6194454
vn -0.8780108 0.2057838 -0.4321459
vn -0.707096 -0.005524187 -0.707096
vn -0.7181385 0.6900862 0.08976731
vn -0.7176868 0.6952591 0.0392485
vn -0.7181385 0.6900862 0.08976731
vn -0.7167411 0.6831439 0.1399885
vn -0.7071068 0 -0.7071068
vn -0.7252503 0.1643145 -0.6685901
vn -0.7154411 0 -0.698673
vn -0.7154411 0 -0.698673
vn -0.7182402 0 0.6957952
vn -0.7182402 0 0.6957952
vn -0.7182402 0 0.6957952
vn -0.7182402 0 0.6957952
vn -0.8780108 0.2057838 -0.4321459
vn -0.7850398 0 -0.6194454
vn -0.9736163 0 -0.2281913
vn -0.8750513 0.2871262 -0.3896713
vn -0.7109686 0.1666333 0.6831964
vn -0.7777599 0.1822875 0.6015487
vn -0.7467144 0.1750112 0.6417077
vn -0.7163818 0.167902 0.6772047
vn -0.7543259 0.276979 0.5952103
vn -0.7656438 0.2512269 0.5921777
vn -0.825669 0.3547797 0.4386366
vn -0.8627797 0.3707257 0.3437638
vn -0.9147993 0.3930778 0.0929093
vn -0.8724456 0.374879 -0.3135352
vn -0.721038 -0.00563311 0.6928725
vn -0.7641553 0.328348 -0.5552066
vn -0.7252503 0.1643145 -0.6685901
vn -0.7130061 0.2116737 -0.6684433
vn -0.7073659 0.1215785 -0.6963133
vn -0.7071068 0 -0.7071068
vn -0.7126524 0 0.7015172
vn -0.7126524 0 0.7015172
vn -0.7126524 0 0.7015172
vn 0.7331737 -0.4387496 0.519572
vn 0.8394413 -0.3569278 0.409806
vn 0.8071345 -0.146174 0.5719851
vn 0.7115209 -0.6779057 0.1848834
vn 0.7511638 -0.5323208 -0.3903686
vn 0.7906368 -0.5789703 -0.1992156
vn 0.7171022 -0.3162026 -0.6211122
vn 0.9185792 -0.2242201 -0.3254808
vn -0.7126414 -0.005567511 0.7015064
vn -0.7126414 -0.005567511 0.7015064
vn -0.7126414 -0.005567511 0.7015064
vn -0.7098743 0.7043284 0
vn -0.70934 0.7037982 0.03879203
vn -0.70934 0.7037982 0.03879203
vn -0.7098743 0.7043284 0
vn -0.7098743 0.7043284 0
vn -0.7098743 0.7043284 0
vn -0.7098743 0.7043284 0
vn -0.7098743 0.7043284 0
vn -0.7091767 0.7036362 -0.04432354
vn -0.7091767 0.7036362 -0.04432354
vn -0.7115505 0.7004325 -0.05558988
vn -0.7123765 0.7012455 -0.02782721
vn -0.7121119 0.7009851 -0.03894362
vn -0.7126414 0.7015064 -0.005567511
vn -0.7126414 0.7015064 0.005567511
vn -0.7123765 0.7012455 0.02782721
vn -0.7121119 0.7009851 0.03894362
vn -0.7115505 0.7004325 0.05558988
vn -0.7110672 0.6999568 0.06666255
vn -0.7115505 0.7004325 0.05558988
vn -0.7117594 0.7006382 0.05004558
vn -0.7122552 0.7011262 0.03338696
vn -0.7124758 0.7013433 0.02226487
vn -0.7126524 0.7015172 0
vn -0.7126083 0.7014738 -0.01113451
vn -0.7122552 0.7011262 -0.03338696
vn -0.7119466 0.7008225 -0.04449666
vn -0.7110672 0.6999568 -0.06666255
vn -0.7107931 0.6996869 -0.07218992
vn -0.7113197 0.7002053 -0.06112904
vn -0.8282925 0.5435669 0.1358917
vn -0.8350155 0.5414554 -0.09785338
vn -0.9239289 0.3248188 -0.2021095
vn -0.828848 0.5374561 -0.155409
vn -0.7150393 0.6982805 -0.03351746
vn -0.7212784 0.6874685 0.08452482
vn -0.7148273 0.6254739 0.3127369
vn -0.7182289 0.6957842 0.005611163
vn -0.7163369 0.6939514 0.07275296
vn -0.7470958 0.6361988 0.1926106
vn -0.7118475 0.6951636 0.1001035
vn -0.7185004 0.6286879 0.2975041
vn -0.7169771 0.4929218 0.4929218
vn -0.8916235 0.4179485 0.1741452
vn -0.7431318 0.5225146 0.4180116
vn -0.7983023 0.5613063 0.2182858
vn -0.761352 0.6483388 0
vn -0.8160153 0.5737607 -0.07012632
vn -0.7479244 0.6369044 -0.1869811
vn -0.7732763 0.5437099 -0.3262259
vn -0.7083943 0.619845 -0.3375942
vn -0.7083184 0.4648339 -0.5312387
vn -0.7815346 0.4762476 -0.4029787
vn -0.7138373 0.6971067 -0.06692225
vn -0.7161687 0.6825983 -0.1454718
vn -0.8138516 0.5340901 -0.2288958
vn -0.8045224 0.3771199 -0.4588292
vn -0.7172923 0.6276308 -0.3026077
vn -0.7159334 0.6152552 -0.3300005
vn -0.7164155 0.4645506 -0.5205206
vn -0.8582683 0.4894811 -0.1542201
vn -0.7237185 0.6841401 -0.09046481
vn -0.8670647 0.4877238 0.1016091
vn -0.7179577 0.6955216 0.02804522
vn -0.8564221 0.4884282 0.1672699
vn -0.9538172 0.2086475 0.2160992
vn -0.9308414 0.3127045 -0.1890772
vn -0.718195 0.6957514 -0.0112218
vn -0.7160342 0.6936581 -0.07831623
vn -0.7462447 0.635474 -0.1982212
vn -0.7114406 0.6947662 -0.1056045
vn -0.7613385 0.6483273 -0.005947957
vn -0.7140927 0.6973562 0.06136734
vn -0.7183081 0.6790257 0.1515181
vn -0.8384839 0.4847485 0.2489249
vn -0.8014256 0.406974 0.4382796
vn -0.8260816 0.2775118 0.4904859
vn -0.7098634 0.4270272 0.5601265
vn -0.7487301 0.6375905 0.1813331
vn -0.7105302 0.6106119 0.3497141
vn -0.7747905 0.5447746 0.3208117
vn -0.8163637 0.5740058 0.06377842
vn -0.7972022 0.5605328 -0.2242131
vn -0.7413224 0.5212423 -0.4227854
vn 0.7098851 -0.7042954 0.005589646
vn 0.7098851 -0.7042954 0.005589646
vn 0.7098851 -0.7042954 0.005589646
vn -0.7143262 0.6975842 -0.05580673
vn -0.7148942 0.6981388 -0.03909577
vn -0.7143262 0.6975842 -0.05580673
vn -0.71356 0.6968359 -0.07247093
vn 0.7043284 0 -0.7098743
vn 0.7043284 0 -0.7098743
vn 0.8751548 -0.2136205 -0.4341319
vn 0.7826693 0 -0.6224378
vn 0.7126177 -0.6957842 0.08977861
vn 0.711253 -0.6888514 0.1400104
vn 0.7126177 -0.6957842 0.08977861
vn 0.7121471 -0.7009321 0.0392522
vn 0.7043284 0 -0.7098743
vn 0.7126963 0 -0.7014728
vn 0.7126851 -0.005611694 -0.7014617
vn 0.7218589 -0.1705179 -0.6707035
vn 0.7155071 0 0.6986054
vn 0.7155071 0 0.6986054
vn 0.7155071 0 0.6986054
vn 0.7155071 0 0.6986054
vn 0.8751548 -0.2136205 -0.4341319
vn 0.8716847 -0.2951373 -0.3912286
vn 0.9732158 0 -0.2298935
vn 0.7826693 0 -0.6224378
vn 0.7043284 0 -0.7098743
vn 0.7218589 -0.1705179 -0.6707035
vn 0.7041011 -0.1275144 -0.698557
vn 0.7093976 -0.2178465 -0.670297
vn 0.7601385 -0.3351792 -0.5566368
vn 0.8685398 -0.3829782 -0.3145892
vn 0.9110089 -0.4017047 0.09325287
vn 0.8588535 -0.378707 0.3448939
vn 0.8216838 -0.3623173 0.4399567
vn 0.7619832 -0.2579943 0.5939869
vn 0.7129545 -0.1740283 0.6792716
vn 0.7183285 0 0.695704
vn 0.7505208 -0.2836614 0.5968708
vn 0.7075346 -0.1727053 0.68525
vn 0.7433386 -0.1814449 0.6438366
vn 0.7744622 -0.189042 0.6037146
vn 0.8618542 -0.2103739 0.4614652
vn 0.9096759 -0.2220469 0.3509773
vn 0.9700876 -0.2367931 0.0534694
vn 0.9651448 -0.2355865 -0.1139935
vn 0.8929944 -0.217975 -0.3937613
vn 0.8454276 -0.2063642 -0.4926113
vn 0.7602474 -0.1855722 -0.6225648
vn 0.7321861 -0.1787226 -0.6572379
vn 0.7041011 -0.1275144 -0.698557
vn 0.7093976 -0.2178465 -0.670297
vn 0.7077983 -0.6966519 0.1170375
vn 0.7077983 -0.6966519 0.1170375
vn 0.7077983 -0.6966519 0.1170375
vn -0.7098743 0.7043284 0
vn -0.7089917 0.7034527 0.04985098
vn -0.7094816 0.7039388 0.03325695
vn -0.7098634 0.7043176 -0.005545808
vn -0.7098634 0.7043176 -0.005545808
vn -0.7098634 0.7043176 -0.005545808
vn -0.7098634 0.7043176 -0.005545808
vn -0.7098634 0.7043176 -0.005545808
vn -0.70934 0.7037982 -0.03879203
vn -0.7087851 0.7032477 -0.05537384
vn -0.7122552 0.7011262 -0.03338696
vn -0.7126524 0.7015172 0
vn -0.7126083 0.7014738 -0.01113451
vn -0.7124758 0.7013433 0.02226487
vn -0.7122552 0.7011262 0.03338696
vn -0.7117594 0.7006382 0.05004558
vn -0.7113197 0.7002053 0.06112904
vn -0.7113197 0.7002053 0.06112904
vn -0.7115505 0.7004325 0.05558988
vn -0.7121119 0.7009851 0.03894362
vn -0.7123765 0.7012455 0.02782721
vn -0.7126414 0.7015064 0.005567511
vn -0.7126414 0.7015064 -0.005567511
vn -0.7123765 0.7012455 -0.02782721
vn -0.7121119 0.7009851 -0.03894362
vn -0.7115505 0.7004325 -0.05558988
vn -0.7110672 0.6999568 -0.06666255
vn -0.7110672 0.6999568 -0.06666255
vn -0.7113197 0.7002053 -0.06112904
vn -0.7119466 0.7008225 -0.04449666
vn -0.8565179 0.501866 0.1204478
vn -0.7201245 0.6919947 -0.05063375
vn -0.7148273 0.6254739 -0.3127369
vn -0.7223343 0.6151128 -0.3160213
vn -0.7123323 0.6900719 -0.1279972
vn -0.7479244 0.6369044 -0.1869811
vn -0.7143262 0.6975842 -0.05580673
vn -0.7695639 0.5050263 0.3907942
vn -0.8424517 0.4870424 0.2303579
vn -0.9101852 0.3413194 0.2346571
vn -0.8143786 0.5598853 0.152696
vn -0.7227142 0.6888369 0.05646204
vn -0.71543 0.6986621 0.005589297
vn -0.761352 0.6483388 0
vn -0.8160153 0.5737607 -0.07012632
vn -0.7983023 0.5613063 0.2182858
vn -0.7140039 0.6861131 0.1394539
vn -0.7110124 0.6221358 0.3277322
vn -0.7396003 0.6471503 0.1849001
vn -0.7140927 0.6973562 0.06136734
vn -0.7169771 0.4929218 0.4929218
vn -0.7975117 0.3738336 0.4735226
vn -0.7732763 0.5437099 -0.3262259
vn -0.7226566 0.5081179 -0.4685977
vn -0.7329739 0.4810141 -0.4810141
vn -0.8471621 0.5162394 -0.1257506
vn -0.8965309 0.4202489 -0.140083
vn 0.7110077 0.6942123 -0.1119697
vn 0.7110077 0.6942123 -0.1119697
vn 0.7110077 0.6942123 -0.1119697
vn -0.8839155 0.4488634 0.1312062
vn -0.9386929 0.3153422 0.1393372
vn -0.9375088 0.2270529 -0.2636743
vn -0.8885247 0.4373207 -0.138832
vn -0.8679413 0.4204091 -0.2644508
vn -0.7825564 0.4463017 -0.4340742
vn -0.8128991 0.2730833 -0.5144127
vn -0.7143262 0.4631959 -0.5245833
vn -0.7105302 0.6106119 -0.3497141
vn -0.7122441 0.6844221 -0.1558034
vn -0.7250175 0.6853681 -0.0679704
vn -0.834749 0.5217181 -0.1760799
vn -0.7203185 0.6921811 0.04501991
vn -0.7198285 0.6186026 0.314925
vn -0.7426188 0.4467317 0.498947
vn -0.7245644 0.5094593 0.4641741
vn -0.7747905 0.5447746 0.3208117
vn -0.7236144 0.6162029 0.310928
vn -0.7128292 0.6905533 0.1225175
vn -0.7487301 0.6375905 0.1813331
vn -0.8163637 0.5740058 0.06377842
vn -0.7613385 0.6483273 -0.005947957
vn -0.7972022 0.5605328 -0.2242131
vn -0.7387991 0.6464492 -0.1904716
vn -0.7145376 0.6977906 0.05024092
vn -0.7153965 0.6986294 -0.01117807
vn -0.7138373 0.6971067 -0.06692225
vn -0.7166175 0.6942232 -0.06718289
vn -0.7173711 0.6893488 -0.1008803
vn -0.7166175 0.6942232 -0.06718289
vn -0.7176868 0.6952591 -0.0392485
vn 0.7071068 0 -0.7071068
vn 0.7677256 0 -0.6407788
vn 0.8591481 -0.2097133 -0.4667813
vn 0.7071068 0 -0.7071068
vn 0.7142161 -0.6917211 0.1068512
vn 0.7149513 -0.6980627 0.03940677
vn 0.7142161 -0.6917211 0.1068512
vn 0.7136408 -0.6799255 0.1685766
vn -0.7064172 -0.04415108 -0.7064172
vn -0.7211297 -0.1746486 -0.6704252
vn -0.7266982 0 -0.6869569
vn -0.7266982 0 -0.6869569
vn -0.7289218 0.4897443 0.478355
vn -0.7718551 0.5185901 0.3678372
vn -0.7558235 0.5078189 0.413341
vn -0.8021808 0.5389652 0.2569485
vn -0.8147744 0.5474265 0.1909628
vn -0.8294221 0.5572679 0.03887916
vn -0.8291957 0.5571159 -0.04534664
vn -0.8137694 0.5467513 -0.1970848
vn -0.8008764 0.5380889 -0.2627876
vn -0.7701347 0.5174342 -0.373034
vn -0.7539725 0.5065752 -0.4182191
vn -0.7269325 0.4884078 -0.4827286
vn -0.7189083 0.4830165 -0.4998659
vn -0.7087526 0.4761931 -0.5204902
vn -0.7087526 0.4761931 -0.5204902
vn -0.7189083 0.4830165 -0.4998659
vn -0.7269325 0.4884078 -0.4827286
vn -0.7539725 0.5065752 -0.4182191
vn -0.7701347 0.5174342 -0.373034
vn -0.8008764 0.5380889 -0.2627876
vn -0.8137694 0.5467513 -0.1970848
vn -0.8291957 0.5571159 -0.04534664
vn -0.8294221 0.5572679 0.03887916
vn -0.8147744 0.5474265 0.1909628
vn -0.8021808 0.5389652 0.2569485
vn -0.7718551 0.5185901 0.3678372
vn -0.7558235 0.5078189 0.413341
vn -0.7289218 0.4897443 0.478355
vn -0.7209237 0.4843706 0.4956351
vn -0.7107931 0.4775641 0.5164356
vn -0.7107931 0.4775641 0.5164356
vn -0.7209237 0.4843706 0.4956351
vn 0.7154617 0.6985611 -0.01126711
vn 0.7154617 0.6985611 -0.01126711
vn 0.7154617 0.6985611 -0.01126711
vn -0.7332506 0.5270239 -0.429639
vn -0.7194873 0.5339945 -0.4440586
vn -0.7252503 0.5326057 -0.4362834
vn -0.7095361 0.6430171 -0.288249
vn -0.7124758 0.5232244 -0.4675622
vn -0.7086548 0.5536366 -0.4373729
vn 0.7359629 0.3940589 -0.5505235
vn 0.7126065 0.3534977 -0.6059961
vn -0.7380618 -0.01153222 -0.6746346
vn -0.8300322 -0.006484627 -0.5576779
vn 0.7154049 0.01689933 -0.6985056
vn -0.8208839 -0.01923947 -0.5707709
vn -0.7194873 -0.1405249 -0.6801403
vn -0.7064926 -0.4139605 -0.5740252
vn -0.8739085 -0.08875633 -0.4779187
vn -0.8513492 -0.3325583 -0.4057211
vn -0.7675549 -0.6056488 -0.2098783
vn -0.7089155 -0.6867619 -0.1606137
vn -0.7103989 -0.5272492 -0.4661992
vn -0.7146044 -0.692273 -0.1004912
vn -0.731799 -0.5202634 -0.4402229
vn -0.766632 -0.6109099 -0.1976473
vn -0.7695639 -0.5050263 -0.3907942
vn 0.8241369 -0.5386091 -0.1752102
vn -0.7725857 -0.3078271 -0.555296
vn 0.9328658 -0.2791252 -0.2277074
vn -0.7612981 -0.01189528 -0.648293
vn -0.9254732 0.3470524 -0.1518354
vn -0.7471213 0.3385393 -0.5720147
vn -0.7299523 0.5189505 -0.4448147
vn -0.7299523 0.5189505 -0.4448147
vn -0.7181385 0.08976731 -0.6900862
vn -0.7098634 -0.005545808 0.7043176
vn -0.7098634 -0.005545808 0.7043176
vn -0.7098634 -0.005545808 0.7043176
vn -0.9940717 -0.1087266 0
vn -0.8208839 -0.01923947 -0.5707709
vn -0.8739085 -0.08875633 -0.4779187
vn -0.9980222 -0.05457934 -0.03118819
vn -0.8879901 -0.09018649 0.4509325
vn -0.8651019 0.1216549 0.4866198
vn -0.8586158 0.5098031 0.05366348
vn -0.8300322 -0.006484627 -0.5576779
vn -0.8619577 -0.148149 0.4848512
vn -0.9755372 -0.1829132 0.1219422
vn -0.7594199 -0.07119562 0.6466935
vn -0.7452322 0.3143948 0.5880347
vn -0.7200107 0.6637598 0.202503
vn -0.7097979 0.5878014 0.3881707
vn -0.7103989 0.2275496 0.6659989
vn -0.7268388 0.5791996 0.3690978
vn -0.7488967 -0.1579704 0.6435831
vn -0.7168759 -0.06160653 0.6944736
vn -0.7085571 -0.06089162 0.7030215
vn -0.7186363 0.25826 0.6456499
vn -0.7397485 0.05779285 0.670397
vn -0.7118145 -0.1334652 0.6895703
vn -0.7401317 -0.1329924 0.6591798
vn -0.7118475 -0.2502589 0.6562344
vn -0.7149611 -0.1563977 0.6814473
vn -0.7804153 0.4511776 0.4328866
vn -0.87399 -0.143389 0.4643072
vn -0.7629191 -0.3695389 0.5304672
vn -0.7159782 -0.4251121 0.5537643
vn -0.7117705 -0.2780353 0.645042
vn -0.7101365 -0.4604791 0.5326024
vn -0.9254732 0.3470524 -0.1518354
vn -0.7170559 -0.6498319 0.25209
vn -0.709144 -0.6094206 0.354572
vn -0.7525637 -0.6055785 0.2586938
vn -0.8495471 -0.4911444 0.1924755
vn -0.9338092 -0.2772246 -0.2261569
vn -0.7146044 -0.692273 -0.1004912
vn -0.766632 -0.6109099 -0.1976473
vn -0.826202 -0.5357404 -0.174277
vn -0.7089155 -0.6867619 -0.1606137
vn -0.766261 -0.5746958 0.2873479
vn -0.7675549 -0.6056488 -0.2098783
vn -0.9127966 -0.3708236 0.1711494
vn -0.8513492 -0.3325583 -0.4057211
vn -0.7339734 -0.4415309 0.5160751
vn -0.7880244 -0.3693864 0.4925152
vn -0.8464209 -0.2512812 0.4694991
vn -0.8429083 -0.1975566 0.5004768
vn -0.7467144 -0.2450157 0.6183729
vn -0.7098743 0 0.7043284
vn -0.7098743 0 0.7043284
vn -0.7098743 0 0.7043284
vn -0.7804153 0.4511776 0.4328866
vn -0.9254732 0.3470524 -0.1518354
vn -0.734505 0.6656451 0.1319814
vn -0.7268388 0.5791996 0.3690978
vn -0.7146044 0.692273 0.1004912
vn -0.7097979 0.5878014 0.3881707
vn -0.7200107 0.6637598 0.202503
vn -0.7095361 0.6430171 -0.288249
vn -0.8586158 0.5098031 0.05366348
vn -0.7386022 0.3923824 -0.5481814
vn -0.8300322 -0.006484627 -0.5576779
vn -0.9980222 -0.05457934 -0.03118819
vn -0.7102239 0.6602862 -0.2441395
vn -0.7123323 0.6288558 -0.3116454
vn -0.7067187 -0.5852515 -0.3975293
vn -0.7059658 -0.6673583 -0.2371604
vn -0.7125089 -0.6011794 0.3618209
vn -0.7100927 0.6768072 0.194166
vn -0.7119466 0.4560908 0.53396
vn -0.7108479 -0.6553129 0.255461
vn -0.994882 0 -0.1010427
vn -0.994882 0 -0.1010427
vn -0.994882 0 -0.1010427
vn -0.994882 0 -0.1010427
vn -0.7910132 0 -0.6117992
vn -0.7910132 0 -0.6117992
vn -0.7910132 0 -0.6117992
vn -0.7910132 0 -0.6117992
vn -0.7820595 0 0.6232036
vn -0.7820595 0 0.6232036
vn -0.7820595 0 0.6232036
vn -0.7820595 0 0.6232036
vn 0.827015 0.5339782 -0.1758221
vn 0.7715697 0.3037676 -0.5589324
vn 0.7694427 0.5028641 -0.3938092
vn 0.7669692 0.6099519 -0.1992912
vn 0.7313116 0.5182523 -0.4433936
vn 0.7146344 0.6921262 -0.1012868
vn 0.7097188 0.5253037 -0.4694203
vn 0.7088559 0.6865298 -0.1618647
vn -0.7081015 0.4093712 -0.5753325
vn 0.7678799 0.6046298 -0.2116204
vn 0.7173195 0.1355564 -0.6834304
vn -0.8532196 0.3266231 -0.4066125
vn 0.8727955 0.08246887 -0.4810684
vn 0.8188608 0.01289545 -0.5738474
vn 0.7153255 -0.02252994 -0.6984281
vn 0.8280163 0 -0.5607039
vn 0.7354568 0.005790999 -0.6775468
vn 0.7342758 -0.3989372 -0.5492615
vn 0.7111861 -0.358393 -0.6047882
vn 0.703701 -0.5596362 -0.4377353
vn 0.7042309 -0.6487796 -0.2883465
vn -0.7103989 -0.5272492 -0.4661992
vn 0.7145891 -0.5401618 -0.4445082
vn 0.7203478 -0.5388429 -0.4367463
vn 0.728359 -0.5333652 -0.4301333
vn 0.725099 -0.5252686 -0.4453364
vn -0.7277898 -0.5230989 -0.4434969
vn 0.7430332 -0.3451886 -0.5733642
vn 0.9220588 -0.355755 -0.1524664
vn 0.7588211 0.005974969 -0.6512717
vn 0.934759 0.2723314 -0.2281695
vn 0.7150307 -0.09571277 -0.6925101
vn -0.7126414 -0.7015064 -0.005567511
vn -0.7126414 -0.7015064 -0.005567511
vn -0.7126414 -0.7015064 -0.005567511
vn 0.7060133 0.0555916 0.7060133
vn 0.7095747 0.1285057 0.6928131
vn 0.712831 0.1515468 0.6847668
vn 0.7143743 0.05624995 0.6974993
vn 0.7469942 0.1529279 0.6470029
vn 0.7572009 0.06558433 0.6498811
vn 0.7368543 -0.06382203 0.6730323
vn 0.7148494 -0.2645506 0.6473046
vn 0.7067235 -0.2337196 0.6677702
vn 0.7412466 -0.3210123 0.5894953
vn 0.8626491 -0.1290578 0.4890609
vn 0.8870498 0.08381573 0.4540018
vn 0.8610615 0.1423802 0.4881608
vn 0.8420758 0.192285 0.5039194
vn 0.7217425 -0.5853502 0.3693957
vn 0.7758483 -0.4581782 0.433742
vn 0.7047078 -0.5937302 0.3884216
vn 0.7145891 -0.6695756 0.2025607
vn 0.8538695 -0.5177004 0.05378706
vn 0.9983918 0.04716812 -0.03144541
vn 0.9948019 0.1018301 0
vn 0.9765187 0.1768498 0.123026
vn 0.8459338 0.2464532 0.4729236
vn 0.7451789 0.2405696 0.6219604
vn 0.7874691 0.3658321 0.4960436
vn 0.7331737 0.4387496 0.519572
vn 0.7664244 0.5733095 0.2896722
vn 0.7169423 0.6491997 0.2540347
vn 0.7088559 0.6865298 -0.1618647
vn 0.8188608 0.01289545 -0.5738474
vn 0.8280163 0 -0.5607039
vn 0.8727955 0.08246887 -0.4810684
vn 0.9140239 0.367049 0.1727289
vn 0.7678799 0.6046298 -0.2116204
vn 0.8513908 0.3284894 -0.4089357
vn 0.7146344 0.6921262 -0.1012868
vn 0.7087787 0.6083218 0.3571798
vn 0.7526925 0.6045246 0.2607754
vn 0.71494 0.4222087 0.5573154
vn 0.7620929 0.3660446 0.5340651
vn 0.7100736 0.2460098 0.6597534
vn 0.7380603 0.127853 0.6625108
vn 0.8732081 0.1375131 0.4675445
vn 0.8504739 0.4888551 0.1942027
vn 0.9220588 -0.355755 -0.1524664
vn 0.934759 0.2723314 -0.2281695
vn 0.827015 0.5339782 -0.1758221
vn 0.7669692 0.6099519 -0.1992912
vn 0.7048489 -0.6659989 -0.2441996
vn 0.7057952 0.6668931 -0.23897
vn 0.7062316 0.5838923 -0.4003832
vn 0.7070739 -0.6346962 -0.3117806
vn 0.7121471 0.5999979 0.3644847
vn 0.7106849 0.6547254 0.2574134
vn 0.70737 -0.4622969 0.5347049
vn 0.7046536 -0.6824598 0.1941959
vn 0.9947713 -0.007832845 -0.101827
vn 0.9947713 -0.007832845 -0.101827
vn 0.9947713 -0.007832845 -0.101827
vn 0.9947713 -0.007832845 -0.101827
vn -0.7085679 0.6642824 -0.2380345
vn -0.7129398 0.6962303 -0.08354764
vn -0.7129398 0.6962303 -0.08354764
vn -0.713438 0.6521269 0.2563918
vn -0.7148942 0.5976068 0.3630322
vn -0.7090026 0.5816037 -0.3988139
vn -0.7126414 0.7015064 0.005567511
vn -0.7126414 0.7015064 0.005567511
vn 0.7055011 -0.699946 0.1111025
vn 0.7074139 -0.7018437 0.08355283
vn 0.7048489 -0.6659989 -0.2441996
vn 0.70737 -0.4622969 0.5347049
vn 0.7046536 -0.6824598 0.1941959
vn 0.7070739 -0.6346962 -0.3117806
vn 0.7068329 -0.7068329 -0.02782807
vn 0.7042851 -0.7098306 -0.0110911
vn 0.7796548 -0.006139014 0.6261794
vn 0.7796548 -0.006139014 0.6261794
vn 0.7796548 -0.006139014 0.6261794
vn 0.7796695 0 0.6261912
vn 0.9943138 0.1017802 0.03131697
vn 0.8956553 0.1128385 -0.4301966
vn -0.8810214 -0.0688298 -0.4680426
vn 0.9271803 -0.3139272 -0.2044177
vn 0.7578208 -0.4176965 -0.5012358
vn 0.7516899 -0.615557 -0.2367527
vn 0.7094751 -0.4636727 -0.5307097
vn 0.7134269 -0.4606378 -0.5280483
vn 0.7113088 -0.4592703 -0.5320814
vn 0.7173996 -0.4575541 -0.5253398
vn 0.7167595 -0.4458583 -0.5361587
vn 0.7185584 -0.4413193 -0.5375043
vn 0.7225479 -0.4380803 -0.5347993
vn 0.7229224 -0.4439996 -0.5293841
vn 0.710107 -0.3969889 -0.5815049
vn 0.7180185 -0.4749098 -0.508832
vn -0.7076144 -0.1713754 -0.6855015
vn 0.7732697 -0.1278635 -0.6210513
vn 0.7133143 0.1179496 -0.6908477
vn 0.7857943 0.2103701 -0.5816115
vn 0.7070629 0.3229106 -0.629119
vn 0.7383596 0.4651084 -0.4883638
vn 0.7063081 0.5060948 -0.4949718
vn 0.731057 0.6044173 -0.3165995
vn 0.7065485 0.5674641 -0.4228164
vn 0.7122478 0.6954231 -0.09534026
vn 0.709752 0.6035687 -0.3632589
vn 0.7070082 0.7070082 -0.01670098
vn 0.7247211 0.6162983 -0.3081491
vn 0.7539914 0.6471264 0.1128019
vn 0.8271553 0.4754515 -0.2995996
vn 0.9068884 0.4213104 -0.007140854
vn 0.8918707 0.1966329 -0.407311
vn -0.9665402 0.1887774 0.1736752
vn -0.9714828 0.1517942 -0.182153
vn 0.8978012 0.141386 -0.4170887
vn 0.7080293 0.07247543 -0.7024543
vn 0.7060133 0.0555916 -0.7060133
vn 0.7057843 0.06113093 -0.7057843
vn 0.7049683 0.07771304 -0.7049683
vn 0.7077324 0.07801774 -0.7021597
vn 0.7049683 0.07771304 -0.7049683
vn 0.8225105 0.2849643 -0.492211
vn -0.7121559 0.6175727 0.3338231
vn 0.8007082 0.4539448 -0.3908969
vn 0.799169 0.1069754 -0.5915109
vn 0.7437974 0.09370676 -0.661804
vn 0.7413097 0.08755627 -0.6654276
vn 0.7108073 0.0727598 -0.6996135
vn 0.7087896 0.05581021 -0.7032086
vn -0.7117594 0.05004558 -0.7006382
vn 0.7089995 0.05024406 -0.7034168
vn 0.809147 0.09556855 -0.5797825
vn 0.7971985 0.0941573 -0.5963296
vn -0.81133 0.09507773 -0.5768049
vn -0.7118475 -0.6951636 0.1001035
vn -0.7118475 -0.6951636 0.1001035
vn -0.7118475 -0.6951636 0.1001035
vn 0.7059588 0.5725493 -0.4169048
vn 0.7074578 0.6628935 -0.2451035
vn 0.7031831 -0.6699618 -0.2380856
vn 0.7056209 -0.6445041 -0.2944717
vn 0.707359 0.6071034 0.3620341
vn 0.7049358 -0.6771824 0.2109257
vn 0.7049358 -0.4551554 0.5439662
vn 0.7080843 0.657905 0.2564715
vn 0.9921269 -0.007812023 0.1249924
vn 0.9921269 -0.007812023 0.1249924
vn 0.9921572 0 0.1249962
vn 0.9921269 -0.007812023 0.1249924
vn 0.8219591 0 -0.5695465
vn 0.8219591 0 -0.5695465
vn 0.8219591 0 -0.5695465
vn 0.8219591 0 -0.5695465
vn -0.7102239 0.6602862 -0.2441395
vn -0.7125973 0.6958958 -0.08907466
vn -0.7129398 0.6962303 -0.08354764
vn -0.7108479 0.6553129 0.255461
vn -0.7101256 0.6047163 0.3606106
vn -0.7087309 0.5703068 -0.415272
vn -0.7125531 0.7014195 -0.01670046
vn -0.7125531 0.7014195 -0.01670046
vn -0.7154411 0.698673 0
vn -0.7154411 0.698673 0
vn -0.7154411 0.698673 0
vn 0.7031831 -0.6699618 -0.2380856
vn 0.7077324 -0.7021597 0.07801774
vn 0.7055011 -0.699946 0.1111025
vn 0.7049358 -0.4551554 0.5439662
vn 0.7049358 -0.6771824 0.2109257
vn 0.7056209 -0.6445041 -0.2944717
vn 0.7070958 -0.7070958 -0.005567683
vn 0.7043176 -0.7098634 -0.005545808
vn -0.7122331 0.6955401 -0.09459346
vn -0.7122331 0.6955401 -0.09459346
vn -0.7122331 0.6955401 -0.09459346
vn 0.812851 -0.006400402 0.5824366
vn 0.812851 -0.006400402 0.5824366
vn 0.812851 -0.006400402 0.5824366
vn 0.812851 -0.006400402 0.5824366
vn -0.707096 -0.5689913 -0.4198383
vn -0.707096 -0.5082253 -0.4916527
vn -0.7311898 -0.6055166 -0.3141831
vn -0.738996 -0.4676459 -0.4849661
vn -0.7085571 -0.3266005 -0.625523
vn -0.787115 -0.2152267 -0.5780376
vn -0.7155753 -0.1229895 -0.6876231
vn -0.7762852 0.1212946 -0.6186023
vn -0.7082749 0.1660019 -0.6861413
vn -0.7226566 0.4685977 -0.5081179
vn -0.7144263 0.3907019 -0.5804714
vn -0.727038 0.4316789 -0.5339186
vn -0.7274371 0.4375989 -0.5285285
vn -0.72306 0.4349658 -0.5366461
vn -0.7212784 0.4395291 -0.5353239
vn -0.7219665 0.451229 -0.5245538
vn -0.7180029 0.4543612 -0.5272834
vn -0.7158774 0.4530162 -0.5313153
vn -0.7140594 0.4574443 -0.5299659
vn -0.7569725 0.6091263 -0.2365539
vn -0.7622154 0.4108817 -0.5002038
vn -0.9302758 0.3052467 -0.2034978
vn -0.881418 0.0619747 -0.4682533
vn -0.9935923 -0.1086742 0.03104976
vn -0.896311 -0.1190413 -0.4271483
vn 0.9698896 -0.1603754 -0.1832862
vn -0.8982511 -0.1473693 -0.4140376
vn -0.8920565 -0.2021065 -0.4042131
vn -0.965138 -0.1960436 0.1734232
vn -0.9054363 -0.4244233 -0.007073721
vn -0.8266499 -0.477907 -0.2970773
vn -0.7536587 -0.6476755 0.1118712
vn -0.724878 -0.6172789 -0.3058079
vn -0.7070097 -0.7070097 -0.01657054
vn -0.7101256 -0.6047163 -0.3606106
vn -0.7122331 -0.6955401 -0.09459346
vn -0.7355836 0.1724024 -0.6551291
vn -0.7130061 0.2116737 -0.6684433
vn -0.7073659 0.1215785 -0.6963133
vn -0.763584 0.178965 -0.620412
vn -0.8484453 0.1988544 -0.4905075
vn -0.8957403 0.2099391 -0.3918864
vn -0.9673404 0.2267204 -0.1133602
vn -0.9722392 0.2278686 0.05316933
vn -0.9123096 0.2138226 0.3492436
vn -0.8647859 0.2026842 0.4594175
vn 0.9185792 -0.2242201 -0.3254808
vn 0.7906368 -0.5789703 -0.1992156
vn 0.7171022 -0.3162026 -0.6211122
vn 0.7115209 -0.6779057 0.1848834
vn 0.8394413 -0.3569278 0.409806
vn 0.8071345 -0.146174 0.5719851
vn 0.7070958 -0.005567683 0.7070958
vn 0.7070958 -0.005567683 0.7070958
vn 0.7070958 -0.005567683 0.7070958
vn -0.8230702 -0.2893606 -0.488698
vn -0.8108252 -0.1013531 -0.5764461
vn -0.7989864 -0.0998733 -0.5929977
vn -0.8108252 -0.1013531 -0.5764461
vn -0.8008764 -0.1126232 -0.5881436
vn -0.7115505 -0.05558988 -0.7004325
vn -0.7115505 -0.05558988 -0.7004325
vn -0.7113197 -0.06112904 -0.7002053
vn -0.7085571 -0.06089162 -0.7030215
vn -0.7104973 -0.07771064 -0.6993958
vn -0.7132607 -0.07801288 -0.6965436
vn -0.7459785 -0.09907527 -0.6585591
vn -0.7435329 -0.09294161 -0.662209
vn -0.8006728 -0.4566337 -0.3878259
vn 0.7069424 -0.6234453 0.3339886
vn -0.7074307 -0.08290204 -0.7019039
vn -0.7101802 -0.08322424 -0.6990836
vn -0.7074307 -0.08290204 -0.7019039
vn -0.7083075 -0.06640383 -0.7027739
vn -0.844558 -0.03299055 0.5344468
vn -0.8629366 0.1146088 0.4921435
vn -0.7546535 0.04716584 0.6544261
vn -0.7483845 -0.05846754 0.6606832
vn -0.7115505 -0.05558988 0.7004325
vn -0.7231638 -0.1581921 0.6723164
vn -0.7201474 -0.1012707 0.6863905
vn -0.79838 -0.1372216 0.5863103
vn -0.7306655 -0.06849989 0.6792905
vn -0.7122552 0.03338696 0.7011262
vn -0.7588992 0.355734 0.5454588
vn -0.8338806 0.4755726 0.2801318
vn -0.9080755 0.376 0.1844528
vn -0.9689742 0.1589723 0.1892528
vn -0.7293476 0.02279211 0.6837634
vn -0.7119025 0.3448278 0.6117913
vn -0.7339252 0.3898977 0.5561777
vn -0.8613136 -0.1009352 0.4979469
vn -0.8319234 -0.05199521 0.5524491
vn -0.8604373 0.2621645 0.4369408
vn -0.7363013 0.6557684 0.1668183
vn -0.712156 0.6676462 0.216985
vn -0.7191806 0.6629946 0.2078882
vn -0.9703376 -0.159196 -0.1819383
vn -0.965138 -0.1960436 0.1734232
vn -0.8256519 -0.5611852 0.05805364
vn -0.7582464 -0.5746086 0.3080376
vn -0.7122331 -0.6955401 -0.09459346
vn -0.7105631 -0.5828838 0.3941404
vn -0.7070097 -0.7070097 -0.01657054
vn -0.7149945 -0.4915588 0.4971447
vn -0.7536587 -0.6476755 0.1118712
vn -0.772797 -0.2958363 0.5614854
vn -0.9054363 -0.4244233 -0.007073721
vn -0.8565946 -0.3546837 0.3747601
vn -0.9312355 -0.3273875 0.1600561
vn -0.8776805 -0.1577082 0.452554
vn -0.7687722 -0.1621629 0.6186213
vn -0.749012 -0.3862093 0.5383524
vn -0.7110124 -0.3277322 0.6221358
vn -0.7113637 -0.2667614 0.6502309
vn -0.9518374 -0.07436229 0.2974492
vn -0.7123323 -0.1279972 0.6900719
vn -0.7525637 0.6584932 0.005879404
vn -0.7920423 0.6002195 -0.1113809
vn -0.9195317 0.3376406 -0.2011476
vn -0.9837717 -0.1229715 -0.1306572
vn -0.7226566 0.4685977 -0.5081179
vn -0.7762852 0.1212946 -0.6186023
vn -0.8943399 -0.4331959 -0.1117925
vn -0.787115 -0.2152267 -0.5780376
vn -0.7311898 -0.6055166 -0.3141831
vn -0.738996 -0.4676459 -0.4849661
vn 0.7071068 0 0.7071068
vn 0.7071068 0 0.7071068
vn 0.7071068 0 0.7071068
vn -0.8604373 0.2621645 0.4369408
vn -0.9302758 0.3052467 -0.2034978
vn -0.9935923 -0.1086742 0.03104976
vn -0.8319234 -0.05199521 0.5524491
vn -0.8613136 -0.1009352 0.4979469
vn -0.9703376 -0.159196 -0.1819383
vn -0.7920423 0.6002195 -0.1113809
vn -0.7226566 0.4685977 -0.5081179
vn -0.7208208 0.6645067 -0.1970994
vn -0.7525637 0.6584932 0.005879404
vn -0.7118475 0.6951636 -0.1001035
vn -0.7191806 0.6629946 0.2078882
vn -0.712156 0.6676462 0.216985
vn -0.7119466 0.7008225 -0.04449666
vn -0.7363013 0.6557684 0.1668183
vn -0.7569725 0.6091263 -0.2365539
vn -0.7064926 -0.5740252 -0.4139605
vn -0.7109137 0.6387115 -0.2943627
vn -0.7085679 0.6642824 -0.2380345
vn -0.7066648 -0.6624983 -0.2484369
vn -0.7077442 -0.6082177 0.3594013
vn -0.7082642 -0.6584643 0.2545324
vn -0.7094816 0.4489688 0.5431969
vn -0.7103551 0.6715075 0.2108867
vn -0.9912955 0 0.1316564
vn -0.9912955 0 0.1316564
vn -0.9912955 0 0.1316564
vn -0.9912657 -0.007744263 0.1316525
vn -0.8240249 -0.006437695 -0.5665171
vn -0.8240249 -0.006437695 -0.5665171
vn -0.8240249 -0.006437695 -0.5665171
vn -0.8240249 -0.006437695 -0.5665171
vn 0.7070082 -0.7070082 -0.01670098
vn 0.7070082 -0.7070082 -0.01670098
vn 0.7037118 -0.5762679 -0.4155779
vn 0.7049683 -0.6106025 0.3608105
vn 0.7038847 -0.6650879 -0.249408
vn 0.7054903 -0.66105 0.2555319
vn 0.7070739 -0.7015064 -0.08908017
vn 0.7074139 -0.7018437 -0.08355283
vn 0.7118561 0.6950406 0.100893
vn 0.7118561 0.6950406 0.100893
vn 0.7118561 0.6950406 0.100893
vn -0.7126414 0.7015064 -0.005567511
vn -0.7098634 0.7043176 -0.005545808
vn -0.7103551 0.6715075 0.2108867
vn -0.7109137 0.6387115 -0.2943627
vn -0.7085679 0.6642824 -0.2380345
vn -0.7094816 0.4489688 0.5431969
vn -0.7110124 0.694348 0.1110957
vn -0.7132607 0.6965437 0.07801289
vn -0.8150222 0 0.5794298
vn -0.8150222 0 0.5794298
vn -0.8150222 0 0.5794298
vn -0.8150222 0 0.5794298
vn 0.9765187 -0.007689124 -0.2152955
vn -0.9768716 -0.007631809 -0.2136907
vn -0.9768716 -0.007631809 -0.2136907
vn -0.9768716 -0.007631809 -0.2136907
vn -0.7672377 0 0.6413628
vn -0.8509728 0 0.5252098
vn -0.8298926 -0.01945061 0.557584
vn -0.750388 -0.07621128 0.6565895
vn -0.7118474 -0.1001035 0.6951635
vn -0.7820595 0 0.6232036
vn -0.713438 0.1449171 0.6855693
vn -0.723545 0.3617725 0.5878803
vn -0.8353888 0.274112 0.4764327
vn -0.8479983 0 0.529999
vn -0.921054 0.107936 0.3741782
vn -0.8202095 -0.04485521 0.5703019
vn -0.930743 -0.1090714 0.3490286
vn -0.829422 -0.03887916 0.5572679
vn -0.8458847 -0.2973814 0.4427678
vn -0.832187 -0.04551023 0.5526242
vn -0.7105302 0.3497141 0.6106119
vn -0.7820595 -0.2932723 0.5498856
vn -0.7496669 -0.08785159 0.6559585
vn -0.7464477 0.02915811 0.664805
vn -0.7891468 0.2034519 0.5795297
vn -0.8282232 0.2911722 0.4788165
vn -0.7954148 -0.1615686 0.5841327
vn -0.9249173 0.05780733 0.3757477
vn -0.9356785 -0.08040988 0.3435695
vn -0.7426188 -0.4467317 0.498947
vn -0.7094816 -0.4489688 0.5431969
vn -0.8233427 -0.3280506 0.4631302
vn 0.7126851 0.7014617 -0.005611694
vn 0.7126851 0.7014617 -0.005611694
vn 0.7126851 0.7014617 -0.005611694
vn -0.7078308 -0.6967709 0.1161285
vn -0.7063743 -0.6953372 0.1324452
vn -0.7089917 -0.7034527 0.04985098
vn -0.7264056 -0.6866803 -0.02837522
vn -0.7565096 -0.6501254 -0.07092278
vn -0.9239289 -0.3825643 0
vn -0.9160635 -0.4007778 0.01431349
vn 0.7067125 -0.7011479 -0.09459931
vn 0.7067125 -0.7011479 -0.09459931
vn 0.7067125 -0.7011479 -0.09459931
vn -0.9992379 -0.03903273 0
vn -1 0 0
vn -0.9997255 0 -0.02343106
vn -0.9990248 -0.03121953 -0.03121953
vn -0.9975675 -0.03117399 -0.06234797
vn 0.7098961 -0.7043064 0
vn 0.7098961 -0.7043064 0
vn 0.7098961 -0.7043064 0
vn -0.7210495 0 0.6928836
vn -0.7210037 -0.01126568 0.6928396
vn -0.7118474 -0.1001035 0.6951635
vn -0.713438 0.1449171 0.6855693
vn -0.7210495 0 0.6928836
vn -0.7237647 -0.01696324 0.6898383
vn -0.7238689 0 0.6899376
vn -0.7236838 -0.02261512 0.6897611
vn -0.7584195 0 0.6517668
vn -0.7238227 -0.01130973 0.6898935
vn -0.7238227 -0.01130973 0.6898935
vn -0.7573434 -0.2011693 0.6212583
vn -0.921818 -0.316875 0.2232528
vn -0.9940717 0 0.1087266
vn -0.9436029 0.3243635 -0.06634707
vn -0.8777424 -0.473158 -0.075431
vn -0.9419662 0.1471822 -0.3017235
vn -0.8330503 0 -0.5531974
vn -0.7167748 0.4759833 -0.5095821
vn -0.7873085 0.5412746 -0.2952407
vn -0.7901235 0.345679 -0.5061728
vn -0.9334366 0.3208688 -0.1604344
vn -0.8169621 0.5744265 -0.05106013
vn -0.8461434 0.4891767 -0.2115359
vn -0.8102889 0.1076165 -0.5760648
vn -0.7701904 0 -0.637814
vn -0.7085245 0.2048079 -0.6753124
vn -0.706751 -0.6128857 -0.3533755
vn -0.7064819 -0.4360318 -0.5574583
vn -0.7074847 -0.3869057 -0.591413
vn -0.7066648 0.2484369 -0.6624983
vn -0.718195 -0.549868 -0.4264283
vn -0.7196692 0.2530087 -0.6465778
vn -0.8006728 -0.3878259 -0.4566337
vn -0.7081774 0.4315456 -0.5587962
vn -0.7090896 0.443181 -0.5484365
vn -0.7092528 0.2493467 -0.6593835
vn -0.7103989 0.2275496 -0.6659989
vn -0.7107931 0.4775641 -0.5164356
vn -0.7068803 0.4804577 -0.5191153
vn -0.7087526 0.4761931 -0.5204902
vn -0.7085245 0.2048079 -0.6753124
vn -0.707096 -0.4198383 -0.5689913
vn -0.7161687 -0.4587955 -0.5259364
vn -0.714805 0.2177922 -0.6645452
vn -0.706708 -0.4748194 -0.5245098
vn -0.7169659 0.1848428 -0.6721555
vn -0.7369967 -0.4721385 -0.4836541
vn -0.7247967 -0.2944486 -0.6228722
vn -0.7471213 -0.5720147 -0.3385393
vn -0.7957528 -0.1802877 -0.5781641
vn -0.7183307 0.2132544 -0.6622111
vn -0.7098634 0.4270272 -0.5601265
vn -0.7098306 0.4547352 -0.5379185
vn -0.7161687 0.4587955 -0.5259364
vn -0.8040779 0.3706296 -0.4648575
vn -0.746905 0.4901564 -0.44931
vn -0.721038 0.411217 -0.5576779
vn -0.9680871 -0.2495849 0.02268954
vn -0.9680871 -0.2495849 0.02268954
vn -0.9680871 -0.2495849 0.02268954
vn -0.9680871 -0.2495849 0.02268954
vn -0.9680871 -0.2495849 0.02268954
vn -0.9680871 -0.2495849 0.02268954
vn -0.8885247 0.08329919 0.4512039
vn -0.741136 -0.1737037 0.6484939
vn -0.7777025 -0.3402448 0.5285946
vn -0.8625838 -0.3369468 0.3773804
vn -0.9714828 -0.1517942 0.182153
vn -0.8291088 0.408077 0.3821673
vn -0.7635297 0.2743935 0.5845774
vn -0.7360456 0.07475463 0.6727917
vn -0.7096015 -0.1275065 0.6929702
vn -0.7252503 -0.4362834 0.5326057
vn -0.796816 -0.5353608 0.2801306
vn -0.9398309 -0.3377517 0.051397
vn -0.9891325 0.1468243 0.007727597
vn -0.8539408 0.4803417 0.2001424
vn -0.7470577 0.4844202 0.4552383
vn -0.7128293 0.2450351 0.6571395
vn 0.9401219 -0.2812963 -0.1924659
vn 0.9780232 -0.2079262 -0.01540194
vn 0.9505712 -0.08233294 -0.2993925
vn 0.9094193 -0.02148234 -0.4153253
vn 0.8638456 0.2856812 -0.414918
vn 0.8186565 -0.02578446 -0.5737042
vn 0.8394413 -0.3569278 -0.409806
vn 0.9692397 0.2442179 -0.03052723
vn 0.7492658 -0.5899731 -0.3008863
vn 0.7618873 -0.6239076 0.1739742
vn 0.7397487 -0.4426842 0.506757
vn 0.7163147 -0.2425317 0.6542717
vn 0.7098517 0.01117877 0.7042624
vn 0.8662537 0.4228955 -0.2660149
vn 0.8327556 0.5245704 -0.1770425
vn 0.8870498 0.4400326 -0.1396929
vn -0.7087851 -0.7032477 -0.05537384
vn -0.7104973 -0.6993958 -0.07771064
vn -0.7072687 -0.6243856 -0.3315322
vn -0.7077118 -0.6745378 -0.2101019
vn -0.7069342 -0.7069342 0.02209169
vn -0.7122992 -0.6789103 0.1780748
vn -0.7102239 -0.6602862 0.2441395
vn -0.7111769 -0.6722845 0.2055746
vn -0.7067187 -0.7067187 -0.03312744
vn -0.7140039 -0.6861131 0.1394539
vn -0.7074307 -0.6908503 -0.1492237
vn -0.7094816 -0.7039388 0.03325695
vn -0.7066648 -0.6790607 -0.1987495
vn -0.7091767 -0.7036362 0.04432354
vn -0.7358145 -0.5403638 0.4081471
vn -0.7085245 -0.6753124 0.2048079
vn -0.7168872 -0.4816585 0.5040613
vn -0.7203755 -0.4614905 0.5177699
vn -0.7390453 -0.4792247 0.4734509
vn -0.7208551 -0.4786928 0.5012196
vn -0.7164155 -0.5205206 0.4645506
vn -0.7056869 -0.6615815 -0.2536062
vn -0.7078308 -0.6967709 0.1161285
vn -0.708796 -0.6534213 -0.2657985
vn -0.7073443 -0.5470866 -0.4476163
vn -0.7103989 -0.5272492 -0.4661992
vn -0.7090134 -0.4874467 -0.5096034
vn -0.7243556 -0.5602437 0.4017909
vn -0.7317034 -0.131478 0.6688226
vn -0.7235797 -0.6896619 0.02826483
vn -0.720638 -0.6924881 -0.03377991
vn -0.7171122 -0.6947024 -0.05602439
vn -0.7252969 -0.5666382 0.3909803
vn -0.738996 -0.4849661 0.4676459
vn -0.7317034 -0.131478 0.6688226
vn -0.7147381 -0.5472214 0.4355436
vn -0.7234525 -0.4408539 0.5312855
vn -0.7181837 -0.3703135 0.5891351
vn -0.7089047 -0.4818337 0.5150636
vn -0.7149946 -0.1787487 0.6758934
vn -0.7093182 -0.1994957 0.6760689
vn -0.7096015 -0.02771881 0.7040578
vn -0.727825 -0.1876424 0.6595914
vn -0.7176981 -0.1794245 0.672842
vn -0.7271554 0.1192989 0.6760272
vn -0.7311898 0.05712421 0.679778
vn -0.7254716 0.2210421 0.6517909
vn -0.745068 -0.4598466 0.48313
vn -0.7305585 -0.6563611 0.1883471
vn -0.7762852 -0.6186023 0.1212946
vn -0.7694387 -0.6071352 0.1983709
vn -0.7118475 -0.6951636 0.1001035
vn -0.7405404 -0.6711147 -0.03471283
vn -0.7821179 -0.5621473 -0.268853
vn -0.7717428 -0.5908656 -0.2351404
vn -0.7272258 -0.6817742 0.07954032
vn -0.7320862 -0.6577337 -0.1773021
vn -0.7103004 -0.6825543 -0.1720259
vn -0.7068803 -0.6958354 0.1270176
vn -0.7169546 -0.6889486 -0.106423
vn -0.7181272 -0.6676339 0.1963629
vn -0.8193521 -0.5697058 0.06401188
vn -0.7638014 -0.6086542 0.2148191
vn -0.7873085 -0.5412746 0.2952407
vn -0.7112868 -0.5779205 0.4000988
vn -0.7093182 -0.5652379 0.4211577
vn -0.885776 -0.4359679 0.1591629
vn -0.912936 -0.4065418 0.03566156
vn -0.8097213 -0.5756612 0.1138671
vn -0.813572 -0.5593308 -0.1589008
vn -0.7434201 -0.6156448 -0.2613586
vn -0.7766138 -0.5521239 0.3033648
vn -0.7126083 -0.5678598 0.4119767
vn -0.7094816 -0.5431969 0.4489688
vn -0.7189537 -0.4942807 0.4886638
vn -0.722887 -0.4800421 0.4969848
vn -0.7083183 -0.5312387 0.4648339
vn -0.7245992 -0.2830466 0.6283634
vn -0.749012 -0.1989563 0.6319789
vn -0.7323858 0 0.6808898
vn -0.753907 0.06478889 0.6537787
vn -0.7395015 -0.4275243 0.519962
vn -0.749012 -0.1989563 0.6319789
vn -0.7428564 -0.05223209 0.6674101
vn -0.7287328 -0.4668444 0.5010038
vn -0.7193622 -0.4158813 0.5563817
vn -0.7205809 -0.512288 0.4672517
vn -0.7385531 -0.4500558 0.5019853
vn -0.739872 -0.5144423 0.4335188
vn -0.7146045 -0.6364446 0.2903081
vn -0.7119797 -0.6730433 0.2002443
vn -0.7142706 -0.6752089 0.1841479
vn -0.7125973 -0.08907466 0.6958958
vn -0.7077442 -0.3594013 0.6082177
vn -0.7255648 -0.5498421 0.4137987
vn -0.7288154 -0.5352238 0.4270403
vn -0.7130061 -0.2116737 0.6684433
vn -0.7838025 -0.4041482 0.4715062
vn -0.7896422 -0.5922316 0.1603961
vn -0.7918149 -0.6062332 0.07423265
vn 0.7098961 0 0.7043064
vn 0.7098961 0 0.7043064
vn 0.7098961 0 0.7043064
vn -0.7790842 0 0.6269193
vn -0.7479244 -0.1869811 0.6369044
vn -0.7760569 -0.01212589 0.6305463
vn -0.8330325 -0.006508067 0.5531856
vn -0.9465913 0.1922763 -0.2588336
vn -0.8773506 -0.006854301 -0.4798011
vn -0.892859 0.4324786 -0.1255583
vn -0.7773725 -0.109318 0.6194687
vn -0.7570916 -0.4376936 0.4850118
vn -0.9864851 -0.1233106 -0.1078968
vn -0.8744794 0 -0.4850628
vn -0.7077442 0.07740952 -0.702215
vn -0.7071068 0 -0.7071068
vn -0.707355 0.3094678 -0.6355143
vn -0.903202 -0.1975754 -0.3810384
vn -0.7820595 -0.5498856 0.2932723
vn -0.8589056 -0.0469714 -0.5099753
vn -0.7106178 0.4718946 -0.5218599
vn -0.7077442 0.07740952 -0.702215
vn -0.7071068 0 -0.7071068
vn -0.707355 0.3094678 -0.6355143
vn -0.7106178 0.4718946 -0.5218599
vn -0.9030671 0.4162574 0.1058282
vn -0.7439724 -0.2848019 0.6044775
vn 0.7098851 -0.005589646 0.7042954
vn 0.7098851 -0.005589646 0.7042954
vn 0.7098851 -0.005589646 0.7042954
vn 0.7071068 0 -0.7071068
vn 0.7041011 -0.1275144 -0.698557
vn -0.7908923 -0.1235769 -0.5993481
vn 0.8007559 0 -0.5989906
vn 0.7087787 0.424151 -0.5636744
vn 0.7527322 0.480089 -0.4504539
vn 0.7045885 0.1220547 -0.6990405
vn 0.7706884 -0.006068413 -0.6371834
vn -0.7914817 0.1174856 -0.5997947
vn -0.7862236 0.3746847 -0.4913898
vn -0.7601293 0.55822 -0.3325566
vn 0.707359 0.6071034 -0.3620341
vn 0.7094751 0.6983023 -0.0949691
vn 0.7835626 0.5244316 0.3331684
vn 0.70737 0.6906605 0.1503858
vn 0.7077214 0.5962692 0.3789374
vn -0.7680246 0.62402 0.1440046
vn -0.8160153 0.5737607 -0.07012632
vn 0.7082053 0.4182315 0.5687948
vn -0.773601 0.5318507 0.3444942
vn -0.75137 0.3874251 0.5341771
vn 0.7100958 0.1509653 0.6877306
vn 0.8189119 -0.006448125 0.5738831
vn 0.7071068 0 0.7071068
vn 0.7886982 0.0869431 0.6086017
vn 0.788683 0 0.6148001
vn 0.7882575 -0.09310128 0.6082616
vn 0.7094861 -0.1564221 0.6871401
vn 0.8551073 0 -0.5184509
vn 0.8438585 -0.07309011 -0.5315644
vn 0.9650613 -0.1291814 -0.2279672
vn 0.9796805 0 -0.2005645
vn 0.999876 0 0.01574608
vn 0.999876 0 0.01574608
vn 0.999876 0 0.01574608
vn 0.9413091 -0.1111782 0.318711
vn 0.999876 0 0.01574608
vn 0.999876 0 0.01574608
vn 0.9096291 -0.2864974 -0.3008222
vn 0.880883 -0.3884209 0.2705074
vn 0.7785991 -0.1593982 0.6069395
vn 0.788683 0 0.6148001
vn 0.9600846 0 0.2797097
vn 0.999876 0 0.01574608
vn -0.9433979 0 -0.3316633
vn -0.9081669 0 -0.4186082
vn -0.9081669 0 -0.4186082
vn -0.9719028 0 -0.2353827
vn -0.9963278 0 -0.08562192
vn -0.9995121 0 -0.03123475
vn -0.9997255 0 0.02343106
vn -0.9997255 0 0.02343106
vn -0.9994816 -0.00780845 0.0312338
vn -0.9995121 0 0.03123475
vn -0.9992076 -0.007806309 0.03903155
vn -0.9992379 0 0.03903273
vn 0.717858 0.2769688 0.638724
vn 0.7791997 0.2454172 0.5767305
vn 0.7609977 0.6052029 0.2336922
vn 0.7200931 0.6804029 0.1360806
vn 0.7155071 0 0.6986054
vn 0.7354692 0 0.6775582
vn 0.8128676 0 0.5824485
vn 0.8252148 0.2209236 0.5198203
vn 0.8269449 0.4948647 0.2669665
vn 0.8282981 0.5087185 -0.2347931
vn 0.7439888 0.6033925 -0.2870508
vn 0.7208698 0.6243755 -0.3008355
vn 0.7169423 0.2540347 -0.6491997
vn 0.7826099 0.2280045 -0.5792546
vn 0.828633 0.2022648 -0.5219736
vn 0.8189288 0 -0.573895
vn 0.7383596 0 -0.6744072
vn 0.7155071 0 -0.6986054
vn 0.7184091 -0.1753597 0.673155
vn 0.7211604 0 0.6927682
vn 0.7728544 -0.2616751 0.5781195
vn 0.7075346 -0.1727053 0.68525
vn 0.7630829 -0.1862643 0.6188782
vn 0.7349641 -0.1794007 0.6539444
vn 0.7584692 -0.2866655 0.5852755
vn 0.8331856 -0.3673889 0.4133125
vn 0.8703941 -0.3837958 0.3084073
vn 0.9138346 -0.4029507 0.05036884
vn 0.8591481 -0.2097133 -0.4667813
vn 0.8568377 -0.3778182 -0.3508312
vn 0.9494017 -0.3139754 0.007475604
vn 0.7677256 0 -0.6407788
vn 0.986603 0 0.1631391
vn 0.752534 -0.331826 -0.5688446
vn 0.7184091 -0.1753597 -0.673155
vn 0.7109186 -0.1679335 -0.6829297
vn 0.7036362 -0.04432354 -0.7091767
vn 0.704838 -0.1720471 -0.6881883
vn -0.7133051 0.6910143 0.1170266
vn -0.7133051 0.6910143 0.1170266
vn -0.7133051 0.6910143 0.1170266
vn -0.963851 -0.1807221 0.1957822
vn -0.9306445 0.2399318 -0.2762851
vn -0.9593737 0.2698238 0.08244618
vn -0.9512852 -0.08175107 -0.2972766
vn -0.9947619 -0.01554316 0.1010305
vn -0.8478123 0.2450708 0.4702709
vn -0.874153 -0.4370765 0.2117089
vn -0.9903751 -0.1237969 -0.06189844
vn -0.8613136 -0.1009352 -0.4979469
vn -0.9128663 0.3637201 -0.185426
vn -0.8122442 0.539381 -0.222098
vn -0.9639058 0.2334459 -0.1280187
vn -0.9333125 0.3281177 0.1458301
vn -0.9716507 -0.02277306 0.2353217
vn -0.9907904 -0.06966494 -0.1161082
vn -0.9291476 0.2540638 0.2685817
vn -0.8613136 -0.1009352 -0.4979469
vn -0.8753991 -0.4376996 0.2051717
vn -0.8478123 0.2450708 0.4702709
vn -0.8144775 0.5408639 -0.2099825
vn -0.817295 -0.1277024 0.5618904
vn -0.7612442 0.08920831 0.6422998
vn -0.772797 0.3562111 0.5252604
vn -0.7459405 0.5478001 0.3787979
vn -0.7944183 0.5958138 0.1179215
vn -0.7558235 0.6495358 -0.08266819
vn -0.7636248 0.5786844 -0.2863593
vn 0.7445639 0.463154 -0.4807421
vn -0.8071414 0.2333143 -0.5422981
vn -0.7731352 -0.006040119 -0.6342125
vn -0.7954761 -0.2610156 -0.5468898
vn -0.774677 -0.4902253 -0.3994429
vn -0.8420324 -0.5262702 -0.1184108
vn -0.782688 -0.611475 0.1161802
vn -0.7849807 -0.5274089 0.3250311
vn -0.7553759 -0.4071948 0.5134195
vn 0.8856035 0.3068233 -0.3486628
vn 0.9058037 -0.342351 -0.2496309
vn 0.9287408 -0.1389455 0.3437072
vn 0.8512378 0.4758888 0.2211878
vn 0.8066948 0.2540771 0.5335619
vn 0.7775915 0.5816629 -0.2387879
vn 0.8166907 -0.141474 -0.5594652
vn 0.8324693 -0.4981706 0.2425304
vn -0.71543 0.6986621 0.005589297
vn -0.71543 0.6986621 0.005589297
vn -0.71543 0.6986621 0.005589297
vn -0.978726 0.1835111 0.09175556
vn -0.9862215 0.07704856 -0.1463923
vn -0.8518203 0.4658392 -0.2395745
vn -0.850503 0.2325594 0.4717634
vn -0.9847319 -0.1230915 0.1230915
vn -0.8491732 -0.4710257 0.2388299
vn -0.9557562 -0.2688064 -0.1194695
vn -0.8518203 -0.2395745 -0.4658392
vn -0.9395018 -0.2422153 -0.2422153
vn -0.9343315 -0.2919786 0.204385
vn -0.9433979 0 -0.3316633
vn -0.9969622 0 -0.07788767
vn -0.9956343 0 0.09334071
vn -0.9410747 0 0.3381988
vn -0.7905905 -0.09264733 0.6052959
vn -0.7910132 0 0.6117992
vn -0.7496541 -0.392397 0.5329572
vn -0.7711123 -0.536164 0.3433859
vn -0.7651513 -0.6276631 0.1434659
vn -0.8130304 -0.5780138 -0.0698698
vn -0.7576087 -0.5622877 -0.3314538
vn -0.7844057 -0.3799465 -0.4902535
vn -0.7908923 -0.1235769 -0.5993481
vn -0.8030012 0 -0.5959775
vn -0.7153965 -0.6986294 -0.01117807
vn -0.7153965 -0.6986294 -0.01117807
vn -0.7153965 -0.6986294 -0.01117807
vn 0.7550701 -0.5648162 -0.3329443
vn -0.7077442 -0.6082177 -0.3594013
vn -0.7094816 -0.698396 -0.09422802
vn 0.8108604 -0.5810102 -0.070232
vn -0.7651513 -0.6276631 0.1434659
vn -0.7074307 -0.6908503 0.1492237
vn -0.7908923 -0.1235769 -0.5993481
vn -0.7068803 -0.1270176 -0.6958354
vn -0.7098634 -0.4270272 -0.5601265
vn 0.782031 -0.3817789 -0.492618
vn -0.7531497 -0.4824865 -0.4471827
vn -0.783406 -0.5263509 0.3304994
vn -0.7081448 -0.5974972 0.3762019
vn -0.7731352 -0.006040119 -0.6342125
vn -0.7098743 0 -0.7043284
vn -0.7093182 -0.4211577 0.5652379
vn 0.768653 -0.5386624 0.344986
vn 0.7470717 -0.3941244 0.5353034
vn -0.7122441 -0.1558034 0.6844221
vn -0.8210191 -0.006414211 0.5708648
vn -0.7098743 0 0.7043284
vn -0.7905905 -0.09264733 0.6052959
vn -0.7128513 0.1503671 0.6850056
vn -0.7910283 0.08651871 0.605631
vn -0.7910132 0 0.6117992
vn -0.7110124 -0.694348 -0.1110957
vn -0.7110124 -0.694348 -0.1110957
vn -0.7110124 -0.694348 -0.1110957
vn -0.7101364 0.6879447 0.1497944
vn 0.7921118 0.5987617 0.1185049
vn 0.7433386 0.5501876 0.3804489
vn 0.7532749 0.6524428 -0.08303817
vn -0.7094816 0.698396 -0.09422802
vn -0.7105302 0.3497141 0.6106119
vn 0.7703481 0.3578782 0.5277187
vn 0.7587263 0.08961335 0.645216
vn -0.7115395 0.5614491 0.4224766
vn -0.8143126 0.2544727 0.521669
vn -0.7758146 0.5394336 -0.3272968
vn -0.7110124 0.6221358 -0.3277322
vn -0.7636248 0.5786844 -0.2863593
vn -0.7471595 0.4611375 -0.478649
vn -0.7085571 0.4705262 -0.5258822
vn -0.7095143 0.2161801 -0.6707128
vn -0.8071414 0.2333143 -0.5422981
vn -0.782688 -0.611475 0.1161802
vn -0.7096015 -0.6929702 0.1275065
vn -0.7105302 -0.6106119 0.3497141
vn 0.7826099 -0.5299563 0.326601
vn 0.7528247 -0.409015 0.5157145
vn -0.7083184 -0.4648339 0.5312387
vn -0.7103989 -0.2275496 0.6659989
vn -0.763584 -0.572688 0.298275
vn -0.7121119 0.03894362 0.7009851
vn 0.8151584 -0.1283714 0.5648342
vn -0.7095143 0.2161801 -0.6707128
vn -0.7060303 -0.05515862 -0.7060303
vn -0.7731352 -0.006040119 -0.6342125
vn -0.7132607 -0.3399133 -0.6129584
vn 0.7931769 -0.2623105 -0.5496029
vn 0.7722398 -0.4925309 -0.4013215
vn -0.7093182 -0.5652379 -0.4211577
vn -0.761352 -0.3568838 -0.5412737
vn -0.7123323 -0.6900719 -0.1279972
vn 0.8401022 -0.5291982 -0.1190696
vn -0.7758146 0.5394336 -0.3272968
vn -0.8071414 0.2333143 -0.5422981
vn -0.7062345 0.04965711 -0.7062345
vn -0.7109686 0.1666333 -0.6831964
vn -0.7085571 0.06089162 -0.7030215
vn -0.7264056 0.02837522 -0.6866803
vn -0.7375103 0.04033259 -0.6741304
vn 0.7344722 0.05204921 -0.6766397
vn -0.7237647 0.01696324 -0.6898383
vn -0.7238689 0 -0.6899376
vn -0.7348075 0.0344441 -0.6774006
vn -0.7234525 0.03391184 -0.6895407
vn -0.7150392 0.03351746 -0.6982805
vn -0.7178335 0.03364845 -0.6954013
vn -0.709776 0.01663538 -0.7042309
vn -0.7070637 0.01104787 -0.7070637
vn -0.7070637 0.01104787 -0.7070637
vn -0.9769001 0 0.2136969
vn -0.9769001 0 0.2136969
vn -0.9769001 0 0.2136969
vn -0.7080365 -0.5365589 -0.4591174
vn -0.7072363 -0.6409329 -0.2983653
vn -0.7558235 -0.413341 -0.5078189
vn -0.7067187 -0.5852515 -0.3975293
vn -0.7074307 -0.4034566 -0.5803142
vn -0.9569308 -0.2840888 0.05980817
vn -0.7760569 -0.4971615 -0.3880285
vn -0.8895326 -0.2015347 -0.4100189
vn -0.9950324 -0.06218953 -0.07773691
vn -0.8500528 -0.5246419 0.04648726
vn -0.7455355 -0.658168 -0.1048409
vn -0.7553759 -0.6550525 0.01770412
vn -0.7072363 -0.6409329 -0.2983653
vn -0.7067187 -0.5852515 -0.3975293
vn -0.7074307 -0.4034566 -0.5803142
vn -0.7216566 -0.1465865 -0.6765531
vn -0.8479983 0 -0.529999
vn -0.9932035 0 -0.116391
vn -0.7266982 0 -0.6869569
vn -0.9038096 -0.2612575 0.3389286
vn -0.8179457 -0.3770218 0.4345336
vn -0.8101104 -0.4177132 0.4113842
vn -0.9109224 -0.1067487 0.3985286
vn -0.9356785 -0.08040988 0.3435695
vn -0.9161574 0 0.4008188
vn -0.9752823 0 0.2209624
vn -0.9629505 -0.1354149 0.2332146
vn -0.9284142 -0.2901294 0.2321035
vn -0.8516506 -0.4590929 0.2528338
vn -0.7395508 -0.5546631 0.3813309
vn -0.7376695 -0.4322282 0.5186738
vn -0.778378 -0.4439187 0.4439187
vn -0.8690608 -0.3598455 0.3394769
vn -0.7155753 -0.6820327 0.1509417
vn -0.9187734 0 0.3947854
vn -0.9523377 0 0.3050457
vn -0.9523377 0 0.3050457
vn -0.9764451 -0.03051391 0.2135974
vn -0.9764451 -0.03051391 0.2135974
vn -0.9764451 -0.03051391 0.2135974
vn 0.9176195 0.1806338 -0.3540422
vn 0.8750093 -0.4409496 -0.1998053
vn 0.9128662 -0.1796981 0.3665841
vn 0.8738487 0.433484 0.2201823
vn 0.808098 0.260882 0.528127
vn 0.8108108 0.5235156 -0.2617578
vn 0.8094428 -0.2676897 -0.5226324
vn 0.8039585 -0.5254217 0.2785368
vn 0.7039388 -0.5875395 -0.3990834
vn 0.7070958 -0.7070958 0.005567683
vn 0.7070958 -0.7070958 0.005567683
vn 0.709752 -0.6035687 0.3632589
vn 0.7031831 -0.6699618 -0.2380856
vn 0.7080843 -0.657905 0.2564715
vn 0.7074139 -0.7018437 -0.08355283
vn 0.7074139 -0.7018437 -0.08355283
vn -0.759086 -0.6464092 0.07709467
vn -0.9210302 -0.3813641 -0.07915103
vn -0.9281945 -0.3118153 0.2030425
vn -0.7636111 -0.3997027 0.5070855
vn -0.9323217 -0.05827011 0.3569044
vn -0.7641553 0.08954945 0.6387861
vn -0.9338092 0.2261569 0.2772246
vn -0.7642778 0.5194701 0.3821389
vn -0.9260786 0.3762194 0.02893995
vn -0.7603841 0.6415741 -0.1009885
vn -0.9196266 0.3017525 -0.2514604
vn -0.753724 0.3886389 -0.5299622
vn -0.9150096 0.05003959 -0.4003167
vn -0.7521477 -0.09401847 -0.6522532
vn -0.9160634 -0.2290159 -0.3292103
vn -0.7530845 -0.5177456 -0.4059596
vn -0.7820449 0.378803 -0.4948878
vn -0.7635297 0.1312317 -0.6322981
vn -0.9521006 -0.02231486 0.3049697
vn -0.950865 -0.1560013 0.2674308
vn -0.7100927 -0.194166 0.6768072
vn -0.7093182 -0.4211577 0.5652379
vn -0.7167748 -0.5095821 0.4759833
vn -0.9567971 -0.2018244 0.2092994
vn -0.8667266 -0.3724216 0.3317938
vn -0.8312915 0.4026568 -0.3831734
vn -0.7308084 0.4967213 -0.4681741
vn -0.768689 0.360323 -0.5284737
vn -0.8326095 0.1235905 -0.5398952
vn -0.7266982 0 -0.6869569
vn -0.9987511 -0.03121097 0.03901372
vn -0.7820449 -0.006109726 -0.6231921
vn -0.9975069 -0.007793023 0.0701372
vn -0.7098743 0 0.7043284
vn -0.8922949 -0.1045658 0.4391764
vn -0.8326095 0.1235905 -0.5398952
vn -0.768689 0.360323 -0.5284737
vn -0.7308084 0.4967213 -0.4681741
vn -0.998508 0 0.0546059
vn -0.7266982 0 -0.6869569
vn -0.7100927 0.6768072 0.194166
vn -0.7098306 0.7042851 -0.0110911
vn -0.7123765 0.7012455 -0.02782721
vn -0.7123323 0.6288558 -0.3116454
vn -0.7102239 0.6602862 -0.2441395
vn -0.7119466 0.4560908 0.53396
vn -0.7110124 0.694348 0.1110957
vn -0.7129398 0.6962303 0.08354764
vn 0.7032478 -0.05537384 -0.7087852
vn 0.7055337 -0.06666461 -0.7055337
vn 0.7075346 -0.1727053 -0.68525
vn -0.7070097 -0.01657054 -0.7070097
vn 0.7042309 -0.01663538 -0.709776
vn 0.7069315 -0.02226556 -0.7069315
vn 0.7121471 -0.0392522 -0.7009321
vn 0.7149513 -0.03940677 -0.6980627
vn 0.7235792 -0.03418485 -0.6893944
vn 0.7205912 -0.03971763 -0.6922215
vn 0.7319915 -0.04034599 -0.6801181
vn 0.7211487 -0.005678337 -0.6927571
vn 0.7209743 -0.02270785 -0.6925895
vn 0.734239 -0.05781409 -0.6764249
vn -0.7373267 -0.04608292 -0.6739627
vn 0.8538695 -0.5177004 0.05378706
vn 0.9983918 0.04716812 -0.03144541
vn 0.8280163 0 -0.5607039
vn 0.7342758 -0.3989372 -0.5492615
vn 0.7042309 -0.6487796 -0.2883465
vn 0.7145891 -0.6695756 0.2025607
vn 0.7090879 -0.6979212 0.1005006
vn 0.7047078 -0.5937302 0.3884216
vn 0.7217425 -0.5853502 0.3693957
vn 0.7290308 -0.6716267 0.1320292
vn 0.7758483 -0.4581782 0.433742
vn 0.9220588 -0.355755 -0.1524664
vn 0.9762878 0.02306192 0.2152446
vn 0.9762878 0.02306192 0.2152446
vn 0.9762878 0.02306192 0.2152446
vn 0.9287408 -0.1389455 0.3437072
vn 0.8499596 0.4751742 0.2275482
vn 0.8877429 0.3075645 -0.342515
vn 0.9058037 -0.342351 -0.2496309
vn 0.8174178 -0.1351636 -0.5599633
vn 0.8337778 -0.4989537 0.2363465
vn 0.8039585 0.2532153 0.5380825
vn 0.7798164 0.5833273 -0.2271906
vn 0.9765475 0 0.2153018
vn 0.9765475 0 0.2153018
vn 0.9765475 0 0.2153018
vn 0.9381704 -0.2659381 0.2216151
vn 0.9062647 -0.3924768 -0.1569907
vn 0.961294 0.07569244 -0.2649235
vn 0.9624803 0.219779 0.1591503
vn 0.7733845 0.5419781 -0.3288406
vn 0.8121526 0.2557961 0.5243819
vn 0.7610797 -0.5753043 0.2996376
vn 0.7588347 -0.3585046 -0.5437319
vn 0.7886678 -0.006209983 -0.6147883
vn 0.7886678 -0.006209983 -0.6147883
vn 0.7886678 -0.006209983 -0.6147883
vn -0.7252969 0.3909803 -0.5666382
vn -0.739835 0.1040393 -0.6646954
vn -0.7896272 0.1048724 -0.6045583
vn -0.7925279 0.4581802 -0.4024556
vn -0.9935923 0.03104976 0.1086742
vn -0.9657971 0.03772645 0.2565399
vn -0.9632504 -0.05267776 -0.2633888
vn -0.9987511 -0.03901372 -0.03121097
vn -0.9161574 0 -0.4008188
vn -0.7071068 0 -0.7071068
vn -0.8089931 -0.006320259 -0.5877841
vn -0.9735882 -0.007606158 0.2281847
vn -0.7440602 -0.1220724 0.6568657
vn -0.7413597 0.6081467 -0.2838018
vn -0.7594199 0.6466935 -0.07119562
vn -0.95862 -0.007489218 0.2845903
vn -0.7399462 -0.6127679 0.2774798
vn -0.7289573 -0.6833975 0.03986485
vn -0.9521006 -0.2008337 0.2305869
vn -0.7850398 0.6071792 0.1226625
vn -0.7272258 0.6817742 -0.07954032
vn -0.9342071 0.1824623 -0.3065367
vn -0.9479141 -0.007405579 -0.3184399
vn -0.7570916 -0.6506256 0.05914779
vn -0.7720796 -0.6092191 -0.1809562
vn -0.7227026 -0.4065202 0.5589653
vn -0.7907565 -0.4509783 0.4139116
vn -0.9632504 -0.05267776 -0.2633888
vn -0.9479141 -0.007405579 -0.3184399
vn -0.9342071 0.1824623 -0.3065367
vn -0.7098743 0 0.7043284
vn -0.7709026 -0.1445442 0.6203356
vn -0.9987511 -0.03901372 -0.03121097
vn -0.8627994 0 0.5055465
vn -0.9161574 0 -0.4008188
vn 0.788683 0 -0.6148001
vn 0.788683 0 -0.6148001
vn 0.788683 0 -0.6148001
vn -0.7252852 0.0623292 -0.6856212
vn -0.7219665 0.6035188 -0.3384218
vn -0.7108479 0.6553129 -0.255461
vn -0.7068803 0.1270176 -0.6958354
vn -0.7082642 0.6584643 -0.2545324
vn -0.7502848 0.117232 -0.6506376
vn -0.7231292 0.6666347 -0.1807823
vn -0.7109685 -0.566553 -0.4165831
vn -0.7076576 -0.5639147 -0.4257003
vn -0.7211297 -0.6704252 0.1746486
vn -0.7082642 -0.6584643 0.2545324
vn -0.7502848 -0.117232 0.6506376
vn -0.7096015 -0.1275065 0.6929702
vn -0.7083943 -0.6419823 -0.2933195
vn -0.7139372 -0.6023846 0.3569686
vn -0.726125 -0.03970996 0.686415
vn -0.7093182 0.5652379 0.4211577
vn -0.7158551 0.570447 0.4026684
vn -0.7337804 0.607662 0.303831
vn -0.7808217 0.5612156 0.2745076
vn -0.7295254 0.6839301 -0.005699417
vn -0.7439221 0.6625556 -0.08717837
vn -0.7231292 0.6666347 -0.1807823
vn -0.7082642 0.6584643 -0.2545324
vn -0.7165052 0.5653674 0.4086319
vn -0.7483845 -0.05846754 0.6606832
vn -0.7410614 0.468953 0.4805321
vn -0.7710704 -0.2530074 0.5843267
vn -0.7146045 0.6364446 0.2903081
vn -0.7108479 0.6553129 -0.255461
vn -0.7122331 0.6955401 -0.09459346
vn -0.7219665 0.6035188 -0.3384218
vn -0.7156983 -0.6765586 0.1733332
vn -0.7173711 -0.6893488 0.1008803
vn -0.7317034 -0.6688226 0.131478
vn -0.8231894 -0.09646752 0.5595115
vn -0.7396373 0.58362 0.3351482
vn -0.7243208 0.6620744 -0.1923977
vn -0.7193623 -0.5563818 -0.4158813
vn -0.7205809 -0.4672517 -0.512288
vn -0.7268974 -0.5678886 -0.3861642
vn -0.7331663 -0.5727862 -0.3665832
vn -0.7465619 -0.6649067 0.02333006
vn -0.9012967 -0.05633105 0.4295242
vn -0.7449292 0.6110747 0.2677089
vn -0.7378656 0.6629261 -0.1268207
vn -0.743558 -0.6680404 -0.02904524
vn -0.9401604 -0.04407002 0.3378702
vn -0.7494099 0.6147503 0.2459001
vn -0.743558 0.6680404 -0.02904524
vn -0.775601 -0.6301758 0.03635629
vn -0.9329405 0.1311948 0.3352755
vn -0.7325897 0.6410159 0.2289343
vn -0.7760569 0.6305463 -0.01212589
vn -0.7955223 0.1056553 -0.5966417
vn -0.7378656 0.6629261 -0.1268207
vn -0.7243208 0.6620744 -0.1923977
vn -0.8541499 0.08007655 -0.5138245
vn -0.743558 0.6680404 -0.02904524
vn -0.9111994 0.07118745 -0.4057685
vn -0.7760569 0.6305463 -0.01212589
vn -0.9376848 -0.1098849 -0.3296548
vn -0.7438592 -0.5869514 -0.319627
vn -0.7342994 -0.6367753 -0.2352053
vn -0.7551261 0.1769827 -0.6312382
vn -0.7406892 0.127306 -0.6596763
vn -0.7122331 0.6955401 -0.09459346
vn -0.9113842 0.2492066 -0.3275287
vn -0.7439221 0.6625556 -0.08717837
vn -0.7295254 0.6839301 -0.005699417
vn -0.8727701 0.1022777 -0.4772961
vn -0.7821179 -0.5621473 -0.268853
vn -0.7299523 -0.6101945 -0.3079486
vn -0.7236838 -0.6897611 0.02261512
vn -0.741758 -0.6664231 0.07533479
vn -0.9134937 -0.2497834 0.3211502
vn -0.8749695 -0.1093712 0.4716632
vn 0.9660379 0.1901649 0.1749517
vn 0.9710513 0.1529215 -0.1835058
vn 0.8601328 0.09481778 0.5011798
vn 0.8301717 0.04575749 0.5556267
vn 0.726557 -0.02860461 0.6865106
vn 0.7282633 0.06307792 0.6823884
vn 0.7967747 0.1317502 0.5897388
vn 0.7717264 0.2916761 0.5651225
vn 0.9068884 0.4213104 -0.007140854
vn 0.7539914 0.6471264 0.1128019
vn 0.7142161 0.4892661 0.5005137
vn 0.7070082 0.7070082 -0.01670098
vn 0.710107 0.5815049 0.3969889
vn 0.7093533 -0.03909821 0.7037679
vn 0.8605078 -0.1219617 0.4946226
vn 0.7518742 -0.05328242 0.6571499
vn 0.75475 -0.3625177 0.546748
vn 0.7077653 -0.3510962 0.6130251
vn 0.729608 -0.3964012 0.5572596
vn 0.8292686 -0.4831959 0.280776
vn 0.7470717 -0.6647174 0.005882455
vn 0.7867586 -0.6071051 -0.1115091
vn 0.7137648 -0.6688032 0.2079472
vn 0.7067454 -0.6733559 0.217032
vn 0.7308634 -0.6618055 0.1668901
vn 0.8571303 -0.2699623 0.4386888
vn 0.8265945 0.5597411 0.05857756
vn 0.731057 0.6044173 -0.3165995
vn 0.7122478 0.6954231 -0.09534026
vn 0.8956553 0.4301966 -0.1128385
vn 0.9324884 0.3230669 0.1615334
vn 0.984437 0.1162721 -0.131775
vn 0.9516379 0.0674389 0.2997285
vn 0.967298 -0.1675634 0.190413
vn 0.9043557 -0.3845292 0.1851437
vn 0.7383596 0.4651084 -0.4883638
vn 0.7857943 0.2103701 -0.5816115
vn 0.7732697 -0.1278635 -0.6210513
vn 0.9161381 -0.3462569 -0.2019832
vn 0.7180185 -0.4749098 -0.508832
vn -0.7181385 0.6059293 0.3422379
vn -0.7525637 -0.005879404 0.6584932
vn -0.7525247 -0.0117582 0.6584591
vn -0.713438 -0.6354057 0.295408
vn -0.7120678 -0.6397484 0.2892775
vn -0.7363013 -0.6097496 -0.29337
vn -0.7323498 -0.6179202 -0.2860741
vn -0.8027485 0.02508589 -0.5957899
vn -0.7907716 0.02471161 -0.6116124
vn -0.7272493 0.653388 -0.2102205
vn -0.734082 0.6537918 -0.1835205
vn -0.7466 0.5657828 -0.3499688
vn -0.7822933 -0.1711266 -0.5989432
vn -0.7130062 -0.6684433 -0.2116737
vn -0.7395386 -0.5662092 0.3639916
vn -0.7122992 -0.6789103 0.1780748
vn -0.7284849 -0.5691288 -0.3813163
vn -0.7609348 0.1545649 -0.6301492
vn -0.7111769 0.6722845 -0.2055746
vn -0.7730929 0.1509947 0.6160584
vn -0.7166849 0.5879056 0.3751397
vn -0.7272493 0.653388 -0.2102205
vn -0.7111769 0.6722845 -0.2055746
vn -0.7416708 0.573636 0.3476582
vn -0.7752452 -0.1574717 0.6117169
vn -0.7137929 0.6580278 0.2397898
vn -0.734082 0.6537918 -0.1835205
vn -0.7466 0.5657828 -0.3499688
vn 0.9988859 0 -0.04719146
vn 0.9988859 0 -0.04719146
vn 0.9988859 0 -0.04719146
vn -0.772797 -0.126787 0.62186
vn -0.8916235 -0.1114529 0.4388459
vn -0.7105631 0.6939092 0.1165767
vn -0.7480265 0.6486793 0.140255
vn -0.8954333 -0.3148008 0.3148008
vn -0.7233024 -0.6893976 0.0395556
vn -0.7182402 -0.6957952 0
vn -0.7426814 -0.5918242 -0.3133187
vn -0.7722341 -0.5490102 -0.3197532
vn -0.8637221 0.2226784 -0.4521045
vn -0.8497905 0.3983393 -0.3452274
vn -0.7105631 0.6939092 0.1165767
vn -0.7480265 0.6486793 0.140255
vn -0.7199082 -0.5511797 -0.4218212
vn -0.770065 0.228613 -0.5955971
vn -0.7108479 0.677527 0.188819
vn -0.7811125 0.2318928 -0.5797319
vn -0.712763 0.1948961 -0.6737838
vn -0.7166175 -0.4702802 -0.5150688
vn -0.7068803 -0.5191153 -0.4804577
vn -0.7110124 -0.694348 0.1110957
vn -0.7160342 -0.6936581 0.07831623
vn -0.7138373 0.2063436 -0.6692225
vn -0.8832418 0.2553121 -0.3933186
vn -0.7637334 -0.4594334 -0.4534667
vn -0.7096015 -0.6929702 0.1275065
vn -0.7137596 -0.1115249 0.6914546
vn -0.9042606 0.1200971 -0.4097431
vn -0.7973105 -0.4360292 -0.4173422
vn -0.7090896 -0.6924703 0.1329543
vn -0.7114406 -0.1056045 0.6947662
vn -0.7119797 0.6730433 0.2002443
vn -0.7108479 0.677527 0.188819
vn -0.7162135 0.6714502 0.1902442
vn -0.7571844 -0.1360566 0.6388743
vn -0.7182289 -0.6957842 -0.005611163
vn -0.7558235 -0.5078189 -0.413341
vn -0.7188176 0.685123 0.117931
vn -0.8675624 -0.1491123 0.4744481
vn -0.7692997 -0.6370764 0.04808123
vn -0.7111769 0.6722845 0.2055746
vn -0.8830948 0.006899178 0.4691441
vn -0.7383933 0.6634002 0.1211426
vn -0.7119797 0.6730433 0.2002443
vn -0.7162135 0.6714502 0.1902442
vn -0.7188176 0.685123 0.117931
vn -0.7111769 0.6722845 0.2055746
vn -0.7383933 0.6634002 0.1211426
vn 0.9986079 0.02358916 -0.04717833
vn 0.9986079 0.02358916 -0.04717833
vn 0.9986079 0.02358916 -0.04717833
vn 0.7527322 -0.231154 0.6164106
vn -0.7328178 -0.5839641 0.3492335
vn 0.7708303 -0.5462577 0.3277546
vn -0.790274 -0.1296543 0.5988795
vn -0.7738838 -0.5925047 -0.2237008
vn -0.7105302 -0.3497141 -0.6106119
vn -0.9509963 -0.1783118 0.2526084
vn -0.7732763 -0.5437099 0.3262259
vn -0.790274 -0.1296543 0.5988795
vn -0.8090093 0 0.5877958
vn -0.9523377 0 0.3050457
vn -0.9992379 0 -0.03903273
vn -0.9992379 0 -0.03903273
vn -0.9984168 -0.03120053 -0.04680079
vn -0.9984168 -0.03120053 -0.04680079
vn -0.9984168 -0.03120053 -0.04680079
vn 0.7708303 -0.5462577 0.3277546
vn 0.7301504 -0.58642 0.3507022
vn 0.7047078 -0.5937302 -0.3884216
vn 0.7714416 -0.5952856 -0.2247507
vn -0.7105302 -0.3497141 -0.6106119
vn 0.7216142 -0.1931881 -0.6647942
vn -0.9989032 0 -0.04682359
vn -0.9989032 0 -0.04682359
vn -0.9989032 0 -0.04682359
vn -0.9855489 0 -0.1693912
vn -0.9855489 0 -0.1693912
vn -0.9695857 -0.2272467 -0.09089866
vn -0.7672377 -0.6413628 0
vn -0.7375103 -0.6741304 0.04033259
vn -0.8150222 -0.5794298 0
vn -0.8149561 -0.5793828 0.01273369
vn -0.9989032 0 -0.04682359
vn -0.9989032 0 -0.04682359
vn -0.7103989 -0.6659989 -0.2275496
vn -0.7161687 -0.4587955 -0.5259364
vn -0.707096 -0.4198383 -0.5689913
vn -0.7773582 -0.6073111 -0.163974
vn -0.7471213 -0.5720147 -0.3385393
vn -0.7123323 -0.6900719 -0.1279972
vn -0.7091005 -0.6980208 -0.09971725
vn -0.706708 -0.4748194 -0.5245098
vn -0.707096 -0.7015718 -0.088387
vn -0.7094816 -0.7039388 0.03325695
vn -0.8304514 -0.1427338 0.5384958
vn -0.7484868 -0.5262798 0.4034812
vn -0.78535 -0.1472531 0.6012836
vn -0.8044589 -0.5153564 0.2953872
vn -0.7236838 -0.6897611 0.02261512
vn -0.8114278 -0.5832137 -0.03803568
vn -0.7133051 -0.6910143 0.1170266
vn -0.7238573 -0.5485481 0.41848
vn -0.7531888 -0.2412558 0.6119659
vn -0.7294899 -0.2735587 0.6269053
vn -0.7194873 -0.5339945 0.4440586
vn -0.7752026 -0.04845016 0.6298521
vn -0.78789 -0.01846617 0.615539
vn -0.7446266 -0.07562613 0.6631831
vn -0.7271554 -0.1192989 0.6760272
vn -0.7247967 -0.2944486 0.6228722
vn -0.7108259 -0.5497794 0.4387129
vn -0.7285675 -0.2902886 0.6204208
vn -0.7238689 0 0.6899376
vn -0.7238689 0 0.6899376
vn -0.7295372 0 0.6839412
vn -0.7554942 0 0.6551552
vn -0.7820595 0 0.6232036
vn -0.7997501 -0.02499219 0.5998126
vn -0.8150222 0 0.5794298
vn -0.8569017 0 0.5154799
vn -0.7070637 -0.7070637 0.01104787
vn -0.7069342 -0.7069342 0.02209169
vn -0.7155753 -0.6820327 0.1509417
vn -0.7093182 -0.6760689 0.1994957
vn -0.7395508 -0.5546631 0.3813309
vn -0.722887 -0.4969848 0.4800421
vn -0.7376695 -0.4322282 0.5186738
vn -0.7190557 -0.3932336 0.5729975
vn -0.7243671 -0.4244339 0.5432754
vn -0.7090026 -0.3988139 0.5816037
vn -0.7158103 -0.3690897 0.5927804
vn -0.7299523 -0.3934899 0.5588697
vn -0.7302374 -0.4506934 0.5134481
vn -0.7071068 0 -0.7071068
vn 0.7038955 -0.2771242 -0.6540132
vn -0.7066756 -0.2760451 -0.6514665
vn 0.7043284 0 -0.7098743
vn 0.7647412 -0.006021584 -0.6443095
vn 0.8431143 0 -0.5377343
vn 0.7647412 -0.006021584 -0.6443095
vn 0.8430958 -0.006638549 -0.5377225
vn -0.7126414 -0.005567511 -0.7015064
vn -0.714727 0.04467044 -0.6979756
vn -0.7098743 0 -0.7043284
vn -0.7098634 -0.005545808 -0.7043176
vn -0.721038 -0.00563311 -0.6928725
vn -0.767224 -0.005993938 -0.6413513
vn -0.767224 -0.005993938 -0.6413513
vn -0.7210495 0 -0.6928836
vn -0.7210495 0 -0.6928836
vn -0.7161687 0.1454718 -0.6825983
vn -0.7124758 0.02226487 -0.7013433
vn -0.7098634 -0.005545808 -0.7043176
vn -0.7098306 -0.0110911 -0.7042851
vn -0.7098634 -0.005545808 -0.7043176
vn -0.707096 -0.005524187 -0.707096
vn -0.7098634 -0.005545808 -0.7043176
vn -0.7098634 -0.005545808 -0.7043176
vn -0.7070637 -0.01104787 -0.7070637
vn -0.7238573 -0.005655135 -0.6899265
vn -0.7069342 -0.02209169 -0.7069342
vn -0.7068372 -0.02761083 -0.7068372
vn -0.7068372 -0.02761083 -0.7068372
vn -0.7068372 -0.02761083 -0.7068372
vn -0.718195 -0.0112218 -0.6957514
vn -0.8360479 0 -0.5486564
vn -0.8360301 -0.006531485 -0.5486447
vn -0.9891619 0 -0.1468287
vn -0.9891619 0 -0.1468287
vn -0.9996949 -0.007810117 -0.02343035
vn -0.9997255 0 -0.02343106
vn -0.9992379 0 -0.03903273
vn -0.7186816 0.4716348 0.5109378
vn -0.7186816 0.4716348 0.5109378
vn -0.7186816 0.4716348 0.5109378
vn -0.7238689 0 0.6899376
vn -0.7238689 0 0.6899376
vn -0.7238689 0 0.6899376
vn -0.7238689 0 0.6899376
vn -0.7323858 0 0.6808898
vn -0.7939903 -0.006203049 0.6078988
vn -0.7210495 0 0.6928836
vn -0.7098743 0 0.7043284
vn -0.7098743 0 0.7043284
vn -0.7156648 -0.6653446 0.212463
vn -0.718195 -0.549868 -0.4264283
vn -0.8006728 -0.3878259 -0.4566337
vn -0.8777424 -0.473158 -0.075431
vn -0.921818 -0.316875 0.2232528
vn -0.7573434 -0.2011693 0.6212583
vn -0.7238227 -0.01130973 0.6898935
vn -0.707096 -0.7015718 -0.088387
vn -0.706708 -0.4748194 -0.5245098
vn -0.7369967 -0.4721385 -0.4836541
vn -0.7247967 -0.2944486 -0.6228722
vn -0.7064819 -0.4360318 -0.5574583
vn -0.707096 -0.7015718 -0.088387
vn -0.706751 -0.6128857 -0.3533755
vn -0.7070097 -0.7070097 -0.01657054
vn -0.7091767 -0.7036362 -0.04432354
vn -0.7074847 -0.3869057 -0.591413
vn -0.7119466 -0.7008225 -0.04449666
vn -0.7115505 -0.7004325 -0.05558988
vn -0.7096124 0.5987355 0.3714378
vn -0.7205809 0.6023606 0.3434018
vn -0.7322779 0.6350222 0.2459996
vn -0.7933038 0.5887802 0.1549422
vn -0.8494536 0.5242721 0.0597272
vn -0.9539233 0.2906485 0.07452525
vn -0.9878648 0.1389185 0.06945924
vn -0.9239289 -0.3825643 0
vn -0.9160635 -0.4007778 0.01431349
vn 0.8844646 0 0.4666073
vn 0.7199889 -0.5612512 0.4081827
vn 0.7300659 -0.1494623 0.6668319
vn 0.7558854 0 0.6547039
vn -0.9996949 -0.007810117 0.02343035
vn -0.9997255 0 0.02343106
vn -0.8694818 0.2581274 0.4211552
vn -0.7880095 -0.006156324 0.6156324
vn -0.7191806 0.2078882 0.6629946
vn -0.7210495 0 0.6928836
vn -0.7880095 -0.006156324 0.6156324
vn 0.7377489 0.5344323 0.4124423
vn -0.7571844 0.6388743 0.1360566
vn -0.8114277 0.5705351 0.1267856
vn 0.7894902 -0.6092129 0.07459749
vn 0.7814238 -0.4060943 0.4737766
vn 0.7873027 -0.5951265 0.1611801
vn -0.8912776 -0.02785242 0.4526019
vn -0.8910832 -0.03480794 0.4525032
vn -0.8298926 -0.01945061 0.557584
vn -0.8943399 -0.01397406 0.44717
vn -0.8509728 0 0.5252098
vn -0.8943399 -0.01397406 0.44717
vn -0.8972135 0 0.4415972
vn -0.8972135 0 0.4415972
vn -0.8099157 0.3986304 0.4302677
vn -0.9544799 0 0.298275
vn -0.9544799 0 0.298275
vn -0.745068 0.110596 0.6577553
vn -0.7238689 0 0.6899376
vn -0.7238689 0 0.6899376
vn -0.7135266 0.1895305 0.6745057
vn -0.7880244 0 0.615644
vn -0.7880244 0 0.615644
vn -0.745068 0.2386546 0.6228303
vn -0.8099157 0.3986304 0.4302677
vn -0.7508655 0.1407873 0.6452751
vn -0.7100927 -0.1220472 0.69345
vn -0.7500401 -0.08203563 0.656285
vn -0.7130283 0.2283919 0.6628935
vn -0.745068 0.2386546 0.6228303
vn -0.9544799 0 0.298275
vn -0.8627994 0 0.5055465
vn -0.7126524 0 0.7015172
vn -0.7238689 0 0.6899376
vn -0.7178222 -0.1289837 0.6841743
vn -0.7097433 -0.299423 0.63766
vn -0.7349043 -0.3215207 0.5971098
vn -0.8122442 -0.1459501 0.5647636
vn -0.8360479 0 0.5486564
vn -0.7496669 0 0.6618153
vn -0.7323858 0 0.6808898
vn -0.7880244 0 0.615644
vn 0.7909895 -0.1557066 -0.5916851
vn 0.7937809 -0.231259 -0.5625219
vn 0.7917423 -0.1496206 -0.5922481
vn 0.8679514 0.2802048 0.4100558
vn 0.765088 0.2831428 0.5783343
vn 0.9713921 0.06119005 0.2294627
vn 0.9983611 0.01572222 0.05502778
vn 0.9054122 -0.27804 -0.3208154
vn 0.8963912 -0.3529099 -0.2682115
vn 0.7909895 -0.1557066 -0.5916851
vn 0.7917423 -0.1496206 -0.5922481
vn -0.7238689 0 0.6899376
vn -0.7238689 0 0.6899376
vn -0.7238689 0 0.6899376
vn -0.7238689 0 0.6899376
vn 0.8817106 -0.3957284 -0.2568763
vn 0.7800518 -0.3255334 -0.5343661
vn 0.7531159 -0.5455643 -0.3676629
vn 0.8076566 -0.5659956 -0.165347
vn 0.9600571 0.007559505 -0.2797017
vn 0.8006924 -0.01260933 -0.5989431
vn 0.9464443 -0.305545 -0.1043324
vn 0.8215291 -0.5692485 -0.03234366
vn 0.9091396 -0.3650876 0.2004402
vn 0.8054932 -0.4376302 0.3995754
vn 0.8589516 -0.1082144 0.5004915
vn 0.7770237 -0.1713123 0.6057113
vn 0.7647551 0 0.6443212
vn 0.9149961 0 0.4034628
vn 0.979564 0.0154262 0.2005407
vn 0.9826083 0 0.1856898
vn 0.992824 0.02345254 0.1172627
vn 0.9939483 0.007826365 -0.1095691
vn 0.8579123 -0.4525994 0.2431877
vn 0.8260523 -0.1821218 0.5333566
vn 0.9052281 -0.3920279 0.163939
vn 0.9219859 -0.3847658 -0.04355839
vn 0.9877961 -0.1555584 0.007777922
vn 0.9967915 -0.07848752 0.01569751
vn 0.9997211 0 0.02361546
vn 0.9997211 0 0.02361546
vn -0.8088639 0.5876902 0.01895775
vn -0.9131449 -0.02853578 0.4066348
vn -0.9462808 -0.3178912 -0.05914255
vn -0.7521089 -0.2467857 -0.6110885
vn -0.7406768 -0.6712383 0.02893269
vn -0.7077442 -0.6082177 -0.3594013
vn -0.7752879 -0.575409 0.2604483
vn -0.7261251 -0.3800811 0.5729581
vn -0.7254016 0.2040192 0.6573952
vn -0.7698422 0.03007196 0.6375256
vn -0.7698422 0.03007196 0.6375256
vn -0.7254016 0.2040192 0.6573952
vn -0.8129811 -0.3683821 0.4509504
vn -0.8331737 -0.3710226 0.4100777
vn -0.8040779 -0.3706296 0.4648575
vn -0.8449996 -0.2574608 0.4687107
vn -0.8440621 -0.3824656 0.3758714
vn -0.8129811 -0.3683821 0.4509504
vn -0.7089155 0.6867619 -0.1606137
vn -0.7147715 0.6198409 -0.3238809
vn -0.7155753 0.6820327 0.1509417
vn -0.7261367 0.6126779 0.3120119
vn -0.7475799 0.2686615 0.6074086
vn -0.7475799 0.2686615 0.6074086
vn -0.7376204 -0.2996583 0.6050793
vn -0.7376204 -0.2996583 0.6050793
vn -0.7376204 -0.2996583 0.6050793
vn -0.7376204 -0.2996583 0.6050793
vn -0.7094925 -0.6651492 0.2328022
vn -0.7085679 -0.6642824 0.2380345
vn -0.7164155 -0.6548485 -0.2406708
vn -0.7147382 -0.6588992 -0.2345235
vn -0.7451943 -0.2794479 -0.6054704
vn -0.746397 -0.2740676 -0.6064475
vn -0.7388852 0.2943996 -0.6061168
vn -0.7388852 0.2943996 -0.6061168
vn -0.7811125 -0.5797319 0.2318928
vn -0.7118145 -0.6895703 0.1334652
vn -0.7098306 -0.6266474 -0.321642
vn -0.7968622 -0.6038722 -0.01867646
vn -0.7183986 -0.6117613 0.3311368
vn -0.8180625 -0.1469956 0.5560269
vn -0.7151731 -0.3799357 0.5866655
vn -0.7108479 0.188819 0.677527
vn -0.7173711 -0.2353874 0.655722
vn -0.872831 0.1295609 0.4705105
vn -0.7868175 -0.3380856 0.516349
vn -0.9110147 -0.3843343 -0.1494633
vn -0.7060302 -0.7060302 0.05515861
vn -0.7068372 -0.7068372 0.02761083
vn -0.7245644 -0.4641741 0.5094594
vn -0.7268974 -0.3861642 0.5678886
vn -0.7462447 0.1982212 0.635474
vn -0.7426188 0.3539043 0.5685675
vn -0.7218632 0.659828 0.2086636
vn -0.7173261 0.6949097 0.05043699
vn -0.7112428 0.5445452 -0.4445267
vn -0.7090026 0.3988139 -0.5816037
vn -0.7475799 0.2686615 -0.6074086
vn -0.7322779 0.6807896 0.01716276
vn -0.7104864 0.3774459 0.5939223
vn -0.7530845 -0.2824067 0.5942307
vn -0.740987 -0.6715195 0
vn -0.7081015 -0.4093712 -0.5753325
vn -0.7112428 -0.4445267 -0.5445452
vn -0.7081232 -0.2821428 -0.6472688
vn -0.7737283 -0.4231326 -0.4714907
vn -0.7203185 0.04501991 -0.6921811
vn -0.7475799 0.2686615 -0.6074086
vn -0.7090026 0.3988139 -0.5816037
vn -0.7112428 0.5445452 -0.4445267
vn -0.7203185 0.04501991 -0.6921811
vn -0.8157501 0.5480821 -0.1848184
vn -0.7595804 0.4569351 0.4628693
vn -0.7168759 -0.06160653 0.6944736
vn -0.8506157 -0.4917623 0.1860722
vn -0.9339086 0 0.3575119
vn -0.8744794 0 0.4850628
vn -0.8744794 0 0.4850628
vn -0.9386929 0.007333538 0.3446763
vn -0.9828432 0.007678463 0.1842831
vn -0.9769001 0 0.2136969
vn -0.7308441 -0.3825512 0.5652623
vn -0.7182742 -0.5218711 0.4601444
vn -0.7112758 -0.1389211 0.6890484
vn -0.7976046 -0.2056324 0.567047
vn -0.8228661 -0.5271486 0.2121452
vn -0.7203185 -0.6921811 0.04501991
vn -0.7209581 -0.6533682 0.2309319
vn -0.9800735 0.176107 0.09188189
vn -0.7968622 -0.6038722 -0.01867646
vn -0.8180625 -0.1469956 0.5560269
vn -0.8088316 -0.2780359 -0.5181577
vn -0.7098306 -0.6266474 -0.321642
vn -0.7139261 -0.2231019 -0.6637282
vn -0.9110147 -0.3843343 -0.1494633
vn -0.8818991 0.2135849 -0.4202801
vn -0.872831 0.1295609 0.4705105
vn -0.7741101 0.5987258 0.205623
vn -0.7108479 0.188819 0.677527
vn -0.7335274 0.5444148 0.4068784
vn -0.8180625 -0.1469956 0.5560269
vn -0.9800735 0.176107 0.09188189
vn -0.7811125 -0.5797319 0.2318928
vn -0.7118145 -0.6895703 0.1334652
vn -0.7098306 -0.6266474 -0.321642
vn -0.7968622 -0.6038722 -0.01867646
vn -0.7183986 -0.6117613 0.3311368
vn -0.8180625 -0.1469956 0.5560269
vn -0.7151731 -0.3799357 0.5866655
vn -0.7108479 0.188819 0.677527
vn -0.7173711 -0.2353874 0.655722
vn -0.872831 0.1295609 0.4705105
vn -0.7868175 -0.3380856 0.516349
vn -0.9110147 -0.3843343 -0.1494633
vn -0.9410493 -0.007351948 -0.3381896
vn -0.8715553 -0.006809026 -0.4902498
vn -0.8715553 -0.006809026 -0.4902498
vn -0.9387182 0 -0.3446856
vn -0.990227 -0.007736148 -0.1392507
vn -0.990227 -0.007736148 -0.1392507
vn -0.7245529 -0.6509655 -0.2264228
vn -0.7987996 -0.3619561 -0.4805279
vn -0.7112758 -0.6890484 0.1389211
vn -0.7123323 -0.6288558 0.3116454
vn -0.7183081 -0.3872129 0.5780135
vn -0.7162135 -0.1902442 0.6714502
vn -0.7149945 0.4971447 0.4915588
vn -0.7149945 0.4971447 0.4915588
vn -0.7098634 0.7043176 0.005545808
vn -0.7098634 0.7043176 0.005545808
vn -0.7695082 0.5350487 -0.3486834
vn -0.7695082 0.5350487 -0.3486834
vn -0.7987996 -0.3619561 -0.4805279
vn -0.7245529 -0.6509655 -0.2264228
vn -0.8282925 -0.5435669 0.1358917
vn -0.9305708 -0.3635042 0.0436205
vn -0.9548783 -0.2909395 0.05967989
vn -0.7196692 -0.6690674 0.1855397
vn -0.7446644 -0.6457637 0.168713
vn -0.8397461 -0.5314018 0.1115288
vn -0.9354287 -0.3507858 0.04384822
vn -0.9717907 -0.2353556 -0.01518423
vn -0.7308441 -0.3825512 0.5652623
vn -0.7182742 -0.5218711 0.4601444
vn -0.7112758 -0.1389211 0.6890484
vn -0.7976046 -0.2056324 0.567047
vn -0.8228661 -0.5271486 0.2121452
vn -0.7203185 -0.6921811 0.04501991
vn -0.7209581 -0.6533682 0.2309319
vn -0.9800735 0.176107 0.09188189
vn -0.7968622 -0.6038722 -0.01867646
vn -0.8180625 -0.1469956 0.5560269
vn -0.8088316 -0.2780359 -0.5181577
vn -0.7098306 -0.6266474 -0.321642
vn -0.7139261 -0.2231019 -0.6637282
vn -0.9110147 -0.3843343 -0.1494633
vn -0.8818991 0.2135849 -0.4202801
vn -0.872831 0.1295609 0.4705105
vn -0.7741101 0.5987258 0.205623
vn -0.7108479 0.188819 0.677527
vn -0.7335274 0.5444148 0.4068784
vn -0.8180625 -0.1469956 0.5560269
vn -0.9800735 0.176107 0.09188189
vn 0.9889933 0 0.1479596
vn 0.788683 0 -0.6148001
vn 0.7884398 -0.02483275 -0.6146105
vn 0.7428933 -0.05849554 -0.6668491
vn 0.9731015 -0.01532443 0.2298665
vn 0.9228618 0 0.3851313
vn 0.7677256 0 0.6407788
vn 0.7209743 0.02270785 0.6925895
vn 0.7071068 0 0.7071068
vn 0.7064064 0.04449804 0.7064064
vn 0.7080293 0.07247543 0.7024543
vn 0.740805 0.03499866 0.6708077
vn 0.7082494 0.1115353 0.6970959
vn 0.8223726 -0.1165567 -0.5568822
vn 0.9328658 -0.0146908 0.3599246
vn 0.7584962 0.02986206 0.6509928
vn 0.7481339 0.07068982 0.6597716
vn 0.986127 -0.03105912 0.1630604
vn 0.7827436 -0.0862867 -0.6163335
vn 0.8405805 -0.311081 -0.4434558
vn 0.9031429 -0.1920068 0.3840135
vn 0.8154776 -0.4430547 0.3724228
vn 0.748953 -0.05307541 0.660494
vn 0.7074577 0.2451035 0.6628934
vn 0.755551 -0.541379 -0.3688517
vn 0.7659224 -0.5186561 0.3799458
vn 0.7334182 -0.1154989 0.6698938
vn 0.7316028 -0.05184586 0.6797569
vn 0.7270806 -0.6240299 -0.2862522
vn 0.7270807 -0.1946515 0.6583802
vn 0.7231098 -0.6035405 0.3359329
vn 0.7031831 -0.6256668 -0.3377494
vn -0.7074307 -0.7019039 -0.08290204
vn 0.706319 -0.4449253 0.5505951
vn 0.7123262 0.129004 0.6898907
vn -0.7098743 0 0.7043284
vn -0.7098743 0 0.7043284
vn -0.7096124 -0.1774031 0.6818932
vn -0.7105302 -0.3497141 0.6106119
vn -0.7086982 -0.6035008 0.3654225
vn 0.7055337 -0.7055337 0.06666461
vn -0.7086982 -0.6035008 0.3654225
vn -0.7068803 -0.6958354 -0.1270176
vn -0.7066756 -0.2760451 -0.6514665
vn -0.7066756 -0.2760451 -0.6514665
vn -0.7081231 -0.6140755 -0.3485294
vn -0.7068803 -0.2153776 -0.6737453
vn -0.7083075 -0.7027739 0.06640383
vn 0.7325758 -0.005768314 0.680661
vn 0.7325758 -0.005768314 0.680661
vn 0.7325881 0 0.6806723
vn 0.7325758 -0.005768314 0.680661
vn 0.7325881 0 0.6806723
vn -0.7352438 0 0.6778029
vn 0.7325881 0 0.6806723
vn 0.7325881 0 0.6806723
vn 0.7325881 0 0.6806723
vn -0.7352438 0 0.6778029
vn 0.7325881 0 0.6806723
vn -0.7105631 -0.1165767 0.6939092
vn 0.7126963 0 0.7014728
vn 0.7268544 0 0.6867916
vn 0.9304841 0 0.3663323
vn 0.8728574 0 0.4879754
vn 0.8419278 -0.09944029 0.5303482
vn 0.9035999 -0.2276787 0.3628629
vn 0.7560863 -0.3393458 0.5596229
vn 0.75475 -0.546748 0.3625177
vn 0.7147815 -0.3827176 0.5853329
vn 0.7061334 -0.5170898 0.4837291
vn 0.7318092 -0.2189665 0.645375
vn 0.7826693 0 0.6224378
vn 0.7327221 0.2134702 0.6461801
vn 0.7607928 0.2635818 0.5930589
vn 0.999876 0 0.01574608
vn 0.8975993 0.4311304 0.09188025
vn 0.9050443 0.2209163 0.363443
vn 0.8948545 -0.4368581 0.09159928
vn 0.7211604 -0.6814114 0.1249254
vn 0.7132356 -0.5840669 0.3875059
vn 0.7595808 -0.2691428 0.5921142
vn 1 0 0
vn 1 0 0
vn 1 0 0
vn 0.9995043 0 -0.03148045
vn 0.9995043 0 -0.03148045
vn -0.9995121 0 -0.03123475
vn -0.9995121 0 -0.03123475
vn -0.7090026 0.5816037 -0.3988139
vn -0.7068803 -0.2153776 -0.6737453
vn -0.7090026 0.5816037 -0.3988139
vn 0.7055337 -0.7055337 0.06666461
vn -0.8121135 -0.3997121 0.4250906
vn -0.7992199 -0.4058539 0.4433173
vn -0.7110563 -0.6332845 -0.305532
vn -0.7110563 -0.6332845 -0.305532
vn -0.781127 -0.04882044 -0.6224605
vn -0.7737141 0.6286427 -0.07858033
vn -0.7744926 0.5869202 -0.2359782
vn -0.8079771 0.05049857 -0.5870458
vn -0.7876513 -0.03076763 -0.6153526
vn -0.7696891 0.6373988 -0.03607918
vn -0.7076576 -0.5639147 -0.4257003
vn -0.8033174 -0.5209011 0.2886922
vn -0.7502462 0.3985683 0.5275168
vn -0.7207408 0.4729861 0.5067709
vn -0.7197602 0.399242 0.5679358
vn -0.7211297 -0.6704252 -0.1746486
vn -0.7954761 -0.2610156 0.5468898
vn -0.7110563 0.4944063 0.4999615
vn -0.7207408 0.4729861 0.5067709
vn 0.747667 0.4003256 0.5298428
vn -0.7197602 0.399242 0.5679358
vn -0.7110563 0.4944063 0.4999615
vn -0.798613 0.5740031 -0.1809358
vn -0.7572905 -0.2189043 -0.6152984
vn -0.7089917 0.3821908 -0.5926728
vn -0.7130283 0.2283919 -0.6628935
vn -0.7109137 0.2943627 -0.6387115
vn -0.7094816 0.4489688 -0.5431969
vn -0.7583396 -0.08886793 -0.6457736
vn -0.7294899 0.01139828 -0.6838967
vn -0.7216796 -0.2424392 -0.648384
vn -0.7216108 0.1916779 -0.6652349
vn -0.7085679 0.2380345 -0.6642824
vn -0.7156648 0.2292364 -0.6597534
vn -0.7200107 0.2362535 -0.6525097
vn -0.7168872 0.280034 -0.6384776
vn -0.7849807 0.2269085 -0.5764702
vn -0.7465874 0.6007695 -0.285803
vn -0.830329 0.5059817 -0.23353
vn -0.7091004 0.4985863 -0.4985863
vn -0.7089047 0.4818337 -0.5150636
vn -0.7086548 0.5536366 -0.4373729
vn -0.7081774 0.5587962 -0.4315456
vn -0.7222078 0.3836729 -0.5755093
vn -0.7236145 0.3109281 -0.6162029
vn -0.7236145 0.3109281 -0.6162029
vn -0.7116165 0.4503198 -0.5392718
vn -0.7129398 0.5068557 -0.4845763
vn -0.7108259 0.4387129 -0.5497794
vn -0.7124758 0.4675622 -0.5232244
vn -0.71495 0.4859425 -0.5026992
vn 0.9227644 -0.2688369 -0.2761027
vn 0.9657305 -0.1368752 0.2205211
vn 0.7810248 -0.5288829 0.3320893
vn 0.8189119 -0.006448125 0.5738831
vn 0.965982 0 0.2586094
vn 0.9714774 0 -0.2371323
vn 0.7706884 -0.006068413 -0.6371834
vn 0.7505863 -0.4846305 -0.4491698
vn 0.7052617 -0.5386645 -0.4609191
vn 0.7532749 -0.4151909 -0.5100917
vn 0.9712217 -0.2370699 -0.02294225
vn -0.7071068 -0.7071068 0
vn -0.8584227 -0.4627435 -0.2213121
vn -0.7085571 -0.7030215 -0.06089162
vn -0.8208839 -0.5707709 -0.01923947
vn -0.7082749 -0.6972081 0.110668
vn -0.7227027 -0.5589653 0.4065202
vn -0.7089047 -0.5150636 0.4818337
vn -0.7327337 -0.1488365 0.6640399
vn -0.7100927 -0.194166 0.6768072
vn -0.7098743 0 0.7043284
vn -0.7584195 0 0.6517668
vn -0.7340096 0.5677106 -0.3727393
vn -0.7752025 0.3391511 -0.5329517
vn -0.7115834 0.678228 -0.1834551
vn -0.7119797 0.6730433 -0.2002443
vn -0.7258564 -0.1814641 -0.6634781
vn -0.729111 0.03417708 -0.6835415
vn -0.7085245 0.2048079 -0.6753124
vn -0.7167411 0.3919677 -0.5767525
vn -0.7594199 0.1423912 -0.6348276
vn -0.7107931 0.4775641 -0.5164356
vn -0.7163369 0.3581685 -0.5988129
vn -0.7094925 0.6651492 -0.2328022
vn -0.7210037 -0.214048 -0.6590425
vn -0.7182402 0 -0.6957952
vn -0.7407884 0.02314964 -0.6713395
vn -0.7148942 0.03909577 -0.6981388
vn -0.7154411 0 -0.698673
vn -0.7154411 0 -0.698673
vn 0.942345 -0.02226012 0.3339018
vn 0.9425786 0 0.3339845
vn 0.8521187 0 0.5233485
vn 0.802753 -0.05056712 0.5941637
vn 0.9344806 -0.1103717 0.3384733
vn 0.7637035 -0.102228 0.6374218
vn -0.7098306 -0.6266474 -0.321642
vn -0.9110147 -0.3843343 -0.1494633
vn -0.7811125 -0.5797319 0.2318928
vn -0.7868175 -0.3380856 0.516349
vn -0.872831 0.1295609 0.4705105
vn -0.7173711 -0.2353874 0.655722
vn -0.7108479 0.188819 0.677527
vn -0.7151731 -0.3799357 0.5866655
vn -0.8180625 -0.1469956 0.5560269
vn -0.7183986 -0.6117613 0.3311368
vn -0.7968622 -0.6038722 -0.01867646
vn -0.7118145 -0.6895703 0.1334652
vn -0.7103989 -0.4661992 0.5272492
vn -0.7285911 -0.2504532 0.6375172
vn -0.7299523 -0.1482716 0.667222
vn -0.7087308 -0.415272 0.5703068
vn -0.7119686 -0.3726711 0.5951613
vn -0.7167523 -0.6047598 0.3471769
vn -0.7940056 0 0.6079105
vn -0.7885476 0.11705 0.6037318
vn -0.7570255 0.1064567 0.6446545
vn -0.7321581 -0.09151977 0.6749583
vn -0.7266513 -0.465511 0.5052497
vn -0.7167523 -0.6047598 0.3471769
vn -0.724878 -0.6172789 0.3058079
vn -0.7536064 -0.5652048 0.3355904
vn -0.7098306 -0.6266474 0.321642
vn -0.7067402 -0.7012188 -0.09386393
vn -0.7299523 -0.667222 -0.1482716
vn -0.7061378 -0.6344206 -0.314452
vn -0.7317274 -0.6288282 -0.2629645
vn -0.7173261 -0.6949097 -0.05043699
vn -0.7525507 -0.6526026 0.08818953
vn -0.7966153 -0.603685 0.03111779
vn -0.7749468 -0.62359 0.1029226
vn -0.7224724 -0.6886065 0.06208747
vn -0.7137929 -0.6580278 0.2397898
vn -0.7205581 -0.5854535 0.3715378
vn 0.9254309 0.3789166 0
vn 0.9175476 0.3973632 0.01444957
vn 0.7568915 0.6496156 -0.07151731
vn 0.726557 0.6865106 -0.02860461
vn 0.7089995 0.7034168 0.05024406
vn 0.7077983 0.6966519 0.1170375
vn 0.706319 0.6951959 0.1334776
vn -0.7308441 -0.3825512 0.5652623
vn -0.7182742 -0.5218711 0.4601444
vn -0.7112758 -0.1389211 0.6890484
vn -0.7976046 -0.2056324 0.567047
vn -0.8228661 -0.5271486 0.2121452
vn -0.7203185 -0.6921811 0.04501991
vn -0.7209581 -0.6533682 0.2309319
vn -0.8268913 -0.5620277 -0.01938027
vn -0.8227982 -0.3921148 -0.4113991
vn -0.9995121 0 -0.03123475
vn -0.8210191 -0.006414211 -0.5708648
vn -0.8248628 0.3866544 -0.4124314
vn -0.8298926 0.557584 -0.01945061
vn -0.8376935 0.3926688 0.3795798
vn -0.8390242 -0.006554876 0.5440547
vn -0.8355312 -0.3981829 0.3786001
vn 0.9977447 0.02356877 -0.06285006
vn 0.9997211 0 -0.02361546
vn 0.9992259 0.02360376 -0.03147168
vn 0.9995043 0.03148045 0
vn 1 0 0
vn -0.7603841 0.6415741 -0.1009885
vn -0.753724 0.3886389 -0.5299622
vn -0.7137596 0.5576247 -0.4237948
vn -0.7122331 0.6955401 0.09459346
vn -0.7642778 0.5194701 0.3821389
vn -0.7115396 0.4224766 0.5614492
vn -0.7641553 0.08954945 0.6387861
vn -0.7118474 -0.1001035 0.6951635
vn -0.7636111 -0.3997027 0.5070855
vn -0.7641553 0.08954945 0.6387861
vn -0.7118474 -0.1001035 0.6951635
vn -0.7115395 -0.5614491 0.4224766
vn -0.759086 -0.6464092 0.07709467
vn -0.7094816 -0.698396 -0.09422802
vn -0.7530845 -0.5177456 -0.4059596
vn -0.7098634 -0.4270272 -0.5601265
vn -0.7521477 -0.09401847 -0.6522532
vn -0.7122331 0.09459346 -0.6955401
vn -0.9800735 0.176107 0.09188189
vn -0.7968622 -0.6038722 -0.01867646
vn -0.8180625 -0.1469956 0.5560269
vn -0.8088316 -0.2780359 -0.5181577
vn -0.7098306 -0.6266474 -0.321642
vn -0.7139261 -0.2231019 -0.6637282
vn -0.9110147 -0.3843343 -0.1494633
vn -0.8818991 0.2135849 -0.4202801
vn -0.872831 0.1295609 0.4705105
vn -0.7741101 0.5987258 0.205623
vn -0.7108479 0.188819 0.677527
vn -0.7335274 0.5444148 0.4068784
vn -0.8180625 -0.1469956 0.5560269
vn -0.9800735 0.176107 0.09188189
vn 0.999845 -0.007872796 0.01574559
vn 0.999876 0 0.01574608
vn 0.999876 0 0.01574608
vn 0.999876 0 0.01574608
vn 0.999845 -0.007872796 0.01574559
vn 0.999845 -0.007872796 0.01574559
vn 0.7558854 0 0.6547039
vn 0.9939787 0 0.1095725
vn 0.9228374 0.3124568 0.2252595
vn 0.755698 0.1963625 0.6247897
vn 0.7211487 0.005678337 0.6927571
vn 0.7211487 0.005678337 0.6927571
vn 0.7211139 0.01135612 0.6927236
vn 0.7211604 0 0.6927682
vn 0.7210557 0.01703281 0.6926677
vn 0.8310422 0 -0.5562093
vn 0.9400704 -0.1554447 -0.3034873
vn 0.9404827 -0.3332419 -0.06664837
vn 0.8790243 0.4706587 -0.07613597
vn 0.9302593 -0.3296195 -0.1611473
vn 0.8003584 0.3844241 -0.4600485
vn 0.7860802 -0.3528076 -0.5075479
vn 0.715905 -0.2593042 -0.6482604
vn 0.7176859 0.5481538 -0.4294814
vn 0.702903 -0.2545948 -0.6641603
vn 0.7677256 0 -0.6407788
vn 0.8075261 -0.1144525 -0.578621
vn 0.8414841 -0.4969395 -0.2120275
vn 0.8118041 -0.5816864 -0.05113727
vn 0.7823128 -0.548235 -0.2956773
vn 0.7121135 -0.4822186 -0.5102546
vn 0.7041011 -0.4823369 -0.5211457
vn 0.702215 -0.4865742 -0.5197496
vn 0.7049357 -0.2109257 -0.6771824
vn 0.7061334 -0.4837291 -0.5170898
vn 0.7067235 -0.2337196 -0.6677702
vn 0.7045668 -0.4493694 -0.5492293
vn 0.7054903 -0.2555319 -0.66105
vn 0.703701 -0.4377353 -0.5596362
vn 0.7134719 -0.1910082 -0.6741467
vn 0.7062207 0.3836947 -0.5950049
vn 0.7063736 0.6118196 -0.3559678
vn 0.7054031 0.4332397 -0.5609899
vn 0.7232975 0.2904581 -0.6264782
vn 0.7363587 0.4696461 -0.4870404
vn 0.7057843 0.4723753 -0.5279489
vn 0.711175 -0.2239921 -0.6663765
vn 0.7059588 0.4169048 -0.5725492
vn 0.7049357 -0.2109257 -0.6771824
vn 0.7152688 0.4561951 -0.5294116
vn 0.7115767 -0.4650462 -0.5266788
vn 0.7052617 -0.4609191 -0.5386645
vn 0.7054031 -0.4332397 -0.5609899
vn 0.714725 -0.2194825 -0.6640751
vn 0.7943397 0.17513 -0.5816818
vn 0.7470329 0.5705684 -0.3411646
vn 0.716634 -0.4175663 -0.558636
vn 0.7421573 -0.4967194 -0.4499694
vn 0.7999455 -0.377927 -0.46611
vn 0.8865094 -0.09074505 0.4537252
vn 0.7392471 0.1688045 0.6519345
vn 0.7330638 -0.08081018 0.6753423
vn 0.7597575 -0.2811701 0.5862696
vn 0.8248492 -0.4156721 0.3831977
vn 0.9721602 0.1454413 0.1837153
vn 0.8628084 0.3328946 0.380451
vn 0.7768928 0.3364496 0.5322021
vn 0.7243438 0.4334656 0.5361285
vn 0.7073261 0.1225289 0.6961871
vn 0.7090879 -0.2512516 0.6588376
vn 0.7423347 -0.490993 0.4559221
vn 0.849351 -0.4882097 0.2006341
vn 0.9877961 -0.1555584 0.007777922
vn 0.941309 0.3335347 0.05188318
vn 0.7971985 0.533558 0.2824719
vn -0.910761 0.01423064 -0.4126886
vn -0.8638794 -0.2902095 -0.4116925
vn -0.9518374 0.07436229 -0.2974492
vn -0.9428858 0.2725529 -0.1915237
vn -0.9798725 0.1990366 -0.01531051
vn 0.7063736 0.3559678 0.6118196
vn 0.7101846 0.08388007 0.6990007
vn 0.7110858 0.2071667 0.6718921
vn 0.728359 0.5333652 0.4301333
vn 0.7833688 0.4009368 0.4749559
vn 0.7902082 0.5911006 0.1617749
vn 0.7924818 0.6052814 0.07488017
vn 0.810497 0.574368 0.1148736
vn 0.7251344 0.5481331 0.4168096
vn 0.7768056 0.5504922 0.305829
vn 0.7121134 0.5663264 0.4149323
vn 0.7076335 0.5293322 0.468041
vn 0.7108185 0.5764905 0.4029837
vn 0.7087787 0.5636744 0.424151
vn 0.7875903 0.5395303 0.2976719
vn 0.9144029 0.4032013 0.03600011
vn 0.8143201 0.5578414 -0.1602992
vn 0.7434787 0.6146871 -0.2634373
vn 0.8869632 0.4330057 0.1606311
vn 0.820243 0.5683573 0.06458607
vn 0.7169994 0.6887711 -0.1072676
vn 0.7102402 0.682278 -0.1733657
vn 0.7068329 0.6957017 0.1280091
vn 0.7180989 0.66721 0.1979013
vn 0.7640904 0.6076624 0.2165925
vn 0.7273668 0.6815484 0.08018216
vn 0.7321861 0.6572379 -0.1787226
vn 0.7720543 0.5896793 -0.2370875
vn 0.769796 0.6061385 0.2000257
vn 0.7824316 0.56064 -0.2710787
vn 0.7767911 0.617763 0.1223293
vn 0.7408051 0.6708077 -0.03499867
vn 0.7306336 0.6558443 0.1898497
vn 0.7118561 0.6950406 0.100893
vn 0.7444617 0.4572284 0.4865379
vn 0.7199426 0.5101956 0.4705137
vn 0.7378361 0.4473494 0.5054467
vn 0.7394476 0.5123731 0.4366817
vn 0.7279879 0.4643073 0.5044326
vn 0.7144082 0.6356545 0.2925136
vn 0.7183171 0.4128909 0.559948
vn 0.7119008 0.6726622 0.2017986
vn 0.7142274 0.6748606 0.1855867
vn 0.7472916 0.1941781 0.635492
vn 0.7386968 0.4246053 0.5234859
vn 0.7182252 0.4920125 0.4920125
vn 0.7404525 0.04664268 0.6704884
vn 0.7510455 -0.07096492 0.6564255
vn 0.7472916 0.1941781 0.635492
vn 0.7221389 0.4776352 0.5003797
vn 0.7088559 0.5414096 0.452105
vn 0.7230512 0.2789725 0.6319582
vn 0.7297043 -0.005745703 0.6837386
vn 0.9471811 0 -0.3206991
vn 0.8699242 0 -0.4931854
vn 0.8685398 0.2325224 -0.4376893
vn 0.9013215 0.354851 -0.2483957
vn 0.8018405 0.3725086 -0.4672142
vn 0.7934555 -0.1811828 -0.5810344
vn 0.8105631 0.56165 -0.165942
vn 0.8100683 0.5804427 -0.08292037
vn 0.9287408 0.3583331 -0.09506796
vn 0.8312558 0.5432616 -0.1178158
vn 0.9630613 0.2654106 -0.04549896
vn 0.9906468 0.1170055 -0.07020331
vn 0.951638 0 0.3072217
vn 0.7443081 0.4922983 -0.4512734
vn 0.9227644 -0.2688369 -0.2761027
vn 0.7445256 -0.5745158 -0.3400195
vn 0.9561583 -0.2785658 -0.09034567
vn 0.9361292 -0.2948439 0.1916485
vn 0.9168062 -0.08662736 0.3898231
vn 0.8551073 0 0.5184509
vn 0.8284215 -0.1435061 0.5414093
vn 0.8022244 -0.5179716 0.2968862
vn 0.8092456 -0.5862252 -0.03823207
vn 0.7749379 -0.6101873 -0.1647506
vn 0.7814978 0.5784314 0.233834
vn 0.9123007 0.3807239 -0.1508529
vn 0.7095415 0.6257374 -0.3240426
vn 0.7118002 0.6893813 0.1345134
vn 0.7975914 0.6029038 -0.01884074
vn 0.7181448 0.6107058 0.3336263
vn 0.8166907 0.141474 0.5594652
vn 0.7139452 0.3766482 0.5902697
vn 0.7073261 -0.1949324 0.6794786
vn 0.7155753 0.2310125 0.6592308
vn 0.8703941 -0.1370699 0.4728912
vn 0.7860953 0.3342452 0.519937
vn 0.8166907 0.141474 0.5594652
vn 0.9784005 -0.1848946 0.09244729
vn 0.7285627 -0.5507246 0.4073067
vn 0.7073261 -0.1949324 0.6794786
vn 0.7688502 -0.6053938 0.2058339
vn 0.8703941 -0.1370699 0.4728912
vn 0.8790243 -0.2214864 -0.4222085
vn 0.9123007 0.3807239 -0.1508529
vn 0.7120575 0.2186633 -0.6672035
vn 0.7095415 0.6257374 -0.3240426
vn 0.8080489 0.2735913 -0.5217323
vn 0.7975914 0.6029038 -0.01884074
vn 0.9784005 -0.1848946 0.09244729
vn 0.8166907 0.141474 0.5594652
vn 0.7814978 0.5784314 0.233834
vn 0.9123007 0.3807239 -0.1508529
vn 0.7095415 0.6257374 -0.3240426
vn 0.7118002 0.6893813 0.1345134
vn 0.7975914 0.6029038 -0.01884074
vn 0.7181448 0.6107058 0.3336263
vn 0.8166907 0.141474 0.5594652
vn 0.7139452 0.3766482 0.5902697
vn 0.7073261 -0.1949324 0.6794786
vn 0.7155753 0.2310125 0.6592308
vn 0.8703941 -0.1370699 0.4728912
vn 0.7860953 0.3342452 0.519937
vn 0.8166907 0.141474 0.5594652
vn 0.9784005 -0.1848946 0.09244729
vn 0.7285627 -0.5507246 0.4073067
vn 0.7073261 -0.1949324 0.6794786
vn 0.7688502 -0.6053938 0.2058339
vn 0.8703941 -0.1370699 0.4728912
vn 0.8790243 -0.2214864 -0.4222085
vn 0.9123007 0.3807239 -0.1508529
vn 0.7120575 0.2186633 -0.6672035
vn 0.7095415 0.6257374 -0.3240426
vn 0.8080489 0.2735913 -0.5217323
vn 0.7975914 0.6029038 -0.01884074
vn 0.9784005 -0.1848946 0.09244729
vn 0.8166907 0.141474 0.5594652
vn -0.9239048 -0.007218006 0.3825543
vn -0.9891619 0 0.1468287
vn -0.7701904 0 0.637814
vn -0.7908772 0.01853618 -0.6116941
vn -0.9735882 0.007606158 0.2281847
vn -0.7457379 0.05243469 -0.6641728
vn -0.8250512 0.1095771 -0.5543313
vn -0.9338838 0.007295967 0.3575024
vn -0.9865436 0.02312212 0.1618548
vn -0.7855126 0.07977862 -0.6136817
vn -0.844209 0.3033876 -0.4418906
vn -0.7910132 0 -0.6117992
vn -0.9056402 0.1839582 0.382067
vn -0.8199066 0.4355754 0.3715202
vn -0.750388 -0.07621128 0.6565895
vn -0.7608676 -0.03566567 0.6479263
vn -0.743257 -0.04064687 0.66777
vn -0.7235797 -0.02826483 0.6896619
vn -0.7517456 0.0469841 0.6577774
vn -0.7098743 0 0.7043284
vn -0.7089917 -0.04985098 0.7034527
vn -0.7104973 -0.07771064 0.6993958
vn -0.7105631 -0.1165767 0.6939092
vn -0.7092528 -0.2493467 0.6593835
vn -0.7344687 0.04590429 0.6770883
vn -0.7305584 0.1883471 0.656361
vn -0.7145488 -0.1339779 0.6866367
vn 0.7080622 0.4404482 0.551954
vn -0.736545 0.1093309 0.6674939
vn -0.7707767 0.5118439 0.3793667
vn -0.7282844 0.5974208 0.3356936
vn -0.7101802 0.6990836 -0.08322424
vn -0.7083943 0.619845 -0.3375942
vn -0.7323498 0.6179202 -0.2860741
vn -0.7605049 0.53473 -0.3683695
vn -0.9606697 0 0.2776936
vn -0.9606697 0 0.2776936
vn -0.959994 -0.03749977 0.2774983
vn -0.9623787 -0.06766725 0.2631504
vn -0.9629505 -0.1053227 0.2482607
vn -0.9681424 -0.1058906 0.2269084
vn -0.9606426 -0.1726155 0.2176456
vn -0.9531823 -0.2382956 0.1861684
vn -0.9110147 -0.3843343 0.1494633
vn -0.9103463 -0.3911644 0.1351295
vn 0.8796145 -0.4571225 0.1315959
vn -0.8767535 -0.4589256 0.1438424
vn 0.8128676 0 -0.5824485
vn 0.8158982 0 -0.5781956
vn 0.7381601 0.02324914 -0.6742249
vn 0.8037653 -0.006328861 -0.5949129
vn 0.7727686 0.3407484 -0.5354617
vn 0.731348 0.5701059 -0.374312
vn 0.7568915 0.1430346 -0.637696
vn 0.7231568 -0.1822127 -0.6662152
vn 0.7057516 0.2056127 -0.6779661
vn 0.7135957 0.3596073 -0.6012185
vn -0.7083943 0.619845 -0.3375942
vn -0.7101802 0.6990836 -0.08322424
vn -0.7123323 0.1279972 -0.6900719
vn -0.7323498 0.6179202 -0.2860741
vn -0.7605049 0.53473 -0.3683695
vn -0.844209 0.3033876 -0.4418906
vn -0.7855126 0.07977862 -0.6136817
vn -0.8250512 0.1095771 -0.5543313
vn -0.7086982 0.1051974 -0.6976249
vn -0.7457379 0.05243469 -0.6641728
vn -0.7085571 0.06089162 -0.7030215
vn -0.7908772 0.01853618 -0.6116941
vn -0.70934 0.03879203 -0.7037982
vn -0.7098743 0 -0.7043284
vn -0.7910132 0 -0.6117992
vn -0.7352316 -0.005743997 0.6777916
vn -0.7352438 0 0.6778029
vn 0.7325881 0 0.6806723
vn -0.7352438 0 0.6778029
vn 0.8299059 -0.1306938 -0.5423794
vn 0.7240023 0 -0.6897975
vn 0.9984844 0 0.05503457
vn 0.891497 0.09827526 0.4422387
vn 0.7071068 0 0.7071068
vn 0.7240023 0 -0.6897975
vn 0.8299059 -0.1306938 -0.5423794
vn 0.7604109 -0.1377122 -0.6346737
vn 0.7796548 -0.006139014 -0.6261794
vn 0.9974676 -0.007854076 0.07068668
vn 0.9515311 0.01498474 0.3071872
vn 0.7080842 0.1895659 0.6802069
vn 0.7082053 0.4182315 0.5687948
vn 0.9575979 0.1960436 0.2111239
vn 0.7645333 -0.3672168 -0.5297554
vn 0.9989477 0.02359719 0.03932865
vn 0.7260463 -0.5030872 -0.4687858
vn 0.9512374 0.1498012 0.2696421
vn 0.7778248 -0.3858501 -0.496093
vn 0.716087 0.5074632 0.4792708
vn 0.8672226 0.3687403 0.3345977
vn 0.8270676 -0.4102776 -0.3842283
vn 0.7260463 -0.5030872 -0.4687858
vn 0.7645333 -0.3672168 -0.5297554
vn -0.9998779 0 0.01562309
vn -0.9998779 0 0.01562309
vn -0.9998779 0 0.01562309
vn -0.9998475 -0.007811308 0.01562262
vn -0.8030012 0 -0.5959775
vn 0.7891548 0.1180625 -0.6027403
vn -0.7073659 0.1215785 -0.6963133
vn -0.9255941 0.2603233 -0.2747858
vn -0.7552838 0.477953 -0.4484498
vn -0.7859271 0.5219047 0.331563
vn -0.9672022 0.1284565 0.2191318
vn -0.8210191 -0.006414211 0.5708648
vn -0.9664851 0 0.2567226
vn -0.9719028 0 -0.2353827
vn -0.7731352 -0.006040119 -0.6342125
vn 0.7503635 -0.6558295 -0.08271724
vn 0.7039604 -0.7039604 -0.09423091
vn 0.7046536 -0.6935567 0.1498082
vn -0.7914817 -0.5997947 0.1174856
vn -0.743558 -0.5518594 0.377588
vn 0.7091874 -0.04467322 0.7036033
vn 0.7063736 -0.3559678 0.6118196
vn 0.8108108 -0.2617578 0.5235156
vn 0.7583069 -0.09553473 0.6448594
vn -0.7711263 -0.3614655 0.5241249
vn 0.7065485 -0.5674641 0.4228164
vn 0.7708303 -0.5462577 -0.3277546
vn 0.7057843 -0.6279813 -0.327884
vn -0.7609886 -0.5826319 -0.2853707
vn -0.7451438 -0.4657149 -0.4773577
vn 0.7039279 -0.4766756 -0.5265602
vn 0.7058824 -0.2223252 -0.6725336
vn 0.803717 -0.2404823 -0.5442493
vn 0.7832496 0.6105646 0.1171791
vn 0.7095747 0.6928131 0.1285057
vn 0.7123262 0.6898907 -0.129004
vn -0.8449443 0.5214891 -0.1188203
vn -0.7769715 0.4856072 -0.4006259
vn 0.7604517 0.3532807 -0.5448906
vn 0.7708303 -0.5462577 -0.3277546
vn 0.7058824 -0.2223252 -0.6725336
vn 0.7034527 0.04985098 -0.7089917
vn -0.7731493 0 -0.6342241
vn 0.7118561 0.33631 -0.6165683
vn -0.7967542 0.2552103 -0.5477685
vn 0.7087787 0.5636744 -0.424151
vn 0.7637035 0.5712742 0.3006707
vn 0.803717 -0.2404823 -0.5442493
vn 0.7101846 0.6095285 0.3522963
vn 0.70737 0.4622969 0.5347049
vn -0.7875171 0.5229605 0.3260813
vn -0.7571844 0.4022542 0.5146487
vn 0.7085249 0.2231574 0.6694723
vn -0.8179457 0.1214138 0.5623376
vn -0.9606697 0 0.2776936
vn -0.9992076 -0.007806309 0.03903155
vn -0.9992379 0 0.03903273
vn -0.885967 0 0.4637483
vn -0.8859458 -0.006921452 0.4637372
vn -0.9783543 -0.01528679 0.2063716
vn -0.9986295 -0.02340538 0.04681076
vn -0.9977493 -0.03897458 0.05456441
vn -0.7169771 0.4929218 0.4929218
vn -0.7295372 0 0.6839412
vn -0.7094816 0.09422802 0.698396
vn -0.7210495 0 0.6928836
vn -0.7546535 0.04716584 0.6544261
vn -0.7554942 0 0.6551552
vn -0.802938 -0.01254591 -0.5959305
vn -0.718195 -0.4264283 -0.549868
vn -0.7824394 -0.3239788 -0.5318142
vn -0.7180029 -0.5272834 -0.4543612
vn -0.7068803 -0.5191153 -0.4804577
vn -0.7064925 -0.5298694 -0.4691552
vn -0.7413224 -0.5212423 -0.4227854
vn -0.7461432 -0.5071442 -0.4313641
vn -0.7259498 -0.5217764 -0.4480472
vn -0.706708 -0.5245098 -0.4748194
vn -0.7064925 -0.5298694 -0.4691552
vn -0.7122331 -0.5286105 -0.4618387
vn -0.7158774 -0.5313153 -0.4530162
vn -0.7129398 -0.5068557 -0.4845763
vn -0.7556655 -0.5431346 -0.3660254
vn 0.7062316 0.5838923 -0.4003832
vn 0.7062316 0.4003832 -0.5838923
vn 0.70737 0.5347049 -0.4622969
vn 0.7069753 0.6401745 -0.3006037
vn 0.7551234 0.4102639 -0.5113434
vn -0.8234279 0.5661067 -0.03859818
vn -0.9855489 0 -0.1693912
vn -0.9855489 0 -0.1693912
vn -0.8234279 0.5661067 -0.03859818
vn -0.737131 0.6449896 0.2015592
vn -0.8606125 0.376518 0.3429003
vn -0.9314573 0 0.3638505
vn -0.9314573 0 0.3638505
vn 0.9583337 0.2791996 0.06036748
vn 0.9954128 0.05486527 -0.07837896
vn 0.8893086 0.196068 -0.4131434
vn 0.7759787 0.4949155 -0.3910444
vn 0.8511804 0.5227723 0.04691546
vn 0.7458082 0.6577206 -0.1057051
vn 0.755765 0.6545995 0.01785272
vn 0.7069753 0.6401745 -0.3006037
vn 0.7062316 0.5838923 -0.4003832
vn 0.7062316 0.4003832 -0.5838923
vn 0.7195265 0.1416391 -0.6798676
vn 0.8461215 0 -0.53299
vn 0.9930971 0 -0.1172949
vn 0.7240023 0 -0.6897975
vn 0.7392973 0.5530176 0.3842017
vn 0.8100683 0.4146019 0.4146019
vn 0.8524258 0.456417 0.2550566
vn 0.7368667 0.4293554 0.522189
vn 0.8177905 0.3734791 0.4378721
vn 0.7780729 0.4411122 0.4472388
vn 0.9058037 0.2496309 0.342351
vn 0.9103767 0.1003565 0.401426
vn 0.951638 0 0.3072217
vn 0.9176434 0 0.3974046
vn 0.9149961 0 0.4034628
vn 0.7155753 0.6817686 0.1521302
vn 0.9041722 0.2563008 0.3417344
vn 0.9352912 0.07364497 0.3461314
vn 0.9749061 0 0.2226164
vn 0.963366 0.1289545 0.2351523
vn 0.9293623 0.2853947 0.23417
vn -0.8989598 0.4284105 0.0913006
vn -0.7266514 0.6755587 0.1248932
vn -0.7597275 0.5401188 0.3620577
vn -0.906321 0.2194996 0.3611123
vn -0.7295372 0 0.6839412
vn -0.7154411 0 0.698673
vn -0.7110124 0.1110957 0.694348
vn -0.7353771 0.21257 0.643455
vn 0.7081614 0.5129988 0.4851184
vn -0.7190444 0.3763748 0.5842236
vn -0.7601293 0.3325566 0.55822
vn -0.8443742 0.09235343 0.5277339
vn 0.9304841 0 0.3663323
vn -0.8744794 0 0.4850628
vn 0.7155753 0.5803485 0.3887771
vn -0.7632988 0.262384 0.5903639
vn -0.8234279 0.5661067 -0.03859818
vn -0.9855489 0 -0.1693912
vn -0.9855489 0 -0.1693912
vn -0.8234279 0.5661067 -0.03859818
vn -0.737131 0.6449896 0.2015592
vn -0.8606125 0.376518 0.3429003
vn -0.9314573 0 0.3638505
vn -0.9314573 0 0.3638505
vn -0.917545 -0.1863763 -0.3512477
vn -0.8728716 -0.4364358 0.2182179
vn -0.9151967 0.1715994 0.3646487
vn -0.879232 0.432747 -0.199201
vn -0.8088316 0.5181578 0.2780359
vn -0.8129811 0.260408 -0.520816
vn -0.8102889 -0.5254217 -0.2595457
vn -0.8089446 -0.265435 0.52455
vn -0.9488773 -0.05189173 0.3113503
vn -0.9488773 -0.05189173 0.3113503
vn -0.9488773 -0.05189173 0.3113503
vn -0.9361287 0.1023891 0.3364213
vn -0.7666458 0.09583072 0.6348786
vn -0.8052226 0.04403561 0.5913354
vn -0.9432954 0.01473899 0.3316273
vn -0.8539408 0 0.5203702
vn -0.9433979 0 0.3316633
vn 0.7095415 0.6257374 -0.3240426
vn 0.7118002 0.6893813 0.1345134
vn 0.7814978 0.5784314 0.233834
vn 0.9123007 0.3807239 -0.1508529
vn 0.7860953 0.3342452 0.519937
vn 0.8703941 -0.1370699 0.4728912
vn 0.7155753 0.2310125 0.6592308
vn 0.7073261 -0.1949324 0.6794786
vn 0.7139452 0.3766482 0.5902697
vn 0.8166907 0.141474 0.5594652
vn 0.7181448 0.6107058 0.3336263
vn 0.7975914 0.6029038 -0.01884074
vn 0.7594857 0.6458619 0.07774263
vn 0.7629313 0.396484 0.5106233
vn 0.9292877 0.3073235 0.2048823
vn 0.9317353 0.05135549 0.3594884
vn 0.7612301 -0.095903 0.6413513
vn 0.9312842 -0.2346543 0.278652
vn 0.7593907 -0.5261919 0.3826851
vn 0.9224722 -0.3849687 0.02905424
vn 0.75495 -0.6479492 -0.1010563
vn 0.916472 -0.3103015 -0.252571
vn 0.7494223 -0.3953645 -0.5310867
vn 0.91348 -0.05754204 -0.4027943
vn 0.749984 0.08858079 -0.6554978
vn 0.9164004 0.2236883 -0.3319246
vn 0.7528247 0.5157145 -0.409015
vn 0.9224722 0.3777051 -0.07989917
vn -0.9502098 -0.06681162 0.3043641
vn -0.9502098 -0.06681162 0.3043641
vn -0.9502098 -0.06681162 0.3043641
vn 0.7528247 0.5157145 -0.409015
vn 0.7087787 0.424151 -0.5636744
vn 0.7094751 0.6983023 -0.0949691
vn 0.7594857 0.6458619 0.07774263
vn 0.7110078 0.5598486 0.425485
vn 0.7629313 0.396484 0.5106233
vn 0.709475 0.09496909 0.6983022
vn 0.7612301 -0.095903 0.6413513
vn 0.7612301 -0.095903 0.6413513
vn 0.709475 0.09496909 0.6983022
vn 0.7070958 -0.4287116 0.562336
vn 0.7593907 -0.5261919 0.3826851
vn 0.7067125 -0.7011479 0.09459931
vn 0.75495 -0.6479492 -0.1010563
vn 0.7087787 -0.5636744 -0.424151
vn 0.7494223 -0.3953645 -0.5310867
vn 0.7090878 -0.1005006 -0.6979211
vn 0.749984 0.08858079 -0.6554978
vn 0.987199 0.1165983 -0.1088251
vn 0.7461429 0.1821294 0.6403903
vn 0.7565154 0.4348475 0.4884588
vn 0.9031429 0.1920068 -0.3840135
vn 0.7823128 0.548235 0.2956773
vn 0.7425885 0.2806634 0.6081039
vn 0.7754577 0.1038014 0.6228086
vn 0.8990602 -0.4247529 0.1061882
vn 0.8573843 0.04050634 -0.5130804
vn 0.7033556 -0.3156793 -0.6368968
vn 0.7046536 -0.08322681 -0.7046536
vn 0.8728574 0 -0.4879754
vn 0.7766749 0 0.6299017
vn 0.7736714 0.006091901 0.6335577
vn 0.8886988 -0.4408506 -0.1259573
vn 0.7059807 -0.4780656 -0.5225369
vn 0.7043284 0 -0.7098743
vn 0.8310244 -0.006543499 0.5561974
vn 0.9444272 -0.2007837 -0.2602752
vn 0.875758 -0.006895732 -0.4827012
vn 0.7059807 -0.4780656 -0.5225369
vn 0.7033556 -0.3156793 -0.6368968
vn 0.7046536 -0.08322681 -0.7046536
vn 0.7043284 0 -0.7098743
vn -0.7755155 -0.3816991 0.5028734
vn -0.7755155 -0.3816991 0.5028734
vn -0.7755155 -0.3816991 0.5028734
vn -0.9306445 0.1308719 0.3417211
vn -0.9092432 0.3338628 -0.2486212
vn -0.887307 -0.3119439 -0.3396722
vn -0.8491171 -0.4776284 0.2255467
vn -0.7794308 -0.5845731 -0.2253042
vn -0.8048882 -0.2578157 0.5344961
vn -0.8384659 0.4912886 0.2358185
vn -0.8202264 0.1281604 -0.5574976
vn -0.8910832 -0.4246569 -0.1601165
vn -0.8910832 -0.4246569 -0.1601165
vn -0.8910832 -0.4246569 -0.1601165
vn -0.940846 0.2572626 0.2205108
vn -0.9614282 -0.2253347 0.1577343
vn -0.9612926 -0.08261109 -0.2628534
vn -0.9100241 0.3839164 -0.1564104
vn -0.7629598 0.3516768 -0.5424167
vn -0.7661924 0.5686584 0.2992939
vn -0.8129811 -0.260408 0.520816
vn -0.7732763 -0.5437099 -0.3262259
vn -0.9211494 0.3670204 -0.1295366
vn -0.9211494 0.3670204 -0.1295366
vn -0.9211494 0.3670204 -0.1295366
vn 0.999876 0 0.01574608
vn 0.999876 0 0.01574608
vn 0.999876 0 0.01574608
vn 0.999845 -0.007872796 0.01574559
vn -0.7634074 0.3101343 -0.5665914
vn 0.7223959 0.1877092 -0.6655143
vn 0.7070301 0.5901197 -0.3897016
vn 0.774232 0.5913425 -0.2255636
vn 0.7733845 0.5419781 0.3288406
vn 0.7326124 0.5826287 0.3518847
vn 0.7537524 0.2255322 0.617246
vn 0.7885613 0.1241829 0.6022869
vn 0.7529438 0 0.6580848
vn 0.8068087 0 0.5908127
vn 0.7879388 -0.1302891 0.6018115
vn 0.7527322 -0.231154 0.6164106
vn -0.7884728 0.3018372 0.5359151
vn -0.7884728 0.3018372 0.5359151
vn -0.7884728 0.3018372 0.5359151
vn 0.7239553 0.6783518 0.1254096
vn 0.7155753 0.5803485 0.3887771
vn 0.7081614 0.5129988 0.4851184
vn 0.7572009 0.5425613 0.3636949
vn 0.9988859 0 -0.04719146
vn 0.9988859 0 -0.04719146
vn 0.8158982 0.5781956 0
vn 0.8158309 0.5781479 0.01284773
vn 0.7677256 0.6407788 0
vn 0.7377489 0.6738494 0.04066333
vn 0.9707959 0.2216778 -0.09172875
vn 0.9853254 0 -0.1706863
vn 0.9853254 0 -0.1706863
vn -0.797682 -0.2368118 0.5546383
vn -0.7672377 0 0.6413628
vn -0.7672377 0 0.6413628
vn -0.7949237 -0.235993 0.5589308
vn -0.8165963 -0.542271 0.1977694
vn -0.8214417 -0.5390711 0.1861079
vn -0.8089931 -0.5877841 -0.006320259
vn -0.8089931 -0.5877841 -0.006320259
vn -0.7715324 -0.5665941 -0.2893247
vn -0.798613 -0.5740031 -0.1809358
vn -0.8014728 -0.5697971 -0.1815837
vn -0.7459405 -0.5478001 -0.3787979
vn -0.7203755 -0.5177699 -0.4614905
vn -0.7185004 -0.5164222 -0.4659026
vn -0.7107931 -0.5164356 -0.4775641
vn -0.7089047 -0.5150636 -0.4818337
vn -0.7070097 -0.5136867 -0.4860692
vn -0.7070097 -0.5136867 -0.4860692
vn -0.9279749 -0.2247439 0.297242
vn -0.962651 0 0.2707455
vn -0.962651 0 0.2707455
vn -0.8573629 -0.4219833 0.2947185
vn -0.7433824 -0.6272289 0.232307
vn -0.7142706 -0.6752089 0.1841479
vn -0.7244135 -0.6847972 0.07923273
vn -0.7641689 -0.6447675 0.01791021
vn -0.9222247 -0.3458343 -0.1729171
vn -0.9222247 -0.3458343 -0.1729171
vn -0.9606697 0 -0.2776936
vn -0.9606697 0 -0.2776936
vn 0.7145439 0.3657114 0.596391
vn 0.7289107 0.3902829 0.5624665
vn 0.7294395 0.4480022 0.5169256
vn 0.7179152 0.3900484 0.5765933
vn 0.7077983 0.3956982 0.5851876
vn 0.723403 0.4215105 0.5468243
vn 0.7368667 0.4293554 0.522189
vn 0.722209 0.4947416 0.4833682
vn 0.7392973 0.5530176 0.3842017
vn 0.7092205 0.6757141 0.2010389
vn 0.7155753 0.6817686 0.1521302
vn 0.7070629 0.7070629 0.01113485
vn 0.7069315 0.7069315 0.02226556
vn -0.7071068 0 -0.7071068
vn -0.7071068 0 -0.7071068
vn -0.7077442 0.2709333 -0.6524517
vn -0.7077442 0.2709333 -0.6524517
vn -0.845018 0 -0.5347379
vn -0.845018 0 -0.5347379
vn -0.7672377 0 -0.6413628
vn -0.767224 -0.005993938 -0.6413513
vn 0.7856589 -0.006186291 0.618629
vn 0.7183285 0 0.695704
vn 0.7183171 -0.00565604 0.695693
vn 0.8662537 -0.2660149 0.4228955
vn 0.9996902 -0.007871577 0.02361473
vn 0.7856589 -0.006186291 0.618629
vn 0.9262919 -0.3646819 0.09481728
vn 0.7517689 -0.645219 0.1361471
vn 0.7354568 -0.5385629 0.4111609
vn 0.7113088 -0.4592703 0.5320814
vn 0.9499328 0.05983828 -0.3066712
vn 0.9499328 0.05983828 -0.3066712
vn 0.952494 0.05249967 -0.2999981
vn 0.9503316 0.05238048 -0.3067999
vn 0.9477348 0.05969983 -0.3134241
vn 0.9472864 0.06713053 -0.3132758
vn 0.9472864 0.06713053 -0.3132758
vn 0.9472864 0.06713053 -0.3132758
vn -0.9697805 -0.1439518 -0.1969867
vn -0.9161574 0 -0.4008188
vn -0.9161574 0 -0.4008188
vn -0.9574392 -0.1495999 -0.2468398
vn -0.9777547 -0.2062451 0.03819354
vn -0.9826115 -0.1612097 0.09211983
vn -0.9984776 -0.05460424 0.007800606
vn -0.7122552 -0.6343523 0.3004827
vn -0.7071068 -0.7071068 0
vn -0.707096 -0.707096 -0.005524187
vn -0.7197261 -0.3261259 0.6128917
vn -0.7169546 0.4985075 0.4873051
vn -0.7169546 0.4985075 0.4873051
vn -0.7098743 0.7043284 0
vn -0.7098634 0.7043176 -0.005545808
vn 0.7211604 0 0.6927682
vn 0.7211604 0 0.6927682
vn 0.7211604 0 0.6927682
vn 0.7211604 0 0.6927682
vn 0.8291803 0.1371085 0.5419052
vn 0.8551073 0 0.5184509
vn 0.8128676 0 0.5824485
vn 0.7975914 0.01884074 0.6029038
vn 0.7796695 0 0.6261912
vn 0.7778248 0.6063359 -0.1653643
vn 0.7123262 0.6898907 -0.129004
vn 0.7470329 0.5705684 -0.3411646
vn 0.7238141 0.6896182 0.0227973
vn 0.8122689 0.5820194 -0.03837491
vn 0.8048459 0.5133269 0.2978564
vn 0.7482118 0.5243374 0.4065087
vn 0.7836819 0.1419266 0.6047309
vn 0.7856138 0.01237187 0.6185935
vn 0.7516899 0.2367527 0.615557
vn 0.7729833 0.04260538 0.6329942
vn 0.7423347 0.07014187 0.6663477
vn 0.7279401 0.2693952 0.6304994
vn 0.723403 0.5468243 0.4215105
vn 0.7133143 0.6908477 0.1179496
vn 0.7249454 0.1141646 0.6792795
vn 0.7529438 0 0.6580848
vn 0.7268544 0 0.6867916
vn 0.7211604 0 0.6927682
vn 0.7250872 0.1427337 0.673703
vn 0.7232975 0.2904581 0.6264782
vn 0.7189268 0.532119 0.4472064
vn 0.7195265 0.4589106 0.5212318
vn 0.7110858 0.6718921 0.2071667
vn 0.7100736 0.6597534 0.2460098
vn 0.716087 0.4792708 0.5074632
vn 0.7354568 0.5385629 0.4111609
vn 0.7084146 0.6749462 0.2063885
vn 0.7102402 0.5480593 0.4418029
vn 0.7087896 0.7032086 -0.05581021
vn 0.7069315 0.7069315 0.02226556
vn 0.7122478 0.6785983 0.179464
vn 0.7105069 0.6993178 -0.07832359
vn 0.7069424 0.6234453 -0.3339886
vn 0.7075895 0.6741601 -0.2117197
vn 0.7384595 0.4768006 0.4768006
vn 0.7140016 0.6858913 0.1405515
vn 0.7067125 0.7067125 -0.03338799
vn 0.7091874 0.7036033 0.04467322
vn 0.7086021 0.6528066 -0.2678181
vn 0.7065485 0.6787317 -0.2002815
vn 0.7094973 0.7039107 0.03351955
vn 0.70737 0.6906605 -0.1503858
vn 0.7097188 0.5253037 -0.4694203
vn 0.7081614 0.4851184 -0.5129988
vn 0.7067125 0.5453373 -0.4507379
vn 0.7054903 0.66105 -0.2555319
vn 0.7077983 0.6966519 0.1170375
vn 0.7157685 0.5185094 0.4677857
vn 0.7200815 0.4762744 0.5046241
vn 0.7295719 0.1263825 0.6721253
vn 0.7239553 0.5586426 0.4047309
vn 0.7141822 0.5454777 0.4386316
vn 0.7080293 0.4794529 0.5184782
vn 0.7282633 -0.06307792 0.6823884
vn 0.7249336 0.5651057 0.3938615
vn 0.7259039 0.1829049 0.6630303
vn 0.7239553 -0.1254096 0.6783518
vn 0.7156775 0.1746929 0.6762307
vn 0.7069315 0.02226556 0.7069315
vn 0.7073261 0.1949324 0.6794786
vn 0.7129545 0.1740283 0.6792716
vn 0.7169423 0.3669389 0.5927476
vn 0.7225479 0.4380803 0.5347993
vn 0.7384345 0.4825989 0.47097
vn 0.7295719 0.1263825 0.6721253
vn 0.7171823 0.6945938 -0.05647105
vn 0.7207421 0.6923664 -0.03405081
vn 0.7237084 0.6895174 0.02849246
vn -0.7071068 0 -0.7071068
vn -0.7071068 0 -0.7071068
vn -0.7071068 0 -0.7071068
vn 0.9996902 -0.007871577 0.02361473
vn 0.9996902 -0.007871577 0.02361473
vn -0.9996949 -0.007810117 0.02343035
vn -0.9996949 -0.007810117 0.02343035
vn -0.9996949 -0.007810117 0.02343035
vn 0.9997211 0 0.02361546
vn 0.9997211 0 0.02361546
vn 0.9997211 0 0.02361546
vn -0.707096 -0.005524187 -0.707096
vn -0.707096 -0.005524187 -0.707096
vn -0.707096 -0.005524187 -0.707096
vn 0.7077983 0.5851876 0.3956982
vn 0.7077983 0.5851876 0.3956982
vn 0.7091874 0.5360786 0.4579005
vn 0.7091874 0.5360786 0.4579005
vn 0.7080622 0.3400929 0.6188576
vn 0.7082053 0.1672926 0.6858997
vn 0.7071068 0 0.7071068
vn 0.7071068 0 0.7071068
vn -0.8451469 -0.5084087 0.1650677
vn -0.9714547 -0.2352742 -0.03035796
vn -0.9390212 -0.3374608 0.06602493
vn -0.7498856 -0.609282 0.2577732
vn -0.7472104 -0.612946 0.2568536
vn -0.7349407 -0.6143645 0.2870862
vn -0.9338092 -0.3355877 0.1240215
vn -0.976644 -0.2136409 0.02289009
vn 0.7518742 -0.05328242 0.6571499
vn 0.7529438 0 0.6580848
vn 0.7183285 0 0.695704
vn 0.7063299 -0.1001097 0.7007682
vn 0.7268544 0 0.6867916
vn 0.7122478 -0.4991343 0.493526
vn -0.885967 0 0.4637483
vn -0.7584195 0 0.6517668
vn -0.7333468 0.1432318 0.6645955
vn -0.7249827 0.5550649 0.4078028
vn 0.8958112 0.007053631 0.4443788
vn 0.8958335 0 0.4443898
vn 0.8491232 0 0.5281948
vn 0.827946 0.01303852 0.5606563
vn 0.8899853 0.02102328 0.4555043
vn 0.8958112 0.007053631 0.4443788
vn 0.8898324 0.02802622 0.455426
vn 0.998855 0.007865 0.04719
vn 0.997991 0.03143279 0.05500738
vn 0.9781103 0.007701655 0.2079447
vn 0.9600846 0 0.2797097
vn 0.8844646 0 0.4666073
vn 0.8844646 0 0.4666073
vn 0.999226 0 0.03933961
vn -0.8435487 -0.5206277 0.1318045
vn -0.9717907 -0.2353556 -0.01518423
vn -0.9371068 -0.3440939 0.05856917
vn -0.7462447 -0.635474 0.1982212
vn -0.7498727 -0.6327052 0.1933266
vn -0.7408255 -0.636647 0.2141449
vn -0.9374334 -0.3368901 0.08788438
vn -0.9768716 -0.2136907 0.007631809
vn 0.8056553 -0.4059995 0.4313745
vn 0.7419672 -0.1168452 0.6601756
vn 0.9538094 0 0.3004124
vn 0.9538094 0 0.3004124
vn 0.710007 -0.1956712 0.6764634
vn 0.7211604 0 0.6927682
vn 0.7211604 0 0.6927682
vn 0.7414107 -0.2451909 0.6246532
vn 0.7856739 0 0.6186408
vn 0.7856739 0 0.6186408
vn 0.8056553 -0.4059995 0.4313745
vn 0.747654 -0.147176 0.6475744
vn 0.7077983 0.1170375 0.6966519
vn 0.7478096 0.07654744 0.6594856
vn 0.7093533 -0.2345893 0.6646696
vn 0.7414107 -0.2451909 0.6246532
vn 0.7856739 0 0.6186408
vn 0.7297164 0 0.68375
vn 0.7470847 0 0.6647289
vn 0.8340655 0 0.5516654
vn 0.8108108 0.1404554 0.568206
vn 0.7336017 0.3177015 0.6007447
vn 0.7081503 0.2955273 0.6412385
vn 0.715598 0.1239619 0.6874249
vn 0.7211604 0 0.6927682
vn 0.7098961 0 0.7043064
vn 0.8610615 0 0.5085009
vn 0.9538094 0 0.3004124
vn 0.9996902 -0.007871577 0.02361473
vn 0.9997211 0 0.02361546
vn -0.9997255 0 0.02343106
vn -0.9996949 -0.007810117 0.02343035
vn 0.9996902 -0.007871577 0.02361473
vn 0.9996902 -0.007871577 0.02361473
vn 0.7211487 -0.005678337 0.6927571
vn 0.7211487 -0.005678337 0.6927571
vn 0.7211604 0 0.6927682
vn 0.7211604 0 0.6927682
vn 0.9886336 0.05449162 0.1401213
vn 0.9727589 0.03063808 -0.2297856
vn 0.9727589 0.03063808 -0.2297856
vn 0.9811705 0.05408026 0.185418
vn 0.9503316 0.05238048 0.3067999
vn 0.9481309 0.05225918 0.3135551
vn 0.9462343 -0.0819573 0.3129279
vn 0.9481309 0.05225918 0.3135551
vn 0.9477348 0.05969983 0.3134241
vn 0.9477348 0.05969983 0.3134241
vn 0.9374289 0.1845332 0.2952532
vn 0.9503316 0.05238048 0.3067999
vn 0.8652881 -0.4292374 0.2589051
vn 0.8652881 -0.4292374 0.2589051
vn 0.9299351 -0.2123474 0.3002153
vn 0.8947434 0.04931657 0.4438491
vn 0.9506777 0.04491391 0.3069117
vn 0.9503316 0.05238048 0.3067999
vn 0.908488 0.05007415 0.4149
vn 0.9112903 0.3085471 0.2726696
vn 0.8414841 0.4969395 0.2120275
vn 0.8442499 0.4919252 0.2127244
vn 0.7849382 0.04326431 0.6180616
vn 0.7849382 0.04326431 0.6180616
vn -0.9880121 0 -0.1543769
vn -0.9880121 0 -0.1543769
vn -0.9877473 -0.02315033 -0.1543355
vn -0.9643707 -0.2486268 -0.09040975
vn -0.9326929 -0.3570465 -0.05100664
vn -0.8351755 -0.5480839 0.04567366
vn -0.9664851 0 0.2567226
vn -0.9664851 0 0.2567226
vn -0.9689742 -0.1892528 0.1589723
vn -0.9510488 -0.3046328 0.05201048
vn -0.9213642 -0.3887005 0
vn -0.9339086 -0.3575119 0
vn -0.9330894 -0.3426188 -0.1093464
vn -0.9118465 -0.320571 -0.2564568
vn -0.8912128 -0.139252 -0.4316812
vn -0.8912128 -0.139252 -0.4316812
vn -0.8744794 0 -0.4850628
vn -0.8744794 0 -0.4850628
vn -0.9997255 0 0.02343106
vn -0.9997255 0 0.02343106
vn -0.9997255 0 0.02343106
vn -0.9997255 0 0.02343106
vn -0.9997255 0 0.02343106
vn -0.9996949 -0.007810117 0.02343035
vn 0.9997211 0 0.02361546
vn -0.9997255 0 0.02343106
vn 0.8098212 0.5866421 -0.006376545
vn 0.8098212 0.5866421 -0.006376545
vn 0.8172993 0.5405759 0.1994983
vn 0.8222002 0.5373434 0.1877465
vn 0.796571 0.2320719 0.5582269
vn 0.7937809 0.231259 0.5625219
vn 0.7647551 0 0.6443212
vn 0.7647551 0 0.6443212
vn 0.7173996 0.5253398 -0.4575541
vn 0.7409437 0.519244 -0.4258968
vn 0.7057843 0.5279489 -0.4723753
vn 0.7061334 0.5170898 -0.4837291
vn 0.7062425 0.5116088 -0.4893649
vn 0.7062425 0.5116088 -0.4893649
vn 0.7081614 0.5129988 -0.4851184
vn 0.7100736 0.5143841 -0.4808373
vn 0.717858 0.5143707 -0.4691513
vn 0.7197576 0.5157319 -0.4647254
vn 0.7457311 0.5460865 -0.3816734
vn 0.7717264 0.5651225 -0.2916761
vn 0.8020963 0.5684147 -0.1831558
vn 0.7992164 0.5726669 -0.1824982
vn 0.7816014 0.3200257 -0.5354277
vn 0.755551 0.541379 -0.3688517
vn 0.712203 0.5047108 -0.4878871
vn 0.7171823 0.4235328 -0.5534163
vn 0.7152688 0.5294116 -0.4561951
vn 0.7115767 0.5266788 -0.4650462
vn 0.7057843 0.5279489 -0.4723753
vn 0.7059806 0.5225368 -0.4780656
vn 0.7254064 0.5197794 -0.4512371
vn 0.7457569 0.5050007 -0.4345355
vn 0.8007401 0.00630504 -0.5989788
vn -0.7098306 -0.5379185 0.4547352
vn -0.7082642 -0.5865313 0.3928652
vn -0.7082642 -0.5865313 0.3928652
vn -0.7098306 -0.5379185 0.4547352
vn -0.7094816 -0.3436552 0.6152536
vn -0.7103004 -0.1720259 0.6825543
vn -0.7098743 0 0.7043284
vn -0.7098743 0 0.7043284
vn -0.8856276 0.3874621 -0.2560017
vn -0.8127353 0.5587556 -0.1650869
vn -0.7580869 0.5389524 -0.3671983
vn -0.7839789 0.3184914 -0.5328606
vn -0.9605616 -0.01500877 -0.2776623
vn -0.8029854 0.006273323 -0.5959657
vn -0.9927254 -0.03102267 0.116335
vn -0.9797289 -0.0229624 0.1990074
vn -0.8613136 0.1009352 0.4979469
vn -0.9127038 0.3565249 0.199654
vn -0.9493209 0.2966628 -0.103832
vn -0.9939517 -0.0155305 -0.1087135
vn -0.9828722 0 0.1842885
vn -0.9161574 0 0.4008188
vn -0.7672377 0 0.6413628
vn -0.7802268 0.1645791 0.6034567
vn -0.8099157 0.4302677 0.3986304
vn -0.8266155 0.5618402 -0.03228967
vn -0.7149611 -0.1563977 0.6814473
vn -0.750388 -0.07621128 0.6565895
vn -0.7422192 -0.1101732 0.661039
vn -0.8298926 -0.01945061 0.557584
vn -0.7317034 -0.131478 0.6688226
vn -0.7169771 0.4929218 0.4929218
vn -0.7328178 0.1717542 0.6583909
vn -0.7451943 0.1397239 0.652045
vn -0.7110672 0.06666255 0.6999568
vn -0.7094816 0.09422802 0.698396
vn -0.7546535 0.04716584 0.6544261
vn -0.9713429 -0.06829754 0.2276585
vn -0.766261 -0.2873479 0.5746958
vn -0.8679612 -0.2847998 0.4068568
vn -0.9982346 -0.02339612 0.05459096
vn -0.9084413 0.2696935 -0.3193739
vn -0.899959 0.3445156 -0.2671753
vn -0.7972023 0.2242131 -0.5605329
vn -0.7940514 0.1488846 -0.589335
vn -0.7940514 0.1488846 -0.589335
vn -0.7947704 0.1428103 -0.5898687
vn -0.7947704 0.1428103 -0.5898687
vn 0.7218474 -0.210302 0.6593251
vn 0.7672211 -0.03624666 0.6403578
vn 0.7249926 0.3767678 0.5765689
vn 0.7755735 0.5740466 0.2625957
vn 0.7409437 0.6709333 0.02917101
vn 0.803717 0.3670519 0.4683076
vn 0.9477348 0.3134241 -0.05969983
vn 0.8445299 0.252694 0.4721387
vn 0.8442872 0.3789321 0.3789321
vn 0.8127179 0.3647631 0.454354
vn 0.707359 0.6071034 -0.3620341
vn 0.7506257 0.242328 -0.6146855
vn 0.8036366 -0.5948176 0.01898354
vn 0.9121125 0.02154596 0.4093733
vn 0.7672211 -0.03624666 0.6403578
vn 0.8127179 0.3647631 0.454354
vn 0.8331856 0.3673889 0.4133125
vn 0.7218474 -0.210302 0.6593251
vn -0.9475504 -0.07402737 -0.310915
vn -0.9475504 -0.07402737 -0.310915
vn -0.9475504 -0.07402737 -0.310915
vn -0.9480441 -0.06665935 -0.3110769
vn -0.9502098 -0.06681162 -0.3043641
vn -0.9506552 -0.05941595 -0.3045067
vn -0.9527861 -0.05954913 -0.2977457
vn -0.9502098 -0.06681162 -0.3043641
vn 0.7362474 0.2956584 0.6087084
vn 0.7362474 0.2956584 0.6087084
vn 0.7437974 -0.2752636 0.6090939
vn 0.7437974 -0.2752636 0.6090939
vn 0.7209046 -0.6187292 0.3122028
vn 0.7100958 -0.6877306 0.1509652
vn 0.7034419 -0.6923641 -0.1606285
vn 0.7095415 -0.6257374 -0.3240426
vn 0.7349763 -0.3009351 -0.6076576
vn 0.7349763 -0.3009351 -0.6076576
vn 0.7437974 0.2752636 -0.6090939
vn 0.7449866 0.2698377 -0.6100677
vn 0.7163147 0.6542717 -0.2425317
vn 0.7146344 0.658364 -0.2363358
vn 0.7093533 0.6646696 0.2345893
vn 0.7084147 0.6637901 0.2398569
vn 0.7362474 0.2956584 0.6087084
vn 0.7362474 0.2956584 0.6087084
vn -0.9501314 -0.3117618 0.007422901
vn -0.9868075 0 0.1618981
vn -0.7295372 0 0.6839412
vn -0.7295372 0 0.6839412
vn -0.8958061 -0.05598788 0.4409046
vn -0.9093808 -0.0568363 0.4120632
vn -0.7870703 -0.0491919 0.6148987
vn -0.7870703 -0.0491919 0.6148987
vn -0.8406511 -0.4991366 0.2101628
vn -0.8434021 -0.494181 0.2108505
vn -0.9104844 -0.312979 0.2703001
vn -0.9370314 -0.1903345 0.2928223
vn -0.9506552 -0.05941595 0.3045067
vn -0.9506552 -0.05941595 0.3045067
vn -0.9510488 -0.05201048 0.3046328
vn -0.9506552 -0.05941595 0.3045067
vn -0.9323217 0.2039454 0.2986343
vn -0.9475504 0.07402737 0.310915
vn -0.8694818 0.4211552 0.2581274
vn -0.8694818 0.4211552 0.2581274
vn -0.9480441 -0.06665935 0.3110769
vn -0.9883655 -0.06177284 0.1389889
vn -0.9480441 -0.06665935 0.3110769
vn -0.9484865 -0.05928041 0.3112221
vn -0.981023 -0.06131394 0.1839418
vn -0.9484865 -0.05928041 0.3112221
vn -0.9729131 -0.03800442 -0.2280265
vn -0.9729131 -0.03800442 -0.2280265
vn 0.9149961 0 -0.4034628
vn 0.9149961 0 -0.4034628
vn 0.9703708 0.1375329 -0.1986586
vn 0.9578701 0.1433034 -0.2488954
vn 0.9789526 0.2004155 0.03854144
vn 0.9835508 0.1548899 0.09293394
vn 0.998855 0.04719 0.007865
vn -0.7208551 -0.4786928 0.5012196
vn -0.7164155 -0.5205206 0.4645506
vn -0.7317034 -0.131478 0.6688226
vn -0.7328178 0.1717542 0.6583909
vn -0.7390453 -0.4792247 0.4734509
vn -0.7451943 0.1397239 0.652045
vn -0.7203755 -0.4614905 0.5177699
vn -0.7110672 0.06666255 0.6999568
vn -0.7168872 -0.4816585 0.5040613
vn -0.7498213 -0.2284612 0.6209458
vn -0.7358145 -0.5403638 0.4081471
vn -0.8309411 -0.1817684 0.5258299
vn -0.7100927 0.6768072 -0.194166
vn -0.7093182 0.6760689 -0.1994957
vn -0.7093182 0.6760689 -0.1994957
vn -0.7103551 0.6715075 -0.2108867
vn -0.7108259 -0.5497794 0.4387129
vn -0.7358145 -0.5403638 0.4081471
vn -0.8309411 -0.1817684 0.5258299
vn 0.9765475 0 -0.2153018
vn 0.9765475 0 -0.2153018
vn 0.9765475 0 -0.2153018
vn 0.9765475 0 -0.2153018
vn 0.7647551 0 0.6443212
vn 0.7481339 0.07068982 0.6597716
vn 0.827946 0.01303852 0.5606563
vn 0.8491232 0 0.5281948
vn -0.9998475 -0.007811308 0.01562262
vn -0.9998475 -0.007811308 0.01562262
vn -0.9428858 0.1031281 0.3167507
vn -0.9664851 0.1208106 -0.2265199
vn -0.8847598 0.3801702 0.2695753
vn -0.9126806 0.2780824 -0.2994733
vn -0.8461435 0.06610496 -0.5288397
vn -0.8569017 0 -0.5154799
vn -0.9799873 0 -0.1990599
vn -0.9998779 0 0.01562309
vn -0.9998779 0 0.01562309
vn -0.9998475 -0.007811308 0.01562262
vn -0.9606697 0 0.2776936
vn -0.7910132 0 0.6117992
vn -0.7817386 0.1526833 0.6046259
vn -0.9998779 0 0.01562309
vn -0.7186363 -0.25826 -0.6456499
vn -0.7838759 -0.2327132 -0.5756589
vn -0.7439724 -0.6044775 -0.2848019
vn -0.721038 -0.6252752 -0.2985548
vn -0.7200449 -0.6806674 0.1350084
vn -0.7182402 0 -0.6957952
vn -0.740987 0 -0.6715195
vn -0.8210359 0 -0.5708765
vn -0.8295614 -0.2073904 -0.5184759
vn -0.8275997 -0.5107842 -0.2327624
vn -0.7607601 -0.6062307 0.2317941
vn -0.7194532 -0.2810364 0.6351423
vn -0.7804153 -0.2499768 0.5731175
vn -0.7381109 0 0.6746795
vn -0.8150222 0 0.5794298
vn -0.8260816 -0.2258817 0.516301
vn -0.8263397 -0.497095 0.2646869
vn 0.7155071 0 0.6986054
vn 0.9646157 0.1746942 0.1974804
vn 0.9511307 0.07489219 -0.2995687
vn 0.9567822 -0.2787476 0.0828709
vn 0.9947713 0.007832845 0.101827
vn 0.9092562 -0.3722939 -0.1861469
vn 0.7891548 -0.6027403 0.1180625
vn 0.9263905 -0.2625989 0.2698933
vn 0.7503635 -0.6558295 -0.08271724
vn 0.7584692 -0.5852755 -0.2866655
vn 0.7425377 -0.4677403 -0.4794338
vn 0.803717 -0.2404823 -0.5442493
vn 0.7707025 0 -0.6371951
vn 0.7944641 0.2564805 -0.5504948
vn -0.7769715 0.4856072 -0.4006259
vn 0.84304 0.5244107 -0.119486
vn 0.9616247 -0.2422991 -0.1287214
vn 0.7832496 0.6105646 0.1171791
vn 0.7851632 0.5255029 0.3276666
vn 0.7546434 0.404061 0.5169604
vn 0.8158141 0.1220509 0.5652885
vn 0.7583069 -0.09553473 0.6448594
vn 0.7686671 -0.3631498 0.5265672
vn 0.7409437 -0.5542492 0.3792232
vn 0.9911596 0.06243525 -0.1170661
vn 0.8601328 0.09481778 -0.5011798
vn 0.876425 0.434762 0.2070295
vn 0.9713637 0.01529707 0.2371045
vn 0.8445299 -0.252694 0.4721387
vn 0.9300848 -0.3368811 0.1464701
vn 0.8094921 -0.54816 -0.2103405
vn 0.9911596 0.1170661 -0.06243525
vn 0.9279966 -0.24844 -0.2776683
vn 0.807265 -0.5466518 -0.2224746
vn 0.8601328 0.09481778 -0.5011798
vn 0.8751548 0.4341319 0.2136205
vn 0.8445299 -0.252694 0.4721387
vn 0.8601328 0.09481778 0.5011798
vn 0.9710513 0.1529215 -0.1835058
vn 0.9943138 0.1017802 0.03131697
vn 0.8301717 0.04575749 0.5556267
vn 0.8571303 -0.2699623 0.4386888
vn 0.9271803 -0.3139272 -0.2044177
vn 0.7516899 -0.615557 -0.2367527
vn 0.7308634 -0.6618055 0.1668901
vn 0.7064064 -0.7064064 -0.04449804
vn 0.7067454 -0.6733559 0.217032
vn 0.7063299 -0.7007683 -0.1001097
vn 0.7137648 -0.6688032 0.2079472
vn 0.7470717 -0.6647174 0.005882455
vn 0.7153937 -0.6703295 -0.1971557
vn 0.7867586 -0.6071051 -0.1115091
vn 0.7180185 -0.4749098 -0.508832
vn 0.7100736 0.1230049 0.6933002
vn 0.7095415 0.3240426 0.6257374
vn 0.7096523 0.2626272 0.6537741
vn 0.7210906 0.1533027 0.6756676
vn 0.7178235 0.09608661 0.6895627
vn 0.7089995 0.05024406 0.7034168
vn 0.7460398 0.05286896 0.6637992
vn 0.7670392 0.1570316 0.6220869
vn 0.7481209 0.3828965 0.5419459
vn 0.8428172 0.02654543 0.5375448
vn 0.8770308 0.1519266 0.4557798
vn 0.8568377 0.3508312 0.3778182
vn 0.7583069 0.5732084 0.3104879
vn 0.7044801 -0.6046325 0.3716548
vn 0.7269378 -0.6410789 0.2461285
vn 0.7154049 -0.6083758 0.3436197
vn 0.7880753 -0.5957105 0.1551329
vn 0.8446046 -0.5320344 0.05985387
vn 0.9511307 -0.2995687 0.07489219
vn 0.9865733 -0.1475976 0.06991464
vn 0.9254309 0.3789166 0
vn 0.9175476 0.3973632 0.01444957
vn -0.7947857 0.6022986 0.07451116
vn -0.7925279 0.5882043 0.1609822
vn -0.7857347 0.3990059 0.4726685
vn -0.7132054 0.2841678 0.6407705
vn -0.7115395 0.6059204 0.3557698
vn -0.7089047 -0.5150636 0.4818337
vn -0.7089047 -0.5150636 0.4818337
vn -0.7306654 -0.5023325 -0.4623742
vn -0.7287328 -0.5010038 -0.4668444
vn -0.7496156 0.3396695 -0.568068
vn -0.7306298 0.6393011 -0.2397379
vn 0.9656469 0.2433126 -0.09124222
vn 0.8361962 0.5464904 0.04608955
vn 0.9341772 0.3530748 -0.05149008
vn 0.9877065 0.01555443 -0.1555443
vn 0.9878259 0 -0.1555631
vn 0.9878259 0 -0.1555631
vn 0.7297646 0.3792477 0.5688716
vn 0.7090547 0.1339946 0.6923054
vn 0.7176516 0.5198736 0.4633656
vn 0.7963361 0.2006516 0.570603
vn 0.8235821 0.5252768 0.2140016
vn 0.7204173 0.6920545 0.04538062
vn 0.7209047 0.6527877 0.232733
vn 0.7070739 0.7015064 -0.08908017
vn 0.7363587 0.4696461 -0.4870404
vn 0.7057843 0.4723753 -0.5279489
vn 0.7232975 0.2904581 -0.6264782
vn 0.7054031 0.4332397 -0.5609899
vn 0.7070739 0.7015064 -0.08908017
vn 0.7063736 0.6118196 -0.3559678
vn 0.7070082 0.7070082 -0.01670098
vn 0.7091874 0.7036033 -0.04467322
vn 0.7062207 0.3836947 -0.5950049
vn 0.7176859 0.5481538 -0.4294814
vn 0.7119792 0.7007669 -0.04484908
vn 0.7115767 0.7003708 -0.05602966
vn 0.715598 0.6648864 0.214116
vn 0.7211487 0.005678337 0.6927571
vn 0.755698 0.1963625 0.6247897
vn 0.9228374 0.3124568 0.2252595
vn 0.8790243 0.4706587 -0.07613597
vn 0.8003584 0.3844241 -0.4600485
vn 0.8275768 0.03258177 0.5604063
vn 0.8304025 0.03923161 0.5557812
vn 0.7857943 -0.2103701 0.5816115
vn 0.7437081 -0.03513582 0.6675805
vn 0.8183166 0.03866063 0.573466
vn 0.7474598 0.08239714 0.6591771
vn 0.781069 0.289057 0.5535135
vn 0.8461028 -0.006662227 0.5329781
vn 0.7796548 -0.006139014 0.6261794
vn 0.822994 0.3240134 0.4665793
vn 0.9352912 0.07364497 0.3461314
vn 0.7939051 0.1562805 0.5876148
vn 0.9234471 -0.06544112 0.3781043
vn 0.8245884 -0.2986698 0.4804689
vn 0.8456525 0.292982 0.4461316
vn 0.7419292 0.4439892 0.5024087
vn 0.7084808 0.4462871 0.5467017
vn 0.7098851 -0.005589646 0.7042954
vn 0.7100958 -0.1509653 0.6877306
vn 0.7063736 -0.3559678 0.6118196
vn 0.7193419 -0.3681671 0.5890673
vn 0.8318797 -0.2816601 0.4781671
vn 0.9192045 -0.1158053 0.3763672
vn 0.9304841 0.102573 0.351679
vn 0.7098851 -0.005589646 0.7042954
vn 0.7140355 -0.4778978 0.5116317
vn 0.7169423 -0.2540347 0.6491997
vn 0.7183285 0 0.695704
vn 0.7100958 -0.1509653 0.6877306
vn 0.7183285 0 0.695704
vn 0.7297646 0.3792477 0.5688716
vn 0.7090547 0.1339946 0.6923054
vn 0.7176516 0.5198736 0.4633656
vn 0.7963361 0.2006516 0.570603
vn 0.8235821 0.5252768 0.2140016
vn 0.7204173 0.6920545 0.04538062
vn 0.7209047 0.6527877 0.232733
vn 0.7069315 -0.02226556 -0.7069315
vn 0.7067125 -0.03338799 -0.7067125
vn 0.7042309 -0.01663538 -0.709776
vn 0.7070629 0.01113485 -0.7070629
vn 0.7177662 0.03956192 -0.6951594
vn 0.7082494 0.1115353 -0.6970959
vn 0.7052291 0.1443776 -0.6941231
vn 0.7164971 0.2256684 -0.66008
vn 0.8728574 0 -0.4879754
vn 0.8728574 0 -0.4879754
vn 0.8906197 0.1332423 -0.4347907
vn 0.8906197 0.1332423 -0.4347907
vn 0.9127247 0.3162196 -0.2587251
vn 0.9344806 0.3384733 -0.1103717
vn 0.935418 0.3535438 0
vn 0.9228618 0.3851313 0
vn 0.952494 0.2999981 0.05249967
vn 0.9698896 0.1832862 0.1603754
vn 0.965982 0 0.2586094
vn 0.965982 0 0.2586094
vn 0.9402251 0 0.340554
vn 0.788683 0 0.6148001
vn 0.7886982 0.0869431 0.6086017
vn 0.9853848 -0.08534829 -0.1474198
vn 0.9353927 0.2872466 0.2062283
vn 0.7487969 0.3891385 0.5365395
vn 0.7711571 0.5343451 0.3461099
vn 0.7655466 0.6269042 0.1446702
vn 0.8138685 0.5767573 -0.07049255
vn 0.9403023 0.2369266 -0.2443305
vn -0.7601293 0.55822 -0.3325566
vn 0.783861 0.3765002 -0.4937707
vn 0.7891548 0.1180625 -0.6027403
vn 0.9425786 0 -0.3339845
vn 0.8007559 0 -0.5989906
vn 0.9969144 0 -0.07849719
vn 0.9955656 0 0.09406919
vn 0.9570267 0.2637475 -0.1205703
vn 0.9854144 0.1163875 0.1241467
vn 0.9769809 -0.1923191 0.09231316
vn 0.8473071 -0.4736913 -0.2401815
vn 0.8513334 0.2346194 -0.4692389
vn 0.8473071 -0.2401815 0.4736913
vn 0.8499786 0.4684921 0.2409388
vn 0.9988859 0 -0.04719146
vn 0.9988859 0 -0.04719146
vn 0.998855 -0.007865 -0.04719
vn 0.9984844 0 -0.05503457
vn 0.9988859 0 -0.04719146
vn 0.8187757 -0.5737877 -0.01934116
vn 0.9765475 0 -0.2153018
vn 0.8566428 -0.4654201 -0.2225922
vn 0.9559146 0.007526886 -0.2935486
vn 0.9600846 0 -0.2797097
vn 0.9600846 0 -0.2797097
vn 0.9995043 0 0.03148045
vn 0.999226 0 0.03933961
vn 0.999226 0 0.03933961
vn 0.9995043 0 0.03148045
vn 0.9997211 0 0.02361546
vn 0.9996902 -0.007871577 0.02361473
vn 0.9994734 -0.007869869 -0.03147948
vn 0.9962699 0 -0.0862911
vn 0.9714489 -0.007649204 -0.2371253
vn 0.9425786 0 -0.3339845
vn 0.9068884 -0.007140854 -0.4213104
vn 0.9069116 0 -0.4213211
vn 0.8823914 0.4516176 0.1320113
vn -0.8795018 0.4534931 0.1442933
vn 0.9123007 0.3807239 0.1508529
vn 0.9116659 0.3876375 0.136391
vn 0.9541862 0.2329116 0.1878319
vn 0.961294 0.1665234 0.2195081
vn 0.9684222 0.09912983 0.2287612
vn 0.9631444 0.09858958 0.2502659
vn 0.9622869 0.0606165 0.2651972
vn 0.959646 0.03022507 0.2795819
vn 0.9600846 0 0.2797097
vn 0.9600846 0 0.2797097
vn 0.9990094 0.03146486 -0.03146486
vn 0.9149961 0 -0.4034628
vn 0.8610615 0 0.5085009
vn 0.9528157 0.1950646 0.2325771
vn 0.7291269 0.6831976 0.0401881
vn 0.7399495 0.6117693 0.2796659
vn 0.7574837 0.6501238 0.05964439
vn 0.7906368 0.448235 0.4171076
vn 0.9630613 0.04549896 -0.2654106
vn 0.769104 0.1392865 0.6237615
vn 0.7071068 0 0.7071068
vn 0.7419672 0.1168452 0.6601756
vn 0.9731872 -0.007662891 0.2298868
vn 0.7724827 0.6082541 -0.1824762
vn 0.9471811 0 -0.3206991
vn 0.9319862 -0.1908003 -0.3082159
vn 0.9580337 0 0.2866558
vn 0.7539648 -0.6530404 -0.07124078
vn 0.7797283 -0.6139593 0.1227919
vn 0.7216492 0.4034416 0.5625454
vn 0.9649777 -0.0455895 0.2583405
vn 0.9932186 -0.03910309 0.1094887
vn 0.7879388 -0.4653182 -0.4032758
vn 0.7361113 -0.6143921 -0.2840114
vn 0.7867587 -0.1115091 -0.6071051
vn 0.7209744 -0.3973875 -0.5676964
vn 0.9471811 0 -0.3206991
vn 0.9319862 -0.1908003 -0.3082159
vn 0.7217074 -0.687611 -0.0795583
vn 0.8067924 -0.006352697 -0.5908008
vn 0.7043284 0 -0.7098743
vn 0.7367427 -0.1102214 -0.6671292
vn 0.9630613 0.04549896 -0.2654106
vn 0.9149961 0 -0.4034628
vn 0.9990094 0.03146486 -0.03146486
vn 0.7318456 0.6684574 0.132539
vn 0.8215978 0.09056984 0.5628268
vn 0.7697818 0.2485122 0.5879436
vn 0.7174225 0.6891776 0.1016819
vn 0.7156775 0.6762307 0.1746929
vn 0.7460398 0.05286896 0.6637992
vn 0.7364082 -0.4754762 0.4812747
vn 0.7093091 -0.6422877 0.2904257
vn 0.7067125 -0.7011479 -0.09459931
vn 0.7167824 -0.6095473 -0.3386374
vn 0.7054903 -0.66105 -0.2555319
vn 0.7114874 -0.5714307 0.4089652
vn 0.702903 -0.6641603 -0.2545948
vn 0.7344968 -0.5899108 0.3354395
vn 0.7188923 -0.6679471 -0.1924593
vn 0.7396608 -0.6173547 0.2679086
vn 0.7323931 -0.6689575 -0.1268712
vn 0.9003017 0.04962293 0.4324284
vn 0.7468779 0.6645449 0.02352371
vn 0.7329173 0.5713292 -0.3693441
vn 0.726557 0.5663712 -0.3890226
vn 0.7188922 0.5547357 -0.4188821
vn 0.7197576 0.4647254 -0.5157319
vn 0.8518503 -0.08719727 -0.5164762
vn 0.7926825 -0.1123487 -0.599193
vn 0.7517689 -0.1835026 -0.6333801
vn 0.7375001 -0.133563 -0.662008
vn 0.7706459 -0.6371481 -0.01213615
vn 0.9375311 0.1033499 -0.3321961
vn 0.9094892 -0.07877465 -0.4081959
vn 0.7380479 -0.6741225 -0.029057
vn 0.7323931 -0.6689575 -0.1268712
vn 0.7188923 -0.6679471 -0.1924593
vn 0.7067125 -0.7011479 -0.09459931
vn 0.7167824 -0.6095473 -0.3386374
vn 0.7272238 -0.6470574 0.2290469
vn 0.7706459 -0.6371481 -0.01213615
vn 0.7380479 -0.6741225 -0.029057
vn 0.7441165 -0.6210737 0.2460858
vn 0.931059 -0.1392923 0.337234
vn 0.9395815 0.0369914 0.3403209
vn 0.7761526 0.629478 0.03666862
vn 0.7438484 0.6677065 -0.02928537
vn 0.7343372 0.63604 -0.2370695
vn 0.7437974 0.5856673 -0.322117
vn 1 0 0
vn 1 0 0
vn 1 0 0
vn 0.7043176 -0.5712182 0.4214814
vn 0.717686 -0.6724774 -0.1808343
vn 0.7108185 -0.5764905 0.4029837
vn 0.7384345 -0.6686611 -0.08721668
vn 0.7285507 -0.6138183 0.3040408
vn 0.7239906 -0.6897863 -0.005700713
vn 0.7757325 -0.5680561 0.2748659
vn 0.8739935 0.1032276 0.4748468
vn 0.9139292 0.244674 0.3238332
vn 0.7420179 0.6660632 0.07595458
vn 0.7238141 0.6896182 0.0227973
vn 0.7223141 -0.06825015 -0.688189
vn 0.7081503 0.6412385 -0.2955273
vn 0.7070958 0.562336 -0.4287116
vn 0.7080843 0.657905 0.2564715
vn 0.7211487 0.6700437 0.1760284
vn 0.7482118 0.1119372 0.6539489
vn 0.7073261 0.1225289 0.6961871
vn 0.7235792 0.03418485 0.6893944
vn 0.7135957 0.6012185 0.3596073
vn 0.7104513 0.5650046 -0.4195579
vn 0.703593 -0.1329625 -0.6980529
vn 0.7054903 -0.66105 -0.2555319
vn 0.7298248 0.6091452 -0.3103192
vn 0.7471752 -0.1235486 -0.6530429
vn 0.702903 -0.6641603 -0.2545948
vn 0.8704963 -0.1096688 -0.4798011
vn 0.717686 -0.6724774 -0.1808343
vn 0.7384345 -0.6686611 -0.08721668
vn 0.7824316 0.56064 -0.2710787
vn 0.9085113 -0.2575307 -0.3290671
vn 0.7239906 -0.6897863 -0.005700713
vn -0.7101364 0.5326023 -0.4604791
vn -0.973363 0.2281319 -0.02281319
vn -0.7576618 0.408427 -0.509054
vn 0.8003584 -0.03151017 -0.5986933
vn 0.7883031 -0.03103555 -0.614504
vn 0.7322835 0.6169633 -0.2883006
vn 0.7362474 0.6087084 -0.2956584
vn 0.7118561 0.638989 0.2914687
vn 0.7132244 0.6346012 0.2976448
vn 0.7500102 0 0.6614263
vn 0.7499971 0.005905489 0.6614147
vn 0.7129545 -0.6119059 0.3424427
vn 0.7115767 -0.5939144 0.3753987
vn 0.7576994 -0.1610857 -0.6324105
vn 0.7281675 0.5676266 -0.3841513
vn 0.7122478 0.6785983 0.179464
vn 0.7735423 0.1522721 0.6151793
vn 0.7365692 -0.5799758 0.3479855
vn 0.7057516 -0.6779661 -0.2056127
vn 0.7218474 -0.6593251 -0.210302
vn 0.7286587 -0.6598091 -0.183599
vn 0.7393349 0.5646889 0.3667567
vn 0.7699233 -0.1576221 0.6183636
vn 0.7084147 -0.6637901 0.2398569
vn 0.7415245 -0.5721999 -0.3503265
vn 0.7218474 -0.6593251 -0.210302
vn 0.7057516 -0.6779661 -0.2056127
vn 0.7286587 -0.6598091 -0.183599
vn 0.7415245 -0.5721999 -0.3503265
vn 0.7807148 0.1659787 -0.6024414
vn 0.7129208 0.6680124 -0.2133149
vn 0.8166907 0.141474 0.5594652
vn 0.9784005 -0.1848946 0.09244729
vn 0.7285627 -0.5507246 0.4073067
vn 0.7073261 -0.1949324 0.6794786
vn 0.7688502 -0.6053938 0.2058339
vn 0.8703941 -0.1370699 0.4728912
vn 0.8790243 -0.2214864 -0.4222085
vn 0.9123007 0.3807239 -0.1508529
vn 0.7120575 0.2186633 -0.6672035
vn 0.7095415 0.6257374 -0.3240426
vn 0.8080489 0.2735913 -0.5217323
vn 0.7975914 0.6029038 -0.01884074
vn 0.9784005 -0.1848946 0.09244729
vn 0.8166907 0.141474 0.5594652
vn 0.7157685 0.4677857 -0.5185094
vn 0.7092206 -0.2010389 -0.6757141
vn 0.7775915 -0.2387879 -0.5816629
vn 0.7061334 0.5170898 -0.4837291
vn 0.7110077 0.6942123 0.1119697
vn 0.716087 0.6935331 0.07893872
vn 0.7709298 0.1214063 0.6252422
vn 0.8908607 0.1052198 0.441923
vn 0.7234265 0.6892489 0.0398739
vn 0.7194226 0.5494803 -0.4248559
vn 0.7426265 0.5905927 -0.3157625
vn 0.766522 -0.2353887 -0.5975251
vn 0.8606659 -0.2304145 -0.4540521
vn 0.7102513 -0.2125161 -0.6711036
vn 0.7723541 0.5473375 -0.322321
vn 0.8456525 -0.4061795 -0.3462514
vn 0.7183285 0.695704 0
vn 0.8960118 0.3104293 0.3174845
vn 0.7425885 -0.6548812 0.1403317
vn 0.7050552 -0.6995036 0.1165839
vn 0.7054031 -0.6831857 0.1888481
vn 0.7114428 0.1064363 0.6946371
vn 0.7095747 0.6928131 0.1285057
vn 0.7633309 0.4567964 -0.4567964
vn 0.8801212 -0.2633434 -0.395015
vn 0.7133143 -0.6908477 0.1179496
vn 0.7057516 -0.6779661 0.2056127
vn 0.7329173 -0.6694363 0.121191
vn 0.9021625 -0.1278655 -0.4120112
vn 0.7971985 0.4331236 -0.4205693
vn 0.7090547 0.6923054 0.1339946
vn 0.7090878 0.1005006 0.6979211
vn 0.7065485 -0.6787317 0.2002815
vn 0.755551 0.5056837 -0.4164454
vn 0.7183171 0.695693 -0.00565604
vn 0.7552436 0.1308296 0.6422544
vn 0.7107739 -0.6771941 0.1902859
vn 0.769796 0.6364455 0.04849108
vn 0.8667377 0.1433188 0.4777294
vn 0.7133143 -0.6908477 0.1179496
vn 0.8814983 -0.01388186 0.4719833
vn 0.7057516 -0.6779661 0.2056127
vn 0.7329173 -0.6694363 0.121191
vn 0.7297646 0.3792477 0.5688716
vn 0.7090547 0.1339946 0.6923054
vn 0.7176516 0.5198736 0.4633656
vn 0.7963361 0.2006516 0.570603
vn 0.8235821 0.5252768 0.2140016
vn 0.7204173 0.6920545 0.04538062
vn 0.7209047 0.6527877 0.232733
vn 0.7425885 -0.6548812 0.1403317
vn 0.7050552 -0.6995036 0.1165839
vn 0.7054031 -0.6831857 0.1888481
vn 0.7065485 -0.6787317 0.2002815
vn 0.7107739 -0.6771941 0.1902859
vn 0.7604517 -0.5448906 0.3532807
vn 0.7470717 -0.5353034 0.3941244
vn 0.7886678 -0.5651084 0.2421893
vn 0.8001201 -0.5733144 0.1764044
vn 0.8124517 -0.5821505 0.03198629
vn 0.8122689 -0.5820194 -0.03837491
vn 0.7992164 -0.5726669 -0.1824982
vn 0.7874691 -0.5642496 -0.2480218
vn 0.7588347 -0.543732 -0.3585046
vn 0.7453329 -0.5340574 -0.3990759
vn 0.7216492 -0.5170872 -0.4602644
vn 0.7121135 -0.5102546 -0.4822186
vn 0.7024083 -0.5033004 -0.5033004
vn 0.7024083 -0.5033004 -0.5033004
vn 0.7121135 -0.5102546 -0.4822186
vn 0.7216492 -0.5170872 -0.4602644
vn 0.7453329 -0.5340574 -0.3990759
vn 0.7588347 -0.543732 -0.3585046
vn 0.7874691 -0.5642496 -0.2480218
vn 0.7992164 -0.5726669 -0.1824982
vn 0.8122689 -0.5820194 -0.03837491
vn 0.8124517 -0.5821505 0.03198629
vn 0.8001201 -0.5733144 0.1764044
vn 0.7886678 -0.5651084 0.2421893
vn 0.7604517 -0.5448906 0.3532807
vn 0.7470717 -0.5353034 0.3941244
vn 0.7235322 -0.5184365 0.4557683
vn 0.7140355 -0.5116317 0.4778978
vn 0.7043609 -0.5046995 0.4991534
vn 0.7043609 -0.5046995 0.4991534
vn 0.7140355 -0.5116317 0.4778978
vn 0.7235322 -0.5184365 0.4557683
vn -0.7264641 0.5107951 -0.4597155
vn -0.7638014 0.5370479 -0.3580319
vn -0.7502462 0.5275168 -0.3985683
vn -0.7925431 0.5572569 -0.2476697
vn -0.8043317 0.5655458 -0.1822314
vn -0.8174285 0.5747544 -0.03831696
vn -0.8176119 0.5748833 0.03193796
vn -0.8052384 0.5661833 0.1761459
vn -0.793746 0.5581027 0.2418445
vn -0.7654248 0.5381894 0.352813
vn -0.751992 0.5287444 0.3936208
vn -0.7283552 0.5121247 0.455222
vn -0.7188176 0.5054186 0.4773398
vn -0.7091004 0.4985863 0.4985863
vn -0.7091004 0.4985863 0.4985863
vn -0.7188176 0.5054186 0.4773398
vn -0.7283552 0.5121247 0.455222
vn -0.751992 0.5287444 0.3936208
vn -0.7654248 0.5381894 0.352813
vn -0.793746 0.5581027 0.2418445
vn -0.8052384 0.5661833 0.1761459
vn -0.8176119 0.5748833 0.03193796
vn -0.8174285 0.5747544 -0.03831696
vn -0.8043317 0.5655458 -0.1822314
vn -0.7925431 0.5572569 -0.2476697
vn -0.7638014 0.5370479 -0.3580319
vn -0.7502462 0.5275168 -0.3985683
vn -0.7264641 0.5107951 -0.4597155
vn -0.7168872 0.5040613 -0.4816585
vn -0.7071391 0.4972072 -0.5027317
vn -0.7071391 0.4972072 -0.5027317
vn -0.7168872 0.5040613 -0.4816585
vn 0.827858 0.5605967 -0.0195557
vn 0.9994734 -0.007869869 -0.03147948
vn 0.8227867 0.3887181 -0.4146326
vn 0.8189288 0 -0.573895
vn 0.8207052 -0.394197 -0.4135837
vn 0.8248318 -0.5650422 -0.01948421
vn 0.8335444 -0.4003638 0.3806738
vn 0.8370858 0 0.5470718
vn 0.8357252 0.3948308 0.3816698
vn 0.774232 0.5913425 -0.2255636
vn 0.7733845 0.5419781 0.3288406
vn 0.9515311 0.1723245 0.2547406
vn 0.7885613 0.1241829 0.6022869
vn 0.8068087 0 0.5908127
vn 0.951638 0 0.3072217
vn 0.999226 0 -0.03933961
vn 0.760902 0.3115504 -0.5691787
vn 0.7768492 -0.4832369 -0.4037169
vn 0.8003584 -0.3844241 -0.4600485
vn 0.7037118 -0.4709882 -0.5319396
vn 0.9206525 -0.3334647 -0.2029785
vn 0.8089008 -0.5413903 -0.2292947
vn 0.823894 -0.5449378 -0.1556965
vn 0.7106848 -0.6883011 -0.1454945
vn 0.7094973 -0.7039107 -0.03351955
vn 0.7083045 -0.7027273 -0.0669264
vn 0.7126851 -0.7014617 0.005611694
vn 0.7558854 -0.6547039 0
vn 0.7417141 -0.6424295 0.1927289
vn 0.7425377 -0.6431429 -0.1870961
vn 0.7031831 -0.6256668 -0.3377494
vn 0.7063299 -0.7007683 0.1001097
vn 0.7108073 -0.6996135 0.0727598
vn 0.7132244 -0.6346012 0.2976448
vn 0.7382473 -0.5289804 0.4185339
vn 0.7122478 -0.4991343 0.493526
vn 0.7932079 -0.5683616 0.2186006
vn 0.8108604 -0.5810102 -0.070232
vn 0.7682732 -0.550495 -0.3266674
vn 0.8233052 -0.551031 0.1361371
vn 0.8875479 -0.4263025 0.1747141
vn 0.7095747 -0.6313539 0.3128833
vn 0.7157571 -0.6932136 0.08453824
vn 0.8300477 -0.5490079 -0.09803713
vn -0.9997255 0 0.02343106
vn -0.9997255 0 0.02343106
vn -0.9997255 0 0.02343106
vn -0.9997255 0 0.02343106
vn -0.9997255 0 0.02343106
vn -0.9997255 0 0.02343106
vn 0.7101069 0.2739783 0.6486016
vn 0.7091874 0.4579005 0.5360786
vn 0.7142161 -0.4892661 -0.5005137
vn 0.7041011 -0.4823369 -0.5211457
vn 0.7041011 -0.4823369 -0.5211457
vn 0.7142161 -0.4892661 -0.5005137
vn 0.722209 -0.4947416 -0.4833682
vn 0.7491485 -0.5131962 -0.4188153
vn 0.7652547 -0.5242296 -0.3735889
vn 0.7958981 -0.5452215 -0.2632104
vn 0.8087532 -0.5540277 -0.1974122
vn 0.8241369 -0.5645662 -0.04542487
vn 0.8243626 -0.5647208 0.03894626
vn 0.8097554 -0.5547143 0.1912808
vn 0.7971985 -0.5461123 0.2573633
vn 0.7669692 -0.5254041 0.3683868
vn 0.750993 -0.5144598 0.4139331
vn 0.7241907 -0.4960991 0.4789922
vn 0.7162236 -0.4906414 0.4962809
vn 0.7061334 -0.4837291 0.5170898
vn 0.7061334 -0.4837291 0.5170898
vn 0.7162236 -0.4906414 0.4962809
vn 0.7241907 -0.4960991 0.4789922
vn 0.750993 -0.5144598 0.4139331
vn 0.7669692 -0.5254041 0.3683868
vn 0.7971985 -0.5461123 0.2573633
vn 0.8097554 -0.5547143 0.1912808
vn 0.8243626 -0.5647208 0.03894626
vn 0.8241369 -0.5645662 -0.04542487
vn 0.8087532 -0.5540277 -0.1974122
vn 0.7958981 -0.5452215 -0.2632104
vn 0.7652547 -0.5242296 -0.3735889
vn 0.7491485 -0.5131962 -0.4188153
vn 0.722209 -0.4947416 -0.4833682
vn 0.7405405 -0.1807619 -0.647244
vn 0.7109186 -0.1679335 -0.6829297
vn 0.704838 -0.1720471 -0.6881883
vn 0.7716125 -0.1883464 -0.6075689
vn 0.8591481 -0.2097133 -0.4667813
vn 0.9073744 -0.2214851 -0.357234
vn 0.9696634 -0.2366895 -0.06108116
vn 0.9659539 -0.235784 0.1064831
vn 0.8954549 -0.2185756 0.3877954
vn 0.8481948 -0.2070397 0.487545
vn 0.7071068 0 -0.7071068
vn 0.7884398 -0.02483275 -0.6146105
vn 0.788683 0 -0.6148001
vn 0.7064064 -0.04449804 -0.7064064
vn 0.7055337 -0.06666461 -0.7055337
vn 0.7428933 -0.05849554 -0.6668491
vn 0.7055011 -0.1111025 -0.699946
vn 0.8223726 -0.1165567 -0.5568822
vn 0.7090547 -0.1339946 -0.6923054
vn 0.7827436 -0.0862867 -0.6163335
vn 0.8405805 -0.311081 -0.4434558
vn 0.755551 -0.541379 -0.3688517
vn 0.7270806 -0.6240299 -0.2862522
vn 0.7031831 -0.6256668 -0.3377494
vn 0.7046536 -0.7046536 -0.0832268
vn -0.8195367 0.1344552 -0.5570289
vn -0.7772436 -0.5829327 -0.2368164
vn -0.885204 -0.3112045 -0.3457828
vn -0.9092432 0.3338628 -0.2486212
vn -0.8371558 0.490521 0.2419904
vn -0.9306445 0.1308719 0.3417211
vn -0.8075911 -0.2586815 0.5299817
vn -0.8503717 -0.478334 0.2192364
vn 0.7071068 0.7071068 0
vn 0.708558 0.7029788 -0.06137117
vn 0.8593251 0.4601111 -0.2232892
vn 0.8218042 0.5694392 -0.0194127
vn 0.7082494 0.6970959 0.1115353
vn 0.7222791 0.5573493 0.409481
vn 0.7081614 0.5129988 0.4851184
vn 0.7306819 0.143835 0.6673945
vn 0.7080842 0.1895659 0.6802069
vn 0.7071068 0 0.7071068
vn 0.7558854 0 0.6547039
vn 0.8566428 -0.3844775 0.3440062
vn 0.9304841 0 0.3663323
vn 0.9304841 0 0.3663323
vn 0.7317363 -0.6510724 0.2016596
vn 0.8183166 -0.573466 -0.03866063
vn 0.8183166 -0.573466 -0.03866063
vn 0.9853254 0 -0.1706863
vn 0.9853254 0 -0.1706863
vn 0.7102735 0.6655319 -0.2293009
vn 0.7059588 0.4169048 -0.5725492
vn 0.7152688 0.4561951 -0.5294116
vn 0.7090879 0.6979212 -0.1005006
vn 0.7057843 0.4723753 -0.5279489
vn 0.7070739 0.7015064 -0.08908017
vn 0.7094973 0.7039107 0.03351955
vn 0.9234471 0.3417481 -0.1745097
vn 0.9600846 0 -0.2797097
vn 0.9600846 0 -0.2797097
vn 0.9234471 0.3417481 -0.1745097
vn 0.7646303 0.6442161 0.01806213
vn 0.7245324 0.6845976 0.07986971
vn 0.7142274 0.6748606 0.1855867
vn 0.7434914 0.6264061 0.2341705
vn 0.8580101 0.4188711 0.2972634
vn 0.9284678 0.2193231 0.2997416
vn 0.9620937 0 0.2727194
vn 0.9620937 0 0.2727194
vn 0.8566428 -0.3844775 0.3440062
vn 0.9304841 0 0.3663323
vn 0.9304841 0 0.3663323
vn 0.7317363 -0.6510724 0.2016596
vn 0.8183166 -0.573466 -0.03866063
vn 0.8183166 -0.573466 -0.03866063
vn 0.9853254 0 -0.1706863
vn 0.9853254 0 -0.1706863
vn -0.997416 0.07013081 0.01558463
vn -0.9997255 0 0.02343106
vn -0.9997255 0 0.02343106
vn -0.9891325 0.1468243 0.007727597
vn -0.9255942 0.3760226 -0.04338723
vn -0.908991 0.3834806 0.1633343
vn -0.8622706 0.4446083 0.2425136
vn -0.8290566 0.1748791 0.5311143
vn 0.7218474 -0.2273535 0.6536413
vn 0.9499328 0.05983828 0.3066712
vn 0.9499328 0.05983828 0.3066712
vn 0.9499328 0.05983828 0.3066712
vn -0.9989032 0 -0.04682359
vn -0.9989032 0 -0.04682359
vn -0.9989032 0 -0.04682359
vn -0.9984776 -0.007800606 -0.05460424
vn -0.9988728 -0.007803693 -0.04682216
vn -0.8238883 0.5664232 -0.01930988
vn -0.9768716 -0.007631809 -0.2136907
vn -0.8610796 0.4574485 -0.2219971
vn -0.9564764 -0.01494494 -0.2914264
vn -0.9606697 0 -0.2776936
vn -0.9606697 0 -0.2776936
vn 0.9484746 0.04480982 0.3136688
vn 0.9484746 0.04480982 0.3136688
vn 0.9484746 0.04480982 0.3136688
vn 0.7093091 -0.2904257 0.6422877
vn 0.7081614 0.5129988 0.4851184
vn 0.7081614 0.5129988 0.4851184
vn 0.7300901 0.5001404 -0.465648
vn 0.7281315 0.4987988 -0.4701322
vn 0.7455255 -0.3463465 -0.5694171
vn 0.7252763 -0.6453246 -0.2398551
vn 0.7063736 -0.6118196 0.3559678
vn 0.7748802 0.378288 0.5064178
vn 0.7748802 0.378288 0.5064178
vn 0.7748802 0.378288 0.5064178
vn 0.9175717 -0.3756986 -0.1300495
vn 0.9175717 -0.3756986 -0.1300495
vn 0.9175717 -0.3756986 -0.1300495
vn 0.8922888 0.4215538 -0.1615956
vn 0.8922888 0.4215538 -0.1615956
vn 0.8922888 0.4215538 -0.1615956
vn -0.7083075 -0.7027739 -0.06640383
vn -0.7285793 -0.6830431 -0.05122823
vn -0.7113197 -0.7002053 -0.06112904
vn -0.8150057 -0.5794181 0.006367232
vn -0.7316198 -0.6801777 -0.04572624
vn -0.7121119 -0.7009851 -0.03894362
vn -0.70934 -0.7037982 -0.03879203
vn -0.7062345 -0.7062345 -0.04965711
vn -0.7064172 -0.7064172 -0.04415108
vn -0.707096 -0.707096 -0.005524187
vn -0.7070097 -0.7070097 -0.01657054
vn -0.7098306 -0.7042851 0.0110911
vn -0.7069342 -0.7069342 0.02209169
vn -0.7070097 -0.7070097 -0.01657054
vn -0.707096 -0.707096 -0.005524187
vn -0.7064172 -0.7064172 -0.04415108
vn -0.7062345 -0.7062345 -0.04965711
vn -0.7062345 -0.7062345 -0.04965711
vn 0.7064064 0.7064064 -0.04449804
vn 0.7070958 0.7070958 -0.005567683
vn 0.7093533 0.7037679 -0.03909821
vn 0.7098517 0.7042624 0.01117877
vn 0.7121471 0.7009321 -0.0392522
vn 0.7113423 0.7001401 -0.06161233
vn 0.7318093 0.6799487 -0.04609822
vn 0.7287426 0.6828375 -0.05164317
vn 0.8158813 0.5781837 0.006424262
vn 0.7062207 0.7062207 -0.05004713
vn 0.7083045 0.7027273 -0.0669264
vn 0.7070082 0.7070082 -0.01670098
vn 0.7069315 0.7069315 0.02226556
vn 0.7070082 0.7070082 -0.01670098
vn 0.7070958 0.7070958 -0.005567683
vn 0.7064064 0.7064064 -0.04449804
vn 0.7062207 0.7062207 -0.05004713
vn 0.7062207 0.7062207 -0.05004713
vn 0.7065703 -0.03894482 0.7065703
vn 0.7071068 0 0.7071068
vn 0.7383596 0 0.6744072
vn 0.7402386 -0.05245785 0.6702948
vn 0.7617913 0 0.6478225
vn 0.7784821 -0.05516802 0.6252376
vn 0.8158982 0 0.5781956
vn 0.8296048 -0.05879089 0.5552473
vn 0.86698 0 0.4983429
vn 0.8842288 -0.08354918 0.4595205
vn 0.9136217 -0.09352033 0.395663
vn 0.9176434 0 0.3974046
vn 0.9329664 0 0.3599634
vn 0.9389649 -0.05175397 0.3400975
vn 0.9366128 -0.1769977 0.3023711
vn 0.9222776 -0.1670267 0.3485774
vn 0.8783303 -0.1175718 0.4633711
vn 0.808098 -0.1081706 0.5790308
vn 0.7607791 -0.1018366 0.6409714
vn 0.7409185 -0.09334406 0.6650764
vn 0.7105069 -0.07832359 0.6993178
vn 0.7637035 -0.102228 0.6374218
vn 0.802753 -0.05056712 0.5941637
vn 0.8521187 0 0.5233485
vn -0.9153838 0.08581723 0.393329
vn -0.9187734 0 0.3947854
vn -0.8686604 0 0.4954079
vn -0.8862218 0.07615969 0.4569581
vn -0.8319234 0.05199521 0.5524491
vn -0.8180292 0 0.5751768
vn -0.781127 0.04882044 0.6224605
vn -0.7642915 0 0.644871
vn -0.7430692 0.04644183 0.6676012
vn -0.740987 0 0.6715195
vn -0.7094816 0.03325695 0.7039388
vn -0.7098743 0 0.7043284
vn -0.7637334 0.09546668 0.6384335
vn -0.7439221 0.08717837 0.6625556
vn -0.71356 0.07247093 0.6968359
vn -0.7666458 0.09583072 0.6348786
vn -0.8052226 0.04403561 0.5913354
vn -0.8539408 0 0.5203702
vn -0.9401604 0.04407002 0.3378702
vn -0.9339086 0 0.3575119
vn -0.9386929 0.1686714 0.3006751
vn -0.9244347 0.1588872 0.346663
vn -0.8805834 0.1100729 0.4609303
vn -0.8108252 0.1013531 0.5764461
vn -0.7098634 0.7043176 -0.005545808
vn -0.7098634 0.7043176 -0.005545808
vn -0.7098634 0.7043176 -0.005545808
vn -0.7098634 0.7043176 -0.005545808
vn -0.7098634 0.7043176 -0.005545808
vn -0.7098634 0.7043176 -0.005545808
vn -0.7098634 0.7043176 -0.005545808
vn -0.7098634 0.7043176 -0.005545808
vn -0.7098634 0.7043176 -0.005545808
vn -0.7098634 0.7043176 -0.005545808
vn 0.7043284 -0.7098743 0
vn 0.7043284 -0.7098743 0
vn 0.7043284 -0.7098743 0
vn 0.7043284 -0.7098743 0
vn 0.7043284 -0.7098743 0
vn 0.7043284 -0.7098743 0
vn 0.7043284 -0.7098743 0
vn 0.7043284 -0.7098743 0
vn 0.7043284 -0.7098743 0
vn 0.7043284 -0.7098743 0
vn 0.7074139 -0.7018437 -0.08355283
vn 0.7043284 -0.7098743 0
vn 0.7091874 -0.7036033 -0.04467322
vn 0.7098961 -0.7043064 0
vn 0.7093533 -0.7037679 0.03909821
vn 0.7077324 -0.7021597 0.07801774
vn 0.7059261 -0.7003676 0.105611
vn 0.7055011 -0.699946 0.1111025
vn 0.7059261 -0.7003676 0.105611
vn 0.7077324 -0.7021597 0.07801774
vn 0.7093533 -0.7037679 0.03909821
vn 0.7098961 -0.7043064 0
vn 0.7091874 -0.7036033 -0.04467322
vn 0.7074139 -0.7018437 -0.08355283
vn 0.7059261 -0.7003676 -0.105611
vn 0.7050552 -0.6995036 -0.1165839
vn 0.7059261 -0.7003676 -0.105611
vn 0.7043176 -0.7098634 -0.005545808
vn 0.7043176 -0.7098634 -0.005545808
vn 0.7043176 -0.7098634 -0.005545808
vn 0.7043176 -0.7098634 -0.005545808
vn 0.7043176 -0.7098634 -0.005545808
vn 0.7043176 -0.7098634 -0.005545808
vn 0.7043176 -0.7098634 -0.005545808
vn 0.7043176 -0.7098634 -0.005545808
vn 0.7043176 -0.7098634 -0.005545808
vn 0.7043176 -0.7098634 -0.005545808
vn 0.7043284 -0.7098743 0
vn 0.7043284 -0.7098743 0
vn 0.7043284 -0.7098743 0
vn -0.7098743 0.7043284 0
vn -0.7098743 0.7043284 0
vn -0.7098743 0.7043284 0
vn -0.7098743 0.7043284 0
vn -0.7098743 0.7043284 0
vn -0.7098743 0.7043284 0
vn 0.7043284 -0.7098743 0
vn 0.7043284 -0.7098743 0
vn 0.7043284 -0.7098743 0
vn -0.7098634 0.7043176 -0.005545808
vn -0.7098634 0.7043176 -0.005545808
vn -0.7098634 0.7043176 -0.005545808
vn -0.7098634 0.7043176 -0.005545808
vn -0.7098634 0.7043176 -0.005545808
vn -0.7098634 0.7043176 -0.005545808
vn 0.7043284 -0.7098743 0
vn 0.7043284 -0.7098743 0
vn 0.7043284 -0.7098743 0
vn 0.7043284 -0.7098743 0
vn 0.7043284 -0.7098743 0
vn 0.7347795 0.5959235 0.3239973
vn 0.7216492 0.4602644 0.5170872
vn 0.7140017 0.5790722 0.3935442
vn 0.7057843 -0.06113093 0.7057843
vn 0.7339814 -0.0635732 0.6761876
vn 0.7339814 -0.0635732 0.6761876
vn 0.7057843 -0.06113093 0.7057843
vn 0.7322226 0.1556694 0.6630362
vn 0.70737 0.1503858 0.6906605
vn 0.7067125 0.4507379 0.5453373
vn 0.7075896 0.5738719 0.4122963
vn 0.7645887 0.487651 0.4214268
vn 0.8096895 0.1721387 0.5610447
vn 0.8168765 -0.07075309 0.5724568
vn 0.8168765 -0.07075309 0.5724568
vn 0.734239 0.05781409 0.6764249
vn 0.8172316 0.06434894 0.5727056
vn 0.734239 0.05781409 0.6764249
vn 0.8172316 0.06434894 0.5727056
vn 0.7329295 -0.173133 0.6579052
vn 0.7054903 -0.66105 0.2555319
vn 0.7185584 -0.5375043 0.4413193
vn 0.7102735 -0.6655319 0.2293009
vn 0.7057843 -0.5279489 0.4723753
vn 0.7055011 -0.1666538 0.6888357
vn 0.7060133 0.0555916 0.7060133
vn 0.7060133 0.0555916 0.7060133
vn 0.7244616 -0.6788262 -0.1197929
vn 0.7441932 -0.55668 -0.3691667
vn 0.7153937 -0.6703295 -0.1971557
vn 0.7819421 -0.5849173 -0.2154958
vn 0.7295237 -0.6835694 -0.02297712
vn 0.8006127 -0.5988836 -0.01891211
vn 0.7273668 -0.6815484 0.08018216
vn 0.786804 -0.5885541 0.1858592
vn 0.7191111 -0.6738128 0.1698688
vn 0.7520456 -0.5625538 0.3434539
vn 0.8097554 -0.1912808 0.5547143
vn 0.915638 -0.2162924 0.3388582
vn 0.9731872 -0.2298868 -0.007662891
vn 0.9133855 -0.2157604 -0.3452165
vn 0.804023 -0.1899267 -0.5634492
vn 0.932891 0.07345598 0.3525887
vn 0.9969144 0.07849719 0
vn 0.9304592 0.0732645 -0.3589961
vn 0.8142197 0.06411178 -0.577006
vn 0.7313722 0.05758836 -0.6795427
vn 0.7301504 -0.1724765 -0.6611598
vn 0.932891 0.07345598 0.3525887
vn 0.9968836 0.07849477 -0.007849477
vn 0.9304592 0.0732645 -0.3589961
vn 0.8142197 0.06411178 -0.577006
vn 0.7313722 0.05758836 -0.6795427
vn 0.9323628 -0.08075584 0.3523891
vn 0.9962699 -0.0862911 0
vn 0.9299352 -0.08054557 -0.3587939
vn 0.8138685 -0.07049255 -0.5767573
vn 0.7311177 -0.06332515 -0.6793061
vn 0.9323628 -0.08075584 0.3523891
vn 0.9962393 -0.08628844 -0.007844404
vn 0.9299352 -0.08054557 -0.3587939
vn 0.8138685 -0.07049255 -0.5767573
vn 0.7311177 -0.06332515 -0.6793061
vn 0.9174519 0.1950488 0.3467535
vn 0.9781393 0.2079509 0
vn 0.9174519 0.1950488 -0.3467535
vn 0.8096895 0.1721387 -0.5610447
vn 0.7322226 0.1556694 -0.6630362
vn 0.8175024 0.5213991 0.244607
vn 0.8430958 0.5377225 0.006638549
vn 0.8187757 0.5222113 -0.2385409
vn 0.766522 0.4888842 -0.4164568
vn 0.7216492 0.4602644 -0.5170872
vn 0.7427282 0.6023701 -0.2924127
vn 0.7677536 0.6226663 -0.1511326
vn 0.7764426 0.6297133 0.02445489
vn 0.7613258 0.6174532 0.1978248
vn 0.7626424 0.4864097 -0.4263591
vn 0.7604109 0.6167112 -0.2035746
vn 0.8162014 0.5205694 -0.2506445
vn 0.7333938 0.5947996 -0.329161
vn 0.7195265 0.4589106 -0.5212318
vn 0.7124159 0.5777861 -0.3982798
vn 0.7045668 0.4493694 -0.5492293
vn 0.7059588 0.5725493 -0.4169048
vn 0.7171366 0.5816147 -0.3839786
vn 0.7046536 0.1498082 -0.6935567
vn 0.7294275 0.1550751 -0.6662487
vn 0.8067924 0.1715228 -0.56539
vn 0.9151386 0.194557 -0.353085
vn 0.84304 0.5376869 -0.01327622
vn 0.9781103 0.2079447 -0.007701655
vn 0.7030215 -0.06089162 -0.7085571
vn 0.7311177 -0.06332515 -0.6793061
vn 0.8138685 -0.07049255 -0.5767573
vn 0.9299352 -0.08054557 -0.3587939
vn 0.9962699 -0.0862911 0
vn 0.7030215 -0.06089162 -0.7085571
vn 0.7311177 -0.06332515 -0.6793061
vn 0.8138685 -0.07049255 -0.5767573
vn 0.9299352 -0.08054557 -0.3587939
vn 0.9962393 -0.08628844 -0.007844404
vn 0.7032478 0.05537384 -0.7087852
vn 0.7313722 0.05758836 -0.6795427
vn 0.8142197 0.06411178 -0.577006
vn 0.9304592 0.0732645 -0.3589961
vn 0.9969144 0.07849719 0
vn 0.7032478 0.05537384 -0.7087852
vn 0.7313722 0.05758836 -0.6795427
vn 0.8142197 0.06411178 -0.577006
vn 0.9304592 0.0732645 -0.3589961
vn 0.8068901 -0.190604 -0.559105
vn 0.9133855 -0.2157604 -0.3452165
vn 0.7028061 -0.1660172 -0.6917383
vn 0.7301504 -0.1724765 -0.6611598
vn 0.7149513 -0.5348061 -0.450363
vn 0.7039279 -0.5265602 -0.4766756
vn 0.7167595 -0.5361587 -0.4458583
vn 0.7505077 -0.5614033 -0.348661
vn 0.7184091 -0.673155 -0.1753597
vn 0.7858845 -0.5878664 -0.1918301
vn 0.7270212 -0.6812245 -0.08586864
vn 0.7093533 -0.6646696 -0.2345893
vn 0.7044801 -0.6601034 -0.2607131
vn 0.7074578 -0.6628935 -0.2451035
vn 0.7084147 -0.6637901 0.2398569
vn 0.7057843 -0.5279489 0.4723753
vn 0.7054903 -0.66105 0.2555319
vn 0.7167595 -0.5361587 0.4458583
vn 0.7161781 -0.6710644 0.1917327
vn 0.7457954 -0.5578784 0.3640891
vn 0.7249454 -0.6792795 0.1141646
vn 0.7829667 -0.5856838 0.2096131
vn 0.729608 -0.6836484 0.01723483
vn 0.8006924 -0.5989431 0.01260933
vn 0.9732158 -0.2298935 0
vn 0.915638 -0.2162924 0.3388582
vn 0.8068901 -0.190604 0.559105
vn 0.7329295 -0.173133 0.6579052
vn 0.7055011 -0.1666538 0.6888357
vn 0.7339814 -0.0635732 0.6761876
vn 0.8172316 0.06434894 0.5727056
vn 0.8168765 -0.07075309 0.5724568
vn 0.734239 0.05781409 0.6764249
vn 0.8172316 0.06434894 0.5727056
vn 0.734239 0.05781409 0.6764249
vn 0.7060133 0.0555916 0.7060133
vn 0.7060133 0.0555916 0.7060133
vn 0.7057843 -0.06113093 0.7057843
vn 0.7057843 -0.06113093 0.7057843
vn 0.7339814 -0.0635732 0.6761876
vn 0.70737 0.1503858 0.6906605
vn 0.7350256 0.1562653 0.6597868
vn 0.7067125 0.4507379 0.5453373
vn 0.7237672 0.4616153 0.5129059
vn 0.8200207 0.5230053 0.2324468
vn 0.9197347 0.1955341 0.3403742
vn 0.7684419 0.4901086 0.4114492
vn 0.8125848 0.1727542 0.5566525
vn 0.8168765 -0.07075309 0.5724568
vn 0.9323628 -0.08075584 0.3523891
vn 0.9323628 -0.08075584 0.3523891
vn 0.932891 0.07345598 0.3525887
vn 0.932891 0.07345598 0.3525887
vn 0.9968836 0.07849477 -0.007849477
vn 0.7043176 -0.7098634 -0.005545808
vn 0.7043176 -0.7098634 -0.005545808
vn 0.7043176 -0.7098634 -0.005545808
vn 0.7043176 -0.7098634 -0.005545808
vn 0.7043176 -0.7098634 -0.005545808
vn 0.7043176 -0.7098634 -0.005545808
vn 0.7043176 -0.7098634 -0.005545808
vn -0.7098743 0.7043284 0
vn -0.7098743 0.7043284 0
vn -0.7098743 0.7043284 0
vn -0.7098743 0.7043284 0
vn -0.7098743 0.7043284 0
vn -0.7098743 0.7043284 0
vn -0.7098743 0.7043284 0
vn -0.7098743 0.7043284 0
vn -0.7098743 0.7043284 0
vn -0.7098743 0.7043284 0
vn -0.7098743 0.7043284 0
vn -0.7098743 0.7043284 0
vn -0.7098743 0.7043284 0
vn -0.7098743 0.7043284 0
vn -0.7098743 0.7043284 0
vn -0.7098743 0.7043284 0
vn -0.7098743 0.7043284 0
vn -0.7098743 0.7043284 0
vn -0.7098743 0.7043284 0
vn -0.7098743 0.7043284 0
vn -0.7098743 0.7043284 0
vn -0.7098743 0.7043284 0
vn 0.7043284 -0.7098743 0
vn 0.7043284 -0.7098743 0
vn 0.7043284 -0.7098743 0
vn 0.7043284 -0.7098743 0
vn 0.7043284 -0.7098743 0
vn 0.7043284 -0.7098743 0
vn 0.7043284 -0.7098743 0
vn 0.7043284 -0.7098743 0
vn 0.7043284 -0.7098743 0
vn 0.7043284 -0.7098743 0
vn 0.7043284 -0.7098743 0
vn 0.7043284 -0.7098743 0
vn 0.7043284 -0.7098743 0
vn 0.7043284 -0.7098743 0
vn 0.7043284 -0.7098743 0
vn 0.7043284 -0.7098743 0
vn 0.7075896 0.5738719 0.4122963
vn 0.718685 0.5828705 0.3791488
vn 0.7439888 0.6033925 0.2870508
vn 0.768442 0.6232246 0.1452174
vn 0.7763121 0.6296074 -0.03056347
vn -0.7104973 0.6993958 -0.07771064
vn -0.7119466 0.7008225 -0.04449666
vn -0.7098743 0.7043284 0
vn -0.7126524 0.7015172 0
vn -0.7121119 0.7009851 0.03894362
vn -0.7107931 0.6996869 0.07218992
vn -0.7094816 0.698396 0.09422802
vn -0.7091005 0.6980208 0.09971725
vn -0.7094816 0.698396 0.09422802
vn -0.7107931 0.6996869 0.07218992
vn -0.7121119 0.7009851 0.03894362
vn -0.7126524 0.7015172 0
vn -0.7119466 0.7008225 -0.04449666
vn -0.7104973 0.6993958 -0.07771064
vn -0.7091005 0.6980208 -0.09971725
vn -0.7086982 0.6976249 -0.1051974
vn -0.7091005 0.6980208 -0.09971725
vn -0.7119686 -0.5951613 0.3726711
vn -0.7074847 -0.591413 0.3869057
vn -0.7085571 -0.4705262 0.5258822
vn -0.7312257 -0.611259 0.3027731
vn -0.722887 -0.4800421 0.4969848
vn -0.7082749 -0.1660019 0.6861413
vn -0.7355836 -0.1724024 0.6551291
vn -0.7617833 -0.5058717 0.4046974
vn -0.7543258 -0.6305692 0.1826883
vn -0.8098995 -0.5378239 0.2341116
vn -0.7670173 -0.6411785 0.02396929
vn -0.8330325 -0.5531856 0.006508067
vn -0.7600489 -0.6353534 -0.1365713
vn -0.8110856 -0.5386115 -0.2281178
vn -0.7384916 -0.6173328 -0.2711649
vn -0.9167917 -0.214873 0.3366344
vn -0.9736163 -0.2281913 0
vn -0.8090901 -0.1896305 0.5562495
vn -0.7366304 0.06330418 0.6733263
vn -0.8189998 0.0703828 0.5694608
vn -0.7366304 0.06330418 0.6733263
vn -0.8189998 0.0703828 0.5694608
vn -0.7363501 -0.06903282 0.67307
vn -0.9333127 0.08020656 0.3499922
vn -0.9962976 0.08561933 -0.007783575
vn -0.9309153 0.08000053 -0.356366
vn -0.8160153 0.07012632 -0.5737607
vn -0.8160153 0.07012632 -0.5737607
vn -0.9309153 0.08000053 -0.356366
vn -0.9963278 0.08562192 0
vn -0.9333127 0.08020656 0.3499922
vn -0.9327424 -0.0874446 0.3497784
vn -0.9956041 -0.09333789 -0.007778157
vn -0.8186144 -0.07674511 0.5691929
vn -0.8156341 -0.0764657 -0.5734928
vn -0.7335033 -0.06876594 -0.6761984
vn -0.7335033 -0.06876594 -0.6761984
vn -0.8156341 -0.0764657 -0.5734928
vn -0.9303495 -0.08722027 -0.3561494
vn -0.9303495 -0.08722027 -0.3561494
vn -0.9956343 -0.09334071 0
vn -0.9327424 -0.0874446 0.3497784
vn -0.8186144 -0.07674511 0.5691929
vn -0.9718748 0.2353759 -0.007592772
vn -0.9131451 0.2211523 -0.3424294
vn -0.917545 0.2222179 0.3297428
vn -0.8137693 0.1970848 0.5467513
vn -0.7363501 -0.06903282 0.67307
vn -0.7376082 0.1786395 0.6511697
vn -0.7221388 0.5472458 0.4231282
vn -0.7525637 0.5703021 0.3292466
vn -0.7843173 0.5943654 0.1776969
vn -0.7275428 0.6820714 0.07389107
vn -0.7294306 0.6838412 -0.01709603
vn -0.7968622 0.6038722 -0.01867646
vn -0.7204211 0.6753948 0.1575921
vn -0.7130062 0.6684433 0.2116737
vn -0.7094925 0.6651492 0.2328022
vn -0.7098306 0.5379185 0.4547352
vn -0.7103004 0.1720259 0.6825543
vn -0.7797199 0.5908815 -0.2071131
vn -0.8081059 0.1957131 -0.5555728
vn -0.745068 0.5646218 -0.3550715
vn -0.7320862 0.1773021 -0.6577337
vn -0.7169209 0.5432916 -0.4368737
vn -0.7076144 0.1713754 -0.6855015
vn -0.7080365 0.5365589 -0.4591174
vn -0.7348438 0.17797 -0.6544703
vn -0.8109391 0.1963993 -0.5511852
vn -0.8156341 -0.0764657 -0.5734928
vn -0.7335033 -0.06876594 -0.6761984
vn -0.7083075 -0.06640383 -0.7027739
vn -0.9153606 0.2216889 -0.336109
vn -0.9303495 -0.08722027 -0.3561494
vn -0.9303495 -0.08722027 -0.3561494
vn -0.8156341 -0.0764657 -0.5734928
vn -0.7335033 -0.06876594 -0.6761984
vn -0.7083075 -0.06640383 -0.7027739
vn -0.9719028 0.2353827 0
vn -0.9956041 -0.09333789 -0.007778157
vn -0.9956343 -0.09334071 0
vn -0.9962976 0.08561933 -0.007783575
vn -0.9309153 0.08000053 -0.356366
vn -0.8160153 0.07012632 -0.5737607
vn -0.7337804 0.06305926 -0.6764538
vn -0.9153606 0.2216889 0.336109
vn -0.9327424 -0.0874446 0.3497784
vn -0.9327424 -0.0874446 0.3497784
vn -0.9333127 0.08020656 0.3499922
vn -0.9333127 0.08020656 0.3499922
vn -0.9963278 0.08562192 0
vn -0.9309153 0.08000053 -0.356366
vn -0.8189998 0.0703828 0.5694608
vn -0.8119337 -0.190297 0.5518612
vn -0.9167917 -0.214873 0.3366344
vn -0.9735882 -0.2281847 -0.007606158
vn -0.9145657 -0.2143514 -0.3429621
vn -0.8160153 0.07012632 -0.5737607
vn -0.8062443 -0.1889635 -0.5605918
vn -0.7337804 0.06305926 -0.6764538
vn -0.7328178 -0.1717542 -0.6583909
vn -0.7654249 -0.5082899 0.3946722
vn -0.8122442 -0.539381 0.222098
vn -0.8329796 -0.5531505 -0.01301531
vn -0.8086863 -0.5370182 -0.2400788
vn -0.7599418 -0.5046488 -0.4096561
vn -0.7208551 -0.4786928 -0.5012196
vn -0.753502 -0.6298805 -0.1883755
vn -0.7668934 -0.641075 -0.02995677
vn -0.7606525 -0.635858 0.1307372
vn -0.7396373 -0.6182905 0.2658072
vn -0.7177658 -0.6000074 0.3532754
vn -0.7249129 -0.4813875 0.4927142
vn -0.7074847 -0.591413 0.3869057
vn -0.7636111 -0.5070855 -0.3997027
vn -0.7163369 -0.5988129 -0.3581685
vn -0.722887 -0.4800421 -0.4969848
vn -0.7059659 -0.5901434 -0.3915904
vn -0.7064926 -0.4691553 -0.5298695
vn -0.7104864 -0.5939223 -0.3774459
vn -0.7299523 -0.6101945 -0.3079486
vn -0.7055903 -0.1653727 -0.6890531
vn -0.7328178 -0.1717542 -0.6583909
vn -0.8090901 -0.1896305 -0.5562495
vn -0.9145657 -0.2143514 -0.3429621
vn -0.7085571 0.06089162 -0.7030215
vn -0.7337804 0.06305926 -0.6764538
vn -0.7085571 0.06089162 -0.7030215
vn -0.7337804 0.06305926 -0.6764538
vn -0.7098634 0.7043176 -0.005545808
vn -0.712763 0.6737838 -0.1948961
vn -0.7183081 0.6790257 -0.1515181
vn -0.7240773 0.6844794 -0.08485281
vn -0.7266982 0.6869569 0
vn -0.7244135 0.6847972 0.07923273
vn -0.7189083 0.679593 0.1460282
vn -0.7135266 0.6745057 0.1895305
vn -0.7111769 0.6722845 0.2055746
vn -0.7135266 0.6745057 0.1895305
vn -0.7189083 0.679593 0.1460282
vn -0.7244135 0.6847972 0.07923273
vn -0.7266982 0.6869569 0
vn -0.7240773 0.6844794 -0.08485281
vn -0.7183081 0.6790257 -0.1515181
vn -0.712763 0.6737838 -0.1948961
vn -0.7103551 0.6715075 -0.2108867
vn -0.7098743 0.7043284 0
vn -0.7098743 0.7043284 0
vn -0.7098743 0.7043284 0
vn -0.7098743 0.7043284 0
vn -0.7098743 0.7043284 0
vn -0.7098743 0.7043284 0
vn -0.7098743 0.7043284 0
vn -0.7098634 0.7043176 -0.005545808
vn -0.7167411 0.6831439 -0.1399885
vn -0.7122992 0.6789103 -0.1780748
vn -0.7100927 0.6768072 -0.194166
vn -0.7122992 0.6789103 -0.1780748
vn -0.7167411 0.6831439 -0.1399885
vn -0.7216108 0.6877853 -0.07892618
vn -0.7238573 0.6899265 -0.005655135
vn -0.7219206 0.6880805 0.07332005
vn -0.7172922 0.6836692 0.1344923
vn -0.7129952 0.6795735 0.1726785
vn -0.7108479 0.677527 0.188819
vn -0.7129952 0.6795735 0.1726785
vn -0.7172922 0.6836692 0.1344923
vn -0.7219206 0.6880805 0.07332005
vn -0.7238573 0.6899265 -0.005655135
vn -0.7216108 0.6877853 -0.07892618
vn -0.7144263 -0.5804714 0.3907019
vn -0.7081015 -0.5753325 0.4093712
vn -0.7077118 -0.4533779 0.5418419
vn -0.7349043 -0.5971098 0.3215207
vn -0.7224723 -0.4628338 0.5136327
vn -0.709536 -0.155211 0.687363
vn -0.761029 -0.618336 0.1962028
vn -0.764837 -0.4899737 0.4182702
vn -0.7342149 -0.1606095 0.6596462
vn -0.7087852 0.05537384 0.7032478
vn -0.7758859 -0.6304073 0.02424643
vn -0.8168955 -0.5233237 0.2425159
vn -0.8109717 -0.1774001 0.557543
vn -0.7368867 0.05756927 0.6735605
vn -0.7087852 0.05537384 0.7032478
vn -0.7673481 -0.6234702 -0.1498727
vn -0.8420141 -0.5394153 0.006578235
vn -0.9172859 -0.2006563 0.3439822
vn -0.8193521 0.06401188 0.5697058
vn -0.7368867 0.05756927 0.6735605
vn -0.7085571 -0.06089162 0.7030215
vn -0.7427313 -0.6034692 -0.2901294
vn -0.8181461 -0.5241249 -0.2364954
vn -0.9769001 -0.2136969 0
vn -0.933834 0.07295579 0.3501878
vn -0.8193521 0.06401188 0.5697058
vn -0.7366304 -0.06330418 0.6733263
vn -0.7085571 -0.06089162 0.7030215
vn -0.7089155 0.1606137 0.6867619
vn -0.7363013 0.1668183 0.6557684
vn -0.7366304 -0.06330418 0.6733263
vn -0.8189998 -0.0703828 0.5694608
vn -0.933834 0.07295579 0.3501878
vn -0.996932 0.07788531 -0.007788531
vn -0.9172859 -0.2006563 -0.3439822
vn -0.9969622 0.07788767 0
vn -0.9333127 -0.08020656 0.3499922
vn -0.8189998 -0.0703828 0.5694608
vn -0.8128991 0.1841725 0.5525174
vn -0.7234525 0.5312855 0.4408539
vn -0.7570916 0.5559892 0.3430572
vn -0.9181822 0.2080256 0.337145
vn -0.9314328 0.07276818 -0.3565641
vn -0.8163638 0.06377842 -0.5740058
vn -0.8109717 -0.1774001 -0.557543
vn -0.9314328 0.07276818 -0.3565641
vn -0.9962976 -0.08561933 -0.007783575
vn -0.9333127 -0.08020656 0.3499922
vn -0.9963278 -0.08562192 0
vn -0.7340338 0.05734639 -0.6766874
vn -0.7060303 0.05515862 -0.7060303
vn -0.7060303 0.05515862 -0.7060303
vn -0.7340338 0.05734639 -0.6766874
vn -0.8163638 0.06377842 -0.5740058
vn -0.9309153 -0.08000053 -0.356366
vn -0.7337804 -0.06305926 -0.6764538
vn -0.8160153 -0.07012632 -0.5737607
vn -0.8163638 0.06377842 -0.5740058
vn -0.7340338 0.05734639 -0.6766874
vn -0.7058048 -0.06065511 -0.7058048
vn -0.7337804 -0.06305926 -0.6764538
vn -0.8160153 -0.07012632 -0.5737607
vn -0.9309153 -0.08000053 -0.356366
vn -0.9309153 -0.08000053 -0.356366
vn -0.9962976 -0.08561933 -0.007783575
vn -0.9963278 -0.08562192 0
vn -0.9309153 -0.08000053 -0.356366
vn -0.8160153 -0.07012632 -0.5737607
vn -0.7337804 -0.06305926 -0.6764538
vn -0.7058048 -0.06065511 -0.7058048
vn -0.7337804 -0.06305926 -0.6764538
vn -0.8160153 -0.07012632 -0.5737607
vn -0.9752539 0.220956 -0.007619171
vn -0.9159462 0.2075191 -0.3434798
vn -0.8071895 0.1828789 -0.561249
vn -0.7335274 0.1661898 -0.6590285
vn -0.7062237 0.1600038 -0.6896716
vn -0.7919967 0.5816226 0.1856242
vn -0.8058607 0.591804 -0.01888736
vn -0.787115 0.5780376 -0.2152267
vn -0.7492045 0.550197 -0.3687491
vn -0.7198285 0.5286241 -0.4498928
vn -0.7098306 0.6543751 -0.2606409
vn -0.7147382 0.6588992 -0.2345235
vn -0.7216452 0.5299582 -0.4453904
vn -0.7087526 0.5204902 -0.4761931
vn -0.7128293 0.6571395 -0.2450351
vn -0.7208208 0.6645067 -0.1970994
vn -0.7299523 0.6729248 -0.1197578
vn -0.7350497 0.677624 -0.0229703
vn -0.7335274 0.1661898 -0.6590285
vn -0.8100455 0.1835259 -0.5569063
vn -0.7555469 0.5548548 -0.3482599
vn -0.9159462 0.2075191 -0.3434798
vn -0.7910736 0.5809447 -0.1915881
vn -0.9752823 0.2209624 0
vn -0.8059405 0.5918626 0.01259282
vn -0.9181822 0.2080256 0.337145
vn -0.9333127 -0.08020656 0.3499922
vn -0.8189998 -0.0703828 0.5694608
vn -0.8100455 0.1835259 0.5569063
vn -0.7366304 -0.06330418 0.6733263
vn -0.7363013 0.1668183 0.6557684
vn -0.7881439 0.5787932 0.2093507
vn -0.7508138 0.5513789 0.3636754
vn -0.7216452 0.5299582 0.4453904
vn -0.7216108 0.6652349 0.1916779
vn -0.7137929 0.6580278 0.2397898
vn -0.7366304 -0.06330418 0.6733263
vn -0.7085571 -0.06089162 0.7030215
vn -0.7087852 0.05537384 0.7032478
vn -0.7085571 -0.06089162 0.7030215
vn -0.7089155 0.1606137 0.6867619
vn -0.7106178 0.5218599 0.4718946
vn -0.7108479 0.6553129 0.255461
vn -0.8189998 -0.0703828 0.5694608
vn -0.7368867 0.05756927 0.6735605
vn -0.8193521 0.06401188 0.5697058
vn -0.7368867 0.05756927 0.6735605
vn -0.8193521 0.06401188 0.5697058
vn -0.7369967 -0.161218 0.6563877
vn -0.8138351 -0.1780264 0.5531536
vn -0.7245644 -0.4641741 0.5094594
vn -0.7686336 -0.4924059 0.4083366
vn -0.7190444 -0.5842236 0.3763748
vn -0.7081015 -0.5753325 0.4093712
vn -0.7077118 -0.4533779 0.5418419
vn -0.709536 -0.155211 0.687363
vn -0.7087852 0.05537384 0.7032478
vn -0.7203755 -0.4614905 -0.5177699
vn -0.7629191 -0.4887451 -0.4231817
vn -0.7335394 -0.5960008 -0.3266543
vn -0.7601293 -0.617605 -0.2019093
vn -0.8156176 -0.522505 -0.2485085
vn -0.7757576 -0.630303 -0.03030303
vn -0.8419595 -0.5393803 -0.01315562
vn -0.7680246 -0.62402 0.1440046
vn -0.8193688 -0.5249082 0.2304475
vn -0.7439724 -0.6044775 0.2848019
vn -0.9195317 -0.2011476 0.3376406
vn -0.9768716 -0.2136907 -0.007631809
vn -0.9150097 -0.2001584 -0.3502772
vn -0.8081059 -0.1767732 -0.5618861
vn -0.7314405 -0.1600026 -0.662868
vn -0.9333127 -0.08020656 0.3499922
vn -0.933834 0.07295579 0.3501878
vn -0.933834 0.07295579 0.3501878
vn -0.9969622 0.07788767 0
vn -0.9314328 0.07276818 -0.3565641
vn -0.996932 0.07788531 -0.007788531
vn -0.9314328 0.07276818 -0.3565641
vn -0.8163638 0.06377842 -0.5740058
vn -0.7340338 0.05734639 -0.6766874
vn -0.7068372 -0.1546206 -0.6902707
vn -0.7342149 -0.1606095 -0.6596462
vn -0.7055903 -0.4520188 -0.54573
vn -0.7224723 -0.4628338 -0.5136327
vn -0.7667421 -0.4911941 -0.4133219
vn -0.7175177 -0.5829831 -0.3811813
vn -0.7064926 -0.5740252 -0.4139605
vn -0.7128624 -0.5792007 -0.3954159
vn -0.780691 0.5916173 0.2012719
vn -0.7466 0.5657828 0.3499688
vn -0.8109391 0.1963993 0.5511852
vn -0.7348438 0.17797 0.6544703
vn -0.7186703 0.5446173 0.4323251
vn -0.7176981 0.672842 0.1794245
vn -0.7112867 0.6668313 0.2222771
vn -0.7363501 -0.06903282 0.67307
vn -0.7110672 -0.06666255 0.6999568
vn -0.7110672 -0.06666255 0.6999568
vn -0.7103004 0.1720259 0.6825543
vn -0.7098306 0.5379185 0.4547352
vn -0.7094925 0.6651492 0.2328022
vn -0.7085571 -0.4705262 0.5258822
vn -0.7355836 -0.1724024 0.6551291
vn -0.7082749 -0.1660019 0.6861413
vn -0.7366304 0.06330418 0.6733263
vn -0.7113197 0.06112904 0.7002053
vn -0.7366304 0.06330418 0.6733263
vn -0.7113197 0.06112904 0.7002053
vn -0.7363501 -0.06903282 0.67307
vn -0.8186144 -0.07674511 0.5691929
vn -0.8186144 -0.07674511 0.5691929
vn -0.8189998 0.0703828 0.5694608
vn -0.7204097 0.5459355 -0.4277433
vn -0.7510982 0.5691916 -0.3344734
vn -0.7834499 0.5937082 -0.1836211
vn -0.7969396 0.6039308 0.01245218
vn -0.7252969 0.6799659 0.1076613
vn -0.7294899 0.6838967 0.01139828
vn -0.7272258 0.6817742 -0.07954032
vn -0.7197716 0.6747859 -0.1630732
vn -0.712156 0.6676462 -0.216985
vn -0.7085679 0.6642824 -0.2380345
vn -0.7103989 0.6659989 -0.2275496
vn -0.7169659 0.6721556 -0.1848428
vn -0.7248432 0.6795405 -0.1132567
vn 0.7065703 -0.7065703 0.03894482
vn 0.7043284 -0.7098743 0
vn 0.7052617 -0.7052617 0.07219214
vn 0.7039604 -0.7039604 0.09423091
vn 0.7031831 -0.7031831 0.1052006
vn 0.7039604 -0.7039604 0.09423091
vn 0.7052617 -0.7052617 0.07219214
vn 0.7065703 -0.7065703 0.03894482
vn 0.7071068 -0.7071068 0
vn 0.7064064 -0.7064064 -0.04449804
vn 0.7049683 -0.7049683 -0.07771304
vn 0.7035822 -0.7035822 -0.09972031
vn 0.7031831 -0.7031831 -0.1052006
vn 0.7035822 -0.7035822 -0.09972031
vn 0.7049683 -0.7049683 -0.07771304
vn 0.7064064 -0.7064064 -0.04449804
vn 0.7071068 -0.7071068 0
vn -0.7110672 -0.06666255 0.6999568
vn -0.7110672 -0.06666255 0.6999568
vn -0.7113197 0.06112904 0.7002053
vn -0.7113197 0.06112904 0.7002053
vn 0.7043284 -0.7098743 0
vn 0.711253 -0.6888514 -0.1400104
vn 0.716087 -0.6935331 -0.07893872
vn 0.7183171 -0.695693 -0.00565604
vn 0.7163945 -0.693831 0.07333172
vn 0.7118002 -0.6893813 0.1345134
vn 0.7075346 -0.68525 0.1727053
vn 0.7054031 -0.6831857 0.1888481
vn 0.7075346 -0.68525 0.1727053
vn 0.7118002 -0.6893813 0.1345134
vn 0.7163945 -0.693831 0.07333172
vn 0.7183285 -0.695704 0
vn 0.716087 -0.6935331 -0.07893872
vn 0.711253 -0.6888514 -0.1400104
vn 0.7068439 -0.684581 -0.1781024
vn 0.7046536 -0.6824598 -0.1941959
vn 0.7068439 -0.684581 -0.1781024
vn -0.7148942 0.6981388 0.03909577
vn -0.7132607 0.6965437 0.07801289
vn -0.7098743 0.7043284 0
vn -0.7114406 0.6947662 0.1056045
vn -0.7110124 0.694348 0.1110957
vn -0.7114406 0.6947662 0.1056045
vn -0.7132607 0.6965437 0.07801289
vn -0.7148942 0.6981388 0.03909577
vn -0.7154411 0.698673 0
vn -0.714727 0.6979756 -0.04467044
vn -0.7129398 0.6962303 -0.08354764
vn -0.7114406 0.6947662 -0.1056045
vn -0.7105631 0.6939092 -0.1165767
vn -0.7114406 0.6947662 -0.1056045
vn -0.7129398 0.6962303 -0.08354764
vn -0.714727 0.6979756 -0.04467044
vn -0.7154411 0.698673 0
vn 0.9127011 -0.2299719 0.3377713
vn 0.9323628 0.08075584 0.3523891
vn 0.8168765 0.07075309 0.5724568
vn 0.807722 -0.2035205 0.5533213
vn 0.7754577 -0.5983847 0.2014969
vn 0.7415245 -0.5721999 0.3503265
vn 0.7197922 -0.6857863 0.1076855
vn 0.7122478 -0.6785983 0.179464
vn 0.8168765 0.07075309 0.5724568
vn 0.8164881 -0.07714849 0.5721846
vn 0.7336997 -0.06932595 0.6759281
vn 0.7339814 0.0635732 0.6761876
vn 0.7339814 0.0635732 0.6761876
vn 0.7314208 -0.184295 0.6565509
vn 0.713731 -0.5507531 0.4327345
vn 0.7058824 -0.6725336 0.2223252
vn 0.7049357 -0.5439662 0.4551553
vn 0.704101 -0.6708364 0.2328523
vn 0.7068439 -0.1781024 0.6845811
vn 0.708558 0.06137117 0.7029788
vn 0.708558 0.06137117 0.7029788
vn 0.7083045 -0.0669264 0.7027273
vn 0.7083045 -0.0669264 0.7027273
vn 0.7336997 -0.06932595 0.6759281
vn 0.7061442 0.1612455 0.6894637
vn 0.7336507 0.1675265 0.6585526
vn 0.8164881 -0.07714849 0.5721846
vn 0.8107282 0.1851269 0.5553807
vn 0.9317854 -0.08804271 0.3521709
vn 0.9170452 0.209404 0.339379
vn 0.9955656 -0.09406919 0
vn 0.9748774 0.2226098 -0.0076762
vn 0.8134844 -0.07686467 -0.576485
vn 0.8134844 -0.07686467 -0.576485
vn 0.9293623 -0.08781376 -0.3585728
vn 0.9293623 -0.08781376 -0.3585728
vn 0.995535 -0.0940663 -0.007838858
vn 0.9317854 -0.08804271 0.3521709
vn 0.8138685 0.07049255 -0.5767573
vn 0.9299352 0.08054557 -0.3587939
vn 0.9962699 0.0862911 0
vn 0.9323628 0.08075584 0.3523891
vn 0.8138685 0.07049255 -0.5767573
vn 0.9299352 0.08054557 -0.3587939
vn 0.9962393 0.08628844 -0.007844404
vn 0.9696917 -0.2443318 0
vn 0.7916346 -0.6108676 0.01246669
vn 0.7239553 -0.6897527 0.01140087
vn 0.807722 -0.2035205 -0.5533213
vn 0.9127011 -0.2299719 -0.3377713
vn 0.7782044 -0.6005042 -0.1838278
vn 0.7217074 -0.687611 -0.0795583
vn 0.7460012 -0.5756545 -0.3348195
vn 0.7143065 -0.6805598 -0.1631093
vn 0.7193418 -0.6853572 -0.1132822
vn 0.774491 -0.5976387 -0.207344
vn 0.7399997 -0.5710234 -0.3554329
vn 0.7115209 -0.6779057 -0.1848834
vn 0.7119904 -0.5494099 -0.4372854
vn 0.7050009 -0.6716937 -0.2275987
vn 0.7031507 -0.5425888 -0.4595394
vn 0.7031831 -0.6699618 -0.2380856
vn 0.7154617 -0.5520886 -0.4281503
vn 0.7067454 -0.6733559 -0.217032
vn 0.9104703 -0.2294098 -0.3441148
vn 0.8048783 -0.202804 -0.5577109
vn 0.7286587 -0.183599 -0.6598091
vn 0.7041551 -0.1774249 -0.6875216
vn 0.7314208 -0.184295 -0.6565509
vn 0.9299352 0.08054557 -0.3587939
vn 0.8138685 0.07049255 -0.5767573
vn 0.7311177 0.06332515 -0.6793061
vn 0.7057843 0.06113093 -0.7057843
vn 0.7311177 0.06332515 -0.6793061
vn 0.9299352 0.08054557 -0.3587939
vn 0.8138685 0.07049255 -0.5767573
vn 0.7311177 0.06332515 -0.6793061
vn 0.7057843 0.06113093 -0.7057843
vn 0.7311177 0.06332515 -0.6793061
vn 0.9293623 -0.08781376 -0.3585728
vn 0.8134844 -0.07686467 -0.576485
vn 0.7308392 -0.06905567 -0.6790474
vn 0.7055337 -0.06666461 -0.7055337
vn 0.7308392 -0.06905567 -0.6790474
vn 0.9293623 -0.08781376 -0.3585728
vn 0.8134844 -0.07686467 -0.576485
vn 0.7308392 -0.06905567 -0.6790474
vn 0.7055337 -0.06666461 -0.7055337
vn 0.7308392 -0.06905567 -0.6790474
vn 0.9147823 0.2088873 -0.3457445
vn 0.8049753 0.1838132 -0.5641165
vn 0.7308634 0.1668901 -0.6618055
vn 0.7034419 0.1606285 -0.6923641
vn 0.7308634 0.1668901 -0.6618055
vn 0.9147823 0.2088873 -0.3457445
vn 0.8116881 0.5368645 -0.2300848
vn 0.7634274 0.5049441 -0.4027531
vn 0.8078527 0.1844703 -0.559772
vn 0.7221389 0.4776352 -0.5003797
vn 0.7055447 0.4666595 -0.5333251
vn 0.7200815 0.4762744 -0.5046241
vn 0.7597031 0.5024808 -0.4127521
vn 0.7160074 0.5976124 -0.3608226
vn 0.7054903 0.5888344 -0.3944079
vn 0.7100736 0.5926599 -0.3801969
vn 0.7298248 0.6091452 -0.3103192
vn 0.7537524 0.6291162 -0.1899219
vn 0.8092456 0.5352491 -0.2421365
vn 0.7673751 0.6404863 -0.03021162
vn 0.8339936 0.5516178 -0.01313376
vn 0.8128676 0.5376447 0.2240186
vn 0.7652686 0.5061619 0.3976986
vn 0.7241907 0.4789922 0.4960991
vn 0.7076335 0.468041 0.5293322
vn 0.761025 0.6351863 0.1318311
vn 0.7396608 0.6173547 0.2679086
vn 0.7174569 0.5988223 0.3559038
vn 0.7070301 0.5901197 0.3897016
vn 0.7043176 -0.7098634 -0.005545808
vn 0.7188922 -0.6905894 0.07924796
vn 0.7134269 -0.6853392 0.1460559
vn 0.7080842 -0.6802069 0.1895659
vn 0.7057516 -0.6779661 0.2056127
vn 0.7080842 -0.6802069 0.1895659
vn 0.7134269 -0.6853392 0.1460559
vn 0.7188922 -0.6905894 0.07924796
vn 0.7211604 -0.6927682 0
vn 0.7185584 -0.6902688 -0.08486911
vn 0.712831 -0.6847668 -0.1515468
vn 0.7073261 -0.6794786 -0.1949324
vn 0.7049358 -0.6771824 -0.2109257
vn 0.7073261 -0.6794786 -0.1949324
vn 0.712831 -0.6847668 -0.1515468
vn 0.7185584 -0.6902688 -0.08486911
vn 0.7211604 -0.6927682 0
vn 0.7221389 0.4776352 0.5003797
vn 0.7115767 0.5939144 0.3753987
vn 0.7311177 0.6102242 0.3051121
vn 0.7615721 0.503717 0.4077709
vn 0.7336507 0.1675265 0.6585526
vn 0.8078527 0.1844703 0.559772
vn 0.8104805 0.5360659 0.2361243
vn 0.9170452 0.209404 0.339379
vn 0.8340476 0.5516535 0.006567304
vn 0.9749061 0.2226164 0
vn 0.7545901 0.6298153 0.1841913
vn 0.7675012 0.6405916 0.02417327
vn 0.7604109 0.6346737 -0.1377122
vn 0.7384969 0.6163833 -0.273302
vn 0.995535 -0.0940663 -0.007838858
vn 0.9317854 -0.08804271 0.3521709
vn 0.8164881 -0.07714849 0.5721846
vn 0.7083045 -0.0669264 0.7027273
vn 0.7083045 -0.0669264 0.7027273
vn 0.7336997 -0.06932595 0.6759281
vn 0.7336997 -0.06932595 0.6759281
vn 0.8164881 -0.07714849 0.5721846
vn 0.9317854 -0.08804271 0.3521709
vn 0.9955656 -0.09406919 0
vn 0.708558 0.06137117 0.7029788
vn 0.7339814 0.0635732 0.6761876
vn 0.8168765 0.07075309 0.5724568
vn 0.9323628 0.08075584 0.3523891
vn 0.9962393 0.08628844 -0.007844404
vn 0.708558 0.06137117 0.7029788
vn 0.7339814 0.0635732 0.6761876
vn 0.8168765 0.07075309 0.5724568
vn 0.9323628 0.08075584 0.3523891
vn 0.9962699 0.0862911 0
vn 0.7068439 -0.1781024 0.6845811
vn 0.7341899 -0.1849927 0.6532556
vn 0.8105631 -0.2042364 0.5488852
vn 0.9149011 -0.2305263 0.3313815
vn 0.9696634 -0.2443246 -0.007635145
vn 0.7049357 -0.5439662 0.4551553
vn 0.7171823 -0.5534163 0.4235328
vn 0.7474598 -0.57678 0.3295886
vn 0.7790678 -0.6011704 0.1778974
vn 0.7915577 -0.6108083 -0.01869821
vn 0.704101 -0.6708364 0.2328523
vn 0.7075895 -0.6741601 0.2117197
vn 0.7149513 -0.6811741 0.1576271
vn 0.7220222 -0.687911 0.07390779
vn 0.7238965 -0.6896967 -0.01709992
vn 0.7061442 0.1612455 0.6894637
vn 0.7076335 0.468041 0.5293322
vn 0.7070301 0.5901197 0.3897016
vn -0.7328779 0.6756217 0.08015852
vn -0.7245644 0.6679578 0.1698198
vn -0.7156648 0.6597534 0.2292364
vn -0.7108479 0.6553129 0.255461
vn -0.7106178 0.5218599 0.4718946
vn -0.7304395 0.6733739 0.1141312
vn -0.7351347 0.6777022 0.01722972
vn -0.7325297 0.6753008 -0.08584332
vn -0.7238573 0.667306 -0.1753092
usemtl body
f 1/1/1 2/2/2 3/3/3
f 4/4/4 5/5/5 6/6/6
f 6/6/6 7/7/7 4/4/4
f 8/8/8 4/4/4 7/7/7
f 7/7/7 9/9/9 8/8/8
f 10/10/10 6/6/6 5/5/5
f 5/5/5 11/11/11 10/10/10
f 11/11/11 5/5/5 12/12/12
f 13/13/13 12/12/12 5/5/5
f 5/5/5 4/4/4 13/13/13
f 14/14/14 13/13/13 4/4/4
f 4/4/4 8/8/8 14/14/14
f 15/15/15 14/14/14 8/8/8
f 8/8/8 16/16/16 15/15/15
f 16/16/16 8/8/8 9/9/9
f 9/9/9 17/17/17 16/16/16
f 12/12/12 13/13/13 18/18/18
f 18/18/18 19/19/19 12/12/12
f 20/20/20 12/12/12 19/19/19
f 12/12/12 20/20/20 11/11/11
f 19/19/19 21/21/21 20/20/20
f 17/17/17 22/22/22 23/23/23
f 23/23/23 16/16/16 17/17/17
f 16/16/16 23/23/23 24/24/24
f 24/24/24 15/15/15 16/16/16
f 15/15/15 24/24/24 25/25/25
f 25/25/25 26/26/26 15/15/15
f 14/14/14 15/15/15 26/26/26
f 26/26/26 27/27/27 14/14/14
f 13/13/13 14/14/14 27/27/27
f 27/27/27 18/18/18 13/13/13
f 28/28/28 29/29/29 30/30/30
f 30/30/30 31/31/31 28/28/28
f 28/28/28 31/31/31 32/32/32
f 32/32/32 33/33/33 28/28/28
f 34/34/34 35/35/35 36/36/36
f 36/36/36 37/37/37 34/34/34
f 38/38/38 37/37/37 36/36/36
f 36/36/36 39/39/39 38/38/38
f 40/40/40 41/41/41 42/42/42
f 42/42/42 43/43/43 40/40/40
f 40/40/40 43/43/43 44/44/44
f 44/44/44 45/45/45 40/40/40
f 45/45/45 44/44/44 46/46/46
f 46/46/46 47/47/47 45/45/45
f 48/48/48 47/47/47 46/46/46
f 46/46/46 49/49/49 48/48/48
f 50/50/50 48/48/48 49/49/49
f 49/49/49 51/51/51 50/50/50
f 52/52/52 50/50/50 51/51/51
f 51/51/51 53/53/53 52/52/52
f 54/54/54 55/55/55 56/56/56
f 56/56/56 57/57/57 54/54/54
f 54/54/54 57/57/57 58/58/58
f 58/58/58 59/59/59 54/54/54
f 59/59/59 58/58/58 60/60/60
f 60/60/60 61/61/61 59/59/59
f 62/62/62 63/63/63 64/64/64
f 64/64/64 65/65/65 62/62/62
f 62/62/62 65/65/65 66/66/66
f 66/66/66 67/67/67 62/62/62
f 67/67/67 66/66/66 68/68/68
f 68/68/68 69/69/69 67/67/67
f 70/70/70 71/71/71 72/72/72
f 72/72/72 73/73/73 70/70/70
f 70/70/70 73/73/73 74/74/74
f 74/74/74 75/75/75 70/70/70
f 75/75/75 74/74/74 76/76/76
f 76/76/76 77/77/77 75/75/75
f 78/78/78 79/79/79 80/80/80
f 80/80/80 81/81/81 78/78/78
f 81/81/81 80/80/80 82/82/82
f 82/82/82 83/83/83 81/81/81
f 83/83/83 82/82/82 84/84/84
f 84/84/84 85/85/85 83/83/83
f 86/86/86 87/87/87 88/88/88
f 88/88/88 89/89/89 86/86/86
f 90/90/90 91/91/91 92/92/92
f 92/92/92 93/93/93 90/90/90
f 94/94/94 95/95/95 96/96/96
f 96/96/96 97/97/97 94/94/94
f 98/98/98 94/94/94 97/97/97
f 97/97/97 99/99/99 98/98/98
f 100/100/100 94/94/94 101/101/101
f 102/102/102 100/100/100 103/103/103
f 103/103/103 104/104/104 102/102/102
f 105/105/105 102/102/102 104/104/104
f 104/104/104 106/106/106 105/105/105
f 107/107/107 108/108/108 109/109/109
f 110/110/110 109/109/109 108/108/108
f 108/108/108 111/111/111 110/110/110
f 112/112/112 110/110/110 111/111/111
f 111/111/111 113/113/113 112/112/112
f 113/113/113 114/114/114 115/115/115
f 115/115/115 112/112/112 113/113/113
f 112/112/112 115/115/115 116/116/116
f 116/116/116 117/117/117 112/112/112
f 110/110/110 112/112/112 117/117/117
f 117/117/117 118/118/118 110/110/110
f 109/109/109 110/110/110 118/118/118
f 113/113/113 111/111/111 119/119/119
f 119/119/119 120/120/120 113/113/113
f 114/114/114 113/113/113 120/120/120
f 120/120/120 121/121/121 114/114/114
f 118/118/118 122/122/122 109/109/109
f 123/123/123 109/109/109 122/122/122
f 109/109/109 123/123/123 107/107/107
f 124/124/124 107/107/107 123/123/123
f 107/107/107 124/124/124 125/125/125
f 125/125/125 126/126/126 107/107/107
f 108/108/108 107/107/107 126/126/126
f 126/126/126 127/127/127 108/108/108
f 111/111/111 108/108/108 127/127/127
f 127/127/127 119/119/119 111/111/111
f 122/122/122 128/128/128 123/123/123
f 129/129/129 123/123/123 128/128/128
f 123/123/123 129/129/129 124/124/124
f 128/128/128 130/130/130 129/129/129
f 131/131/131 132/132/132 133/133/133
f 134/134/134 135/135/135 136/136/136
f 136/136/136 137/137/137 134/134/134
f 138/138/138 139/139/139 140/140/140
f 140/140/140 137/137/137 138/138/138
f 138/138/138 137/137/137 136/136/136
f 136/136/136 141/141/141 138/138/138
f 141/141/141 136/136/136 142/142/142
f 142/142/142 143/143/143 141/141/141
f 143/143/143 142/142/142 144/144/144
f 144/144/144 145/145/145 143/143/143
f 146/146/146 147/147/147 148/148/148
f 149/149/149 150/150/150 151/151/151
f 151/151/151 152/152/152 149/149/149
f 153/153/153 152/152/152 151/151/151
f 152/152/152 153/153/153 154/154/154
f 154/154/154 155/155/155 152/152/152
f 154/154/154 156/156/156 157/157/157
f 154/154/154 157/157/157 158/158/158
f 154/154/154 158/158/158 155/155/155
f 159/159/159 155/155/155 158/158/158
f 158/158/158 160/160/160 159/159/159
f 161/161/161 162/162/162 163/163/163
f 163/163/163 164/164/164 161/161/161
f 164/164/164 165/165/165 166/166/166
f 166/166/166 167/167/167 164/164/164
f 168/168/168 167/167/167 166/166/166
f 166/166/166 169/169/169 168/168/168
f 170/170/170 168/168/168 169/169/169
f 169/169/169 171/171/171 170/170/170
f 172/172/172 170/170/170 171/171/171
f 173/173/173 174/174/174 175/175/175
f 175/175/175 176/176/176 173/173/173
f 177/177/177 173/173/173 176/176/176
f 176/176/176 172/172/172 177/177/177
f 178/178/178 177/177/177 172/172/172
f 179/179/179 180/180/180 181/181/181
f 181/181/181 180/180/180 182/182/182
f 183/183/183 184/184/184 185/185/185
f 184/184/184 186/186/186 185/185/185
f 186/186/186 187/187/187 185/185/185
f 187/187/187 188/188/188 185/185/185
f 189/189/189 188/188/188 187/187/187
f 190/190/190 191/191/191 192/192/192
f 191/191/191 193/193/193 194/194/194
f 191/191/191 194/194/194 195/195/195
f 191/191/191 195/195/195 192/192/192
f 196/196/196 192/192/192 195/195/195
f 192/192/192 196/196/196 197/197/197
f 197/197/197 198/198/198 192/192/192
f 195/195/195 199/199/199 196/196/196
f 200/200/200 201/201/201 202/202/202
f 202/202/202 201/201/201 203/203/203
f 204/204/204 205/205/205 206/206/206
f 207/207/207 208/208/208 205/205/205
f 205/205/205 208/208/208 206/206/206
f 209/209/209 206/206/206 208/208/208
f 204/204/204 206/206/206 209/209/209
f 209/209/209 210/210/210 204/204/204
f 211/211/211 204/204/204 210/210/210
f 204/204/204 211/211/211 212/212/212
f 212/212/212 205/205/205 204/204/204
f 213/213/213 205/205/205 212/212/212
f 205/205/205 213/213/213 207/207/207
f 207/207/207 214/214/214 215/215/215
f 215/215/215 216/216/216 207/207/207
f 207/207/207 216/216/216 217/217/217
f 217/217/217 208/208/208 207/207/207
f 208/208/208 217/217/217 209/209/209
f 213/213/213 218/218/218 207/207/207
f 214/214/214 207/207/207 218/218/218
f 214/214/214 218/218/218 219/219/219
f 215/215/215 214/214/214 219/219/219
f 219/219/219 220/220/220 215/215/215
f 220/220/220 219/219/219 221/221/221
f 221/221/221 222/222/222 220/220/220
f 218/218/218 223/223/223 224/224/224
f 218/218/218 224/224/224 221/221/221
f 221/221/221 219/219/219 218/218/218
f 225/225/225 226/226/226 223/223/223
f 223/223/223 218/218/218 225/225/225
f 225/225/225 218/218/218 213/213/213
f 213/213/213 227/227/227 225/225/225
f 212/212/212 227/227/227 213/213/213
f 228/228/228 227/227/227 212/212/212
f 228/228/228 225/225/225 227/227/227
f 229/229/229 225/225/225 228/228/228
f 225/225/225 229/229/229 230/230/230
f 230/230/230 226/226/226 225/225/225
f 228/228/228 231/231/231 229/229/229
f 232/232/232 233/233/233 234/234/234
f 235/235/235 236/236/236 237/237/237
f 237/237/237 238/238/238 235/235/235
f 238/238/238 237/237/237 239/239/239
f 239/239/239 240/240/240 238/238/238
f 240/240/240 239/239/239 241/241/241
f 241/241/241 242/242/242 240/240/240
f 242/242/242 241/241/241 243/243/243
f 243/243/243 244/244/244 242/242/242
f 244/244/244 243/243/243 245/245/245
f 245/245/245 246/246/246 244/244/244
f 247/247/247 248/248/248 249/249/249
f 247/247/247 249/249/249 250/250/250
f 250/250/250 251/251/251 247/247/247
f 252/252/252 247/247/247 251/251/251
f 253/253/253 254/254/254 255/255/255
f 255/255/255 256/256/256 253/253/253
f 256/256/256 255/255/255 257/257/257
f 257/257/257 258/258/258 256/256/256
f 258/258/258 257/257/257 259/259/259
f 259/259/259 260/260/260 258/258/258
f 261/261/261 262/262/262 263/263/263
f 263/263/263 264/264/264 261/261/261
f 265/265/265 264/264/264 263/263/263
f 263/263/263 266/266/266 265/265/265
f 267/267/267 265/265/265 266/266/266
f 266/266/266 268/268/268 267/267/267
f 267/267/267 268/268/268 269/269/269
f 269/269/269 270/270/270 267/267/267
f 271/271/271 272/272/272 273/273/273
f 273/273/273 274/274/274 271/271/271
f 274/274/274 273/273/273 275/275/275
f 275/275/275 276/276/276 274/274/274
f 276/276/276 275/275/275 277/277/277
f 277/277/277 269/269/269 276/276/276
f 269/269/269 277/277/277 278/278/278
f 278/278/278 270/270/270 269/269/269
f 270/270/270 278/278/278 279/279/279
f 279/279/279 280/280/280 270/270/270
f 262/262/262 281/281/281 282/282/282
f 282/282/282 283/283/283 262/262/262
f 283/283/283 282/282/282 272/272/272
f 272/272/272 271/271/271 283/283/283
f 280/280/280 279/279/279 284/284/284
f 284/284/284 285/285/285 280/280/280
f 285/285/285 284/284/284 286/286/286
f 286/286/286 287/287/287 285/285/285
f 287/287/287 286/286/286 288/288/288
f 288/288/288 289/289/289 287/287/287
f 289/289/289 288/288/288 290/290/290
f 290/290/290 261/261/261 289/289/289
f 261/261/261 290/290/290 281/281/281
f 281/281/281 262/262/262 261/261/261
f 291/291/291 292/292/292 293/293/293
f 294/294/294 293/293/293 292/292/292
f 292/292/292 295/295/295 294/294/294
f 296/296/296 294/294/294 295/295/295
f 295/295/295 297/297/297 296/296/296
f 298/298/298 296/296/296 297/297/297
f 297/297/297 299/299/299 298/298/298
f 300/300/300 299/299/299 297/297/297
f 297/297/297 295/295/295 300/300/300
f 291/291/291 300/300/300 295/295/295
f 295/295/295 292/292/292 291/291/291
f 296/296/296 298/298/298 301/301/301
f 294/294/294 296/296/296 302/302/302
f 301/301/301 302/302/302 296/296/296
f 302/302/302 301/301/301 303/303/303
f 304/304/304 305/305/305 306/306/306
f 307/307/307 305/305/305 304/304/304
f 306/306/306 305/305/305 307/307/307
f 307/307/307 293/293/293 306/306/306
f 306/306/306 293/293/293 308/308/308
f 308/308/308 293/293/293 294/294/294
f 294/294/294 309/309/309 308/308/308
f 302/302/302 309/309/309 294/294/294
f 309/309/309 302/302/302 310/310/310
f 303/303/303 310/310/310 302/302/302
f 304/304/304 311/311/311 307/307/307
f 310/310/310 308/308/308 309/309/309
f 308/308/308 310/310/310 312/312/312
f 312/312/312 306/306/306 308/308/308
f 306/306/306 312/312/312 304/304/304
f 310/310/310 303/303/303 313/313/313
f 313/313/313 312/312/312 310/310/310
f 312/312/312 313/313/313 314/314/314
f 314/314/314 304/304/304 312/312/312
f 304/304/304 314/314/314 315/315/315
f 315/315/315 311/311/311 304/304/304
f 316/316/316 311/311/311 315/315/315
f 307/307/307 311/311/311 316/316/316
f 316/316/316 291/291/291 307/307/307
f 293/293/293 307/307/307 291/291/291
f 315/315/315 317/317/317 316/316/316
f 316/316/316 317/317/317 300/300/300
f 300/300/300 291/291/291 316/316/316
f 318/318/318 319/319/319 320/320/320
f 319/319/319 318/318/318 321/321/321
f 320/320/320 322/322/322 318/318/318
f 323/323/323 318/318/318 322/322/322
f 318/318/318 323/323/323 324/324/324
f 324/324/324 321/321/321 318/318/318
f 321/321/321 324/324/324 325/325/325
f 325/325/325 326/326/326 321/321/321
f 326/326/326 325/325/325 327/327/327
f 327/327/327 328/328/328 326/326/326
f 329/329/329 328/328/328 327/327/327
f 330/330/330 328/328/328 329/329/329
f 326/326/326 328/328/328 330/330/330
f 331/331/331 332/332/332 322/322/322
f 333/333/333 322/322/322 332/332/332
f 322/322/322 333/333/333 323/323/323
f 332/332/332 334/334/334 333/333/333
f 329/329/329 335/335/335 330/330/330
f 336/336/336 330/330/330 335/335/335
f 335/335/335 337/337/337 336/336/336
f 331/331/331 336/336/336 337/337/337
f 337/337/337 338/338/338 331/331/331
f 332/332/332 331/331/331 338/338/338
f 338/338/338 339/339/339 332/332/332
f 334/334/334 332/332/332 339/339/339
f 339/339/339 340/340/340 334/334/334
f 341/341/341 340/340/340 339/339/339
f 339/339/339 338/338/338 341/341/341
f 335/335/335 341/341/341 338/338/338
f 341/341/341 335/335/335 329/329/329
f 329/329/329 342/342/342 341/341/341
f 327/327/327 342/342/342 329/329/329
f 321/321/321 343/343/343 319/319/319
f 343/343/343 321/321/321 326/326/326
f 326/326/326 344/344/344 343/343/343
f 330/330/330 344/344/344 326/326/326
f 343/343/343 344/344/344 330/330/330
f 330/330/330 336/336/336 343/343/343
f 343/343/343 336/336/336 319/319/319
f 319/319/319 336/336/336 331/331/331
f 331/331/331 320/320/320 319/319/319
f 322/322/322 320/320/320 331/331/331
f 345/345/345 346/346/346 347/347/347
f 348/348/348 349/349/349 350/350/350
f 351/351/351 349/349/349 348/348/348
f 348/348/348 352/352/352 351/351/351
f 351/351/351 352/352/352 346/346/346
f 353/353/353 346/346/346 352/352/352
f 346/346/346 353/353/353 354/354/354
f 354/354/354 347/347/347 346/346/346
f 355/355/355 347/347/347 354/354/354
f 354/354/354 356/356/356 355/355/355
f 357/357/357 355/355/355 356/356/356
f 356/356/356 358/358/358 357/357/357
f 359/359/359 357/357/357 358/358/358
f 358/358/358 360/360/360 359/359/359
f 352/352/352 361/361/361 353/353/353
f 362/362/362 361/361/361 352/352/352
f 352/352/352 363/363/363 362/362/362
f 364/364/364 362/362/362 363/363/363
f 363/363/363 365/365/365 364/364/364
f 366/366/366 364/364/364 365/365/365
f 367/367/367 368/368/368 369/369/369
f 367/367/367 369/369/369 370/370/370
f 367/367/367 370/370/370 371/371/371
f 372/372/372 371/371/371 370/370/370
f 370/370/370 373/373/373 372/372/372
f 372/372/372 373/373/373 366/366/366
f 366/366/366 374/374/374 372/372/372
f 365/365/365 374/374/374 366/366/366
f 374/374/374 365/365/365 350/350/350
f 350/350/350 365/365/365 348/348/348
f 375/375/375 376/376/376 377/377/377
f 377/377/377 378/378/378 375/375/375
f 375/375/375 378/378/378 379/379/379
f 377/377/377 380/380/380 381/381/381
f 381/381/381 382/382/382 377/377/377
f 377/377/377 382/382/382 383/383/383
f 383/383/383 378/378/378 377/377/377
f 378/378/378 383/383/383 384/384/384
f 384/384/384 379/379/379 378/378/378
f 379/379/379 384/384/384 385/385/385
f 386/386/386 385/385/385 387/387/387
f 385/385/385 386/386/386 379/379/379
f 388/388/388 379/379/379 386/386/386
f 379/379/379 388/388/388 375/375/375
f 389/389/389 375/375/375 388/388/388
f 375/375/375 389/389/389 390/390/390
f 390/390/390 376/376/376 375/375/375
f 391/391/391 376/376/376 390/390/390
f 376/376/376 391/391/391 380/380/380
f 380/380/380 377/377/377 376/376/376
f 390/390/390 392/392/392 391/391/391
f 387/387/387 393/393/393 386/386/386
f 394/394/394 386/386/386 393/393/393
f 386/386/386 394/394/394 388/388/388
f 395/395/395 388/388/388 394/394/394
f 388/388/388 395/395/395 389/389/389
f 393/393/393 396/396/396 394/394/394
f 396/396/396 397/397/397 398/398/398
f 398/398/398 394/394/394 396/396/396
f 394/394/394 398/398/398 395/395/395
f 399/399/399 400/400/400 401/401/401
f 402/402/402 403/403/403 404/404/404
f 404/404/404 405/405/405 402/402/402
f 406/406/406 407/407/407 408/408/408
f 408/408/408 409/409/409 406/406/406
f 410/410/410 411/411/411 412/412/412
f 412/412/412 413/413/413 410/410/410
f 414/414/414 415/415/415 416/416/416
f 416/416/416 417/417/417 414/414/414
f 418/418/418 419/419/419 420/420/420
f 420/420/420 421/421/421 418/418/418
f 422/422/422 423/423/423 424/424/424
f 424/424/424 425/425/425 422/422/422
f 426/426/426 427/427/427 428/428/428
f 428/428/428 429/429/429 426/426/426
f 429/429/429 430/430/430 426/426/426
f 430/430/430 429/429/429 423/423/423
f 423/423/423 431/431/431 430/430/430
f 431/431/431 423/423/423 422/422/422
f 422/422/422 432/432/432 431/431/431
f 432/432/432 422/422/422 433/433/433
f 433/433/433 434/434/434 432/432/432
f 434/434/434 433/433/433 435/435/435
f 436/436/436 435/435/435 437/437/437
f 435/435/435 438/438/438 434/434/434
f 438/438/438 435/435/435 436/436/436
f 436/436/436 439/439/439 438/438/438
f 439/439/439 436/436/436 440/440/440
f 440/440/440 441/441/441 439/439/439
f 441/441/441 440/440/440 442/442/442
f 442/442/442 443/443/443 441/441/441
f 443/443/443 442/442/442 444/444/444
f 444/444/444 445/445/445 443/443/443
f 445/445/445 444/444/444 446/446/446
f 446/446/446 447/447/447 445/445/445
f 447/447/447 446/446/446 448/448/448
f 448/448/448 449/449/449 447/447/447
f 449/449/449 448/448/448 450/450/450
f 450/450/450 451/451/451 449/449/449
f 452/452/452 453/453/453 454/454/454
f 452/452/452 454/454/454 455/455/455
f 454/454/454 456/456/456 455/455/455
f 457/457/457 452/452/452 455/455/455
f 458/458/458 459/459/459 460/460/460
f 460/460/460 459/459/459 461/461/461
f 462/462/462 461/461/461 459/459/459
f 459/459/459 463/463/463 462/462/462
f 464/464/464 462/462/462 463/463/463
f 463/463/463 465/465/465 464/464/464
f 466/466/466 467/467/467 468/468/468
f 469/469/469 470/470/470 471/471/471
f 471/471/471 472/472/472 469/469/469
f 473/473/473 472/472/472 471/471/471
f 471/471/471 474/474/474 473/473/473
f 475/475/475 473/473/473 474/474/474
f 474/474/474 476/476/476 475/475/475
f 475/475/475 476/476/476 477/477/477
f 477/477/477 478/478/478 475/475/475
f 479/479/479 480/480/480 481/481/481
f 481/481/481 482/482/482 479/479/479
f 482/482/482 481/481/481 483/483/483
f 483/483/483 484/484/484 482/482/482
f 484/484/484 483/483/483 470/470/470
f 470/470/470 485/485/485 484/484/484
f 485/485/485 470/470/470 469/469/469
f 469/469/469 486/486/486 485/485/485
f 486/486/486 469/469/469 487/487/487
f 487/487/487 488/488/488 486/486/486
f 488/488/488 487/487/487 489/489/489
f 489/489/489 490/490/490 488/488/488
f 490/490/490 489/489/489 491/491/491
f 491/491/491 492/492/492 490/490/490
f 492/492/492 491/491/491 493/493/493
f 493/493/493 494/494/494 492/492/492
f 494/494/494 493/493/493 478/478/478
f 478/478/478 495/495/495 494/494/494
f 495/495/495 478/478/478 477/477/477
f 477/477/477 496/496/496 495/495/495
f 496/496/496 477/477/477 497/497/497
f 497/497/497 498/498/498 496/496/496
f 498/498/498 497/497/497 480/480/480
f 480/480/480 479/479/479 498/498/498
f 499/499/499 500/500/500 501/501/501
f 501/501/501 502/502/502 499/499/499
f 502/502/502 501/501/501 503/503/503
f 503/503/503 504/504/504 502/502/502
f 504/504/504 503/503/503 505/505/505
f 506/506/506 507/507/507 500/500/500
f 500/500/500 499/499/499 506/506/506
f 499/499/499 508/508/508 506/506/506
f 508/508/508 499/499/499 502/502/502
f 502/502/502 509/509/509 508/508/508
f 509/509/509 502/502/502 504/504/504
f 510/510/510 509/509/509 504/504/504
f 505/505/505 510/510/510 504/504/504
f 510/510/510 505/505/505 511/511/511
f 511/511/511 512/512/512 510/510/510
f 513/513/513 509/509/509 512/512/512
f 512/512/512 509/509/509 510/510/510
f 512/512/512 511/511/511 514/514/514
f 514/514/514 513/513/513 512/512/512
f 515/515/515 513/513/513 514/514/514
f 515/515/515 509/509/509 513/513/513
f 509/509/509 515/515/515 516/516/516
f 516/516/516 508/508/508 509/509/509
f 516/516/516 506/506/506 508/508/508
f 506/506/506 516/516/516 517/517/517
f 517/517/517 518/518/518 506/506/506
f 517/517/517 519/519/519 518/518/518
f 514/514/514 520/520/520 519/519/519
f 521/521/521 519/519/519 517/517/517
f 519/519/519 521/521/521 514/514/514
f 514/514/514 521/521/521 515/515/515
f 515/515/515 521/521/521 517/517/517
f 517/517/517 516/516/516 515/515/515
f 520/520/520 514/514/514 511/511/511
f 511/511/511 522/522/522 520/520/520
f 522/522/522 511/511/511 505/505/505
f 505/505/505 523/523/523 522/522/522
f 523/523/523 505/505/505 503/503/503
f 503/503/503 524/524/524 523/523/523
f 524/524/524 503/503/503 501/501/501
f 501/501/501 525/525/525 524/524/524
f 525/525/525 501/501/501 500/500/500
f 500/500/500 507/507/507 525/525/525
f 526/526/526 527/527/527 528/528/528
f 528/528/528 529/529/529 526/526/526
f 530/530/530 531/531/531 532/532/532
f 532/532/532 533/533/533 530/530/530
f 534/534/534 535/535/535 536/536/536
f 536/536/536 537/537/537 534/534/534
f 538/538/538 539/539/539 540/540/540
f 540/540/540 541/541/541 538/538/538
f 542/542/542 543/543/543 544/544/544
f 544/544/544 545/545/545 542/542/542
f 546/546/546 547/547/547 548/548/548
f 548/548/548 549/549/549 546/546/546
f 550/550/550 551/551/551 552/552/552
f 552/552/552 553/553/553 550/550/550
f 554/554/554 550/550/550 553/553/553
f 553/553/553 555/555/555 554/554/554
f 556/556/556 554/554/554 555/555/555
f 555/555/555 557/557/557 556/556/556
f 558/558/558 556/556/556 557/557/557
f 557/557/557 546/546/546 558/558/558
f 559/559/559 558/558/558 546/546/546
f 546/546/546 549/549/549 559/559/559
f 553/553/553 560/560/560 555/555/555
f 561/561/561 559/559/559 549/549/549
f 549/549/549 562/562/562 561/561/561
f 563/563/563 561/561/561 562/562/562
f 562/562/562 564/564/564 563/563/563
f 565/565/565 564/564/564 562/562/562
f 566/566/566 567/567/567 568/568/568
f 569/569/569 570/570/570 571/571/571
f 570/570/570 569/569/569 572/572/572
f 572/572/572 569/569/569 573/573/573
f 573/573/573 574/574/574 572/572/572
f 575/575/575 574/574/574 573/573/573
f 576/576/576 575/575/575 573/573/573
f 577/577/577 578/578/578 579/579/579
f 580/580/580 581/581/581 582/582/582
f 582/582/582 583/583/583 580/580/580
f 580/580/580 583/583/583 584/584/584
f 584/584/584 585/585/585 580/580/580
f 585/585/585 584/584/584 586/586/586
f 586/586/586 587/587/587 585/585/585
f 588/588/588 587/587/587 586/586/586
f 586/586/586 589/589/589 588/588/588
f 590/590/590 591/591/591 592/592/592
f 593/593/593 592/592/592 591/591/591
f 591/591/591 594/594/594 593/593/593
f 595/595/595 593/593/593 594/594/594
f 594/594/594 596/596/596 595/595/595
f 581/581/581 595/595/595 596/596/596
f 596/596/596 597/597/597 581/581/581
f 582/582/582 581/581/581 597/597/597
f 597/597/597 598/598/598 582/582/582
f 599/599/599 582/582/582 598/598/598
f 598/598/598 600/600/600 599/599/599
f 601/601/601 599/599/599 600/600/600
f 600/600/600 602/602/602 601/601/601
f 603/603/603 601/601/601 602/602/602
f 602/602/602 604/604/604 603/603/603
f 605/605/605 603/603/603 604/604/604
f 604/604/604 606/606/606 605/605/605
f 589/589/589 605/605/605 606/606/606
f 606/606/606 607/607/607 589/589/589
f 588/588/588 589/589/589 607/607/607
f 607/607/607 608/608/608 588/588/588
f 609/609/609 588/588/588 608/608/608
f 608/608/608 590/590/590 609/609/609
f 592/592/592 609/609/609 590/590/590
f 610/610/610 611/611/611 612/612/612
f 611/611/611 613/613/613 612/612/612
f 614/614/614 613/613/613 611/611/611
f 611/611/611 615/615/615 614/614/614
f 615/615/615 611/611/611 610/610/610
f 610/610/610 616/616/616 615/615/615
f 617/617/617 618/618/618 619/619/619
f 618/618/618 617/617/617 614/614/614
f 620/620/620 618/618/618 614/614/614
f 615/615/615 620/620/620 614/614/614
f 621/621/621 620/620/620 615/615/615
f 615/615/615 616/616/616 621/621/621
f 621/621/621 616/616/616 622/622/622
f 616/616/616 610/610/610 622/622/622
f 610/610/610 623/623/623 622/622/622
f 612/612/612 623/623/623 610/610/610
f 618/618/618 620/620/620 621/621/621
f 622/622/622 624/624/624 621/621/621
f 621/621/621 619/619/619 618/618/618
f 619/619/619 621/621/621 624/624/624
f 624/624/624 625/625/625 619/619/619
f 626/626/626 619/619/619 625/625/625
f 625/625/625 627/627/627 626/626/626
f 628/628/628 626/626/626 627/627/627
f 627/627/627 629/629/629 628/628/628
f 630/630/630 628/628/628 629/629/629
f 629/629/629 631/631/631 630/630/630
f 631/631/631 632/632/632 630/630/630
f 626/626/626 628/628/628 633/633/633
f 634/634/634 633/633/633 628/628/628
f 628/628/628 630/630/630 634/634/634
f 635/635/635 634/634/634 630/630/630
f 630/630/630 632/632/632 635/635/635
f 632/632/632 631/631/631 636/636/636
f 632/632/632 636/636/636 612/612/612
f 612/612/612 635/635/635 632/632/632
f 635/635/635 612/612/612 613/613/613
f 634/634/634 635/635/635 613/613/613
f 613/613/613 614/614/614 634/634/634
f 614/614/614 633/633/633 634/634/634
f 617/617/617 633/633/633 614/614/614
f 633/633/633 617/617/617 626/626/626
f 619/619/619 626/626/626 617/617/617
f 637/637/637 638/638/638 639/639/639
f 638/638/638 640/640/640 639/639/639
f 640/640/640 638/638/638 641/641/641
f 641/641/641 642/642/642 640/640/640
f 642/642/642 641/641/641 643/643/643
f 643/643/643 644/644/644 642/642/642
f 642/642/642 644/644/644 645/645/645
f 640/640/640 642/642/642 645/645/645
f 645/645/645 646/646/646 640/640/640
f 640/640/640 646/646/646 639/639/639
f 641/641/641 638/638/638 637/637/637
f 647/647/647 648/648/648 649/649/649
f 637/637/637 649/649/649 648/648/648
f 648/648/648 650/650/650 637/637/637
f 637/637/637 650/650/650 641/641/641
f 641/641/641 650/650/650 643/643/643
f 650/650/650 648/648/648 643/643/643
f 648/648/648 647/647/647 643/643/643
f 649/649/649 651/651/651 647/647/647
f 652/652/652 647/647/647 651/651/651
f 647/647/647 652/652/652 643/643/643
f 643/643/643 652/652/652 653/653/653
f 644/644/644 643/643/643 653/653/653
f 653/653/653 654/654/654 644/644/644
f 654/654/654 645/645/645 644/644/644
f 645/645/645 654/654/654 655/655/655
f 655/655/655 656/656/656 645/645/645
f 655/655/655 657/657/657 656/656/656
f 651/651/651 658/658/658 652/652/652
f 653/653/653 652/652/652 658/658/658
f 658/658/658 659/659/659 653/653/653
f 654/654/654 653/653/653 659/659/659
f 659/659/659 655/655/655 654/654/654
f 657/657/657 655/655/655 659/659/659
f 660/660/660 657/657/657 659/659/659
f 659/659/659 658/658/658 660/660/660
f 661/661/661 660/660/660 658/658/658
f 658/658/658 651/651/651 661/661/661
f 662/662/662 661/661/661 651/651/651
f 651/651/651 649/649/649 662/662/662
f 663/663/663 662/662/662 649/649/649
f 649/649/649 637/637/637 663/663/663
f 639/639/639 663/663/663 637/637/637
f 664/664/664 665/665/665 666/666/666
f 667/667/667 668/668/668 669/669/669
f 669/669/669 670/670/670 667/667/667
f 671/671/671 672/672/672 673/673/673
f 673/673/673 674/674/674 671/671/671
f 675/675/675 676/676/676 677/677/677
f 677/677/677 678/678/678 675/675/675
f 679/679/679 680/680/680 681/681/681
f 681/681/681 682/682/682 679/679/679
f 683/683/683 684/684/684 685/685/685
f 685/685/685 686/686/686 683/683/683
f 687/687/687 688/688/688 689/689/689
f 689/689/689 690/690/690 687/687/687
f 691/691/691 692/692/692 693/693/693
f 692/692/692 694/694/694 693/693/693
f 694/694/694 692/692/692 695/695/695
f 695/695/695 692/692/692 688/688/688
f 688/688/688 696/696/696 695/695/695
f 696/696/696 688/688/688 687/687/687
f 687/687/687 697/697/697 696/696/696
f 697/697/697 687/687/687 698/698/698
f 698/698/698 699/699/699 697/697/697
f 699/699/699 698/698/698 700/700/700
f 701/701/701 700/700/700 702/702/702
f 700/700/700 703/703/703 699/699/699
f 703/703/703 700/700/700 701/701/701
f 701/701/701 704/704/704 703/703/703
f 704/704/704 701/701/701 705/705/705
f 705/705/705 706/706/706 704/704/704
f 706/706/706 705/705/705 707/707/707
f 707/707/707 708/708/708 706/706/706
f 708/708/708 707/707/707 709/709/709
f 709/709/709 710/710/710 708/708/708
f 710/710/710 709/709/709 711/711/711
f 711/711/711 712/712/712 710/710/710
f 712/712/712 711/711/711 713/713/713
f 713/713/713 714/714/714 712/712/712
f 714/714/714 713/713/713 715/715/715
f 715/715/715 716/716/716 714/714/714
f 717/717/717 718/718/718 719/719/719
f 720/720/720 721/721/721 722/722/722
f 722/722/722 723/723/723 720/720/720
f 720/720/720 723/723/723 724/724/724
f 724/724/724 725/725/725 720/720/720
f 725/725/725 724/724/724 726/726/726
f 726/726/726 727/727/727 725/725/725
f 728/728/728 727/727/727 726/726/726
f 726/726/726 729/729/729 728/728/728
f 730/730/730 731/731/731 732/732/732
f 733/733/733 732/732/732 731/731/731
f 731/731/731 734/734/734 733/733/733
f 735/735/735 733/733/733 734/734/734
f 734/734/734 722/722/722 735/735/735
f 736/736/736 735/735/735 722/722/722
f 722/722/722 721/721/721 736/736/736
f 737/737/737 736/736/736 721/721/721
f 721/721/721 738/738/738 737/737/737
f 739/739/739 737/737/737 738/738/738
f 738/738/738 740/740/740 739/739/739
f 741/741/741 739/739/739 740/740/740
f 740/740/740 742/742/742 741/741/741
f 743/743/743 741/741/741 742/742/742
f 742/742/742 744/744/744 743/743/743
f 745/745/745 743/743/743 744/744/744
f 744/744/744 728/728/728 745/745/745
f 746/746/746 745/745/745 728/728/728
f 728/728/728 729/729/729 746/746/746
f 747/747/747 746/746/746 729/729/729
f 729/729/729 748/748/748 747/747/747
f 749/749/749 747/747/747 748/748/748
f 748/748/748 730/730/730 749/749/749
f 732/732/732 749/749/749 730/730/730
f 750/750/750 751/751/751 752/752/752
f 753/753/753 752/752/752 751/751/751
f 751/751/751 754/754/754 753/753/753
f 755/755/755 753/753/753 754/754/754
f 754/754/754 756/756/756 755/755/755
f 756/756/756 754/754/754 751/751/751
f 757/757/757 758/758/758 759/759/759
f 750/750/750 759/759/759 758/758/758
f 758/758/758 760/760/760 750/750/750
f 751/751/751 750/750/750 760/760/760
f 760/760/760 761/761/761 751/751/751
f 751/751/751 761/761/761 756/756/756
f 762/762/762 756/756/756 761/761/761
f 756/756/756 762/762/762 763/763/763
f 763/763/763 755/755/755 756/756/756
f 755/755/755 763/763/763 764/764/764
f 765/765/765 764/764/764 763/763/763
f 761/761/761 760/760/760 758/758/758
f 762/762/762 761/761/761 766/766/766
f 758/758/758 766/766/766 761/761/761
f 766/766/766 758/758/758 757/757/757
f 757/757/757 767/767/767 766/766/766
f 763/763/763 768/768/768 765/765/765
f 768/768/768 763/763/763 762/762/762
f 762/762/762 769/769/769 768/768/768
f 766/766/766 769/769/769 762/762/762
f 768/768/768 769/769/769 766/766/766
f 766/766/766 767/767/767 768/768/768
f 768/768/768 767/767/767 770/770/770
f 770/770/770 767/767/767 757/757/757
f 757/757/757 771/771/771 770/770/770
f 759/759/759 771/771/771 757/757/757
f 770/770/770 765/765/765 768/768/768
f 764/764/764 772/772/772 755/755/755
f 753/753/753 755/755/755 772/772/772
f 772/772/772 773/773/773 753/753/753
f 752/752/752 753/753/753 773/773/773
f 773/773/773 774/774/774 752/752/752
f 775/775/775 752/752/752 774/774/774
f 774/774/774 776/776/776 775/775/775
f 775/775/775 776/776/776 759/759/759
f 759/759/759 750/750/750 775/775/775
f 752/752/752 775/775/775 750/750/750
f 777/777/777 778/778/778 779/779/779
f 780/780/780 781/781/781 782/782/782
f 782/782/782 783/783/783 780/780/780
f 783/783/783 782/782/782 784/784/784
f 785/785/785 784/784/784 782/782/782
f 782/782/782 786/786/786 785/785/785
f 785/785/785 786/786/786 787/787/787
f 785/785/785 788/788/788 789/789/789
f 789/789/789 784/784/784 785/785/785
f 784/784/784 789/789/789 790/790/790
f 790/790/790 791/791/791 784/784/784
f 791/791/791 790/790/790 792/792/792
f 792/792/792 783/783/783 791/791/791
f 783/783/783 792/792/792 793/793/793
f 793/793/793 780/780/780 783/783/783
f 780/780/780 793/793/793 794/794/794
f 794/794/794 781/781/781 780/780/780
f 795/795/795 794/794/794 793/793/793
f 796/796/796 795/795/795 797/797/797
f 793/793/793 797/797/797 795/795/795
f 797/797/797 793/793/793 792/792/792
f 792/792/792 798/798/798 797/797/797
f 799/799/799 797/797/797 798/798/798
f 797/797/797 799/799/799 796/796/796
f 800/800/800 796/796/796 799/799/799
f 799/799/799 801/801/801 800/800/800
f 802/802/802 800/800/800 801/801/801
f 801/801/801 803/803/803 802/802/802
f 787/787/787 802/802/802 803/803/803
f 803/803/803 788/788/788 787/787/787
f 787/787/787 788/788/788 785/785/785
f 798/798/798 804/804/804 799/799/799
f 789/789/789 788/788/788 803/803/803
f 801/801/801 799/799/799 804/804/804
f 804/804/804 805/805/805 801/801/801
f 803/803/803 801/801/801 805/805/805
f 805/805/805 806/806/806 803/803/803
f 803/803/803 806/806/806 789/789/789
f 789/789/789 806/806/806 805/805/805
f 805/805/805 790/790/790 789/789/789
f 805/805/805 804/804/804 790/790/790
f 792/792/792 790/790/790 804/804/804
f 804/804/804 798/798/798 792/792/792
f 807/807/807 808/808/808 809/809/809
f 809/809/809 810/810/810 807/807/807
f 811/811/811 812/812/812 813/813/813
f 813/813/813 814/814/814 811/811/811
f 815/815/815 816/816/816 817/817/817
f 817/817/817 818/818/818 815/815/815
f 819/819/819 820/820/820 821/821/821
f 821/821/821 822/822/822 819/819/819
f 823/823/823 824/824/824 825/825/825
f 826/826/826 825/825/825 824/824/824
f 824/824/824 827/827/827 826/826/826
f 828/828/828 826/826/826 827/827/827
f 827/827/827 829/829/829 828/828/828
f 830/830/830 828/828/828 829/829/829
f 829/829/829 831/831/831 830/830/830
f 832/832/832 830/830/830 831/831/831
f 831/831/831 833/833/833 832/832/832
f 834/834/834 832/832/832 833/833/833
f 833/833/833 835/835/835 834/834/834
f 836/836/836 834/834/834 835/835/835
f 835/835/835 837/837/837 836/836/836
f 838/838/838 836/836/836 837/837/837
f 837/837/837 839/839/839 838/838/838
f 840/840/840 838/838/838 839/839/839
f 839/839/839 841/841/841 840/840/840
f 842/842/842 840/840/840 841/841/841
f 841/841/841 843/843/843 842/842/842
f 844/844/844 842/842/842 843/843/843
f 843/843/843 845/845/845 844/844/844
f 846/846/846 844/844/844 845/845/845
f 845/845/845 847/847/847 846/846/846
f 848/848/848 846/846/846 847/847/847
f 847/847/847 849/849/849 848/848/848
f 850/850/850 848/848/848 849/849/849
f 849/849/849 851/851/851 850/850/850
f 852/852/852 850/850/850 851/851/851
f 851/851/851 853/853/853 852/852/852
f 854/854/854 852/852/852 853/853/853
f 853/853/853 823/823/823 854/854/854
f 825/825/825 854/854/854 823/823/823
f 855/855/855 856/856/856 857/857/857
f 858/858/858 859/859/859 860/860/860
f 861/861/861 860/860/860 859/859/859
f 859/859/859 862/862/862 861/861/861
f 861/861/861 862/862/862 863/863/863
f 864/864/864 861/861/861 863/863/863
f 863/863/863 865/865/865 864/864/864
f 864/864/864 865/865/865 866/866/866
f 866/866/866 867/867/867 864/864/864
f 867/867/867 866/866/866 868/868/868
f 868/868/868 869/869/869 867/867/867
f 870/870/870 869/869/869 868/868/868
f 870/870/870 868/868/868 871/871/871
f 870/870/870 872/872/872 869/869/869
f 873/873/873 872/872/872 870/870/870
f 874/874/874 873/873/873 870/870/870
f 870/870/870 871/871/871 874/874/874
f 875/875/875 874/874/874 871/871/871
f 871/871/871 876/876/876 875/875/875
f 877/877/877 875/875/875 876/876/876
f 876/876/876 878/878/878 877/877/877
f 879/879/879 877/877/877 878/878/878
f 878/878/878 880/880/880 879/879/879
f 881/881/881 879/879/879 880/880/880
f 880/880/880 882/882/882 881/881/881
f 882/882/882 883/883/883 881/881/881
f 882/882/882 884/884/884 883/883/883
f 885/885/885 883/883/883 884/884/884
f 884/884/884 886/886/886 885/885/885
f 887/887/887 885/885/885 886/886/886
f 886/886/886 888/888/888 887/887/887
f 858/858/858 887/887/887 888/888/888
f 860/860/860 887/887/887 858/858/858
f 882/882/882 889/889/889 884/884/884
f 884/884/884 889/889/889 886/886/886
f 890/890/890 891/891/891 892/892/892
f 893/893/893 894/894/894 895/895/895
f 894/894/894 893/893/893 896/896/896
f 897/897/897 896/896/896 893/893/893
f 896/896/896 897/897/897 898/898/898
f 898/898/898 899/899/899 896/896/896
f 896/896/896 900/900/900 894/894/894
f 901/901/901 893/893/893 902/902/902
f 893/893/893 901/901/901 897/897/897
f 903/903/903 897/897/897 901/901/901
f 898/898/898 897/897/897 903/903/903
f 903/903/903 904/904/904 898/898/898
f 899/899/899 898/898/898 904/904/904
f 904/904/904 905/905/905 899/899/899
f 906/906/906 905/905/905 904/904/904
f 904/904/904 907/907/907 906/906/906
f 908/908/908 906/906/906 907/907/907
f 901/901/901 909/909/909 903/903/903
f 910/910/910 903/903/903 909/909/909
f 904/904/904 903/903/903 910/910/910
f 910/910/910 907/907/907 904/904/904
f 907/907/907 910/910/910 911/911/911
f 911/911/911 912/912/912 907/907/907
f 913/913/913 912/912/912 911/911/911
f 913/913/913 911/911/911 914/914/914
f 914/914/914 915/915/915 913/913/913
f 915/915/915 914/914/914 916/916/916
f 909/909/909 917/917/917 910/910/910
f 911/911/911 910/910/910 917/917/917
f 917/917/917 914/914/914 911/911/911
f 907/907/907 912/912/912 908/908/908
f 918/918/918 908/908/908 912/912/912
f 912/912/912 913/913/913 918/918/918
f 919/919/919 918/918/918 913/913/913
f 913/913/913 915/915/915 919/919/919
f 919/919/919 915/915/915 920/920/920
f 916/916/916 920/920/920 915/915/915
f 921/921/921 920/920/920 916/916/916
f 921/921/921 916/916/916 922/922/922
f 922/922/922 923/923/923 921/921/921
f 924/924/924 918/918/918 919/919/919
f 925/925/925 926/926/926 923/923/923
f 921/921/921 923/923/923 926/926/926
f 926/926/926 927/927/927 921/921/921
f 920/920/920 921/921/921 927/927/927
f 927/927/927 928/928/928 920/920/920
f 920/920/920 928/928/928 919/919/919
f 929/929/929 919/919/919 928/928/928
f 919/919/919 929/929/929 924/924/924
f 930/930/930 931/931/931 927/927/927
f 927/927/927 931/931/931 932/932/932
f 932/932/932 928/928/928 927/927/927
f 928/928/928 932/932/932 929/929/929
f 927/927/927 926/926/926 930/930/930
f 930/930/930 926/926/926 925/925/925
f 925/925/925 933/933/933 930/930/930
f 933/933/933 925/925/925 934/934/934
f 934/934/934 935/935/935 933/933/933
f 935/935/935 934/934/934 936/936/936
f 936/936/936 937/937/937 935/935/935
f 895/895/895 937/937/937 936/936/936
f 936/936/936 902/902/902 895/895/895
f 895/895/895 902/902/902 893/893/893
f 938/938/938 923/923/923 922/922/922
f 923/923/923 938/938/938 925/925/925
f 934/934/934 925/925/925 938/938/938
f 938/938/938 939/939/939 934/934/934
f 936/936/936 934/934/934 939/939/939
f 939/939/939 940/940/940 936/936/936
f 902/902/902 936/936/936 940/940/940
f 940/940/940 941/941/941 902/902/902
f 902/902/902 941/941/941 901/901/901
f 909/909/909 901/901/901 941/941/941
f 922/922/922 916/916/916 914/914/914
f 914/914/914 917/917/917 922/922/922
f 942/942/942 922/922/922 917/917/917
f 917/917/917 909/909/909 942/942/942
f 941/941/941 942/942/942 909/909/909
f 942/942/942 941/941/941 940/940/940
f 942/942/942 940/940/940 939/939/939
f 942/942/942 939/939/939 938/938/938
f 922/922/922 942/942/942 938/938/938
f 943/943/943 944/944/944 945/945/945
f 946/946/946 947/947/947 948/948/948
f 948/948/948 949/949/949 946/946/946
f 949/949/949 948/948/948 950/950/950
f 950/950/950 951/951/951 949/949/949
f 952/952/952 951/951/951 950/950/950
f 950/950/950 953/953/953 952/952/952
f 954/954/954 952/952/952 953/953/953
f 953/953/953 955/955/955 954/954/954
f 954/954/954 955/955/955 956/956/956
f 956/956/956 957/957/957 954/954/954
f 958/958/958 959/959/959 960/960/960
f 960/960/960 961/961/961 958/958/958
f 962/962/962 963/963/963 964/964/964
f 964/964/964 965/965/965 962/962/962
f 966/966/966 967/967/967 968/968/968
f 968/968/968 969/969/969 966/966/966
f 970/970/970 971/971/971 972/972/972
f 972/972/972 973/973/973 970/970/970
f 974/974/974 975/975/975 976/976/976
f 976/976/976 977/977/977 974/974/974
f 978/978/978 979/979/979 980/980/980
f 980/980/980 981/981/981 978/978/978
f 981/981/981 980/980/980 982/982/982
f 982/982/982 983/983/983 981/981/981
f 983/983/983 982/982/982 984/984/984
f 984/984/984 985/985/985 983/983/983
f 985/985/985 984/984/984 986/986/986
f 986/986/986 987/987/987 985/985/985
f 987/987/987 986/986/986 988/988/988
f 988/988/988 989/989/989 987/987/987
f 989/989/989 988/988/988 990/990/990
f 988/988/988 991/991/991 990/990/990
f 988/988/988 986/986/986 992/992/992
f 988/988/988 992/992/992 991/991/991
f 993/993/993 991/991/991 992/992/992
f 992/992/992 994/994/994 993/993/993
f 995/995/995 993/993/993 994/994/994
f 994/994/994 996/996/996 995/995/995
f 995/995/995 996/996/996 997/997/997
f 997/997/997 998/998/998 995/995/995
f 998/998/998 997/997/997 999/999/999
f 998/998/998 999/999/999 1000/1000/1000
f 1000/1000/1000 1001/1001/1001 998/998/998
f 1001/1001/1001 1000/1000/1000 1002/1002/1002
f 1002/1002/1002 1003/1003/1003 1001/1001/1001
f 1002/1002/1002 1004/1004/1004 1003/1003/1003
f 1003/1003/1003 1004/1004/1004 1005/1005/1005
f 1005/1005/1005 1006/1006/1006 1003/1003/1003
f 1006/1006/1006 1005/1005/1005 1007/1007/1007
f 1007/1007/1007 1008/1008/1008 1006/1006/1006
f 979/979/979 1008/1008/1008 1007/1007/1007
f 979/979/979 978/978/978 1008/1008/1008
f 979/979/979 1007/1007/1007 1009/1009/1009
f 1007/1007/1007 1005/1005/1005 1009/1009/1009
f 1010/1010/1010 1011/1011/1011 1012/1012/1012
f 1013/1013/1013 1014/1014/1014 1015/1015/1015
f 1015/1015/1015 1016/1016/1016 1013/1013/1013
f 1016/1016/1016 1015/1015/1015 1017/1017/1017
f 1017/1017/1017 1018/1018/1018 1016/1016/1016
f 1019/1019/1019 1013/1013/1013 1020/1020/1020
f 1021/1021/1021 1020/1020/1020 1013/1013/1013
f 1013/1013/1013 1016/1016/1016 1021/1021/1021
f 1022/1022/1022 1021/1021/1021 1016/1016/1016
f 1016/1016/1016 1018/1018/1018 1022/1022/1022
f 1023/1023/1023 1022/1022/1022 1018/1018/1018
f 1018/1018/1018 1024/1024/1024 1023/1023/1023
f 1025/1025/1025 1024/1024/1024 1018/1018/1018
f 1018/1018/1018 1017/1017/1017 1025/1025/1025
f 1026/1026/1026 1025/1025/1025 1017/1017/1017
f 1020/1020/1020 1027/1027/1027 1028/1028/1028
f 1027/1027/1027 1020/1020/1020 1021/1021/1021
f 1021/1021/1021 1029/1029/1029 1027/1027/1027
f 1029/1029/1029 1021/1021/1021 1022/1022/1022
f 1022/1022/1022 1030/1030/1030 1029/1029/1029
f 1031/1031/1031 1030/1030/1030 1022/1022/1022
f 1022/1022/1022 1023/1023/1023 1031/1031/1031
f 1032/1032/1032 1031/1031/1031 1023/1023/1023
f 1023/1023/1023 1024/1024/1024 1032/1032/1032
f 1033/1033/1033 1032/1032/1032 1024/1024/1024
f 1024/1024/1024 1025/1025/1025 1033/1033/1033
f 1034/1034/1034 1033/1033/1033 1025/1025/1025
f 1025/1025/1025 1026/1026/1026 1034/1034/1034
f 1034/1034/1034 1026/1026/1026 1035/1035/1035
f 1036/1036/1036 1035/1035/1035 1026/1026/1026
f 1036/1036/1036 1037/1037/1037 1035/1035/1035
f 1036/1036/1036 1038/1038/1038 1037/1037/1037
f 1039/1039/1039 1037/1037/1037 1038/1038/1038
f 1038/1038/1038 1040/1040/1040 1039/1039/1039
f 1039/1039/1039 1040/1040/1040 1041/1041/1041
f 1042/1042/1042 1043/1043/1043 1032/1032/1032
f 1032/1032/1032 1033/1033/1033 1042/1042/1042
f 1044/1044/1044 1042/1042/1042 1033/1033/1033
f 1033/1033/1033 1034/1034/1034 1044/1044/1044
f 1044/1044/1044 1034/1034/1034 1045/1045/1045
f 1035/1035/1035 1045/1045/1045 1034/1034/1034
f 1045/1045/1045 1035/1035/1035 1037/1037/1037
f 1037/1037/1037 1039/1039/1039 1045/1045/1045
f 1045/1045/1045 1039/1039/1039 1046/1046/1046
f 1041/1041/1041 1046/1046/1046 1039/1039/1039
f 1046/1046/1046 1047/1047/1047 1045/1045/1045
f 1045/1045/1045 1047/1047/1047 1044/1044/1044
f 1048/1048/1048 1041/1041/1041 1040/1040/1040
f 1040/1040/1040 1049/1049/1049 1048/1048/1048
f 1048/1048/1048 1049/1049/1049 1050/1050/1050
f 1051/1051/1051 1050/1050/1050 1049/1049/1049
f 1050/1050/1050 1051/1051/1051 1052/1052/1052
f 1051/1051/1051 1053/1053/1053 1052/1052/1052
f 1054/1054/1054 1052/1052/1052 1053/1053/1053
f 1053/1053/1053 1014/1014/1014 1054/1054/1054
f 1019/1019/1019 1054/1054/1054 1014/1014/1014
f 1014/1014/1014 1013/1013/1013 1019/1019/1019
f 1028/1028/1028 1019/1019/1019 1020/1020/1020
f 1019/1019/1019 1028/1028/1028 1055/1055/1055
f 1055/1055/1055 1054/1054/1054 1019/1019/1019
f 1052/1052/1052 1054/1054/1054 1055/1055/1055
f 1055/1055/1055 1056/1056/1056 1052/1052/1052
f 1052/1052/1052 1056/1056/1056 1050/1050/1050
f 1055/1055/1055 1028/1028/1028 1057/1057/1057
f 1057/1057/1057 1058/1058/1058 1055/1055/1055
f 1056/1056/1056 1055/1055/1055 1058/1058/1058
f 1058/1058/1058 1059/1059/1059 1056/1056/1056
f 1050/1050/1050 1056/1056/1056 1059/1059/1059
f 1059/1059/1059 1060/1060/1060 1050/1050/1050
f 1050/1050/1050 1060/1060/1060 1048/1048/1048
f 1061/1061/1061 1062/1062/1062 1063/1063/1063
f 1063/1063/1063 1064/1064/1064 1061/1061/1061
f 1065/1065/1065 1066/1066/1066 1067/1067/1067
f 1067/1067/1067 1068/1068/1068 1065/1065/1065
f 1069/1069/1069 1070/1070/1070 1071/1071/1071
f 1071/1071/1071 1072/1072/1072 1069/1069/1069
f 1073/1073/1073 1074/1074/1074 1075/1075/1075
f 1075/1075/1075 1076/1076/1076 1073/1073/1073
f 1073/1073/1073 1076/1076/1076 1077/1077/1077
f 1077/1077/1077 1078/1078/1078 1073/1073/1073
f 1078/1078/1078 1077/1077/1077 1079/1079/1079
f 1079/1079/1079 1080/1080/1080 1078/1078/1078
f 1081/1081/1081 1082/1082/1082 1083/1083/1083
f 1083/1083/1083 1084/1084/1084 1081/1081/1081
f 1085/1085/1085 1084/1084/1084 1083/1083/1083
f 1083/1083/1083 1086/1086/1086 1085/1085/1085
f 1085/1085/1085 1086/1086/1086 1087/1087/1087
f 1087/1087/1087 1088/1088/1088 1085/1085/1085
f 1089/1089/1089 1090/1090/1090 1091/1091/1091
f 1091/1091/1091 1092/1092/1092 1089/1089/1089
f 1093/1093/1093 1094/1094/1094 1095/1095/1095
f 1095/1095/1095 1096/1096/1096 1093/1093/1093
f 1096/1096/1096 1095/1095/1095 1097/1097/1097
f 1097/1097/1097 1098/1098/1098 1096/1096/1096
f 1098/1098/1098 1097/1097/1097 1099/1099/1099
f 1099/1099/1099 1100/1100/1100 1098/1098/1098
f 1100/1100/1100 1099/1099/1099 1101/1101/1101
f 1100/1100/1100 1101/1101/1101 1102/1102/1102
f 1102/1102/1102 1103/1103/1103 1100/1100/1100
f 1103/1103/1103 1102/1102/1102 1104/1104/1104
f 1104/1104/1104 1105/1105/1105 1103/1103/1103
f 1104/1104/1104 1106/1106/1106 1105/1105/1105
f 1105/1105/1105 1106/1106/1106 1107/1107/1107
f 1107/1107/1107 1108/1108/1108 1105/1105/1105
f 1108/1108/1108 1107/1107/1107 1109/1109/1109
f 1109/1109/1109 1110/1110/1110 1108/1108/1108
f 1110/1110/1110 1109/1109/1109 1111/1111/1111
f 1111/1111/1111 1112/1112/1112 1110/1110/1110
f 1112/1112/1112 1111/1111/1111 1113/1113/1113
f 1113/1113/1113 1114/1114/1114 1112/1112/1112
f 1114/1114/1114 1113/1113/1113 1115/1115/1115
f 1115/1115/1115 1116/1116/1116 1114/1114/1114
f 1116/1116/1116 1115/1115/1115 1117/1117/1117
f 1117/1117/1117 1118/1118/1118 1116/1116/1116
f 1118/1118/1118 1117/1117/1117 1119/1119/1119
f 1119/1119/1119 1120/1120/1120 1118/1118/1118
f 1120/1120/1120 1119/1119/1119 1121/1121/1121
f 1121/1121/1121 1122/1122/1122 1120/1120/1120
f 1122/1122/1122 1121/1121/1121 1123/1123/1123
f 1123/1123/1123 1124/1124/1124 1122/1122/1122
f 1124/1124/1124 1123/1123/1123 1125/1125/1125
f 1125/1125/1125 1126/1126/1126 1124/1124/1124
f 1127/1127/1127 1126/1126/1126 1125/1125/1125
f 1125/1125/1125 1128/1128/1128 1127/1127/1127
f 1127/1127/1127 1128/1128/1128 1094/1094/1094
f 1094/1094/1094 1093/1093/1093 1127/1127/1127
f 1129/1129/1129 1130/1130/1130 1131/1131/1131
f 1129/1129/1129 1131/1131/1131 1132/1132/1132
f 1129/1129/1129 1132/1132/1132 1133/1133/1133
f 1129/1129/1129 1133/1133/1133 1134/1134/1134
f 1135/1135/1135 1136/1136/1136 1137/1137/1137
f 1135/1135/1135 1137/1137/1137 1138/1138/1138
f 1138/1138/1138 1137/1137/1137 1139/1139/1139
f 1139/1139/1139 1140/1140/1140 1138/1138/1138
f 1129/1129/1129 1140/1140/1140 1139/1139/1139
f 1139/1139/1139 1141/1141/1141 1129/1129/1129
f 1129/1129/1129 1141/1141/1141 1142/1142/1142
f 1129/1129/1129 1142/1142/1142 1130/1130/1130
f 1143/1143/1143 1130/1130/1130 1142/1142/1142
f 1142/1142/1142 1144/1144/1144 1143/1143/1143
f 1135/1135/1135 1138/1138/1138 1145/1145/1145
f 1135/1135/1135 1145/1145/1145 1146/1146/1146
f 1135/1135/1135 1146/1146/1146 1147/1147/1147
f 1148/1148/1148 1149/1149/1149 1150/1150/1150
f 1151/1151/1151 1152/1152/1152 1153/1153/1153
f 1153/1153/1153 1154/1154/1154 1151/1151/1151
f 1155/1155/1155 1156/1156/1156 1157/1157/1157
f 1157/1157/1157 1158/1158/1158 1155/1155/1155
f 1159/1159/1159 1160/1160/1160 1161/1161/1161
f 1160/1160/1160 1159/1159/1159 1162/1162/1162
f 1163/1163/1163 1164/1164/1164 1165/1165/1165
f 1165/1165/1165 1166/1166/1166 1163/1163/1163
f 1167/1167/1167 1168/1168/1168 1169/1169/1169
f 1168/1168/1168 1167/1167/1167 1170/1170/1170
f 1167/1167/1167 1171/1171/1171 1170/1170/1170
f 1171/1171/1171 1167/1167/1167 1172/1172/1172
f 1173/1173/1173 1171/1171/1171 1172/1172/1172
f 1172/1172/1172 1174/1174/1174 1173/1173/1173
f 1175/1175/1175 1176/1176/1176 1177/1177/1177
f 1178/1178/1178 1179/1179/1179 1180/1180/1180
f 1180/1180/1180 1181/1181/1181 1178/1178/1178
f 1182/1182/1182 1178/1178/1178 1181/1181/1181
f 1178/1178/1178 1182/1182/1182 1183/1183/1183
f 1184/1184/1184 1183/1183/1183 1182/1182/1182
f 1182/1182/1182 1185/1185/1185 1184/1184/1184
f 1186/1186/1186 1187/1187/1187 1188/1188/1188
f 1189/1189/1189 1190/1190/1190 1191/1191/1191
f 1191/1191/1191 1192/1192/1192 1189/1189/1189
f 1193/1193/1193 1194/1194/1194 1195/1195/1195
f 1196/1196/1196 1195/1195/1195 1194/1194/1194
f 1194/1194/1194 1197/1197/1197 1196/1196/1196
f 1198/1198/1198 1196/1196/1196 1197/1197/1197
f 1197/1197/1197 1199/1199/1199 1198/1198/1198
f 1200/1200/1200 1198/1198/1198 1199/1199/1199
f 1199/1199/1199 1201/1201/1201 1200/1200/1200
f 1202/1202/1202 1200/1200/1200 1201/1201/1201
f 1201/1201/1201 1203/1203/1203 1202/1202/1202
f 1204/1204/1204 1202/1202/1202 1203/1203/1203
f 1203/1203/1203 1205/1205/1205 1204/1204/1204
f 1206/1206/1206 1204/1204/1204 1205/1205/1205
f 1207/1207/1207 1204/1204/1204 1206/1206/1206
f 1206/1206/1206 1208/1208/1208 1207/1207/1207
f 1209/1209/1209 1207/1207/1207 1208/1208/1208
f 1208/1208/1208 1210/1210/1210 1209/1209/1209
f 1209/1209/1209 1210/1210/1210 1211/1211/1211
f 1212/1212/1212 1209/1209/1209 1211/1211/1211
f 1211/1211/1211 1213/1213/1213 1212/1212/1212
f 1214/1214/1214 1212/1212/1212 1213/1213/1213
f 1213/1213/1213 1215/1215/1215 1214/1214/1214
f 1216/1216/1216 1214/1214/1214 1215/1215/1215
f 1215/1215/1215 1217/1217/1217 1216/1216/1216
f 1218/1218/1218 1216/1216/1216 1217/1217/1217
f 1217/1217/1217 1219/1219/1219 1218/1218/1218
f 1218/1218/1218 1219/1219/1219 1220/1220/1220
f 1220/1220/1220 1221/1221/1221 1218/1218/1218
f 1222/1222/1222 1221/1221/1221 1220/1220/1220
f 1220/1220/1220 1223/1223/1223 1222/1222/1222
f 1224/1224/1224 1222/1222/1222 1223/1223/1223
f 1223/1223/1223 1225/1225/1225 1224/1224/1224
f 1226/1226/1226 1224/1224/1224 1225/1225/1225
f 1225/1225/1225 1227/1227/1227 1226/1226/1226
f 1228/1228/1228 1226/1226/1226 1227/1227/1227
f 1227/1227/1227 1193/1193/1193 1228/1228/1228
f 1195/1195/1195 1228/1228/1228 1193/1193/1193
f 1229/1229/1229 1230/1230/1230 1231/1231/1231
f 1231/1231/1231 1232/1232/1232 1229/1229/1229
f 1233/1233/1233 1229/1229/1229 1232/1232/1232
f 1232/1232/1232 1234/1234/1234 1233/1233/1233
f 1235/1235/1235 1233/1233/1233 1234/1234/1234
f 1234/1234/1234 1236/1236/1236 1235/1235/1235
f 1237/1237/1237 1235/1235/1235 1236/1236/1236
f 1236/1236/1236 1238/1238/1238 1237/1237/1237
f 551/551/551 1237/1237/1237 1238/1238/1238
f 1238/1238/1238 552/552/552 551/551/551
f 1239/1239/1239 1240/1240/1240 1241/1241/1241
f 1242/1242/1242 1240/1240/1240 1243/1243/1243
f 1243/1243/1243 1240/1240/1240 1239/1239/1239
f 1243/1243/1243 1239/1239/1239 1244/1244/1244
f 1245/1245/1245 1246/1246/1246 1247/1247/1247
f 1248/1248/1248 1249/1249/1249 1250/1250/1250
f 1248/1248/1248 1250/1250/1250 1251/1251/1251
f 1248/1248/1248 1251/1251/1251 1252/1252/1252
f 1253/1253/1253 1254/1254/1254 1255/1255/1255
f 1255/1255/1255 1256/1256/1256 1253/1253/1253
f 1257/1257/1257 1256/1256/1256 1255/1255/1255
f 1257/1257/1257 1255/1255/1255 1258/1258/1258
f 1257/1257/1257 1258/1258/1258 1259/1259/1259
f 1259/1259/1259 1260/1260/1260 1257/1257/1257
f 1252/1252/1252 1260/1260/1260 1259/1259/1259
f 1259/1259/1259 1261/1261/1261 1252/1252/1252
f 1248/1248/1248 1252/1252/1252 1261/1261/1261
f 1248/1248/1248 1261/1261/1261 1262/1262/1262
f 1257/1257/1257 1263/1263/1263 1264/1264/1264
f 1257/1257/1257 1264/1264/1264 1265/1265/1265
f 1257/1257/1257 1265/1265/1265 1266/1266/1266
f 1257/1257/1257 1266/1266/1266 1256/1256/1256
f 1267/1267/1267 1268/1268/1268 1269/1269/1269
f 1269/1269/1269 1270/1270/1270 1267/1267/1267
f 1271/1271/1271 1270/1270/1270 1269/1269/1269
f 1272/1272/1272 1273/1273/1273 1274/1274/1274
f 1274/1274/1274 1273/1273/1273 1275/1275/1275
f 1271/1271/1271 1275/1275/1275 1273/1273/1273
f 1275/1275/1275 1271/1271/1271 1276/1276/1276
f 1269/1269/1269 1276/1276/1276 1271/1271/1271
f 1276/1276/1276 1269/1269/1269 1277/1277/1277
f 1277/1277/1277 1269/1269/1269 1268/1268/1268
f 1268/1268/1268 1278/1278/1278 1277/1277/1277
f 1279/1279/1279 1278/1278/1278 1268/1268/1268
f 1280/1280/1280 1279/1279/1279 1268/1268/1268
f 1276/1276/1276 1281/1281/1281 1275/1275/1275
f 1281/1281/1281 1276/1276/1276 1282/1282/1282
f 1277/1277/1277 1282/1282/1282 1276/1276/1276
f 1282/1282/1282 1283/1283/1283 1281/1281/1281
f 1275/1275/1275 1284/1284/1284 1274/1274/1274
f 1285/1285/1285 1284/1284/1284 1275/1275/1275
f 1275/1275/1275 1281/1281/1281 1285/1285/1285
f 1286/1286/1286 1285/1285/1285 1281/1281/1281
f 1281/1281/1281 1283/1283/1283 1286/1286/1286
f 1287/1287/1287 1286/1286/1286 1283/1283/1283
f 1288/1288/1288 1287/1287/1287 1283/1283/1283
f 1283/1283/1283 1282/1282/1282 1288/1288/1288
f 1289/1289/1289 1288/1288/1288 1282/1282/1282
f 1282/1282/1282 1277/1277/1277 1289/1289/1289
f 1284/1284/1284 1290/1290/1290 1291/1291/1291
f 1292/1292/1292 1293/1293/1293 1294/1294/1294
f 1294/1294/1294 1293/1293/1293 1295/1295/1295
f 1295/1295/1295 1296/1296/1296 1294/1294/1294
f 1296/1296/1296 1295/1295/1295 1297/1297/1297
f 1297/1297/1297 1298/1298/1298 1296/1296/1296
f 1298/1298/1298 1297/1297/1297 1299/1299/1299
f 1299/1299/1299 1300/1300/1300 1298/1298/1298
f 1291/1291/1291 1300/1300/1300 1299/1299/1299
f 1299/1299/1299 1274/1274/1274 1291/1291/1291
f 1291/1291/1291 1274/1274/1274 1284/1284/1284
f 1301/1301/1301 1302/1302/1302 1303/1303/1303
f 1301/1301/1301 1303/1303/1303 1304/1304/1304
f 1304/1304/1304 1305/1305/1305 1301/1301/1301
f 1306/1306/1306 1305/1305/1305 1304/1304/1304
f 1305/1305/1305 1306/1306/1306 1295/1295/1295
f 1297/1297/1297 1295/1295/1295 1306/1306/1306
f 1306/1306/1306 1307/1307/1307 1297/1297/1297
f 1299/1299/1299 1297/1297/1297 1307/1307/1307
f 1307/1307/1307 1272/1272/1272 1299/1299/1299
f 1274/1274/1274 1299/1299/1299 1272/1272/1272
f 1308/1308/1308 1280/1280/1280 1268/1268/1268
f 1268/1268/1268 1267/1267/1267 1308/1308/1308
f 1308/1308/1308 1267/1267/1267 1303/1303/1303
f 1304/1304/1304 1303/1303/1303 1267/1267/1267
f 1267/1267/1267 1270/1270/1270 1304/1304/1304
f 1309/1309/1309 1304/1304/1304 1270/1270/1270
f 1270/1270/1270 1271/1271/1271 1309/1309/1309
f 1273/1273/1273 1309/1309/1309 1271/1271/1271
f 1309/1309/1309 1273/1273/1273 1272/1272/1272
f 1309/1309/1309 1272/1272/1272 1307/1307/1307
f 1309/1309/1309 1307/1307/1307 1306/1306/1306
f 1304/1304/1304 1309/1309/1309 1306/1306/1306
f 1310/1310/1310 1289/1289/1289 1277/1277/1277
f 1277/1277/1277 1278/1278/1278 1310/1310/1310
f 1311/1311/1311 1310/1310/1310 1278/1278/1278
f 1278/1278/1278 1279/1279/1279 1311/1311/1311
f 1312/1312/1312 1311/1311/1311 1279/1279/1279
f 1279/1279/1279 1280/1280/1280 1312/1312/1312
f 1313/1313/1313 1312/1312/1312 1280/1280/1280
f 1280/1280/1280 1308/1308/1308 1313/1313/1313
f 1313/1313/1313 1308/1308/1308 1302/1302/1302
f 1303/1303/1303 1302/1302/1302 1308/1308/1308
f 1314/1314/1314 1311/1311/1311 1312/1312/1312
f 1312/1312/1312 1315/1315/1315 1314/1314/1314
f 1315/1315/1315 1312/1312/1312 1313/1313/1313
f 1295/1295/1295 1293/1293/1293 1305/1305/1305
f 1301/1301/1301 1305/1305/1305 1293/1293/1293
f 1293/1293/1293 1292/1292/1292 1301/1301/1301
f 1302/1302/1302 1301/1301/1301 1292/1292/1292
f 1292/1292/1292 1316/1316/1316 1302/1302/1302
f 1302/1302/1302 1316/1316/1316 1313/1313/1313
f 1317/1317/1317 1313/1313/1313 1316/1316/1316
f 1313/1313/1313 1317/1317/1317 1315/1315/1315
f 1294/1294/1294 1318/1318/1318 1292/1292/1292
f 1316/1316/1316 1292/1292/1292 1318/1318/1318
f 1318/1318/1318 1319/1319/1319 1316/1316/1316
f 1316/1316/1316 1319/1319/1319 1317/1317/1317
f 1320/1320/1320 1321/1321/1321 1322/1322/1322
f 1323/1323/1323 1324/1324/1324 1325/1325/1325
f 1325/1325/1325 1326/1326/1326 1323/1323/1323
f 1327/1327/1327 1326/1326/1326 1325/1325/1325
f 1325/1325/1325 1328/1328/1328 1327/1327/1327
f 1329/1329/1329 1330/1330/1330 1331/1331/1331
f 1331/1331/1331 1332/1332/1332 1329/1329/1329
f 1332/1332/1332 1331/1331/1331 1333/1333/1333
f 1333/1333/1333 1334/1334/1334 1332/1332/1332
f 1335/1335/1335 1334/1334/1334 1333/1333/1333
f 1333/1333/1333 1336/1336/1336 1335/1335/1335
f 1337/1337/1337 1335/1335/1335 1336/1336/1336
f 1336/1336/1336 1338/1338/1338 1337/1337/1337
f 1323/1323/1323 1337/1337/1337 1338/1338/1338
f 1338/1338/1338 1324/1324/1324 1323/1323/1323
f 1339/1339/1339 1340/1340/1340 1341/1341/1341
f 1341/1341/1341 1342/1342/1342 1339/1339/1339
f 1343/1343/1343 1344/1344/1344 1345/1345/1345
f 1345/1345/1345 1346/1346/1346 1343/1343/1343
f 1347/1347/1347 1348/1348/1348 1349/1349/1349
f 1349/1349/1349 1350/1350/1350 1347/1347/1347
f 1351/1351/1351 1352/1352/1352 1353/1353/1353
f 1353/1353/1353 1354/1354/1354 1351/1351/1351
f 1355/1355/1355 1356/1356/1356 1357/1357/1357
f 1357/1357/1357 1358/1358/1358 1355/1355/1355
f 1358/1358/1358 1357/1357/1357 1359/1359/1359
f 1359/1359/1359 1360/1360/1360 1358/1358/1358
f 1361/1361/1361 1360/1360/1360 1359/1359/1359
f 1359/1359/1359 1362/1362/1362 1361/1361/1361
f 1363/1363/1363 1364/1364/1364 1365/1365/1365
f 1366/1366/1366 1367/1367/1367 1368/1368/1368
f 1368/1368/1368 1369/1369/1369 1366/1366/1366
f 1370/1370/1370 1369/1369/1369 1368/1368/1368
f 1368/1368/1368 1371/1371/1371 1370/1370/1370
f 1370/1370/1370 1371/1371/1371 1372/1372/1372
f 1372/1372/1372 1373/1373/1373 1370/1370/1370
f 1374/1374/1374 1375/1375/1375 1376/1376/1376
f 1376/1376/1376 1377/1377/1377 1374/1374/1374
f 1378/1378/1378 1379/1379/1379 1380/1380/1380
f 1380/1380/1380 1381/1381/1381 1378/1378/1378
f 1382/1382/1382 1383/1383/1383 1384/1384/1384
f 1384/1384/1384 1385/1385/1385 1382/1382/1382
f 1386/1386/1386 1387/1387/1387 1388/1388/1388
f 1389/1389/1389 1388/1388/1388 1387/1387/1387
f 1390/1390/1390 1389/1389/1389 1387/1387/1387
f 1387/1387/1387 1391/1391/1391 1390/1390/1390
f 1392/1392/1392 1390/1390/1390 1391/1391/1391
f 1391/1391/1391 1393/1393/1393 1392/1392/1392
f 1394/1394/1394 1392/1392/1392 1393/1393/1393
f 1393/1393/1393 1395/1395/1395 1394/1394/1394
f 1395/1395/1395 1396/1396/1396 1394/1394/1394
f 1396/1396/1396 1395/1395/1395 1397/1397/1397
f 1388/1388/1388 1389/1389/1389 1398/1398/1398
f 1399/1399/1399 1400/1400/1400 1393/1393/1393
f 1393/1393/1393 1400/1400/1400 1401/1401/1401
f 1401/1401/1401 1395/1395/1395 1393/1393/1393
f 1395/1395/1395 1401/1401/1401 1402/1402/1402
f 1402/1402/1402 1397/1397/1397 1395/1395/1395
f 1397/1397/1397 1402/1402/1402 1403/1403/1403
f 1403/1403/1403 1404/1404/1404 1397/1397/1397
f 1404/1404/1404 1403/1403/1403 1405/1405/1405
f 1404/1404/1404 1405/1405/1405 1406/1406/1406
f 1397/1397/1397 1407/1407/1407 1396/1396/1396
f 1407/1407/1407 1397/1397/1397 1404/1404/1404
f 1404/1404/1404 1408/1408/1408 1407/1407/1407
f 1408/1408/1408 1404/1404/1404 1386/1386/1386
f 1387/1387/1387 1386/1386/1386 1404/1404/1404
f 1406/1406/1406 1387/1387/1387 1404/1404/1404
f 1387/1387/1387 1406/1406/1406 1409/1409/1409
f 1387/1387/1387 1409/1409/1409 1399/1399/1399
f 1399/1399/1399 1391/1391/1391 1387/1387/1387
f 1393/1393/1393 1391/1391/1391 1399/1399/1399
f 1410/1410/1410 1411/1411/1411 1412/1412/1412
f 1413/1413/1413 1414/1414/1414 1415/1415/1415
f 1415/1415/1415 1416/1416/1416 1413/1413/1413
f 1417/1417/1417 1416/1416/1416 1415/1415/1415
f 1417/1417/1417 1418/1418/1418 1416/1416/1416
f 1418/1418/1418 1417/1417/1417 1419/1419/1419
f 1420/1420/1420 1421/1421/1421 1422/1422/1422
f 1423/1423/1423 1424/1424/1424 1425/1425/1425
f 1425/1425/1425 1426/1426/1426 1423/1423/1423
f 1427/1427/1427 1426/1426/1426 1425/1425/1425
f 1428/1428/1428 1429/1429/1429 1430/1430/1430
f 1431/1431/1431 1432/1432/1432 1433/1433/1433
f 1431/1431/1431 1433/1433/1433 1434/1434/1434
f 1431/1431/1431 1434/1434/1434 1435/1435/1435
f 1436/1436/1436 1437/1437/1437 1438/1438/1438
f 1437/1437/1437 1436/1436/1436 1439/1439/1439
f 1439/1439/1439 1436/1436/1436 1440/1440/1440
f 1439/1439/1439 1440/1440/1440 1441/1441/1441
f 1441/1441/1441 1442/1442/1442 1439/1439/1439
f 1439/1439/1439 1442/1442/1442 1443/1443/1443
f 1443/1443/1443 1444/1444/1444 1439/1439/1439
f 1445/1445/1445 1443/1443/1443 1446/1446/1446
f 1447/1447/1447 1443/1443/1443 1445/1445/1445
f 1444/1444/1444 1443/1443/1443 1447/1447/1447
f 1447/1447/1447 1448/1448/1448 1444/1444/1444
f 1449/1449/1449 1450/1450/1450 1451/1451/1451
f 1452/1452/1452 1451/1451/1451 1450/1450/1450
f 1450/1450/1450 1453/1453/1453 1452/1452/1452
f 1445/1445/1445 1452/1452/1452 1453/1453/1453
f 1453/1453/1453 1454/1454/1454 1445/1445/1445
f 1447/1447/1447 1445/1445/1445 1454/1454/1454
f 1454/1454/1454 1455/1455/1455 1447/1447/1447
f 1448/1448/1448 1447/1447/1447 1455/1455/1455
f 1455/1455/1455 1456/1456/1456 1448/1448/1448
f 1457/1457/1457 1458/1458/1458 1459/1459/1459
f 1460/1460/1460 1458/1458/1458 1457/1457/1457
f 1457/1457/1457 1461/1461/1461 1460/1460/1460
f 1462/1462/1462 1460/1460/1460 1461/1461/1461
f 1461/1461/1461 1463/1463/1463 1462/1462/1462
f 1464/1464/1464 1462/1462/1462 1463/1463/1463
f 1463/1463/1463 1451/1451/1451 1464/1464/1464
f 1464/1464/1464 1451/1451/1451 1452/1452/1452
f 1452/1452/1452 1446/1446/1446 1464/1464/1464
f 1446/1446/1446 1452/1452/1452 1445/1445/1445
f 1465/1465/1465 1466/1466/1466 1467/1467/1467
f 1468/1468/1468 1467/1467/1467 1466/1466/1466
f 1466/1466/1466 1469/1469/1469 1468/1468/1468
f 1457/1457/1457 1468/1468/1468 1469/1469/1469
f 1469/1469/1469 1470/1470/1470 1457/1457/1457
f 1461/1461/1461 1457/1457/1457 1470/1470/1470
f 1470/1470/1470 1471/1471/1471 1461/1461/1461
f 1463/1463/1463 1461/1461/1461 1471/1471/1471
f 1471/1471/1471 1449/1449/1449 1463/1463/1463
f 1451/1451/1451 1463/1463/1463 1449/1449/1449
f 1472/1472/1472 1473/1473/1473 1474/1474/1474
f 1473/1473/1473 1472/1472/1472 1475/1475/1475
f 1475/1475/1475 1476/1476/1476 1473/1473/1473
f 1476/1476/1476 1475/1475/1475 1477/1477/1477
f 1477/1477/1477 1478/1478/1478 1476/1476/1476
f 1479/1479/1479 1478/1478/1478 1477/1477/1477
f 1477/1477/1477 1467/1467/1467 1479/1479/1479
f 1479/1479/1479 1467/1467/1467 1468/1468/1468
f 1468/1468/1468 1459/1459/1459 1479/1479/1479
f 1459/1459/1459 1468/1468/1468 1457/1457/1457
f 1480/1480/1480 1481/1481/1481 1474/1474/1474
f 1482/1482/1482 1474/1474/1474 1481/1481/1481
f 1474/1474/1474 1482/1482/1482 1472/1472/1472
f 1472/1472/1472 1482/1482/1482 1483/1483/1483
f 1483/1483/1483 1484/1484/1484 1472/1472/1472
f 1475/1475/1475 1472/1472/1472 1484/1484/1484
f 1484/1484/1484 1485/1485/1485 1475/1475/1475
f 1477/1477/1477 1475/1475/1475 1485/1485/1485
f 1485/1485/1485 1465/1465/1465 1477/1477/1477
f 1467/1467/1467 1477/1477/1477 1465/1465/1465
f 1481/1481/1481 1486/1486/1486 1482/1482/1482
f 1482/1482/1482 1486/1486/1486 1487/1487/1487
f 1487/1487/1487 1488/1488/1488 1482/1482/1482
f 1489/1489/1489 1490/1490/1490 1491/1491/1491
f 1491/1491/1491 1490/1490/1490 1492/1492/1492
f 1492/1492/1492 1493/1493/1493 1491/1491/1491
f 1491/1491/1491 1493/1493/1493 1494/1494/1494
f 1495/1495/1495 1496/1496/1496 1497/1497/1497
f 1495/1495/1495 1497/1497/1497 1498/1498/1498
f 1495/1495/1495 1498/1498/1498 1499/1499/1499
f 1495/1495/1495 1500/1500/1500 1501/1501/1501
f 1495/1495/1495 1501/1501/1501 1502/1502/1502
f 1495/1495/1495 1502/1502/1502 1496/1496/1496
f 1503/1503/1503 1496/1496/1496 1502/1502/1502
f 1496/1496/1496 1503/1503/1503 1504/1504/1504
f 1504/1504/1504 1497/1497/1497 1496/1496/1496
f 1497/1497/1497 1504/1504/1504 1505/1505/1505
f 1505/1505/1505 1498/1498/1498 1497/1497/1497
f 1498/1498/1498 1505/1505/1505 1506/1506/1506
f 1506/1506/1506 1499/1499/1499 1498/1498/1498
f 1499/1499/1499 1506/1506/1506 1507/1507/1507
f 1507/1507/1507 1495/1495/1495 1499/1499/1499
f 1495/1495/1495 1507/1507/1507 1508/1508/1508
f 1508/1508/1508 1500/1500/1500 1495/1495/1495
f 1500/1500/1500 1508/1508/1508 1509/1509/1509
f 1509/1509/1509 1501/1501/1501 1500/1500/1500
f 1501/1501/1501 1509/1509/1509 1510/1510/1510
f 1510/1510/1510 1502/1502/1502 1501/1501/1501
f 1502/1502/1502 1510/1510/1510 1503/1503/1503
f 1511/1511/1511 1512/1512/1512 1513/1513/1513
f 1514/1514/1514 1511/1511/1511 1513/1513/1513
f 1513/1513/1513 1515/1515/1515 1514/1514/1514
f 1516/1516/1516 1517/1517/1517 1518/1518/1518
f 1517/1517/1517 1516/1516/1516 1519/1519/1519
f 1520/1520/1520 1517/1517/1517 1519/1519/1519
f 1519/1519/1519 1521/1521/1521 1520/1520/1520
f 1522/1522/1522 1520/1520/1520 1521/1521/1521
f 1521/1521/1521 1523/1523/1523 1522/1522/1522
f 1524/1524/1524 1525/1525/1525 1526/1526/1526
f 1527/1527/1527 1528/1528/1528 1529/1529/1529
f 1527/1527/1527 1529/1529/1529 1530/1530/1530
f 1530/1530/1530 1531/1531/1531 1527/1527/1527
f 1532/1532/1532 1527/1527/1527 1533/1533/1533
f 1527/1527/1527 1531/1531/1531 1533/1533/1533
f 1533/1533/1533 1531/1531/1531 1534/1534/1534
f 1534/1534/1534 1531/1531/1531 1530/1530/1530
f 1530/1530/1530 1535/1535/1535 1534/1534/1534
f 1536/1536/1536 1534/1534/1534 1535/1535/1535
f 1535/1535/1535 1537/1537/1537 1536/1536/1536
f 1538/1538/1538 1536/1536/1536 1537/1537/1537
f 1537/1537/1537 1539/1539/1539 1538/1538/1538
f 1540/1540/1540 1538/1538/1538 1539/1539/1539
f 1541/1541/1541 1542/1542/1542 1533/1533/1533
f 1533/1533/1533 1543/1543/1543 1541/1541/1541
f 1533/1533/1533 1544/1544/1544 1543/1543/1543
f 1544/1544/1544 1533/1533/1533 1534/1534/1534
f 1536/1536/1536 1544/1544/1544 1534/1534/1534
f 1544/1544/1544 1536/1536/1536 1545/1545/1545
f 1538/1538/1538 1545/1545/1545 1536/1536/1536
f 1545/1545/1545 1538/1538/1538 1546/1546/1546
f 1540/1540/1540 1546/1546/1546 1538/1538/1538
f 1546/1546/1546 1540/1540/1540 1547/1547/1547
f 1540/1540/1540 1548/1548/1548 1549/1549/1549
f 1539/1539/1539 1550/1550/1550 1540/1540/1540
f 1548/1548/1548 1540/1540/1540 1550/1550/1550
f 1550/1550/1550 1551/1551/1551 1548/1548/1548
f 1552/1552/1552 1548/1548/1548 1551/1551/1551
f 1551/1551/1551 1553/1553/1553 1552/1552/1552
f 1547/1547/1547 1554/1554/1554 1555/1555/1555
f 1549/1549/1549 1556/1556/1556 1557/1557/1557
f 1557/1557/1557 1558/1558/1558 1549/1549/1549
f 1559/1559/1559 1549/1549/1549 1558/1558/1558
f 1560/1560/1560 1561/1561/1561 1554/1554/1554
f 1549/1549/1549 1547/1547/1547 1540/1540/1540
f 1554/1554/1554 1547/1547/1547 1549/1549/1549
f 1562/1562/1562 1554/1554/1554 1549/1549/1549
f 1560/1560/1560 1554/1554/1554 1562/1562/1562
f 1562/1562/1562 1563/1563/1563 1560/1560/1560
f 1564/1564/1564 1563/1563/1563 1562/1562/1562
f 1562/1562/1562 1565/1565/1565 1564/1564/1564
f 1566/1566/1566 1564/1564/1564 1565/1565/1565
f 1565/1565/1565 1567/1567/1567 1566/1566/1566
f 1568/1568/1568 1566/1566/1566 1567/1567/1567
f 1565/1565/1565 1569/1569/1569 1570/1570/1570
f 1570/1570/1570 1567/1567/1567 1565/1565/1565
f 1567/1567/1567 1570/1570/1570 1568/1568/1568
f 1571/1571/1571 1568/1568/1568 1570/1570/1570
f 1570/1570/1570 1569/1569/1569 1571/1571/1571
f 1572/1572/1572 1571/1571/1571 1569/1569/1569
f 1572/1572/1572 1569/1569/1569 1559/1559/1559
f 1559/1559/1559 1569/1569/1569 1565/1565/1565
f 1549/1549/1549 1559/1559/1559 1565/1565/1565
f 1565/1565/1565 1562/1562/1562 1549/1549/1549
f 1571/1571/1571 1572/1572/1572 1573/1573/1573
f 1574/1574/1574 1575/1575/1575 1576/1576/1576
f 1574/1574/1574 1576/1576/1576 1577/1577/1577
f 1578/1578/1578 1579/1579/1579 1575/1575/1575
f 1576/1576/1576 1575/1575/1575 1579/1579/1579
f 1579/1579/1579 1580/1580/1580 1576/1576/1576
f 1577/1577/1577 1576/1576/1576 1580/1580/1580
f 1580/1580/1580 1581/1581/1581 1577/1577/1577
f 1582/1582/1582 1577/1577/1577 1581/1581/1581
f 1581/1581/1581 1583/1583/1583 1582/1582/1582
f 1582/1582/1582 1583/1583/1583 1584/1584/1584
f 1584/1584/1584 1585/1585/1585 1582/1582/1582
f 1585/1585/1585 1584/1584/1584 1586/1586/1586
f 1586/1586/1586 1587/1587/1587 1585/1585/1585
f 1587/1587/1587 1586/1586/1586 1588/1588/1588
f 1588/1588/1588 1589/1589/1589 1587/1587/1587
f 1590/1590/1590 1589/1589/1589 1588/1588/1588
f 1587/1587/1587 1589/1589/1589 1590/1590/1590
f 1590/1590/1590 1591/1591/1591 1587/1587/1587
f 1585/1585/1585 1587/1587/1587 1591/1591/1591
f 1591/1591/1591 1592/1592/1592 1585/1585/1585
f 1582/1582/1582 1585/1585/1585 1592/1592/1592
f 1588/1588/1588 1593/1593/1593 1590/1590/1590
f 1590/1590/1590 1593/1593/1593 1594/1594/1594
f 1595/1595/1595 1596/1596/1596 1597/1597/1597
f 1594/1594/1594 1596/1596/1596 1595/1595/1595
f 1595/1595/1595 1598/1598/1598 1594/1594/1594
f 1594/1594/1594 1598/1598/1598 1590/1590/1590
f 1591/1591/1591 1590/1590/1590 1598/1598/1598
f 1598/1598/1598 1599/1599/1599 1591/1591/1591
f 1592/1592/1592 1591/1591/1591 1599/1599/1599
f 1599/1599/1599 1600/1600/1600 1592/1592/1592
f 1592/1592/1592 1600/1600/1600 1601/1601/1601
f 1602/1602/1602 1601/1601/1601 1600/1600/1600
f 1603/1603/1603 1600/1600/1600 1599/1599/1599
f 1600/1600/1600 1603/1603/1603 1602/1602/1602
f 1604/1604/1604 1602/1602/1602 1603/1603/1603
f 1602/1602/1602 1604/1604/1604 1605/1605/1605
f 1605/1605/1605 1604/1604/1604 1606/1606/1606
f 1606/1606/1606 1607/1607/1607 1605/1605/1605
f 1601/1601/1601 1602/1602/1602 1608/1608/1608
f 1605/1605/1605 1608/1608/1608 1602/1602/1602
f 1608/1608/1608 1605/1605/1605 1609/1609/1609
f 1609/1609/1609 1605/1605/1605 1607/1607/1607
f 1607/1607/1607 1610/1610/1610 1609/1609/1609
f 1611/1611/1611 1609/1609/1609 1610/1610/1610
f 1610/1610/1610 1612/1612/1612 1611/1611/1611
f 1601/1601/1601 1613/1613/1613 1592/1592/1592
f 1601/1601/1601 1614/1614/1614 1613/1613/1613
f 1608/1608/1608 1614/1614/1614 1601/1601/1601
f 1614/1614/1614 1608/1608/1608 1615/1615/1615
f 1609/1609/1609 1615/1615/1615 1608/1608/1608
f 1615/1615/1615 1609/1609/1609 1611/1611/1611
f 1592/1592/1592 1613/1613/1613 1582/1582/1582
f 1577/1577/1577 1582/1582/1582 1613/1613/1613
f 1613/1613/1613 1614/1614/1614 1577/1577/1577
f 1577/1577/1577 1614/1614/1614 1574/1574/1574
f 1615/1615/1615 1574/1574/1574 1614/1614/1614
f 1615/1615/1615 1575/1575/1575 1574/1574/1574
f 1611/1611/1611 1575/1575/1575 1615/1615/1615
f 1611/1611/1611 1616/1616/1616 1575/1575/1575
f 1616/1616/1616 1611/1611/1611 1612/1612/1612
f 1612/1612/1612 1617/1617/1617 1616/1616/1616
f 1618/1618/1618 1616/1616/1616 1617/1617/1617
f 1619/1619/1619 1606/1606/1606 1604/1604/1604
f 1604/1604/1604 1620/1620/1620 1619/1619/1619
f 1603/1603/1603 1620/1620/1620 1604/1604/1604
f 1620/1620/1620 1603/1603/1603 1621/1621/1621
f 1621/1621/1621 1622/1622/1622 1620/1620/1620
f 1623/1623/1623 1619/1619/1619 1620/1620/1620
f 1620/1620/1620 1622/1622/1622 1623/1623/1623
f 1624/1624/1624 1623/1623/1623 1622/1622/1622
f 1622/1622/1622 1625/1625/1625 1624/1624/1624
f 1622/1622/1622 1626/1626/1626 1625/1625/1625
f 1626/1626/1626 1622/1622/1622 1595/1595/1595
f 1622/1622/1622 1621/1621/1621 1595/1595/1595
f 1598/1598/1598 1595/1595/1595 1621/1621/1621
f 1621/1621/1621 1599/1599/1599 1598/1598/1598
f 1599/1599/1599 1621/1621/1621 1603/1603/1603
f 1627/1627/1627 1628/1628/1628 1629/1629/1629
f 1630/1630/1630 1631/1631/1631 1632/1632/1632
f 1632/1632/1632 1633/1633/1633 1630/1630/1630
f 1634/1634/1634 1635/1635/1635 1633/1633/1633
f 1633/1633/1633 1632/1632/1632 1634/1634/1634
f 1636/1636/1636 1634/1634/1634 1632/1632/1632
f 1632/1632/1632 1637/1637/1637 1636/1636/1636
f 1637/1637/1637 1632/1632/1632 1631/1631/1631
f 1631/1631/1631 1638/1638/1638 1637/1637/1637
f 1638/1638/1638 1631/1631/1631 1639/1639/1639
f 1639/1639/1639 1631/1631/1631 1630/1630/1630
f 1630/1630/1630 1640/1640/1640 1639/1639/1639
f 1641/1641/1641 1639/1639/1639 1640/1640/1640
f 1640/1640/1640 1642/1642/1642 1641/1641/1641
f 1641/1641/1641 1643/1643/1643 1644/1644/1644
f 1644/1644/1644 1639/1639/1639 1641/1641/1641
f 1639/1639/1639 1644/1644/1644 1638/1638/1638
f 1645/1645/1645 1638/1638/1638 1644/1644/1644
f 1644/1644/1644 1646/1646/1646 1645/1645/1645
f 1646/1646/1646 1644/1644/1644 1643/1643/1643
f 1643/1643/1643 1647/1647/1647 1646/1646/1646
f 1635/1635/1635 1648/1648/1648 1649/1649/1649
f 1648/1648/1648 1635/1635/1635 1634/1634/1634
f 1634/1634/1634 1650/1650/1650 1648/1648/1648
f 1650/1650/1650 1634/1634/1634 1636/1636/1636
f 1636/1636/1636 1651/1651/1651 1650/1650/1650
f 1651/1651/1651 1636/1636/1636 1652/1652/1652
f 1652/1652/1652 1636/1636/1636 1637/1637/1637
f 1637/1637/1637 1653/1653/1653 1652/1652/1652
f 1653/1653/1653 1637/1637/1637 1638/1638/1638
f 1638/1638/1638 1645/1645/1645 1653/1653/1653
f 1654/1654/1654 1655/1655/1655 1656/1656/1656
f 1657/1657/1657 1658/1658/1658 1659/1659/1659
f 1659/1659/1659 1660/1660/1660 1657/1657/1657
f 1661/1661/1661 1662/1662/1662 1663/1663/1663
f 1663/1663/1663 1662/1662/1662 1664/1664/1664
f 1664/1664/1664 1657/1657/1657 1663/1663/1663
f 1661/1661/1661 1663/1663/1663 1665/1665/1665
f 1665/1665/1665 1666/1666/1666 1661/1661/1661
f 1661/1661/1661 1666/1666/1666 1667/1667/1667
f 1667/1667/1667 1668/1668/1668 1661/1661/1661
f 1662/1662/1662 1661/1661/1661 1668/1668/1668
f 1669/1669/1669 1662/1662/1662 1668/1668/1668
f 1670/1670/1670 1662/1662/1662 1669/1669/1669
f 1669/1669/1669 1671/1671/1671 1670/1670/1670
f 1670/1670/1670 1671/1671/1671 1672/1672/1672
f 1672/1672/1672 1671/1671/1671 1673/1673/1673
f 1669/1669/1669 1668/1668/1668 1667/1667/1667
f 1667/1667/1667 1674/1674/1674 1669/1669/1669
f 1669/1669/1669 1674/1674/1674 1673/1673/1673
f 1673/1673/1673 1671/1671/1671 1669/1669/1669
f 1672/1672/1672 1675/1675/1675 1670/1670/1670
f 1673/1673/1673 1676/1676/1676 1672/1672/1672
f 1672/1672/1672 1676/1676/1676 1677/1677/1677
f 1677/1677/1677 1675/1675/1675 1672/1672/1672
f 1678/1678/1678 1675/1675/1675 1677/1677/1677
f 1675/1675/1675 1678/1678/1678 1670/1670/1670
f 1679/1679/1679 1670/1670/1670 1678/1678/1678
f 1678/1678/1678 1680/1680/1680 1679/1679/1679
f 1677/1677/1677 1681/1681/1681 1678/1678/1678
f 1680/1680/1680 1682/1682/1682 1683/1683/1683
f 1683/1683/1683 1684/1684/1684 1680/1680/1680
f 1685/1685/1685 1686/1686/1686 1687/1687/1687
f 1687/1687/1687 1688/1688/1688 1685/1685/1685
f 1689/1689/1689 1690/1690/1690 1688/1688/1688
f 1688/1688/1688 1687/1687/1687 1689/1689/1689
f 1687/1687/1687 1691/1691/1691 1689/1689/1689
f 1691/1691/1691 1687/1687/1687 1692/1692/1692
f 1692/1692/1692 1693/1693/1693 1691/1691/1691
f 1692/1692/1692 1694/1694/1694 1693/1693/1693
f 1686/1686/1686 1695/1695/1695 1687/1687/1687
f 1687/1687/1687 1695/1695/1695 1696/1696/1696
f 1696/1696/1696 1692/1692/1692 1687/1687/1687
f 1692/1692/1692 1696/1696/1696 1697/1697/1697
f 1692/1692/1692 1697/1697/1697 1698/1698/1698
f 1698/1698/1698 1699/1699/1699 1692/1692/1692
f 1694/1694/1694 1692/1692/1692 1699/1699/1699
f 1699/1699/1699 1700/1700/1700 1694/1694/1694
f 1701/1701/1701 1702/1702/1702 1703/1703/1703
f 1703/1703/1703 1704/1704/1704 1701/1701/1701
f 1705/1705/1705 1701/1701/1701 1704/1704/1704
f 1704/1704/1704 1706/1706/1706 1705/1705/1705
f 1707/1707/1707 1705/1705/1705 1706/1706/1706
f 1706/1706/1706 1708/1708/1708 1707/1707/1707
f 1707/1707/1707 1708/1708/1708 1709/1709/1709
f 1709/1709/1709 1710/1710/1710 1707/1707/1707
f 1710/1710/1710 1709/1709/1709 1711/1711/1711
f 1711/1711/1711 1712/1712/1712 1710/1710/1710
f 1713/1713/1713 1714/1714/1714 1715/1715/1715
f 1715/1715/1715 1716/1716/1716 1713/1713/1713
f 1713/1713/1713 1717/1717/1717 1718/1718/1718
f 1718/1718/1718 1714/1714/1714 1713/1713/1713
f 1714/1714/1714 1718/1718/1718 1719/1719/1719
f 1719/1719/1719 1720/1720/1720 1714/1714/1714
f 1714/1714/1714 1720/1720/1720 1721/1721/1721
f 1721/1721/1721 1715/1715/1715 1714/1714/1714
f 1715/1715/1715 1721/1721/1721 1722/1722/1722
f 1722/1722/1722 1723/1723/1723 1715/1715/1715
f 1716/1716/1716 1715/1715/1715 1723/1723/1723
f 1723/1723/1723 1724/1724/1724 1716/1716/1716
f 1725/1725/1725 1724/1724/1724 1723/1723/1723
f 1723/1723/1723 1726/1726/1726 1725/1725/1725
f 1722/1722/1722 1727/1727/1727 1726/1726/1726
f 1726/1726/1726 1727/1727/1727 1728/1728/1728
f 1728/1728/1728 1729/1729/1729 1726/1726/1726
f 1725/1725/1725 1726/1726/1726 1729/1729/1729
f 1729/1729/1729 1730/1730/1730 1725/1725/1725
f 1731/1731/1731 1732/1732/1732 1733/1733/1733
f 1734/1734/1734 1735/1735/1735 1736/1736/1736
f 1736/1736/1736 1731/1731/1731 1734/1734/1734
f 1737/1737/1737 1734/1734/1734 1731/1731/1731
f 1731/1731/1731 1733/1733/1733 1737/1737/1737
f 1738/1738/1738 1737/1737/1737 1733/1733/1733
f 1733/1733/1733 1739/1739/1739 1738/1738/1738
f 1740/1740/1740 1738/1738/1738 1739/1739/1739
f 1739/1739/1739 1741/1741/1741 1740/1740/1740
f 1742/1742/1742 1740/1740/1740 1741/1741/1741
f 1741/1741/1741 1743/1743/1743 1742/1742/1742
f 1741/1741/1741 1744/1744/1744 1745/1745/1745
f 1745/1745/1745 1743/1743/1743 1741/1741/1741
f 1746/1746/1746 1742/1742/1742 1743/1743/1743
f 1743/1743/1743 1747/1747/1747 1746/1746/1746
f 1747/1747/1747 1748/1748/1748 1746/1746/1746
f 1748/1748/1748 1747/1747/1747 1749/1749/1749
f 1749/1749/1749 1750/1750/1750 1748/1748/1748
f 1751/1751/1751 1752/1752/1752 1753/1753/1753
f 1754/1754/1754 1755/1755/1755 1756/1756/1756
f 1756/1756/1756 1757/1757/1757 1754/1754/1754
f 1758/1758/1758 1757/1757/1757 1756/1756/1756
f 1758/1758/1758 1756/1756/1756 1759/1759/1759
f 1759/1759/1759 1760/1760/1760 1758/1758/1758
f 1761/1761/1761 1758/1758/1758 1760/1760/1760
f 1760/1760/1760 1762/1762/1762 1761/1761/1761
f 1758/1758/1758 1763/1763/1763 1757/1757/1757
f 1764/1764/1764 1759/1759/1759 1756/1756/1756
f 1756/1756/1756 1755/1755/1755 1764/1764/1764
f 1762/1762/1762 1764/1764/1764 1755/1755/1755
f 1755/1755/1755 1761/1761/1761 1762/1762/1762
f 1755/1755/1755 1754/1754/1754 1761/1761/1761
f 1765/1765/1765 1761/1761/1761 1754/1754/1754
f 1761/1761/1761 1765/1765/1765 1766/1766/1766
f 1766/1766/1766 1758/1758/1758 1761/1761/1761
f 1758/1758/1758 1766/1766/1766 1767/1767/1767
f 1758/1758/1758 1767/1767/1767 1763/1763/1763
f 1763/1763/1763 1767/1767/1767 1768/1768/1768
f 1768/1768/1768 1769/1769/1769 1763/1763/1763
f 1754/1754/1754 1769/1769/1769 1765/1765/1765
f 1765/1765/1765 1769/1769/1769 1768/1768/1768
f 1765/1765/1765 1768/1768/1768 1770/1770/1770
f 1771/1771/1771 1770/1770/1770 1768/1768/1768
f 1768/1768/1768 1767/1767/1767 1771/1771/1771
f 1772/1772/1772 1771/1771/1771 1767/1767/1767
f 1767/1767/1767 1766/1766/1766 1772/1772/1772
f 1773/1773/1773 1772/1772/1772 1766/1766/1766
f 1766/1766/1766 1765/1765/1765 1773/1773/1773
f 1770/1770/1770 1773/1773/1773 1765/1765/1765
f 1774/1774/1774 1775/1775/1775 1769/1769/1769
f 1776/1776/1776 1769/1769/1769 1775/1775/1775
f 1777/1777/1777 1769/1769/1769 1776/1776/1776
f 1769/1769/1769 1777/1777/1777 1778/1778/1778
f 1763/1763/1763 1769/1769/1769 1778/1778/1778
f 1778/1778/1778 1779/1779/1779 1763/1763/1763
f 1780/1780/1780 1763/1763/1763 1779/1779/1779
f 1781/1781/1781 1763/1763/1763 1780/1780/1780
f 1782/1782/1782 1763/1763/1763 1781/1781/1781
f 1757/1757/1757 1763/1763/1763 1782/1782/1782
f 1782/1782/1782 1783/1783/1783 1757/1757/1757
f 1784/1784/1784 1757/1757/1757 1783/1783/1783
f 1757/1757/1757 1784/1784/1784 1785/1785/1785
f 1757/1757/1757 1785/1785/1785 1786/1786/1786
f 1754/1754/1754 1757/1757/1757 1786/1786/1786
f 1786/1786/1786 1787/1787/1787 1754/1754/1754
f 1788/1788/1788 1754/1754/1754 1787/1787/1787
f 1789/1789/1789 1754/1754/1754 1788/1788/1788
f 1754/1754/1754 1789/1789/1789 1774/1774/1774
f 1769/1769/1769 1754/1754/1754 1774/1774/1774
f 1790/1790/1790 1791/1791/1791 1792/1792/1792
f 1792/1792/1792 1793/1793/1793 1790/1790/1790
f 1794/1794/1794 1793/1793/1793 1792/1792/1792
f 1793/1793/1793 1794/1794/1794 1795/1795/1795
f 1795/1795/1795 1790/1790/1790 1793/1793/1793
f 1790/1790/1790 1795/1795/1795 1796/1796/1796
f 1796/1796/1796 1791/1791/1791 1790/1790/1790
f 1791/1791/1791 1796/1796/1796 1797/1797/1797
f 1797/1797/1797 1792/1792/1792 1791/1791/1791
f 1792/1792/1792 1797/1797/1797 1794/1794/1794
f 1798/1798/1798 1799/1799/1799 1800/1800/1800
f 1801/1801/1801 1802/1802/1802 1803/1803/1803
f 1803/1803/1803 1804/1804/1804 1801/1801/1801
f 1805/1805/1805 1801/1801/1801 1804/1804/1804
f 1804/1804/1804 1806/1806/1806 1805/1805/1805
f 1807/1807/1807 1805/1805/1805 1806/1806/1806
f 1806/1806/1806 1808/1808/1808 1807/1807/1807
f 1802/1802/1802 1807/1807/1807 1808/1808/1808
f 1808/1808/1808 1803/1803/1803 1802/1802/1802
f 1801/1801/1801 1809/1809/1809 1810/1810/1810
f 1805/1805/1805 1809/1809/1809 1801/1801/1801
f 1805/1805/1805 1811/1811/1811 1809/1809/1809
f 1805/1805/1805 1812/1812/1812 1811/1811/1811
f 1812/1812/1812 1805/1805/1805 1807/1807/1807
f 1807/1807/1807 1813/1813/1813 1812/1812/1812
f 1802/1802/1802 1813/1813/1813 1807/1807/1807
f 1802/1802/1802 1814/1814/1814 1813/1813/1813
f 1802/1802/1802 1810/1810/1810 1814/1814/1814
f 1810/1810/1810 1802/1802/1802 1801/1801/1801
f 1815/1815/1815 1816/1816/1816 1814/1814/1814
f 1814/1814/1814 1810/1810/1810 1815/1815/1815
f 1810/1810/1810 1817/1817/1817 1815/1815/1815
f 1810/1810/1810 1818/1818/1818 1817/1817/1817
f 1818/1818/1818 1810/1810/1810 1819/1819/1819
f 1820/1820/1820 1819/1819/1819 1810/1810/1810
f 1810/1810/1810 1809/1809/1809 1820/1820/1820
f 1809/1809/1809 1821/1821/1821 1820/1820/1820
f 1809/1809/1809 1822/1822/1822 1821/1821/1821
f 1822/1822/1822 1809/1809/1809 1823/1823/1823
f 1823/1823/1823 1809/1809/1809 1811/1811/1811
f 1811/1811/1811 1824/1824/1824 1823/1823/1823
f 1825/1825/1825 1826/1826/1826 1827/1827/1827
f 1828/1828/1828 1829/1829/1829 1830/1830/1830
f 1830/1830/1830 1831/1831/1831 1828/1828/1828
f 1832/1832/1832 1831/1831/1831 1830/1830/1830
f 1830/1830/1830 1833/1833/1833 1832/1832/1832
f 1834/1834/1834 1835/1835/1835 1836/1836/1836
f 1836/1836/1836 1837/1837/1837 1834/1834/1834
f 1828/1828/1828 1837/1837/1837 1836/1836/1836
f 1836/1836/1836 1829/1829/1829 1828/1828/1828
f 1838/1838/1838 1829/1829/1829 1836/1836/1836
f 1830/1830/1830 1829/1829/1829 1838/1838/1838
f 1830/1830/1830 1838/1838/1838 1839/1839/1839
f 1839/1839/1839 1833/1833/1833 1830/1830/1830
f 1839/1839/1839 1840/1840/1840 1833/1833/1833
f 1832/1832/1832 1833/1833/1833 1840/1840/1840
f 1836/1836/1836 1835/1835/1835 1838/1838/1838
f 1841/1841/1841 1838/1838/1838 1835/1835/1835
f 1835/1835/1835 1842/1842/1842 1841/1841/1841
f 1840/1840/1840 1839/1839/1839 1843/1843/1843
f 1840/1840/1840 1844/1844/1844 1832/1832/1832
f 1845/1845/1845 1844/1844/1844 1840/1840/1840
f 1840/1840/1840 1843/1843/1843 1845/1845/1845
f 1845/1845/1845 1843/1843/1843 1846/1846/1846
f 1843/1843/1843 1839/1839/1839 1846/1846/1846
f 1846/1846/1846 1839/1839/1839 1847/1847/1847
f 1847/1847/1847 1848/1848/1848 1846/1846/1846
f 1846/1846/1846 1849/1849/1849 1845/1845/1845
f 1848/1848/1848 1850/1850/1850 1851/1851/1851
f 1851/1851/1851 1852/1852/1852 1848/1848/1848
f 1853/1853/1853 1854/1854/1854 1855/1855/1855
f 1856/1856/1856 1857/1857/1857 1858/1858/1858
f 1859/1859/1859 1857/1857/1857 1856/1856/1856
f 1856/1856/1856 1860/1860/1860 1859/1859/1859
f 1861/1861/1861 1862/1862/1862 1863/1863/1863
f 1858/1858/1858 1862/1862/1862 1861/1861/1861
f 1861/1861/1861 1864/1864/1864 1858/1858/1858
f 1858/1858/1858 1864/1864/1864 1856/1856/1856
f 1864/1864/1864 1865/1865/1865 1856/1856/1856
f 1856/1856/1856 1865/1865/1865 1866/1866/1866
f 1866/1866/1866 1860/1860/1860 1856/1856/1856
f 1866/1866/1866 1867/1867/1867 1860/1860/1860
f 1859/1859/1859 1860/1860/1860 1867/1867/1867
f 1867/1867/1867 1868/1868/1868 1859/1859/1859
f 1865/1865/1865 1864/1864/1864 1861/1861/1861
f 1867/1867/1867 1869/1869/1869 1868/1868/1868
f 1869/1869/1869 1867/1867/1867 1870/1870/1870
f 1871/1871/1871 1869/1869/1869 1870/1870/1870
f 1871/1871/1871 1870/1870/1870 1866/1866/1866
f 1870/1870/1870 1867/1867/1867 1866/1866/1866
f 1869/1869/1869 1871/1871/1871 1872/1872/1872
f 1873/1873/1873 1874/1874/1874 1875/1875/1875
f 1875/1875/1875 1876/1876/1876 1873/1873/1873
f 1877/1877/1877 1876/1876/1876 1875/1875/1875
f 1875/1875/1875 1878/1878/1878 1877/1877/1877
f 1877/1877/1877 1878/1878/1878 1879/1879/1879
f 1878/1878/1878 1880/1880/1880 1879/1879/1879
f 1879/1879/1879 1880/1880/1880 1865/1865/1865
f 1865/1865/1865 1881/1881/1881 1879/1879/1879
f 1881/1881/1881 1865/1865/1865 1861/1861/1861
f 1863/1863/1863 1881/1881/1881 1861/1861/1861
f 1880/1880/1880 1878/1878/1878 1875/1875/1875
f 1879/1879/1879 1881/1881/1881 1863/1863/1863
f 1863/1863/1863 1882/1882/1882 1879/1879/1879
f 1879/1879/1879 1882/1882/1882 1877/1877/1877
f 1883/1883/1883 1884/1884/1884 1885/1885/1885
f 1885/1885/1885 1884/1884/1884 1886/1886/1886
f 1886/1886/1886 1887/1887/1887 1885/1885/1885
f 1888/1888/1888 1887/1887/1887 1886/1886/1886
f 1886/1886/1886 1889/1889/1889 1888/1888/1888
f 1890/1890/1890 1889/1889/1889 1886/1886/1886
f 1889/1889/1889 1890/1890/1890 1891/1891/1891
f 1891/1891/1891 1890/1890/1890 1880/1880/1880
f 1880/1880/1880 1874/1874/1874 1891/1891/1891
f 1874/1874/1874 1880/1880/1880 1875/1875/1875
f 1891/1891/1891 1874/1874/1874 1873/1873/1873
f 1873/1873/1873 1892/1892/1892 1891/1891/1891
f 1891/1891/1891 1892/1892/1892 1888/1888/1888
f 1888/1888/1888 1889/1889/1889 1891/1891/1891
f 1890/1890/1890 1886/1886/1886 1884/1884/1884
f 1890/1890/1890 1884/1884/1884 1883/1883/1883
f 1883/1883/1883 1893/1893/1893 1890/1890/1890
f 1885/1885/1885 1894/1894/1894 1883/1883/1883
f 1895/1895/1895 1896/1896/1896 1897/1897/1897
f 1898/1898/1898 1899/1899/1899 1900/1900/1900
f 1898/1898/1898 1900/1900/1900 1901/1901/1901
f 1898/1898/1898 1901/1901/1901 1902/1902/1902
f 1898/1898/1898 1902/1902/1902 1903/1903/1903
f 1898/1898/1898 1903/1903/1903 1904/1904/1904
f 1898/1898/1898 1904/1904/1904 1905/1905/1905
f 1905/1905/1905 1906/1906/1906 1898/1898/1898
f 1897/1897/1897 1906/1906/1906 1905/1905/1905
f 1905/1905/1905 1907/1907/1907 1897/1897/1897
f 1895/1895/1895 1897/1897/1897 1907/1907/1907
f 1895/1895/1895 1907/1907/1907 1908/1908/1908
f 1908/1908/1908 1909/1909/1909 1895/1895/1895
f 1910/1910/1910 1911/1911/1911 1912/1912/1912
f 1913/1913/1913 1914/1914/1914 1915/1915/1915
f 1913/1913/1913 1916/1916/1916 1914/1914/1914
f 1916/1916/1916 1913/1913/1913 1917/1917/1917
f 1918/1918/1918 1919/1919/1919 1920/1920/1920
f 1920/1920/1920 1921/1921/1921 1918/1918/1918
f 1919/1919/1919 1918/1918/1918 1922/1922/1922
f 1922/1922/1922 1923/1923/1923 1919/1919/1919
f 1923/1923/1923 1922/1922/1922 1924/1924/1924
f 1924/1924/1924 1925/1925/1925 1923/1923/1923
f 1923/1923/1923 1925/1925/1925 1926/1926/1926
f 1926/1926/1926 1919/1919/1919 1923/1923/1923
f 1926/1926/1926 1927/1927/1927 1919/1919/1919
f 1928/1928/1928 1919/1919/1919 1927/1927/1927
f 1919/1919/1919 1928/1928/1928 1920/1920/1920
f 1929/1929/1929 1920/1920/1920 1928/1928/1928
f 1921/1921/1921 1920/1920/1920 1929/1929/1929
f 1929/1929/1929 1930/1930/1930 1921/1921/1921
f 1928/1928/1928 1931/1931/1931 1929/1929/1929
f 1932/1932/1932 1933/1933/1933 1934/1934/1934
f 1935/1935/1935 1933/1933/1933 1932/1932/1932
f 1932/1932/1932 1936/1936/1936 1935/1935/1935
f 1935/1935/1935 1936/1936/1936 1937/1937/1937
f 1938/1938/1938 1937/1937/1937 1936/1936/1936
f 1936/1936/1936 1939/1939/1939 1938/1938/1938
f 1939/1939/1939 1936/1936/1936 1932/1932/1932
f 1932/1932/1932 1940/1940/1940 1939/1939/1939
f 1941/1941/1941 1940/1940/1940 1932/1932/1932
f 1932/1932/1932 1934/1934/1934 1941/1941/1941
f 1941/1941/1941 1934/1934/1934 1942/1942/1942
f 1943/1943/1943 1942/1942/1942 1934/1934/1934
f 1934/1934/1934 1933/1933/1933 1943/1943/1943
f 1933/1933/1933 1944/1944/1944 1943/1943/1943
f 1933/1933/1933 1945/1945/1945 1944/1944/1944
f 1945/1945/1945 1933/1933/1933 1935/1935/1935
f 1942/1942/1942 1946/1946/1946 1941/1941/1941
f 1937/1937/1937 1947/1947/1947 1935/1935/1935
f 1935/1935/1935 1947/1947/1947 1948/1948/1948
f 1948/1948/1948 1949/1949/1949 1935/1935/1935
f 1950/1950/1950 1951/1951/1951 1952/1952/1952
f 1953/1953/1953 1954/1954/1954 1955/1955/1955
f 1955/1955/1955 1956/1956/1956 1953/1953/1953
f 1957/1957/1957 1956/1956/1956 1955/1955/1955
f 1956/1956/1956 1957/1957/1957 1958/1958/1958
f 1958/1958/1958 1953/1953/1953 1956/1956/1956
f 1953/1953/1953 1958/1958/1958 1959/1959/1959
f 1959/1959/1959 1954/1954/1954 1953/1953/1953
f 1954/1954/1954 1959/1959/1959 1960/1960/1960
f 1960/1960/1960 1955/1955/1955 1954/1954/1954
f 1955/1955/1955 1960/1960/1960 1957/1957/1957
f 1961/1961/1961 1962/1962/1962 1963/1963/1963
f 1963/1963/1963 1964/1964/1964 1961/1961/1961
f 1965/1965/1965 1961/1961/1961 1964/1964/1964
f 1964/1964/1964 1966/1966/1966 1965/1965/1965
f 1965/1965/1965 1966/1966/1966 1967/1967/1967
f 1967/1967/1967 1968/1968/1968 1965/1965/1965
f 1969/1969/1969 1970/1970/1970 1971/1971/1971
f 1971/1971/1971 1972/1972/1972 1969/1969/1969
f 1972/1972/1972 1971/1971/1971 1973/1973/1973
f 1973/1973/1973 1974/1974/1974 1972/1972/1972
f 1974/1974/1974 1973/1973/1973 1975/1975/1975
f 1975/1975/1975 1976/1976/1976 1974/1974/1974
f 1976/1976/1976 1975/1975/1975 1977/1977/1977
f 1977/1977/1977 1978/1978/1978 1976/1976/1976
f 1978/1978/1978 1977/1977/1977 1979/1979/1979
f 1979/1979/1979 1980/1980/1980 1978/1978/1978
f 1980/1980/1980 1979/1979/1979 1981/1981/1981
f 1981/1981/1981 1982/1982/1982 1980/1980/1980
f 1982/1982/1982 1981/1981/1981 1983/1983/1983
f 1983/1983/1983 1984/1984/1984 1982/1982/1982
f 1984/1984/1984 1983/1983/1983 1970/1970/1970
f 1970/1970/1970 1969/1969/1969 1984/1984/1984
f 1985/1985/1985 1986/1986/1986 1987/1987/1987
f 1987/1987/1987 1988/1988/1988 1985/1985/1985
f 1988/1988/1988 1987/1987/1987 1989/1989/1989
f 1989/1989/1989 1990/1990/1990 1988/1988/1988
f 1991/1991/1991 1990/1990/1990 1992/1992/1992
f 1990/1990/1990 1991/1991/1991 1993/1993/1993
f 1993/1993/1993 1988/1988/1988 1990/1990/1990
f 1988/1988/1988 1993/1993/1993 1994/1994/1994
f 1994/1994/1994 1985/1985/1985 1988/1988/1988
f 1995/1995/1995 1985/1985/1985 1994/1994/1994
f 1985/1985/1985 1995/1995/1995 1996/1996/1996
f 1996/1996/1996 1986/1986/1986 1985/1985/1985
f 1986/1986/1986 1996/1996/1996 1997/1997/1997
f 1986/1986/1986 1997/1997/1997 1998/1998/1998
f 1992/1992/1992 1999/1999/1999 1991/1991/1991
f 1998/1998/1998 2000/2000/2000 1986/1986/1986
f 1986/1986/1986 2000/2000/2000 2001/2001/2001
f 2001/2001/2001 1987/1987/1987 1986/1986/1986
f 1987/1987/1987 2001/2001/2001 2002/2002/2002
f 2002/2002/2002 1989/1989/1989 1987/1987/1987
f 2003/2003/2003 1989/1989/1989 2002/2002/2002
f 1990/1990/1990 1989/1989/1989 2003/2003/2003
f 2003/2003/2003 1992/1992/1992 1990/1990/1990
f 1992/1992/1992 2003/2003/2003 2004/2004/2004
f 2004/2004/2004 2005/2005/2005 1992/1992/1992
f 1999/1999/1999 1992/1992/1992 2005/2005/2005
f 2005/2005/2005 2006/2006/2006 1999/1999/1999
f 2002/2002/2002 2007/2007/2007 2003/2003/2003
f 2004/2004/2004 2003/2003/2003 2007/2007/2007
f 2007/2007/2007 2008/2008/2008 2004/2004/2004
f 2009/2009/2009 2010/2010/2010 2011/2011/2011
f 2011/2011/2011 2012/2012/2012 2009/2009/2009
f 2009/2009/2009 2012/2012/2012 2013/2013/2013
f 2013/2013/2013 2014/2014/2014 2009/2009/2009
f 2015/2015/2015 2014/2014/2014 2013/2013/2013
f 2013/2013/2013 2016/2016/2016 2015/2015/2015
f 2017/2017/2017 2018/2018/2018 2019/2019/2019
f 2020/2020/2020 2017/2017/2017 2021/2021/2021
f 2017/2017/2017 2020/2020/2020 2022/2022/2022
f 2017/2017/2017 2022/2022/2022 2018/2018/2018
f 2018/2018/2018 2022/2022/2022 2023/2023/2023
f 2023/2023/2023 2024/2024/2024 2018/2018/2018
f 2025/2025/2025 2024/2024/2024 2023/2023/2023
f 2023/2023/2023 2026/2026/2026 2025/2025/2025
f 2025/2025/2025 2026/2026/2026 2027/2027/2027
f 2025/2025/2025 2027/2027/2027 2028/2028/2028
f 2025/2025/2025 2028/2028/2028 2029/2029/2029
f 2025/2025/2025 2029/2029/2029 2030/2030/2030
f 2025/2025/2025 2030/2030/2030 2031/2031/2031
f 2032/2032/2032 2033/2033/2033 2034/2034/2034
f 2034/2034/2034 2035/2035/2035 2032/2032/2032
f 2032/2032/2032 2035/2035/2035 2036/2036/2036
f 2036/2036/2036 2037/2037/2037 2032/2032/2032
f 2037/2037/2037 2036/2036/2036 2038/2038/2038
f 2038/2038/2038 2039/2039/2039 2037/2037/2037
f 2040/2040/2040 2039/2039/2039 2038/2038/2038
f 2038/2038/2038 2041/2041/2041 2040/2040/2040
f 2042/2042/2042 2040/2040/2040 2041/2041/2041
f 2041/2041/2041 2043/2043/2043 2042/2042/2042
f 2044/2044/2044 2045/2045/2045 2046/2046/2046
f 2047/2047/2047 2048/2048/2048 2049/2049/2049
f 2049/2049/2049 2050/2050/2050 2047/2047/2047
f 2051/2051/2051 2050/2050/2050 2049/2049/2049
f 2050/2050/2050 2051/2051/2051 2052/2052/2052
f 2052/2052/2052 2047/2047/2047 2050/2050/2050
f 2047/2047/2047 2052/2052/2052 2053/2053/2053
f 2053/2053/2053 2048/2048/2048 2047/2047/2047
f 2048/2048/2048 2053/2053/2053 2054/2054/2054
f 2054/2054/2054 2049/2049/2049 2048/2048/2048
f 2049/2049/2049 2054/2054/2054 2051/2051/2051
f 2055/2055/2055 2056/2056/2056 2057/2057/2057
f 2058/2058/2058 2059/2059/2059 2060/2060/2060
f 2060/2060/2060 2061/2061/2061 2058/2058/2058
f 2061/2061/2061 2060/2060/2060 2062/2062/2062
f 2062/2062/2062 2063/2063/2063 2061/2061/2061
f 2058/2058/2058 2061/2061/2061 2063/2063/2063
f 2063/2063/2063 2064/2064/2064 2058/2058/2058
f 2059/2059/2059 2058/2058/2058 2064/2064/2064
f 2064/2064/2064 2065/2065/2065 2059/2059/2059
f 2060/2060/2060 2059/2059/2059 2065/2065/2065
f 2065/2065/2065 2062/2062/2062 2060/2060/2060
f 2066/2066/2066 2067/2067/2067 2068/2068/2068
f 2069/2069/2069 2070/2070/2070 2071/2071/2071
f 2071/2071/2071 2072/2072/2072 2069/2069/2069
f 2072/2072/2072 2071/2071/2071 2073/2073/2073
f 2073/2073/2073 2074/2074/2074 2072/2072/2072
f 2075/2075/2075 2070/2070/2070 2069/2069/2069
f 2070/2070/2070 2075/2075/2075 2076/2076/2076
f 2077/2077/2077 2070/2070/2070 2076/2076/2076
f 2070/2070/2070 2077/2077/2077 2078/2078/2078
f 2071/2071/2071 2070/2070/2070 2078/2078/2078
f 2078/2078/2078 2079/2079/2079 2071/2071/2071
f 2071/2071/2071 2079/2079/2079 2080/2080/2080
f 2080/2080/2080 2073/2073/2073 2071/2071/2071
f 2081/2081/2081 2073/2073/2073 2080/2080/2080
f 2074/2074/2074 2073/2073/2073 2081/2081/2081
f 2082/2082/2082 2069/2069/2069 2072/2072/2072
f 2072/2072/2072 2083/2083/2083 2082/2082/2082
f 2083/2083/2083 2072/2072/2072 2074/2074/2074
f 2074/2074/2074 2084/2084/2084 2083/2083/2083
f 2085/2085/2085 2086/2086/2086 2087/2087/2087
f 2087/2087/2087 2084/2084/2084 2085/2085/2085
f 2084/2084/2084 2087/2087/2087 2088/2088/2088
f 2088/2088/2088 2083/2083/2083 2084/2084/2084
f 2083/2083/2083 2088/2088/2088 2089/2089/2089
f 2089/2089/2089 2082/2082/2082 2083/2083/2083
f 2090/2090/2090 2082/2082/2082 2089/2089/2089
f 2082/2082/2082 2090/2090/2090 2091/2091/2091
f 2091/2091/2091 2069/2069/2069 2082/2082/2082
f 2069/2069/2069 2091/2091/2091 2075/2075/2075
f 2086/2086/2086 2085/2085/2085 2092/2092/2092
f 2092/2092/2092 2093/2093/2093 2086/2086/2086
f 2081/2081/2081 2094/2094/2094 2074/2074/2074
f 2084/2084/2084 2074/2074/2074 2094/2094/2094
f 2094/2094/2094 2085/2085/2085 2084/2084/2084
f 2085/2085/2085 2094/2094/2094 2095/2095/2095
f 2095/2095/2095 2092/2092/2092 2085/2085/2085
f 2092/2092/2092 2095/2095/2095 2096/2096/2096
f 2096/2096/2096 2097/2097/2097 2092/2092/2092
f 2093/2093/2093 2092/2092/2092 2097/2097/2097
f 2097/2097/2097 2098/2098/2098 2093/2093/2093
f 2080/2080/2080 2099/2099/2099 2081/2081/2081
f 2100/2100/2100 2081/2081/2081 2099/2099/2099
f 2094/2094/2094 2081/2081/2081 2100/2100/2100
f 2100/2100/2100 2095/2095/2095 2094/2094/2094
f 2095/2095/2095 2100/2100/2100 2101/2101/2101
f 2101/2101/2101 2096/2096/2096 2095/2095/2095
f 2099/2099/2099 2102/2102/2102 2100/2100/2100
f 2101/2101/2101 2100/2100/2100 2102/2102/2102
f 2102/2102/2102 2103/2103/2103 2101/2101/2101
f 2104/2104/2104 2105/2105/2105 2106/2106/2106
f 2107/2107/2107 2108/2108/2108 2109/2109/2109
f 2109/2109/2109 2110/2110/2110 2107/2107/2107
f 2110/2110/2110 2109/2109/2109 2111/2111/2111
f 2112/2112/2112 2111/2111/2111 2113/2113/2113
f 2111/2111/2111 2112/2112/2112 2110/2110/2110
f 2110/2110/2110 2112/2112/2112 2114/2114/2114
f 2114/2114/2114 2115/2115/2115 2110/2110/2110
f 2115/2115/2115 2114/2114/2114 2116/2116/2116
f 2116/2116/2116 2117/2117/2117 2115/2115/2115
f 2117/2117/2117 2116/2116/2116 2118/2118/2118
f 2118/2118/2118 2119/2119/2119 2117/2117/2117
f 2107/2107/2107 2110/2110/2110 2115/2115/2115
f 2115/2115/2115 2120/2120/2120 2107/2107/2107
f 2120/2120/2120 2115/2115/2115 2117/2117/2117
f 2117/2117/2117 2121/2121/2121 2120/2120/2120
f 2121/2121/2121 2117/2117/2117 2119/2119/2119
f 2119/2119/2119 2122/2122/2122 2121/2121/2121
f 2122/2122/2122 2119/2119/2119 2123/2123/2123
f 2124/2124/2124 2123/2123/2123 2119/2119/2119
f 2119/2119/2119 2118/2118/2118 2124/2124/2124
f 2125/2125/2125 2124/2124/2124 2118/2118/2118
f 2125/2125/2125 2126/2126/2126 2127/2127/2127
f 2127/2127/2127 2128/2128/2128 2125/2125/2125
f 2124/2124/2124 2125/2125/2125 2128/2128/2128
f 2128/2128/2128 2129/2129/2129 2124/2124/2124
f 2123/2123/2123 2124/2124/2124 2129/2129/2129
f 2129/2129/2129 2130/2130/2130 2123/2123/2123
f 2131/2131/2131 2123/2123/2123 2130/2130/2130
f 2123/2123/2123 2131/2131/2131 2122/2122/2122
f 2132/2132/2132 2122/2122/2122 2131/2131/2131
f 2121/2121/2121 2122/2122/2122 2132/2132/2132
f 2133/2133/2133 2134/2134/2134 2132/2132/2132
f 2132/2132/2132 2135/2135/2135 2133/2133/2133
f 2131/2131/2131 2135/2135/2135 2132/2132/2132
f 2135/2135/2135 2131/2131/2131 2136/2136/2136
f 2130/2130/2130 2136/2136/2136 2131/2131/2131
f 2137/2137/2137 2133/2133/2133 2135/2135/2135
f 2135/2135/2135 2138/2138/2138 2137/2137/2137
f 2136/2136/2136 2138/2138/2138 2135/2135/2135
f 2139/2139/2139 2132/2132/2132 2134/2134/2134
f 2134/2134/2134 2140/2140/2140 2139/2139/2139
f 2141/2141/2141 2140/2140/2140 2134/2134/2134
f 2134/2134/2134 2142/2142/2142 2141/2141/2141
f 2142/2142/2142 2134/2134/2134 2133/2133/2133
f 2133/2133/2133 2143/2143/2143 2142/2142/2142
f 2143/2143/2143 2133/2133/2133 2137/2137/2137
f 2137/2137/2137 2144/2144/2144 2143/2143/2143
f 2145/2145/2145 2146/2146/2146 2139/2139/2139
f 2139/2139/2139 2140/2140/2140 2145/2145/2145
f 2147/2147/2147 2145/2145/2145 2140/2140/2140
f 2140/2140/2140 2141/2141/2141 2147/2147/2147
f 2148/2148/2148 2147/2147/2147 2141/2141/2141
f 2141/2141/2141 2149/2149/2149 2148/2148/2148
f 2149/2149/2149 2141/2141/2141 2142/2142/2142
f 2142/2142/2142 2150/2150/2150 2149/2149/2149
f 2150/2150/2150 2142/2142/2142 2143/2143/2143
f 2143/2143/2143 2151/2151/2151 2150/2150/2150
f 2151/2151/2151 2143/2143/2143 2144/2144/2144
f 2144/2144/2144 2152/2152/2152 2151/2151/2151
f 2153/2153/2153 2149/2149/2149 2150/2150/2150
f 2150/2150/2150 2154/2154/2154 2153/2153/2153
f 2154/2154/2154 2150/2150/2150 2151/2151/2151
f 2151/2151/2151 2155/2155/2155 2154/2154/2154
f 2155/2155/2155 2151/2151/2151 2152/2152/2152
f 2152/2152/2152 2156/2156/2156 2155/2155/2155
f 2157/2157/2157 2153/2153/2153 2154/2154/2154
f 2154/2154/2154 2158/2158/2158 2157/2157/2157
f 2158/2158/2158 2154/2154/2154 2155/2155/2155
f 2155/2155/2155 2159/2159/2159 2158/2158/2158
f 2159/2159/2159 2155/2155/2155 2156/2156/2156
f 2156/2156/2156 2160/2160/2160 2159/2159/2159
f 2161/2161/2161 2162/2162/2162 2163/2163/2163
f 2162/2162/2162 2161/2161/2161 2164/2164/2164
f 2164/2164/2164 2165/2165/2165 2162/2162/2162
f 2165/2165/2165 2164/2164/2164 2166/2166/2166
f 2166/2166/2166 2167/2167/2167 2165/2165/2165
f 2167/2167/2167 2166/2166/2166 2168/2168/2168
f 2168/2168/2168 2166/2166/2166 2169/2169/2169
f 2169/2169/2169 2170/2170/2170 2168/2168/2168
f 2170/2170/2170 2169/2169/2169 2153/2153/2153
f 2153/2153/2153 2157/2157/2157 2170/2170/2170
f 2171/2171/2171 2172/2172/2172 2146/2146/2146
f 2146/2146/2146 2145/2145/2145 2171/2171/2171
f 2161/2161/2161 2171/2171/2171 2145/2145/2145
f 2145/2145/2145 2147/2147/2147 2161/2161/2161
f 2164/2164/2164 2161/2161/2161 2147/2147/2147
f 2147/2147/2147 2148/2148/2148 2164/2164/2164
f 2166/2166/2166 2164/2164/2164 2148/2148/2148
f 2148/2148/2148 2169/2169/2169 2166/2166/2166
f 2169/2169/2169 2148/2148/2148 2149/2149/2149
f 2149/2149/2149 2153/2153/2153 2169/2169/2169
f 2132/2132/2132 2139/2139/2139 2121/2121/2121
f 2120/2120/2120 2121/2121/2121 2139/2139/2139
f 2139/2139/2139 2146/2146/2146 2120/2120/2120
f 2107/2107/2107 2120/2120/2120 2146/2146/2146
f 2146/2146/2146 2172/2172/2172 2107/2107/2107
f 2108/2108/2108 2107/2107/2107 2172/2172/2172
f 2171/2171/2171 2108/2108/2108 2172/2172/2172
f 2108/2108/2108 2171/2171/2171 2173/2173/2173
f 2171/2171/2171 2163/2163/2163 2173/2173/2173
f 2163/2163/2163 2171/2171/2171 2161/2161/2161
f 2174/2174/2174 2175/2175/2175 2176/2176/2176
f 2175/2175/2175 2174/2174/2174 2177/2177/2177
f 2177/2177/2177 2174/2174/2174 2178/2178/2178
f 2178/2178/2178 2179/2179/2179 2177/2177/2177
f 2179/2179/2179 2178/2178/2178 2180/2180/2180
f 2180/2180/2180 2181/2181/2181 2179/2179/2179
f 2181/2181/2181 2180/2180/2180 2182/2182/2182
f 2182/2182/2182 2183/2183/2183 2181/2181/2181
f 2183/2183/2183 2182/2182/2182 2126/2126/2126
f 2126/2126/2126 2125/2125/2125 2183/2183/2183
f 2118/2118/2118 2183/2183/2183 2125/2125/2125
f 2183/2183/2183 2118/2118/2118 2116/2116/2116
f 2116/2116/2116 2181/2181/2181 2183/2183/2183
f 2181/2181/2181 2116/2116/2116 2114/2114/2114
f 2114/2114/2114 2179/2179/2179 2181/2181/2181
f 2179/2179/2179 2114/2114/2114 2112/2112/2112
f 2112/2112/2112 2177/2177/2177 2179/2179/2179
f 2113/2113/2113 2177/2177/2177 2112/2112/2112
f 2177/2177/2177 2113/2113/2113 2175/2175/2175
f 2184/2184/2184 2185/2185/2185 2186/2186/2186
f 2187/2187/2187 2188/2188/2188 2189/2189/2189
f 2189/2189/2189 2186/2186/2186 2187/2187/2187
f 2190/2190/2190 2186/2186/2186 2189/2189/2189
f 2186/2186/2186 2190/2190/2190 2184/2184/2184
f 2184/2184/2184 2190/2190/2190 2191/2191/2191
f 2191/2191/2191 2192/2192/2192 2184/2184/2184
f 2193/2193/2193 2192/2192/2192 2191/2191/2191
f 2191/2191/2191 2194/2194/2194 2193/2193/2193
f 2195/2195/2195 2193/2193/2193 2194/2194/2194
f 2194/2194/2194 2196/2196/2196 2195/2195/2195
f 2189/2189/2189 2188/2188/2188 2197/2197/2197
f 2198/2198/2198 2199/2199/2199 2200/2200/2200
f 2200/2200/2200 2199/2199/2199 2197/2197/2197
f 2197/2197/2197 2201/2201/2201 2200/2200/2200
f 2201/2201/2201 2197/2197/2197 2188/2188/2188
f 2188/2188/2188 2202/2202/2202 2201/2201/2201
f 2200/2200/2200 2203/2203/2203 2198/2198/2198
f 2203/2203/2203 2204/2204/2204 2205/2205/2205
f 2204/2204/2204 2203/2203/2203 2200/2200/2200
f 2200/2200/2200 2206/2206/2206 2204/2204/2204
f 2206/2206/2206 2200/2200/2200 2201/2201/2201
f 2201/2201/2201 2207/2207/2207 2206/2206/2206
f 2207/2207/2207 2201/2201/2201 2202/2202/2202
f 2202/2202/2202 2208/2208/2208 2207/2207/2207
f 2208/2208/2208 2202/2202/2202 2209/2209/2209
f 2209/2209/2209 2202/2202/2202 2188/2188/2188
f 2188/2188/2188 2187/2187/2187 2209/2209/2209
f 2210/2210/2210 2211/2211/2211 2212/2212/2212
f 2211/2211/2211 2210/2210/2210 2213/2213/2213
f 2214/2214/2214 2213/2213/2213 2210/2210/2210
f 2215/2215/2215 2213/2213/2213 2214/2214/2214
f 2214/2214/2214 2216/2216/2216 2215/2215/2215
f 2215/2215/2215 2216/2216/2216 2217/2217/2217
f 2198/2198/2198 2217/2217/2217 2216/2216/2216
f 2217/2217/2217 2198/2198/2198 2218/2218/2218
f 2218/2218/2218 2198/2198/2198 2203/2203/2203
f 2205/2205/2205 2218/2218/2218 2203/2203/2203
f 2213/2213/2213 2219/2219/2219 2211/2211/2211
f 2220/2220/2220 2219/2219/2219 2213/2213/2213
f 2213/2213/2213 2215/2215/2215 2220/2220/2220
f 2221/2221/2221 2220/2220/2220 2215/2215/2215
f 2215/2215/2215 2222/2222/2222 2221/2221/2221
f 2223/2223/2223 2221/2221/2221 2222/2222/2222
f 2222/2222/2222 2205/2205/2205 2223/2223/2223
f 2218/2218/2218 2205/2205/2205 2222/2222/2222
f 2222/2222/2222 2217/2217/2217 2218/2218/2218
f 2217/2217/2217 2222/2222/2222 2215/2215/2215
f 2224/2224/2224 2225/2225/2225 2226/2226/2226
f 2227/2227/2227 2226/2226/2226 2225/2225/2225
f 2225/2225/2225 2228/2228/2228 2227/2227/2227
f 2229/2229/2229 2227/2227/2227 2228/2228/2228
f 2228/2228/2228 2230/2230/2230 2229/2229/2229
f 2231/2231/2231 2229/2229/2229 2230/2230/2230
f 2230/2230/2230 2232/2232/2232 2231/2231/2231
f 2232/2232/2232 2233/2233/2233 2234/2234/2234
f 2234/2234/2234 2231/2231/2231 2232/2232/2232
f 2231/2231/2231 2234/2234/2234 2235/2235/2235
f 2235/2235/2235 2236/2236/2236 2231/2231/2231
f 2229/2229/2229 2231/2231/2231 2236/2236/2236
f 2236/2236/2236 2237/2237/2237 2229/2229/2229
f 2227/2227/2227 2229/2229/2229 2237/2237/2237
f 2237/2237/2237 2238/2238/2238 2227/2227/2227
f 2226/2226/2226 2227/2227/2227 2238/2238/2238
f 2230/2230/2230 2228/2228/2228 2239/2239/2239
f 2239/2239/2239 2240/2240/2240 2230/2230/2230
f 2232/2232/2232 2230/2230/2230 2240/2240/2240
f 2240/2240/2240 2241/2241/2241 2232/2232/2232
f 2233/2233/2233 2232/2232/2232 2241/2241/2241
f 2241/2241/2241 2242/2242/2242 2233/2233/2233
f 2238/2238/2238 2243/2243/2243 2226/2226/2226
f 2244/2244/2244 2226/2226/2226 2243/2243/2243
f 2226/2226/2226 2244/2244/2244 2224/2224/2224
f 2244/2244/2244 2245/2245/2245 2224/2224/2224
f 2246/2246/2246 2224/2224/2224 2245/2245/2245
f 2224/2224/2224 2246/2246/2246 2247/2247/2247
f 2225/2225/2225 2224/2224/2224 2247/2247/2247
f 2247/2247/2247 2248/2248/2248 2225/2225/2225
f 2228/2228/2228 2225/2225/2225 2248/2248/2248
f 2248/2248/2248 2239/2239/2239 2228/2228/2228
f 2243/2243/2243 2249/2249/2249 2244/2244/2244
f 2245/2245/2245 2244/2244/2244 2250/2250/2250
f 2249/2249/2249 2250/2250/2250 2244/2244/2244
f 2250/2250/2250 2249/2249/2249 2251/2251/2251
f 2252/2252/2252 2253/2253/2253 2254/2254/2254
f 2255/2255/2255 2256/2256/2256 2257/2257/2257
f 2258/2258/2258 2257/2257/2257 2256/2256/2256
f 2256/2256/2256 2259/2259/2259 2258/2258/2258
f 2259/2259/2259 2256/2256/2256 2260/2260/2260
f 2260/2260/2260 2261/2261/2261 2259/2259/2259
f 2261/2261/2261 2260/2260/2260 2262/2262/2262
f 2262/2262/2262 2263/2263/2263 2261/2261/2261
f 2263/2263/2263 2262/2262/2262 2264/2264/2264
f 2264/2264/2264 2265/2265/2265 2263/2263/2263
f 2266/2266/2266 2265/2265/2265 2264/2264/2264
f 2265/2265/2265 2266/2266/2266 2267/2267/2267
f 2268/2268/2268 2262/2262/2262 2260/2260/2260
f 2262/2262/2262 2268/2268/2268 2269/2269/2269
f 2269/2269/2269 2264/2264/2264 2262/2262/2262
f 2264/2264/2264 2269/2269/2269 2270/2270/2270
f 2270/2270/2270 2266/2266/2266 2264/2264/2264
f 2271/2271/2271 2272/2272/2272 2273/2273/2273
f 2274/2274/2274 2273/2273/2273 2272/2272/2272
f 2273/2273/2273 2274/2274/2274 2275/2275/2275
f 2276/2276/2276 2275/2275/2275 2274/2274/2274
f 2274/2274/2274 2268/2268/2268 2276/2276/2276
f 2268/2268/2268 2274/2274/2274 2277/2277/2277
f 2277/2277/2277 2269/2269/2269 2268/2268/2268
f 2272/2272/2272 2277/2277/2277 2274/2274/2274
f 2278/2278/2278 2271/2271/2271 2279/2279/2279
f 2273/2273/2273 2279/2279/2279 2271/2271/2271
f 2279/2279/2279 2273/2273/2273 2280/2280/2280
f 2275/2275/2275 2280/2280/2280 2273/2273/2273
f 2280/2280/2280 2275/2275/2275 2281/2281/2281
f 2255/2255/2255 2281/2281/2281 2275/2275/2275
f 2275/2275/2275 2276/2276/2276 2255/2255/2255
f 2256/2256/2256 2255/2255/2255 2276/2276/2276
f 2276/2276/2276 2260/2260/2260 2256/2256/2256
f 2260/2260/2260 2276/2276/2276 2268/2268/2268
f 2282/2282/2282 2278/2278/2278 2283/2283/2283
f 2279/2279/2279 2283/2283/2283 2278/2278/2278
f 2283/2283/2283 2279/2279/2279 2284/2284/2284
f 2280/2280/2280 2284/2284/2284 2279/2279/2279
f 2284/2284/2284 2280/2280/2280 2285/2285/2285
f 2281/2281/2281 2285/2285/2285 2280/2280/2280
f 2285/2285/2285 2281/2281/2281 2286/2286/2286
f 2287/2287/2287 2286/2286/2286 2281/2281/2281
f 2281/2281/2281 2255/2255/2255 2287/2287/2287
f 2257/2257/2257 2287/2287/2287 2255/2255/2255
f 2286/2286/2286 2288/2288/2288 2285/2285/2285
f 2289/2289/2289 2285/2285/2285 2288/2288/2288
f 2285/2285/2285 2289/2289/2289 2284/2284/2284
f 2290/2290/2290 2284/2284/2284 2289/2289/2289
f 2284/2284/2284 2290/2290/2290 2283/2283/2283
f 2291/2291/2291 2283/2283/2283 2290/2290/2290
f 2283/2283/2283 2291/2291/2291 2282/2282/2282
f 2288/2288/2288 2292/2292/2292 2289/2289/2289
f 2293/2293/2293 2289/2289/2289 2292/2292/2292
f 2289/2289/2289 2293/2293/2293 2290/2290/2290
f 2294/2294/2294 2290/2290/2290 2293/2293/2293
f 2290/2290/2290 2294/2294/2294 2291/2291/2291
f 2292/2292/2292 2295/2295/2295 2293/2293/2293
f 2296/2296/2296 2293/2293/2293 2295/2295/2295
f 2293/2293/2293 2296/2296/2296 2294/2294/2294
f 2295/2295/2295 2297/2297/2297 2296/2296/2296
f 2298/2298/2298 2270/2270/2270 2269/2269/2269
f 2269/2269/2269 2277/2277/2277 2298/2298/2298
f 2299/2299/2299 2298/2298/2298 2277/2277/2277
f 2277/2277/2277 2272/2272/2272 2299/2299/2299
f 2272/2272/2272 2300/2300/2300 2299/2299/2299
f 2300/2300/2300 2272/2272/2272 2271/2271/2271
f 2271/2271/2271 2301/2301/2301 2300/2300/2300
f 2301/2301/2301 2271/2271/2271 2278/2278/2278
f 2278/2278/2278 2302/2302/2302 2301/2301/2301
f 2302/2302/2302 2278/2278/2278 2282/2282/2282
f 2303/2303/2303 2304/2304/2304 2305/2305/2305
f 2306/2306/2306 2307/2307/2307 2308/2308/2308
f 2308/2308/2308 2309/2309/2309 2306/2306/2306
f 2310/2310/2310 2311/2311/2311 2312/2312/2312
f 2312/2312/2312 2313/2313/2313 2310/2310/2310
f 2314/2314/2314 2313/2313/2313 2312/2312/2312
f 2315/2315/2315 2314/2314/2314 2312/2312/2312
f 2312/2312/2312 2316/2316/2316 2315/2315/2315
f 2317/2317/2317 2316/2316/2316 2312/2312/2312
f 2312/2312/2312 2318/2318/2318 2317/2317/2317
f 2319/2319/2319 2320/2320/2320 2321/2321/2321
f 2322/2322/2322 2323/2323/2323 2324/2324/2324
f 2324/2324/2324 2325/2325/2325 2322/2322/2322
f 2326/2326/2326 2325/2325/2325 2324/2324/2324
f 2324/2324/2324 2327/2327/2327 2326/2326/2326
f 2328/2328/2328 2329/2329/2329 2330/2330/2330
f 2331/2331/2331 2332/2332/2332 2333/2333/2333
f 2333/2333/2333 2334/2334/2334 2331/2331/2331
f 2333/2333/2333 2335/2335/2335 2334/2334/2334
f 2334/2334/2334 2335/2335/2335 2336/2336/2336
f 2336/2336/2336 2337/2337/2337 2334/2334/2334
f 2338/2338/2338 2337/2337/2337 2336/2336/2336
f 2336/2336/2336 2339/2339/2339 2338/2338/2338
f 2340/2340/2340 2341/2341/2341 2342/2342/2342
f 2343/2343/2343 2344/2344/2344 2345/2345/2345
f 2345/2345/2345 2344/2344/2344 2341/2341/2341
f 1528/1528/1528 2345/2345/2345 2341/2341/2341
f 2341/2341/2341 2340/2340/2340 1528/1528/1528
f 1528/1528/1528 2340/2340/2340 2346/2346/2346
f 2346/2346/2346 2340/2340/2340 2342/2342/2342
f 2342/2342/2342 2347/2347/2347 2346/2346/2346
f 2348/2348/2348 2346/2346/2346 2347/2347/2347
f 2348/2348/2348 2349/2349/2349 2346/2346/2346
f 2346/2346/2346 2349/2349/2349 1528/1528/1528
f 2350/2350/2350 2351/2351/2351 2352/2352/2352
f 2350/2350/2350 2353/2353/2353 2351/2351/2351
f 2351/2351/2351 2353/2353/2353 2354/2354/2354
f 2355/2355/2355 2354/2354/2354 2353/2353/2353
f 2354/2354/2354 2355/2355/2355 2343/2343/2343
f 2343/2343/2343 2345/2345/2345 2354/2354/2354
f 2356/2356/2356 2354/2354/2354 2345/2345/2345
f 2345/2345/2345 1528/1528/1528 2356/2356/2356
f 1532/1532/1532 2356/2356/2356 1528/1528/1528
f 1528/1528/1528 1527/1527/1527 1532/1532/1532
f 2356/2356/2356 1532/1532/1532 2357/2357/2357
f 2357/2357/2357 2351/2351/2351 2356/2356/2356
f 2354/2354/2354 2356/2356/2356 2351/2351/2351
f 2358/2358/2358 2352/2352/2352 2351/2351/2351
f 2351/2351/2351 2357/2357/2357 2358/2358/2358
f 2359/2359/2359 2358/2358/2358 2357/2357/2357
f 2357/2357/2357 2360/2360/2360 2359/2359/2359
f 2360/2360/2360 2357/2357/2357 1532/1532/1532
f 1532/1532/1532 1542/1542/1542 2360/2360/2360
f 1533/1533/1533 1542/1542/1542 1532/1532/1532
f 2352/2352/2352 2361/2361/2361 2362/2362/2362
f 2361/2361/2361 2352/2352/2352 2358/2358/2358
f 2358/2358/2358 2363/2363/2363 2361/2361/2361
f 2363/2363/2363 2358/2358/2358 2359/2359/2359
f 2359/2359/2359 2364/2364/2364 2363/2363/2363
f 2364/2364/2364 2359/2359/2359 2365/2365/2365
f 2365/2365/2365 2359/2359/2359 2360/2360/2360
f 2360/2360/2360 2366/2366/2366 2365/2365/2365
f 2366/2366/2366 2360/2360/2360 1542/1542/1542
f 1542/1542/1542 1541/1541/1541 2366/2366/2366
f 2365/2365/2365 2367/2367/2367 2364/2364/2364
f 2364/2364/2364 2368/2368/2368 2369/2369/2369
f 2369/2369/2369 2370/2370/2370 2364/2364/2364
f 2363/2363/2363 2364/2364/2364 2370/2370/2370
f 2370/2370/2370 2371/2371/2371 2363/2363/2363
f 2361/2361/2361 2363/2363/2363 2371/2371/2371
f 2361/2361/2361 2371/2371/2371 2372/2372/2372
f 2361/2361/2361 2372/2372/2372 2362/2362/2362
f 2373/2373/2373 2362/2362/2362 2372/2372/2372
f 2362/2362/2362 2373/2373/2373 2352/2352/2352
f 2352/2352/2352 2373/2373/2373 2350/2350/2350
f 2372/2372/2372 2374/2374/2374 2373/2373/2373
f 2350/2350/2350 2373/2373/2373 2374/2374/2374
f 2374/2374/2374 2375/2375/2375 2350/2350/2350
f 2376/2376/2376 2377/2377/2377 2378/2378/2378
f 2378/2378/2378 2379/2379/2379 2376/2376/2376
f 2379/2379/2379 2378/2378/2378 2380/2380/2380
f 2380/2380/2380 2381/2381/2381 2379/2379/2379
f 2381/2381/2381 2380/2380/2380 2382/2382/2382
f 2381/2381/2381 2382/2382/2382 2383/2383/2383
f 2383/2383/2383 2382/2382/2382 2384/2384/2384
f 2384/2384/2384 2385/2385/2385 2383/2383/2383
f 2386/2386/2386 2383/2383/2383 2385/2385/2385
f 2386/2386/2386 2387/2387/2387 2383/2383/2383
f 2386/2386/2386 2388/2388/2388 2387/2387/2387
f 2381/2381/2381 2383/2383/2383 2387/2387/2387
f 2389/2389/2389 2390/2390/2390 2391/2391/2391
f 2391/2391/2391 2392/2392/2392 2389/2389/2389
f 2393/2393/2393 2394/2394/2394 2395/2395/2395
f 2394/2394/2394 2393/2393/2393 2396/2396/2396
f 2397/2397/2397 2398/2398/2398 2399/2399/2399
f 2399/2399/2399 2400/2400/2400 2397/2397/2397
f 2401/2401/2401 2402/2402/2402 2403/2403/2403
f 2402/2402/2402 2401/2401/2401 2404/2404/2404
f 2404/2404/2404 2401/2401/2401 2400/2400/2400
f 2400/2400/2400 2405/2405/2405 2404/2404/2404
f 2406/2406/2406 2398/2398/2398 2407/2407/2407
f 2407/2407/2407 2398/2398/2398 2397/2397/2397
f 2397/2397/2397 2408/2408/2408 2407/2407/2407
f 2409/2409/2409 2407/2407/2407 2408/2408/2408
f 2408/2408/2408 2410/2410/2410 2409/2409/2409
f 2409/2409/2409 2410/2410/2410 2411/2411/2411
f 2411/2411/2411 2412/2412/2412 2409/2409/2409
f 2412/2412/2412 2411/2411/2411 2413/2413/2413
f 2413/2413/2413 2414/2414/2414 2412/2412/2412
f 2414/2414/2414 2413/2413/2413 2415/2415/2415
f 2416/2416/2416 2407/2407/2407 2409/2409/2409
f 2416/2416/2416 2409/2409/2409 2417/2417/2417
f 2417/2417/2417 2418/2418/2418 2416/2416/2416
f 2419/2419/2419 2418/2418/2418 2417/2417/2417
f 2417/2417/2417 2414/2414/2414 2419/2419/2419
f 2420/2420/2420 2419/2419/2419 2414/2414/2414
f 2415/2415/2415 2420/2420/2420 2414/2414/2414
f 2421/2421/2421 2420/2420/2420 2415/2415/2415
f 2415/2415/2415 2422/2422/2422 2421/2421/2421
f 2421/2421/2421 2422/2422/2422 2423/2423/2423
f 2423/2423/2423 2424/2424/2424 2421/2421/2421
f 2425/2425/2425 2424/2424/2424 2423/2423/2423
f 2425/2425/2425 2423/2423/2423 2426/2426/2426
f 2425/2425/2425 2426/2426/2426 2427/2427/2427
f 2428/2428/2428 2429/2429/2429 2430/2430/2430
f 2431/2431/2431 2432/2432/2432 2433/2433/2433
f 2433/2433/2433 2434/2434/2434 2431/2431/2431
f 2435/2435/2435 2436/2436/2436 2437/2437/2437
f 2438/2438/2438 2435/2435/2435 2437/2437/2437
f 2437/2437/2437 2439/2439/2439 2438/2438/2438
f 2440/2440/2440 2441/2441/2441 2442/2442/2442
f 2440/2440/2440 2442/2442/2442 2443/2443/2443
f 2440/2440/2440 2443/2443/2443 2444/2444/2444
f 2445/2445/2445 2440/2440/2440 2444/2444/2444
f 2440/2440/2440 2445/2445/2445 2446/2446/2446
f 2447/2447/2447 2448/2448/2448 2449/2449/2449
f 2447/2447/2447 2449/2449/2449 2450/2450/2450
f 2447/2447/2447 2450/2450/2450 2451/2451/2451
f 2451/2451/2451 2452/2452/2452 2447/2447/2447
f 2452/2452/2452 2451/2451/2451 2453/2453/2453
f 2453/2453/2453 2454/2454/2454 2452/2452/2452
f 2455/2455/2455 2454/2454/2454 2453/2453/2453
f 2453/2453/2453 2456/2456/2456 2455/2455/2455
f 2455/2455/2455 2456/2456/2456 2441/2441/2441
f 2441/2441/2441 2457/2457/2457 2455/2455/2455
f 2441/2441/2441 2458/2458/2458 2457/2457/2457
f 2459/2459/2459 2460/2460/2460 2461/2461/2461
f 2461/2461/2461 2460/2460/2460 2462/2462/2462
f 2461/2461/2461 2462/2462/2462 2463/2463/2463
f 2463/2463/2463 2462/2462/2462 2464/2464/2464
f 2464/2464/2464 2465/2465/2465 2463/2463/2463
f 2465/2465/2465 2464/2464/2464 2466/2466/2466
f 2466/2466/2466 2467/2467/2467 2465/2465/2465
f 2468/2468/2468 2469/2469/2469 2470/2470/2470
f 2470/2470/2470 2471/2471/2471 2468/2468/2468
f 2472/2472/2472 2473/2473/2473 2474/2474/2474
f 2474/2474/2474 2475/2475/2475 2472/2472/2472
f 2476/2476/2476 2477/2477/2477 2478/2478/2478
f 2478/2478/2478 2474/2474/2474 2476/2476/2476
f 2474/2474/2474 2479/2479/2479 2476/2476/2476
f 2479/2479/2479 2480/2480/2480 2476/2476/2476
f 2480/2480/2480 2479/2479/2479 2474/2474/2474
f 2474/2474/2474 2481/2481/2481 2480/2480/2480
f 2482/2482/2482 2483/2483/2483 2484/2484/2484
f 2485/2485/2485 2486/2486/2486 2487/2487/2487
f 2487/2487/2487 2488/2488/2488 2485/2485/2485
f 2489/2489/2489 2490/2490/2490 2487/2487/2487
f 2491/2491/2491 2489/2489/2489 2492/2492/2492
f 2493/2493/2493 2494/2494/2494 2495/2495/2495
f 2495/2495/2495 2496/2496/2496 2493/2493/2493
f 2496/2496/2496 2497/2497/2497 2498/2498/2498
f 2498/2498/2498 2499/2499/2499 2496/2496/2496
f 2500/2500/2500 2501/2501/2501 2502/2502/2502
f 2502/2502/2502 2499/2499/2499 2500/2500/2500
f 2499/2499/2499 2502/2502/2502 2503/2503/2503
f 2503/2503/2503 2504/2504/2504 2499/2499/2499
f 2505/2505/2505 2499/2499/2499 2504/2504/2504
f 2499/2499/2499 2505/2505/2505 2506/2506/2506
f 2506/2506/2506 2496/2496/2496 2499/2499/2499
f 2507/2507/2507 2496/2496/2496 2506/2506/2506
f 2493/2493/2493 2496/2496/2496 2507/2507/2507
f 2507/2507/2507 2508/2508/2508 2493/2493/2493
f 2503/2503/2503 2509/2509/2509 2510/2510/2510
f 2510/2510/2510 2504/2504/2504 2503/2503/2503
f 2504/2504/2504 2510/2510/2510 2511/2511/2511
f 2511/2511/2511 2505/2505/2505 2504/2504/2504
f 2505/2505/2505 2511/2511/2511 2512/2512/2512
f 2512/2512/2512 2513/2513/2513 2505/2505/2505
f 2505/2505/2505 2513/2513/2513 2514/2514/2514
f 2505/2505/2505 2514/2514/2514 2515/2515/2515
f 2515/2515/2515 2506/2506/2506 2505/2505/2505
f 2506/2506/2506 2515/2515/2515 2516/2516/2516
f 2506/2506/2506 2516/2516/2516 2517/2517/2517
f 2517/2517/2517 2518/2518/2518 2506/2506/2506
f 2507/2507/2507 2506/2506/2506 2518/2518/2518
f 2518/2518/2518 2519/2519/2519 2507/2507/2507
f 2508/2508/2508 2507/2507/2507 2519/2519/2519
f 2519/2519/2519 2520/2520/2520 2508/2508/2508
f 2521/2521/2521 2522/2522/2522 2523/2523/2523
f 2524/2524/2524 2525/2525/2525 2526/2526/2526
f 2526/2526/2526 2527/2527/2527 2524/2524/2524
f 2528/2528/2528 2527/2527/2527 2526/2526/2526
f 2526/2526/2526 2529/2529/2529 2528/2528/2528
f 2528/2528/2528 2529/2529/2529 2522/2522/2522
f 2522/2522/2522 2530/2530/2530 2528/2528/2528
f 2530/2530/2530 2522/2522/2522 2521/2521/2521
f 2530/2530/2530 2521/2521/2521 2531/2531/2531
f 2532/2532/2532 2533/2533/2533 2534/2534/2534
f 2534/2534/2534 2535/2535/2535 2532/2532/2532
f 2536/2536/2536 2537/2537/2537 2538/2538/2538
f 2538/2538/2538 2539/2539/2539 2536/2536/2536
f 2540/2540/2540 2541/2541/2541 2537/2537/2537
f 2537/2537/2537 2536/2536/2536 2540/2540/2540
f 2540/2540/2540 2536/2536/2536 2542/2542/2542
f 2542/2542/2542 2536/2536/2536 2539/2539/2539
f 2539/2539/2539 2543/2543/2543 2542/2542/2542
f 2544/2544/2544 2542/2542/2542 2543/2543/2543
f 2543/2543/2543 2545/2545/2545 2544/2544/2544
f 2546/2546/2546 2544/2544/2544 2545/2545/2545
f 2545/2545/2545 2547/2547/2547 2546/2546/2546
f 2546/2546/2546 2547/2547/2547 2548/2548/2548
f 2548/2548/2548 2549/2549/2549 2546/2546/2546
f 2550/2550/2550 2546/2546/2546 2549/2549/2549
f 2549/2549/2549 2551/2551/2551 2550/2550/2550
f 2546/2546/2546 2550/2550/2550 2552/2552/2552
f 2552/2552/2552 2544/2544/2544 2546/2546/2546
f 2542/2542/2542 2544/2544/2544 2552/2552/2552
f 2552/2552/2552 2553/2553/2553 2542/2542/2542
f 2542/2542/2542 2553/2553/2553 2540/2540/2540
f 2554/2554/2554 2555/2555/2555 2556/2556/2556
f 2556/2556/2556 2557/2557/2557 2554/2554/2554
f 2557/2557/2557 2556/2556/2556 2558/2558/2558
f 2558/2558/2558 2559/2559/2559 2557/2557/2557
f 2559/2559/2559 2558/2558/2558 2560/2560/2560
f 2560/2560/2560 2561/2561/2561 2559/2559/2559
f 2562/2562/2562 2563/2563/2563 2564/2564/2564
f 2564/2564/2564 2565/2565/2565 2562/2562/2562
f 2565/2565/2565 2564/2564/2564 2566/2566/2566
f 2566/2566/2566 2567/2567/2567 2565/2565/2565
f 2568/2568/2568 2567/2567/2567 2566/2566/2566
f 2566/2566/2566 2569/2569/2569 2568/2568/2568
f 2570/2570/2570 2568/2568/2568 2569/2569/2569
f 2569/2569/2569 2571/2571/2571 2570/2570/2570
f 2572/2572/2572 2562/2562/2562 2573/2573/2573
f 2562/2562/2562 2572/2572/2572 2563/2563/2563
f 2574/2574/2574 2563/2563/2563 2572/2572/2572
f 2563/2563/2563 2574/2574/2574 2575/2575/2575
f 2564/2564/2564 2563/2563/2563 2575/2575/2575
f 2575/2575/2575 2576/2576/2576 2564/2564/2564
f 2566/2566/2566 2564/2564/2564 2576/2576/2576
f 2576/2576/2576 2577/2577/2577 2566/2566/2566
f 2569/2569/2569 2566/2566/2566 2577/2577/2577
f 2577/2577/2577 2578/2578/2578 2569/2569/2569
f 2571/2571/2571 2569/2569/2569 2578/2578/2578
f 2578/2578/2578 2579/2579/2579 2571/2571/2571
f 2580/2580/2580 2581/2581/2581 2582/2582/2582
f 2582/2582/2582 2583/2583/2583 2580/2580/2580
f 2583/2583/2583 2582/2582/2582 2584/2584/2584
f 2584/2584/2584 2585/2585/2585 2583/2583/2583
f 2586/2586/2586 2585/2585/2585 2584/2584/2584
f 2584/2584/2584 2587/2587/2587 2586/2586/2586
f 2588/2588/2588 2589/2589/2589 2590/2590/2590
f 2590/2590/2590 2591/2591/2591 2588/2588/2588
f 2592/2592/2592 2591/2591/2591 2590/2590/2590
f 2590/2590/2590 2593/2593/2593 2592/2592/2592
f 2592/2592/2592 2593/2593/2593 2594/2594/2594
f 2594/2594/2594 2595/2595/2595 2592/2592/2592
f 2596/2596/2596 2595/2595/2595 2594/2594/2594
f 2594/2594/2594 2597/2597/2597 2596/2596/2596
f 2596/2596/2596 2597/2597/2597 2581/2581/2581
f 2581/2581/2581 2580/2580/2580 2596/2596/2596
f 2598/2598/2598 2599/2599/2599 2600/2600/2600
f 2601/2601/2601 2600/2600/2600 2599/2599/2599
f 2599/2599/2599 2602/2602/2602 2601/2601/2601
f 2603/2603/2603 2601/2601/2601 2602/2602/2602
f 2602/2602/2602 2604/2604/2604 2603/2603/2603
f 2605/2605/2605 2603/2603/2603 2604/2604/2604
f 2604/2604/2604 2606/2606/2606 2605/2605/2605
f 2607/2607/2607 2605/2605/2605 2606/2606/2606
f 2606/2606/2606 2608/2608/2608 2607/2607/2607
f 2609/2609/2609 2607/2607/2607 2608/2608/2608
f 2608/2608/2608 2598/2598/2598 2609/2609/2609
f 2600/2600/2600 2609/2609/2609 2598/2598/2598
f 2610/2610/2610 2611/2611/2611 2612/2612/2612
f 2612/2612/2612 2613/2613/2613 2610/2610/2610
f 2613/2613/2613 2612/2612/2612 2614/2614/2614
f 2614/2614/2614 2615/2615/2615 2613/2613/2613
f 2615/2615/2615 2614/2614/2614 2616/2616/2616
f 2616/2616/2616 2617/2617/2617 2615/2615/2615
f 2617/2617/2617 2616/2616/2616 2618/2618/2618
f 2618/2618/2618 2619/2619/2619 2617/2617/2617
f 2619/2619/2619 2620/2620/2620 2621/2621/2621
f 2621/2621/2621 2617/2617/2617 2619/2619/2619
f 2617/2617/2617 2621/2621/2621 2622/2622/2622
f 2622/2622/2622 2615/2615/2615 2617/2617/2617
f 2615/2615/2615 2622/2622/2622 2623/2623/2623
f 2623/2623/2623 2613/2613/2613 2615/2615/2615
f 2613/2613/2613 2623/2623/2623 2624/2624/2624
f 2624/2624/2624 2610/2610/2610 2613/2613/2613
f 2610/2610/2610 2624/2624/2624 2625/2625/2625
f 2625/2625/2625 2626/2626/2626 2610/2610/2610
f 2611/2611/2611 2610/2610/2610 2626/2626/2626
f 2626/2626/2626 2627/2627/2627 2611/2611/2611
f 2625/2625/2625 2628/2628/2628 2629/2629/2629
f 2629/2629/2629 2630/2630/2630 2625/2625/2625
f 2626/2626/2626 2625/2625/2625 2630/2630/2630
f 2630/2630/2630 2631/2631/2631 2626/2626/2626
f 2627/2627/2627 2626/2626/2626 2631/2631/2631
f 2631/2631/2631 2632/2632/2632 2627/2627/2627
f 2620/2620/2620 2633/2633/2633 2634/2634/2634
f 2634/2634/2634 2621/2621/2621 2620/2620/2620
f 2621/2621/2621 2634/2634/2634 2635/2635/2635
f 2635/2635/2635 2622/2622/2622 2621/2621/2621
f 2622/2622/2622 2635/2635/2635 2636/2636/2636
f 2636/2636/2636 2623/2623/2623 2622/2622/2622
f 2623/2623/2623 2636/2636/2636 2637/2637/2637
f 2637/2637/2637 2624/2624/2624 2623/2623/2623
f 2624/2624/2624 2637/2637/2637 2628/2628/2628
f 2628/2628/2628 2625/2625/2625 2624/2624/2624
f 2638/2638/2638 2639/2639/2639 2640/2640/2640
f 2639/2639/2639 2638/2638/2638 2641/2641/2641
f 2638/2638/2638 2642/2642/2642 2641/2641/2641
f 2642/2642/2642 2638/2638/2638 2643/2643/2643
f 2644/2644/2644 2645/2645/2645 2646/2646/2646
f 2646/2646/2646 2645/2645/2645 2647/2647/2647
f 2647/2647/2647 2645/2645/2645 2648/2648/2648
f 2648/2648/2648 2645/2645/2645 2649/2649/2649
f 2649/2649/2649 2645/2645/2645 2650/2650/2650
f 2650/2650/2650 2645/2645/2645 2644/2644/2644
f 2651/2651/2651 2652/2652/2652 2653/2653/2653
f 2652/2652/2652 2651/2651/2651 2654/2654/2654
f 2655/2655/2655 2652/2652/2652 2654/2654/2654
f 2654/2654/2654 2656/2656/2656 2655/2655/2655
f 2657/2657/2657 2655/2655/2655 2656/2656/2656
f 2656/2656/2656 2658/2658/2658 2657/2657/2657
f 2659/2659/2659 2657/2657/2657 2658/2658/2658
f 2658/2658/2658 2660/2660/2660 2659/2659/2659
f 2661/2661/2661 2659/2659/2659 2660/2660/2660
f 2660/2660/2660 2662/2662/2662 2661/2661/2661
f 2663/2663/2663 2661/2661/2661 2662/2662/2662
f 2662/2662/2662 2664/2664/2664 2663/2663/2663
f 2665/2665/2665 2666/2666/2666 2667/2667/2667
f 2668/2668/2668 2667/2667/2667 2666/2666/2666
f 2666/2666/2666 2669/2669/2669 2668/2668/2668
f 2670/2670/2670 2668/2668/2668 2669/2669/2669
f 2669/2669/2669 2671/2671/2671 2670/2670/2670
f 2672/2672/2672 2670/2670/2670 2671/2671/2671
f 2671/2671/2671 2673/2673/2673 2672/2672/2672
f 2674/2674/2674 2672/2672/2672 2673/2673/2673
f 2673/2673/2673 2675/2675/2675 2674/2674/2674
f 2676/2676/2676 2674/2674/2674 2675/2675/2675
f 2675/2675/2675 2665/2665/2665 2676/2676/2676
f 2667/2667/2667 2676/2676/2676 2665/2665/2665
f 2677/2677/2677 2678/2678/2678 2679/2679/2679
f 2679/2679/2679 2680/2680/2680 2677/2677/2677
f 2677/2677/2677 2680/2680/2680 2681/2681/2681
f 2681/2681/2681 2682/2682/2682 2677/2677/2677
f 2683/2683/2683 2684/2684/2684 2685/2685/2685
f 2685/2685/2685 2686/2686/2686 2683/2683/2683
f 2686/2686/2686 2685/2685/2685 2687/2687/2687
f 2687/2687/2687 2688/2688/2688 2686/2686/2686
f 2688/2688/2688 2687/2687/2687 2689/2689/2689
f 2689/2689/2689 2690/2690/2690 2688/2688/2688
f 2691/2691/2691 2690/2690/2690 2689/2689/2689
f 2689/2689/2689 2692/2692/2692 2691/2691/2691
f 2693/2693/2693 2691/2691/2691 2692/2692/2692
f 2692/2692/2692 2694/2694/2694 2693/2693/2693
f 2693/2693/2693 2694/2694/2694 2695/2695/2695
f 2695/2695/2695 2696/2696/2696 2693/2693/2693
f 2697/2697/2697 2698/2698/2698 2699/2699/2699
f 2699/2699/2699 2700/2700/2700 2697/2697/2697
f 2701/2701/2701 2697/2697/2697 2700/2700/2700
f 2700/2700/2700 2702/2702/2702 2701/2701/2701
f 2703/2703/2703 2701/2701/2701 2702/2702/2702
f 2702/2702/2702 2704/2704/2704 2703/2703/2703
f 2705/2705/2705 2706/2706/2706 2707/2707/2707
f 2707/2707/2707 2706/2706/2706 2708/2708/2708
f 2708/2708/2708 2706/2706/2706 2709/2709/2709
f 2709/2709/2709 2706/2706/2706 2710/2710/2710
f 2710/2710/2710 2706/2706/2706 2711/2711/2711
f 2711/2711/2711 2706/2706/2706 2705/2705/2705
f 2712/2712/2712 2713/2713/2713 2714/2714/2714
f 2713/2713/2713 2712/2712/2712 2715/2715/2715
f 2716/2716/2716 2713/2713/2713 2715/2715/2715
f 2715/2715/2715 2717/2717/2717 2716/2716/2716
f 2718/2718/2718 2716/2716/2716 2717/2717/2717
f 2717/2717/2717 2719/2719/2719 2718/2718/2718
f 2720/2720/2720 2718/2718/2718 2719/2719/2719
f 2719/2719/2719 2721/2721/2721 2720/2720/2720
f 2722/2722/2722 2720/2720/2720 2721/2721/2721
f 2721/2721/2721 2723/2723/2723 2722/2722/2722
f 2724/2724/2724 2722/2722/2722 2723/2723/2723
f 2723/2723/2723 2725/2725/2725 2724/2724/2724
f 2726/2726/2726 2727/2727/2727 2728/2728/2728
f 2728/2728/2728 2729/2729/2729 2730/2730/2730
f 2730/2730/2730 2731/2731/2731 2728/2728/2728
f 2728/2728/2728 2731/2731/2731 2726/2726/2726
f 2732/2732/2732 2726/2726/2726 2731/2731/2731
f 2731/2731/2731 2733/2733/2733 2732/2732/2732
f 2734/2734/2734 2732/2732/2732 2733/2733/2733
f 2733/2733/2733 2735/2735/2735 2734/2734/2734
f 2736/2736/2736 2735/2735/2735 2733/2733/2733
f 2733/2733/2733 2737/2737/2737 2736/2736/2736
f 2738/2738/2738 2736/2736/2736 2737/2737/2737
f 2730/2730/2730 2729/2729/2729 2739/2739/2739
f 2739/2739/2739 2740/2740/2740 2730/2730/2730
f 2730/2730/2730 2740/2740/2740 2741/2741/2741
f 2741/2741/2741 2737/2737/2737 2730/2730/2730
f 2731/2731/2731 2730/2730/2730 2737/2737/2737
f 2737/2737/2737 2733/2733/2733 2731/2731/2731
f 2737/2737/2737 2741/2741/2741 2738/2738/2738
f 2738/2738/2738 2741/2741/2741 2742/2742/2742
f 2742/2742/2742 2741/2741/2741 2740/2740/2740
f 2740/2740/2740 2743/2743/2743 2742/2742/2742
f 2743/2743/2743 2740/2740/2740 2739/2739/2739
f 2739/2739/2739 2744/2744/2744 2743/2743/2743
f 2743/2743/2743 2744/2744/2744 2745/2745/2745
f 2745/2745/2745 2746/2746/2746 2743/2743/2743
f 2747/2747/2747 2746/2746/2746 2745/2745/2745
f 2748/2748/2748 2746/2746/2746 2747/2747/2747
f 2742/2742/2742 2743/2743/2743 2746/2746/2746
f 2746/2746/2746 2748/2748/2748 2742/2742/2742
f 2749/2749/2749 2742/2742/2742 2748/2748/2748
f 2742/2742/2742 2749/2749/2749 2738/2738/2738
f 2745/2745/2745 2750/2750/2750 2747/2747/2747
f 2751/2751/2751 2747/2747/2747 2750/2750/2750
f 2747/2747/2747 2751/2751/2751 2752/2752/2752
f 2752/2752/2752 2753/2753/2753 2747/2747/2747
f 2750/2750/2750 2754/2754/2754 2751/2751/2751
f 2747/2747/2747 2753/2753/2753 2748/2748/2748
f 2748/2748/2748 2753/2753/2753 2749/2749/2749
f 2752/2752/2752 2749/2749/2749 2753/2753/2753
f 2755/2755/2755 2749/2749/2749 2752/2752/2752
f 2755/2755/2755 2752/2752/2752 2751/2751/2751
f 2751/2751/2751 2756/2756/2756 2755/2755/2755
f 2756/2756/2756 2751/2751/2751 2754/2754/2754
f 2754/2754/2754 2757/2757/2757 2756/2756/2756
f 2756/2756/2756 2757/2757/2757 2758/2758/2758
f 2758/2758/2758 2759/2759/2759 2756/2756/2756
f 2755/2755/2755 2756/2756/2756 2759/2759/2759
f 2759/2759/2759 2760/2760/2760 2755/2755/2755
f 2760/2760/2760 2749/2749/2749 2755/2755/2755
f 2759/2759/2759 2749/2749/2749 2760/2760/2760
f 2761/2761/2761 2762/2762/2762 2763/2763/2763
f 2763/2763/2763 2764/2764/2764 2761/2761/2761
f 2764/2764/2764 2763/2763/2763 2765/2765/2765
f 2765/2765/2765 2766/2766/2766 2764/2764/2764
f 2766/2766/2766 2767/2767/2767 2768/2768/2768
f 2769/2769/2769 2770/2770/2770 2771/2771/2771
f 2771/2771/2771 2768/2768/2768 2769/2769/2769
f 2768/2768/2768 2771/2771/2771 2772/2772/2772
f 2772/2772/2772 2773/2773/2773 2768/2768/2768
f 2774/2774/2774 2775/2775/2775 2776/2776/2776
f 2776/2776/2776 2775/2775/2775 2777/2777/2777
f 2777/2777/2777 2778/2778/2778 2776/2776/2776
f 2776/2776/2776 2778/2778/2778 2779/2779/2779
f 2779/2779/2779 2780/2780/2780 2776/2776/2776
f 2776/2776/2776 2780/2780/2780 2781/2781/2781
f 2781/2781/2781 2782/2782/2782 2776/2776/2776
f 2776/2776/2776 2782/2782/2782 2774/2774/2774
f 2783/2783/2783 2774/2774/2774 2782/2782/2782
f 2782/2782/2782 2784/2784/2784 2783/2783/2783
f 2785/2785/2785 2786/2786/2786 2787/2787/2787
f 2788/2788/2788 2789/2789/2789 2790/2790/2790
f 2790/2790/2790 2791/2791/2791 2788/2788/2788
f 2791/2791/2791 2790/2790/2790 2792/2792/2792
f 2792/2792/2792 2793/2793/2793 2791/2791/2791
f 2793/2793/2793 2792/2792/2792 2794/2794/2794
f 2794/2794/2794 2795/2795/2795 2793/2793/2793
f 2795/2795/2795 2794/2794/2794 2785/2785/2785
f 2785/2785/2785 2796/2796/2796 2795/2795/2795
f 2787/2787/2787 2796/2796/2796 2785/2785/2785
f 2796/2796/2796 2787/2787/2787 2797/2797/2797
f 2797/2797/2797 2787/2787/2787 2798/2798/2798
f 2798/2798/2798 2799/2799/2799 2797/2797/2797
f 2800/2800/2800 2801/2801/2801 2802/2802/2802
f 2802/2802/2802 2788/2788/2788 2800/2800/2800
f 2800/2800/2800 2788/2788/2788 2791/2791/2791
f 2791/2791/2791 2803/2803/2803 2800/2800/2800
f 2803/2803/2803 2791/2791/2791 2793/2793/2793
f 2793/2793/2793 2804/2804/2804 2803/2803/2803
f 2804/2804/2804 2793/2793/2793 2795/2795/2795
f 2795/2795/2795 2805/2805/2805 2804/2804/2804
f 2805/2805/2805 2795/2795/2795 2796/2796/2796
f 2796/2796/2796 2806/2806/2806 2805/2805/2805
f 2797/2797/2797 2806/2806/2806 2796/2796/2796
f 2807/2807/2807 2808/2808/2808 2809/2809/2809
f 2810/2810/2810 2811/2811/2811 2812/2812/2812
f 2811/2811/2811 2810/2810/2810 2813/2813/2813
f 2814/2814/2814 2815/2815/2815 2816/2816/2816
f 2815/2815/2815 2814/2814/2814 2817/2817/2817
f 2818/2818/2818 2819/2819/2819 2820/2820/2820
f 2820/2820/2820 2821/2821/2821 2818/2818/2818
f 2821/2821/2821 2820/2820/2820 2822/2822/2822
f 2823/2823/2823 2824/2824/2824 2825/2825/2825
f 2825/2825/2825 2826/2826/2826 2823/2823/2823
f 2827/2827/2827 2823/2823/2823 2826/2826/2826
f 2826/2826/2826 2822/2822/2822 2827/2827/2827
f 2822/2822/2822 2826/2826/2826 2821/2821/2821
f 2828/2828/2828 2821/2821/2821 2826/2826/2826
f 2821/2821/2821 2828/2828/2828 2829/2829/2829
f 2829/2829/2829 2818/2818/2818 2821/2821/2821
f 2818/2818/2818 2829/2829/2829 2830/2830/2830
f 2830/2830/2830 2831/2831/2831 2818/2818/2818
f 2819/2819/2819 2818/2818/2818 2831/2831/2831
f 2831/2831/2831 2832/2832/2832 2819/2819/2819
f 2826/2826/2826 2825/2825/2825 2828/2828/2828
f 2833/2833/2833 2820/2820/2820 2819/2819/2819
f 2819/2819/2819 2834/2834/2834 2833/2833/2833
f 2834/2834/2834 2819/2819/2819 2832/2832/2832
f 2832/2832/2832 2835/2835/2835 2834/2834/2834
f 2824/2824/2824 2836/2836/2836 2837/2837/2837
f 2836/2836/2836 2824/2824/2824 2823/2823/2823
f 2823/2823/2823 2838/2838/2838 2836/2836/2836
f 2838/2838/2838 2823/2823/2823 2827/2827/2827
f 2827/2827/2827 2839/2839/2839 2838/2838/2838
f 2839/2839/2839 2827/2827/2827 2840/2840/2840
f 2840/2840/2840 2827/2827/2827 2822/2822/2822
f 2822/2822/2822 2841/2841/2841 2840/2840/2840
f 2841/2841/2841 2822/2822/2822 2820/2820/2820
f 2820/2820/2820 2833/2833/2833 2841/2841/2841
f 2842/2842/2842 2843/2843/2843 2844/2844/2844
f 2844/2844/2844 2845/2845/2845 2842/2842/2842
f 2846/2846/2846 2847/2847/2847 2848/2848/2848
f 2847/2847/2847 2846/2846/2846 2849/2849/2849
f 2849/2849/2849 2850/2850/2850 2847/2847/2847
f 2850/2850/2850 2849/2849/2849 2844/2844/2844
f 2844/2844/2844 2851/2851/2851 2850/2850/2850
f 2851/2851/2851 2844/2844/2844 2843/2843/2843
f 2852/2852/2852 2851/2851/2851 2843/2843/2843
f 2851/2851/2851 2852/2852/2852 2853/2853/2853
f 2854/2854/2854 2855/2855/2855 2856/2856/2856
f 2857/2857/2857 2858/2858/2858 2859/2859/2859
f 2857/2857/2857 2859/2859/2859 2860/2860/2860
f 2861/2861/2861 2862/2862/2862 2863/2863/2863
f 2863/2863/2863 2864/2864/2864 2861/2861/2861
f 2865/2865/2865 2861/2861/2861 2864/2864/2864
f 2857/2857/2857 2865/2865/2865 2864/2864/2864
f 2864/2864/2864 2866/2866/2866 2857/2857/2857
f 2857/2857/2857 2866/2866/2866 2858/2858/2858
f 2858/2858/2858 2866/2866/2866 2867/2867/2867
f 2867/2867/2867 2868/2868/2868 2858/2858/2858
f 2869/2869/2869 2870/2870/2870 2871/2871/2871
f 2872/2872/2872 2871/2871/2871 2870/2870/2870
f 2870/2870/2870 2873/2873/2873 2872/2872/2872
f 2874/2874/2874 2873/2873/2873 2870/2870/2870
f 2870/2870/2870 2869/2869/2869 2874/2874/2874
f 2869/2869/2869 2875/2875/2875 2874/2874/2874
f 2875/2875/2875 2869/2869/2869 2876/2876/2876
f 2871/2871/2871 2876/2876/2876 2869/2869/2869
f 2877/2877/2877 2878/2878/2878 2879/2879/2879
f 2880/2880/2880 2881/2881/2881 2882/2882/2882
f 2883/2883/2883 2881/2881/2881 2880/2880/2880
f 2880/2880/2880 2884/2884/2884 2883/2883/2883
f 2885/2885/2885 2883/2883/2883 2884/2884/2884
f 2884/2884/2884 2886/2886/2886 2885/2885/2885
f 2887/2887/2887 2885/2885/2885 2886/2886/2886
f 2886/2886/2886 2888/2888/2888 2887/2887/2887
f 2887/2887/2887 2888/2888/2888 2889/2889/2889
f 2889/2889/2889 2890/2890/2890 2887/2887/2887
f 2891/2891/2891 2892/2892/2892 2893/2893/2893
f 2893/2893/2893 2894/2894/2894 2891/2891/2891
f 2895/2895/2895 2896/2896/2896 2897/2897/2897
f 2898/2898/2898 2897/2897/2897 2896/2896/2896
f 2897/2897/2897 2898/2898/2898 2899/2899/2899
f 2899/2899/2899 2898/2898/2898 2900/2900/2900
f 2900/2900/2900 2901/2901/2901 2899/2899/2899
f 2892/2892/2892 2901/2901/2901 2900/2900/2900
f 2900/2900/2900 2902/2902/2902 2892/2892/2892
f 2903/2903/2903 2895/2895/2895 2904/2904/2904
f 2904/2904/2904 2895/2895/2895 2905/2905/2905
f 2905/2905/2905 2906/2906/2906 2904/2904/2904
f 2906/2906/2906 2905/2905/2905 2907/2907/2907
f 2907/2907/2907 2908/2908/2908 2906/2906/2906
f 2909/2909/2909 2910/2910/2910 2911/2911/2911
f 2911/2911/2911 2912/2912/2912 2909/2909/2909
f 2913/2913/2913 2909/2909/2909 2912/2912/2912
f 2912/2912/2912 2914/2914/2914 2913/2913/2913
f 2915/2915/2915 2916/2916/2916 2917/2917/2917
f 2918/2918/2918 2917/2917/2917 2916/2916/2916
f 2916/2916/2916 2919/2919/2919 2918/2918/2918
f 2920/2920/2920 2918/2918/2918 2919/2919/2919
f 2919/2919/2919 2921/2921/2921 2920/2920/2920
f 2922/2922/2922 2920/2920/2920 2921/2921/2921
f 2921/2921/2921 2923/2923/2923 2922/2922/2922
f 2924/2924/2924 2922/2922/2922 2923/2923/2923
f 2923/2923/2923 2925/2925/2925 2924/2924/2924
f 2926/2926/2926 2924/2924/2924 2925/2925/2925
f 2925/2925/2925 2915/2915/2915 2926/2926/2926
f 2917/2917/2917 2926/2926/2926 2915/2915/2915
f 2927/2927/2927 2928/2928/2928 2929/2929/2929
f 2929/2929/2929 2930/2930/2930 2927/2927/2927
f 2931/2931/2931 2930/2930/2930 2929/2929/2929
f 2931/2931/2931 2932/2932/2932 2930/2930/2930
f 2927/2927/2927 2930/2930/2930 2932/2932/2932
f 2933/2933/2933 2929/2929/2929 2934/2934/2934
f 2935/2935/2935 2934/2934/2934 2929/2929/2929
f 2929/2929/2929 2928/2928/2928 2935/2935/2935
f 2928/2928/2928 2936/2936/2936 2935/2935/2935
f 2937/2937/2937 2936/2936/2936 2928/2928/2928
f 2928/2928/2928 2938/2938/2938 2937/2937/2937
f 2939/2939/2939 2938/2938/2938 2928/2928/2928
f 2939/2939/2939 2928/2928/2928 2940/2940/2940
f 2927/2927/2927 2940/2940/2940 2928/2928/2928
f 2940/2940/2940 2927/2927/2927 2941/2941/2941
f 2932/2932/2932 2941/2941/2941 2927/2927/2927
f 2942/2942/2942 2941/2941/2941 2932/2932/2932
f 2932/2932/2932 2943/2943/2943 2942/2942/2942
f 2943/2943/2943 2944/2944/2944 2942/2942/2942
f 2942/2942/2942 2944/2944/2944 2945/2945/2945
f 2945/2945/2945 2946/2946/2946 2942/2942/2942
f 2942/2942/2942 2946/2946/2946 2941/2941/2941
f 2947/2947/2947 2946/2946/2946 2945/2945/2945
f 2941/2941/2941 2946/2946/2946 2947/2947/2947
f 2941/2941/2941 2947/2947/2947 2940/2940/2940
f 2940/2940/2940 2947/2947/2947 2948/2948/2948
f 2948/2948/2948 2949/2949/2949 2940/2940/2940
f 2940/2940/2940 2949/2949/2949 2950/2950/2950
f 2950/2950/2950 2939/2939/2939 2940/2940/2940
f 2938/2938/2938 2939/2939/2939 2950/2950/2950
f 2950/2950/2950 2951/2951/2951 2938/2938/2938
f 2937/2937/2937 2938/2938/2938 2951/2951/2951
f 2951/2951/2951 2952/2952/2952 2937/2937/2937
f 2945/2945/2945 2948/2948/2948 2947/2947/2947
f 2953/2953/2953 2954/2954/2954 2955/2955/2955
f 2955/2955/2955 2956/2956/2956 2953/2953/2953
f 2955/2955/2955 2957/2957/2957 2956/2956/2956
f 2958/2958/2958 2956/2956/2956 2957/2957/2957
f 2957/2957/2957 2959/2959/2959 2958/2958/2958
f 2960/2960/2960 2961/2961/2961 2962/2962/2962
f 2962/2962/2962 2961/2961/2961 2963/2963/2963
f 2963/2963/2963 2961/2961/2961 2964/2964/2964
f 2964/2964/2964 2961/2961/2961 2965/2965/2965
f 2965/2965/2965 2961/2961/2961 2966/2966/2966
f 2966/2966/2966 2961/2961/2961 2960/2960/2960
f 2967/2967/2967 2968/2968/2968 2969/2969/2969
f 2968/2968/2968 2970/2970/2970 2969/2969/2969
f 2970/2970/2970 2971/2971/2971 2969/2969/2969
f 2971/2971/2971 2972/2972/2972 2969/2969/2969
f 2972/2972/2972 2973/2973/2973 2969/2969/2969
f 2973/2973/2973 2974/2974/2974 2969/2969/2969
f 2974/2974/2974 2975/2975/2975 2969/2969/2969
f 2975/2975/2975 2967/2967/2967 2969/2969/2969
f 2976/2976/2976 2977/2977/2977 2978/2978/2978
f 2979/2979/2979 2978/2978/2978 2977/2977/2977
f 2977/2977/2977 2980/2980/2980 2979/2979/2979
f 2981/2981/2981 2982/2982/2982 2983/2983/2983
f 2983/2983/2983 2984/2984/2984 2981/2981/2981
f 2985/2985/2985 2981/2981/2981 2984/2984/2984
f 2984/2984/2984 2986/2986/2986 2985/2985/2985
f 2987/2987/2987 2985/2985/2985 2986/2986/2986
f 2986/2986/2986 2988/2988/2988 2987/2987/2987
f 2989/2989/2989 2990/2990/2990 2991/2991/2991
f 2991/2991/2991 2992/2992/2992 2989/2989/2989
f 2993/2993/2993 2989/2989/2989 2992/2992/2992
f 2992/2992/2992 2994/2994/2994 2993/2993/2993
f 2995/2995/2995 2993/2993/2993 2994/2994/2994
f 2994/2994/2994 2996/2996/2996 2995/2995/2995
f 2997/2997/2997 2995/2995/2995 2996/2996/2996
f 2996/2996/2996 2998/2998/2998 2997/2997/2997
f 2982/2982/2982 2997/2997/2997 2998/2998/2998
f 2998/2998/2998 2983/2983/2983 2982/2982/2982
f 2999/2999/2999 3000/3000/3000 3001/3001/3001
f 3000/3000/3000 2999/2999/2999 3002/3002/3002
f 3003/3003/3003 3000/3000/3000 3002/3002/3002
f 3002/3002/3002 3004/3004/3004 3003/3003/3003
f 3005/3005/3005 3003/3003/3003 3004/3004/3004
f 3004/3004/3004 3006/3006/3006 3005/3005/3005
f 3007/3007/3007 3005/3005/3005 3006/3006/3006
f 3006/3006/3006 3008/3008/3008 3007/3007/3007
f 3009/3009/3009 3007/3007/3007 3008/3008/3008
f 3008/3008/3008 3010/3010/3010 3009/3009/3009
f 3011/3011/3011 3009/3009/3009 3010/3010/3010
f 3010/3010/3010 3012/3012/3012 3011/3011/3011
f 3013/3013/3013 3014/3014/3014 3015/3015/3015
f 3015/3015/3015 3016/3016/3016 3013/3013/3013
f 3013/3013/3013 3016/3016/3016 3017/3017/3017
f 3017/3017/3017 3018/3018/3018 3013/3013/3013
f 3019/3019/3019 3020/3020/3020 3021/3021/3021
f 3021/3021/3021 3022/3022/3022 3019/3019/3019
f 3019/3019/3019 3022/3022/3022 3023/3023/3023
f 3023/3023/3023 3024/3024/3024 3019/3019/3019
f 3019/3019/3019 3024/3024/3024 3025/3025/3025
f 3026/3026/3026 3019/3019/3019 3025/3025/3025
f 3025/3025/3025 3027/3027/3027 3026/3026/3026
f 3020/3020/3020 3028/3028/3028 3029/3029/3029
f 3029/3029/3029 3021/3021/3021 3020/3020/3020
f 3029/3029/3029 3030/3030/3030 3021/3021/3021
f 3031/3031/3031 3021/3021/3021 3030/3030/3030
f 3030/3030/3030 3032/3032/3032 3031/3031/3031
f 3033/3033/3033 3031/3031/3031 3032/3032/3032
f 3032/3032/3032 3034/3034/3034 3033/3033/3033
f 3033/3033/3033 3034/3034/3034 3035/3035/3035
f 3035/3035/3035 3036/3036/3036 3033/3033/3033
f 3036/3036/3036 3035/3035/3035 3037/3037/3037
f 3028/3028/3028 3038/3038/3038 3039/3039/3039
f 3039/3039/3039 3029/3029/3029 3028/3028/3028
f 3029/3029/3029 3039/3039/3039 3040/3040/3040
f 3040/3040/3040 3030/3030/3030 3029/3029/3029
f 3030/3030/3030 3040/3040/3040 3041/3041/3041
f 3041/3041/3041 3032/3032/3032 3030/3030/3030
f 3032/3032/3032 3041/3041/3041 3042/3042/3042
f 3042/3042/3042 3034/3034/3034 3032/3032/3032
f 3034/3034/3034 3042/3042/3042 3043/3043/3043
f 3043/3043/3043 3035/3035/3035 3034/3034/3034
f 3035/3035/3035 3043/3043/3043 3044/3044/3044
f 3044/3044/3044 3037/3037/3037 3035/3035/3035
f 3037/3037/3037 3044/3044/3044 3045/3045/3045
f 3045/3045/3045 3046/3046/3046 3037/3037/3037
f 3046/3046/3046 3045/3045/3045 3047/3047/3047
f 3047/3047/3047 3048/3048/3048 3046/3046/3046
f 3048/3048/3048 3047/3047/3047 3049/3049/3049
f 3049/3049/3049 3050/3050/3050 3048/3048/3048
f 3050/3050/3050 3049/3049/3049 3051/3051/3051
f 3051/3051/3051 3052/3052/3052 3050/3050/3050
f 3037/3037/3037 3053/3053/3053 3036/3036/3036
f 3053/3053/3053 3037/3037/3037 3046/3046/3046
f 3046/3046/3046 3054/3054/3054 3053/3053/3053
f 3055/3055/3055 3054/3054/3054 3046/3046/3046
f 3046/3046/3046 3048/3048/3048 3055/3055/3055
f 3056/3056/3056 3055/3055/3055 3048/3048/3048
f 3048/3048/3048 3050/3050/3050 3056/3056/3056
f 3056/3056/3056 3050/3050/3050 3052/3052/3052
f 3052/3052/3052 3057/3057/3057 3056/3056/3056
f 3058/3058/3058 3057/3057/3057 3052/3052/3052
f 3052/3052/3052 3059/3059/3059 3058/3058/3058
f 3060/3060/3060 3058/3058/3058 3059/3059/3059
f 3059/3059/3059 3061/3061/3061 3060/3060/3060
f 3062/3062/3062 3060/3060/3060 3061/3061/3061
f 3052/3052/3052 3051/3051/3051 3063/3063/3063
f 3063/3063/3063 3059/3059/3059 3052/3052/3052
f 3059/3059/3059 3063/3063/3063 3064/3064/3064
f 3064/3064/3064 3061/3061/3061 3059/3059/3059
f 3061/3061/3061 3064/3064/3064 3065/3065/3065
f 3065/3065/3065 3066/3066/3066 3061/3061/3061
f 3061/3061/3061 3066/3066/3066 3062/3062/3062
f 3067/3067/3067 3062/3062/3062 3066/3066/3066
f 3068/3068/3068 3062/3062/3062 3067/3067/3067
f 3066/3066/3066 3069/3069/3069 3070/3070/3070
f 3070/3070/3070 3071/3071/3071 3066/3066/3066
f 3066/3066/3066 3071/3071/3071 3067/3067/3067
f 3072/3072/3072 3073/3073/3073 3074/3074/3074
f 3072/3072/3072 3074/3074/3074 3075/3075/3075
f 3072/3072/3072 3075/3075/3075 3076/3076/3076
f 3072/3072/3072 3077/3077/3077 3078/3078/3078
f 3072/3072/3072 3078/3078/3078 3079/3079/3079
f 3072/3072/3072 3079/3079/3079 3073/3073/3073
f 3073/3073/3073 3079/3079/3079 3080/3080/3080
f 3080/3080/3080 3081/3081/3081 3073/3073/3073
f 3074/3074/3074 3073/3073/3073 3081/3081/3081
f 3081/3081/3081 3082/3082/3082 3074/3074/3074
f 3075/3075/3075 3074/3074/3074 3082/3082/3082
f 3082/3082/3082 3083/3083/3083 3075/3075/3075
f 3076/3076/3076 3075/3075/3075 3083/3083/3083
f 3083/3083/3083 3084/3084/3084 3076/3076/3076
f 3072/3072/3072 3076/3076/3076 3084/3084/3084
f 3084/3084/3084 3085/3085/3085 3072/3072/3072
f 3077/3077/3077 3072/3072/3072 3085/3085/3085
f 3085/3085/3085 3086/3086/3086 3077/3077/3077
f 3078/3078/3078 3077/3077/3077 3086/3086/3086
f 3086/3086/3086 3087/3087/3087 3078/3078/3078
f 3079/3079/3079 3078/3078/3078 3087/3087/3087
f 3087/3087/3087 3080/3080/3080 3079/3079/3079
f 3088/3088/3088 3089/3089/3089 3090/3090/3090
f 3090/3090/3090 3091/3091/3091 3088/3088/3088
f 3091/3091/3091 3090/3090/3090 3092/3092/3092
f 3093/3093/3093 3094/3094/3094 3095/3095/3095
f 3095/3095/3095 3096/3096/3096 3093/3093/3093
f 3096/3096/3096 3095/3095/3095 3097/3097/3097
f 3097/3097/3097 3098/3098/3098 3096/3096/3096
f 3096/3096/3096 3098/3098/3098 3099/3099/3099
f 3099/3099/3099 3100/3100/3100 3096/3096/3096
f 3096/3096/3096 3100/3100/3100 3101/3101/3101
f 3101/3101/3101 3100/3100/3100 3102/3102/3102
f 3102/3102/3102 3103/3103/3103 3101/3101/3101
f 3104/3104/3104 3101/3101/3101 3103/3103/3103
f 3103/3103/3103 3105/3105/3105 3106/3106/3106
f 3105/3105/3105 3103/3103/3103 3102/3102/3102
f 3102/3102/3102 3107/3107/3107 3105/3105/3105
f 3107/3107/3107 3102/3102/3102 3108/3108/3108
f 3108/3108/3108 3102/3102/3102 3100/3100/3100
f 3100/3100/3100 3109/3109/3109 3108/3108/3108
f 3100/3100/3100 3110/3110/3110 3109/3109/3109
f 3108/3108/3108 3111/3111/3111 3107/3107/3107
f 3107/3107/3107 3111/3111/3111 3112/3112/3112
f 3113/3113/3113 3114/3114/3114 3115/3115/3115
f 3115/3115/3115 3116/3116/3116 3113/3113/3113
f 3112/3112/3112 3113/3113/3113 3116/3116/3116
f 3116/3116/3116 3117/3117/3117 3112/3112/3112
f 3112/3112/3112 3117/3117/3117 3107/3107/3107
f 3107/3107/3107 3117/3117/3117 3116/3116/3116
f 3116/3116/3116 3105/3105/3105 3107/3107/3107
f 3105/3105/3105 3116/3116/3116 3115/3115/3115
f 3115/3115/3115 3106/3106/3106 3105/3105/3105
f 3106/3106/3106 3115/3115/3115 3118/3118/3118
f 3118/3118/3118 3115/3115/3115 3114/3114/3114
f 3114/3114/3114 3119/3119/3119 3118/3118/3118
f 3118/3118/3118 3119/3119/3119 3120/3120/3120
f 3120/3120/3120 3121/3121/3121 3118/3118/3118
f 3121/3121/3121 3120/3120/3120 3122/3122/3122
f 3122/3122/3122 3123/3123/3123 3121/3121/3121
f 3123/3123/3123 3122/3122/3122 3124/3124/3124
f 3124/3124/3124 3125/3125/3125 3123/3123/3123
f 3126/3126/3126 3125/3125/3125 3124/3124/3124
f 3121/3121/3121 3123/3123/3123 3127/3127/3127
f 3127/3127/3127 3123/3123/3123 3125/3125/3125
f 3118/3118/3118 3128/3128/3128 3106/3106/3106
f 3128/3128/3128 3118/3118/3118 3121/3121/3121
f 3121/3121/3121 3129/3129/3129 3128/3128/3128
f 3127/3127/3127 3129/3129/3129 3121/3121/3121
f 3129/3129/3129 3127/3127/3127 3130/3130/3130
f 3130/3130/3130 3127/3127/3127 3125/3125/3125
f 3130/3130/3130 3125/3125/3125 3131/3131/3131
f 3131/3131/3131 3125/3125/3125 3132/3132/3132
f 3133/3133/3133 3131/3131/3131 3132/3132/3132
f 3132/3132/3132 3134/3134/3134 3133/3133/3133
f 3135/3135/3135 3134/3134/3134 3132/3132/3132
f 3131/3131/3131 3136/3136/3136 3130/3130/3130
f 3137/3137/3137 3130/3130/3130 3136/3136/3136
f 3130/3130/3130 3137/3137/3137 3129/3129/3129
f 3138/3138/3138 3129/3129/3129 3137/3137/3137
f 3138/3138/3138 3128/3128/3128 3129/3129/3129
f 3106/3106/3106 3128/3128/3128 3138/3138/3138
f 3131/3131/3131 3133/3133/3133 3139/3139/3139
f 3139/3139/3139 3136/3136/3136 3131/3131/3131
f 3136/3136/3136 3139/3139/3139 3140/3140/3140
f 3140/3140/3140 3141/3141/3141 3136/3136/3136
f 3136/3136/3136 3141/3141/3141 3137/3137/3137
f 3142/3142/3142 3137/3137/3137 3141/3141/3141
f 3137/3137/3137 3142/3142/3142 3138/3138/3138
f 3143/3143/3143 3138/3138/3138 3142/3142/3142
f 3138/3138/3138 3143/3143/3143 3106/3106/3106
f 3106/3106/3106 3143/3143/3143 3103/3103/3103
f 3103/3103/3103 3143/3143/3143 3104/3104/3104
f 3142/3142/3142 3104/3104/3104 3143/3143/3143
f 3104/3104/3104 3142/3142/3142 3144/3144/3144
f 3141/3141/3141 3144/3144/3144 3142/3142/3142
f 3145/3145/3145 3144/3144/3144 3141/3141/3141
f 3141/3141/3141 3140/3140/3140 3145/3145/3145
f 3144/3144/3144 3145/3145/3145 3094/3094/3094
f 3094/3094/3094 3093/3093/3093 3144/3144/3144
f 3144/3144/3144 3093/3093/3093 3104/3104/3104
f 3101/3101/3101 3104/3104/3104 3093/3093/3093
f 3093/3093/3093 3096/3096/3096 3101/3101/3101
f 3146/3146/3146 3147/3147/3147 3148/3148/3148
f 3149/3149/3149 3150/3150/3150 3151/3151/3151
f 3150/3150/3150 3149/3149/3149 3152/3152/3152
f 3153/3153/3153 3152/3152/3152 3149/3149/3149
f 3149/3149/3149 3154/3154/3154 3153/3153/3153
f 3155/3155/3155 3153/3153/3153 3154/3154/3154
f 3154/3154/3154 3156/3156/3156 3155/3155/3155
f 3148/3148/3148 3155/3155/3155 3156/3156/3156
f 3156/3156/3156 3157/3157/3157 3148/3148/3148
f 3148/3148/3148 3157/3157/3157 3146/3146/3146
f 3158/3158/3158 3146/3146/3146 3157/3157/3157
f 3152/3152/3152 3159/3159/3159 3150/3150/3150
f 3160/3160/3160 3151/3151/3151 3161/3161/3161
f 3151/3151/3151 3160/3160/3160 3149/3149/3149
f 3154/3154/3154 3149/3149/3149 3160/3160/3160
f 3160/3160/3160 3162/3162/3162 3154/3154/3154
f 3156/3156/3156 3154/3154/3154 3162/3162/3162
f 3162/3162/3162 3163/3163/3163 3156/3156/3156
f 3156/3156/3156 3163/3163/3163 3164/3164/3164
f 3164/3164/3164 3157/3157/3157 3156/3156/3156
f 3157/3157/3157 3164/3164/3164 3158/3158/3158
f 3165/3165/3165 3158/3158/3158 3164/3164/3164
f 3164/3164/3164 3166/3166/3166 3165/3165/3165
f 3167/3167/3167 3166/3166/3166 3164/3164/3164
f 3164/3164/3164 3163/3163/3163 3167/3167/3167
f 3168/3168/3168 3167/3167/3167 3163/3163/3163
f 3163/3163/3163 3162/3162/3162 3168/3168/3168
f 3169/3169/3169 3168/3168/3168 3162/3162/3162
f 3162/3162/3162 3160/3160/3160 3169/3169/3169
f 3161/3161/3161 3169/3169/3169 3160/3160/3160
f 3170/3170/3170 3171/3171/3171 3172/3172/3172
f 3172/3172/3172 3173/3173/3173 3170/3170/3170
f 3173/3173/3173 3172/3172/3172 3174/3174/3174
f 3174/3174/3174 3175/3175/3175 3173/3173/3173
f 3175/3175/3175 3174/3174/3174 3176/3176/3176
f 3176/3176/3176 3177/3177/3177 3175/3175/3175
f 3177/3177/3177 3176/3176/3176 3178/3178/3178
f 3178/3178/3178 3179/3179/3179 3177/3177/3177
f 3179/3179/3179 3178/3178/3178 3180/3180/3180
f 3180/3180/3180 3181/3181/3181 3179/3179/3179
f 3181/3181/3181 3180/3180/3180 3171/3171/3171
f 3171/3171/3171 3170/3170/3170 3181/3181/3181
f 3182/3182/3182 3183/3183/3183 3184/3184/3184
f 3184/3184/3184 3185/3185/3185 3182/3182/3182
f 3185/3185/3185 3184/3184/3184 3186/3186/3186
f 3186/3186/3186 3187/3187/3187 3185/3185/3185
f 3187/3187/3187 3186/3186/3186 3188/3188/3188
f 3188/3188/3188 3189/3189/3189 3187/3187/3187
f 3189/3189/3189 3188/3188/3188 3190/3190/3190
f 3190/3190/3190 3191/3191/3191 3189/3189/3189
f 3191/3191/3191 3190/3190/3190 3192/3192/3192
f 3192/3192/3192 3193/3193/3193 3191/3191/3191
f 3193/3193/3193 3192/3192/3192 3194/3194/3194
f 3194/3194/3194 3195/3195/3195 3193/3193/3193
f 3196/3196/3196 3197/3197/3197 3198/3198/3198
f 3198/3198/3198 3199/3199/3199 3196/3196/3196
f 3199/3199/3199 3198/3198/3198 3200/3200/3200
f 3200/3200/3200 3201/3201/3201 3199/3199/3199
f 3201/3201/3201 3200/3200/3200 3202/3202/3202
f 3202/3202/3202 3203/3203/3203 3201/3201/3201
f 3203/3203/3203 3202/3202/3202 3204/3204/3204
f 3204/3204/3204 3205/3205/3205 3203/3203/3203
f 3205/3205/3205 3204/3204/3204 3206/3206/3206
f 3206/3206/3206 3207/3207/3207 3205/3205/3205
f 3207/3207/3207 3206/3206/3206 3197/3197/3197
f 3197/3197/3197 3196/3196/3196 3207/3207/3207
f 3208/3208/3208 3209/3209/3209 3210/3210/3210
f 3210/3210/3210 3211/3211/3211 3208/3208/3208
f 3211/3211/3211 3210/3210/3210 3212/3212/3212
f 3212/3212/3212 3213/3213/3213 3211/3211/3211
f 3213/3213/3213 3212/3212/3212 3214/3214/3214
f 3214/3214/3214 3215/3215/3215 3213/3213/3213
f 3215/3215/3215 3214/3214/3214 3216/3216/3216
f 3216/3216/3216 3217/3217/3217 3215/3215/3215
f 3217/3217/3217 3216/3216/3216 3218/3218/3218
f 3218/3218/3218 3219/3219/3219 3217/3217/3217
f 3219/3219/3219 3218/3218/3218 3220/3220/3220
f 3220/3220/3220 3221/3221/3221 3219/3219/3219
f 3222/3222/3222 3223/3223/3223 3224/3224/3224
f 3223/3223/3223 3222/3222/3222 3225/3225/3225
f 3225/3225/3225 3222/3222/3222 3226/3226/3226
f 3226/3226/3226 3227/3227/3227 3225/3225/3225
f 3228/3228/3228 3227/3227/3227 3226/3226/3226
f 3226/3226/3226 3229/3229/3229 3228/3228/3228
f 3228/3228/3228 3229/3229/3229 3230/3230/3230
f 3230/3230/3230 3231/3231/3231 3228/3228/3228
f 3232/3232/3232 3231/3231/3231 3230/3230/3230
f 3225/3225/3225 3233/3233/3233 3223/3223/3223
f 3232/3232/3232 3234/3234/3234 3235/3235/3235
f 3230/3230/3230 3234/3234/3234 3232/3232/3232
f 3234/3234/3234 3230/3230/3230 3236/3236/3236
f 3236/3236/3236 3230/3230/3230 3229/3229/3229
f 3229/3229/3229 3237/3237/3237 3236/3236/3236
f 3237/3237/3237 3229/3229/3229 3226/3226/3226
f 3226/3226/3226 3238/3238/3238 3237/3237/3237
f 3238/3238/3238 3226/3226/3226 3222/3222/3222
f 3222/3222/3222 3239/3239/3239 3238/3238/3238
f 3224/3224/3224 3239/3239/3239 3222/3222/3222
f 3235/3235/3235 3234/3234/3234 3240/3240/3240
f 3236/3236/3236 3240/3240/3240 3234/3234/3234
f 3239/3239/3239 3224/3224/3224 3241/3241/3241
f 3241/3241/3241 3242/3242/3242 3239/3239/3239
f 3239/3239/3239 3242/3242/3242 3243/3243/3243
f 3243/3243/3243 3238/3238/3238 3239/3239/3239
f 3238/3238/3238 3243/3243/3243 3244/3244/3244
f 3244/3244/3244 3237/3237/3237 3238/3238/3238
f 3236/3236/3236 3237/3237/3237 3244/3244/3244
f 3244/3244/3244 3245/3245/3245 3236/3236/3236
f 3245/3245/3245 3240/3240/3240 3236/3236/3236
f 3240/3240/3240 3245/3245/3245 3246/3246/3246
f 3247/3247/3247 3248/3248/3248 3249/3249/3249
f 3249/3249/3249 3248/3248/3248 3245/3245/3245
f 3248/3248/3248 3247/3247/3247 3245/3245/3245
f 3247/3247/3247 3250/3250/3250 3245/3245/3245
f 3250/3250/3250 3246/3246/3246 3245/3245/3245
f 3240/3240/3240 3246/3246/3246 3235/3235/3235
f 3235/3235/3235 3246/3246/3246 3250/3250/3250
f 3250/3250/3250 3251/3251/3251 3235/3235/3235
f 3251/3251/3251 3250/3250/3250 3247/3247/3247
f 3247/3247/3247 3252/3252/3252 3251/3251/3251
f 3249/3249/3249 3252/3252/3252 3247/3247/3247
f 3252/3252/3252 3249/3249/3249 3253/3253/3253
f 3253/3253/3253 3254/3254/3254 3252/3252/3252
f 3252/3252/3252 3254/3254/3254 3255/3255/3255
f 3255/3255/3255 3251/3251/3251 3252/3252/3252
f 3251/3251/3251 3255/3255/3255 3256/3256/3256
f 3256/3256/3256 3235/3235/3235 3251/3251/3251
f 3235/3235/3235 3256/3256/3256 3232/3232/3232
f 3257/3257/3257 3258/3258/3258 3259/3259/3259
f 3259/3259/3259 3260/3260/3260 3257/3257/3257
f 3260/3260/3260 3259/3259/3259 3261/3261/3261
f 3261/3261/3261 3262/3262/3262 3260/3260/3260
f 3262/3262/3262 3261/3261/3261 3263/3263/3263
f 3263/3263/3263 3264/3264/3264 3262/3262/3262
f 3264/3264/3264 3263/3263/3263 3265/3265/3265
f 3265/3265/3265 3266/3266/3266 3264/3264/3264
f 3267/3267/3267 3266/3266/3266 3265/3265/3265
f 3265/3265/3265 3268/3268/3268 3267/3267/3267
f 3269/3269/3269 3270/3270/3270 3271/3271/3271
f 3272/3272/3272 3273/3273/3273 3274/3274/3274
f 3273/3273/3273 3272/3272/3272 3269/3269/3269
f 3271/3271/3271 3273/3273/3273 3269/3269/3269
f 3275/3275/3275 3273/3273/3273 3271/3271/3271
f 3275/3275/3275 3271/3271/3271 3276/3276/3276
f 3275/3275/3275 3276/3276/3276 3277/3277/3277
f 3278/3278/3278 3273/3273/3273 3275/3275/3275
f 3279/3279/3279 3280/3280/3280 3281/3281/3281
f 3279/3279/3279 3281/3281/3281 3282/3282/3282
f 3283/3283/3283 3282/3282/3282 3281/3281/3281
f 3284/3284/3284 3283/3283/3283 3281/3281/3281
f 3285/3285/3285 3284/3284/3284 3281/3281/3281
f 3286/3286/3286 3285/3285/3285 3281/3281/3281
f 3281/3281/3281 3287/3287/3287 3286/3286/3286
f 3288/3288/3288 3286/3286/3286 3287/3287/3287
f 3287/3287/3287 3289/3289/3289 3288/3288/3288
f 3290/3290/3290 3288/3288/3288 3289/3289/3289
f 3289/3289/3289 3291/3291/3291 3290/3290/3290
f 3290/3290/3290 3291/3291/3291 3292/3292/3292
f 3292/3292/3292 3293/3293/3293 3290/3290/3290
f 3294/3294/3294 3295/3295/3295 3296/3296/3296
f 3296/3296/3296 3297/3297/3297 3294/3294/3294
f 3298/3298/3298 3299/3299/3299 3300/3300/3300
f 3300/3300/3300 3301/3301/3301 3298/3298/3298
f 3301/3301/3301 3300/3300/3300 3302/3302/3302
f 3303/3303/3303 3304/3304/3304 3305/3305/3305
f 3305/3305/3305 3306/3306/3306 3303/3303/3303
f 3307/3307/3307 3306/3306/3306 3305/3305/3305
f 3305/3305/3305 3308/3308/3308 3307/3307/3307
f 3302/3302/3302 3307/3307/3307 3308/3308/3308
f 3308/3308/3308 3309/3309/3309 3302/3302/3302
f 3302/3302/3302 3309/3309/3309 3301/3301/3301
f 3301/3301/3301 3309/3309/3309 3310/3310/3310
f 3310/3310/3310 3311/3311/3311 3301/3301/3301
f 3298/3298/3298 3301/3301/3301 3311/3311/3311
f 3311/3311/3311 3312/3312/3312 3298/3298/3298
f 3312/3312/3312 3311/3311/3311 3313/3313/3313
f 3313/3313/3313 3314/3314/3314 3312/3312/3312
f 3315/3315/3315 3310/3310/3310 3309/3309/3309
f 3309/3309/3309 3308/3308/3308 3315/3315/3315
f 3316/3316/3316 3315/3315/3315 3308/3308/3308
f 3308/3308/3308 3305/3305/3305 3316/3316/3316
f 3317/3317/3317 3313/3313/3313 3311/3311/3311
f 3311/3311/3311 3310/3310/3310 3317/3317/3317
f 3318/3318/3318 3317/3317/3317 3310/3310/3310
f 3310/3310/3310 3315/3315/3315 3318/3318/3318
f 3319/3319/3319 3318/3318/3318 3315/3315/3315
f 3315/3315/3315 3316/3316/3316 3319/3319/3319
f 3320/3320/3320 3319/3319/3319 3316/3316/3316
f 3316/3316/3316 3321/3321/3321 3320/3320/3320
f 3321/3321/3321 3316/3316/3316 3305/3305/3305
f 3305/3305/3305 3304/3304/3304 3321/3321/3321
f 3322/3322/3322 3323/3323/3323 3324/3324/3324
f 3324/3324/3324 3325/3325/3325 3322/3322/3322
f 1842/1842/1842 3326/3326/3326 3327/3327/3327
f 3327/3327/3327 3328/3328/3328 1842/1842/1842
f 3329/3329/3329 3330/3330/3330 3331/3331/3331
f 3331/3331/3331 3332/3332/3332 3329/3329/3329
f 3332/3332/3332 3331/3331/3331 3333/3333/3333
f 3333/3333/3333 3334/3334/3334 3332/3332/3332
f 3332/3332/3332 3334/3334/3334 3335/3335/3335
f 3335/3335/3335 3329/3329/3329 3332/3332/3332
f 3329/3329/3329 3335/3335/3335 3336/3336/3336
f 3336/3336/3336 3330/3330/3330 3329/3329/3329
f 3337/3337/3337 3338/3338/3338 3339/3339/3339
f 3339/3339/3339 3340/3340/3340 3337/3337/3337
f 3341/3341/3341 3340/3340/3340 3339/3339/3339
f 3342/3342/3342 3343/3343/3343 3344/3344/3344
f 3343/3343/3343 3342/3342/3342 3345/3345/3345
f 3345/3345/3345 3346/3346/3346 3343/3343/3343
f 3343/3343/3343 3346/3346/3346 3341/3341/3341
f 3341/3341/3341 3347/3347/3347 3343/3343/3343
f 3339/3339/3339 3347/3347/3347 3341/3341/3341
f 3347/3347/3347 3339/3339/3339 3344/3344/3344
f 3348/3348/3348 3344/3344/3344 3339/3339/3339
f 3339/3339/3339 3338/3338/3338 3348/3348/3348
f 3348/3348/3348 3338/3338/3338 3349/3349/3349
f 3344/3344/3344 3343/3343/3343 3347/3347/3347
f 3349/3349/3349 3338/3338/3338 3337/3337/3337
f 3337/3337/3337 3350/3350/3350 3349/3349/3349
f 3349/3349/3349 3350/3350/3350 3351/3351/3351
f 3351/3351/3351 3352/3352/3352 3349/3349/3349
f 3353/3353/3353 3352/3352/3352 3351/3351/3351
f 3353/3353/3353 3348/3348/3348 3352/3352/3352
f 3352/3352/3352 3348/3348/3348 3349/3349/3349
f 3351/3351/3351 3354/3354/3354 3353/3353/3353
f 3355/3355/3355 3356/3356/3356 3357/3357/3357
f 3357/3357/3357 3358/3358/3358 3355/3355/3355
f 3359/3359/3359 3358/3358/3358 3357/3357/3357
f 3360/3360/3360 3361/3361/3361 3362/3362/3362
f 3362/3362/3362 3363/3363/3363 3360/3360/3360
f 3364/3364/3364 3363/3363/3363 3362/3362/3362
f 3365/3365/3365 3363/3363/3363 3364/3364/3364
f 3364/3364/3364 3366/3366/3366 3365/3365/3365
f 3365/3365/3365 3366/3366/3366 3359/3359/3359
f 3359/3359/3359 3367/3367/3367 3365/3365/3365
f 3357/3357/3357 3367/3367/3367 3359/3359/3359
f 3367/3367/3367 3357/3357/3357 3360/3360/3360
f 3368/3368/3368 3360/3360/3360 3357/3357/3357
f 3360/3360/3360 3365/3365/3365 3367/3367/3367
f 3360/3360/3360 3363/3363/3363 3365/3365/3365
f 3362/3362/3362 3369/3369/3369 3364/3364/3364
f 3368/3368/3368 3370/3370/3370 3371/3371/3371
f 3357/3357/3357 3356/3356/3356 3368/3368/3368
f 3356/3356/3356 3370/3370/3370 3368/3368/3368
f 3370/3370/3370 3356/3356/3356 3355/3355/3355
f 3355/3355/3355 3372/3372/3372 3370/3370/3370
f 3370/3370/3370 3372/3372/3372 3373/3373/3373
f 3373/3373/3373 3371/3371/3371 3370/3370/3370
f 3374/3374/3374 3371/3371/3371 3373/3373/3373
f 3371/3371/3371 3374/3374/3374 3368/3368/3368
f 3344/3344/3344 3368/3368/3368 3374/3374/3374
f 3374/3374/3374 3342/3342/3342 3344/3344/3344
f 3373/3373/3373 3375/3375/3375 3374/3374/3374
f 3374/3374/3374 3375/3375/3375 3345/3345/3345
f 3345/3345/3345 3342/3342/3342 3374/3374/3374
f 3376/3376/3376 3377/3377/3377 3378/3378/3378
f 3379/3379/3379 3380/3380/3380 3376/3376/3376
f 3376/3376/3376 3380/3380/3380 3381/3381/3381
f 3382/3382/3382 3376/3376/3376 3381/3381/3381
f 3382/3382/3382 3381/3381/3381 3383/3383/3383
f 3384/3384/3384 3385/3385/3385 3386/3386/3386
f 3386/3386/3386 3385/3385/3385 3387/3387/3387
f 3387/3387/3387 3388/3388/3388 3386/3386/3386
f 3388/3388/3388 3387/3387/3387 3389/3389/3389
f 3390/3390/3390 3391/3391/3391 3392/3392/3392
f 3393/3393/3393 3394/3394/3394 3395/3395/3395
f 3395/3395/3395 3396/3396/3396 3393/3393/3393
f 3397/3397/3397 3393/3393/3393 3396/3396/3396
f 3396/3396/3396 3398/3398/3398 3397/3397/3397
f 3399/3399/3399 3397/3397/3397 3398/3398/3398
f 3398/3398/3398 3400/3400/3400 3399/3399/3399
f 3401/3401/3401 3399/3399/3399 3400/3400/3400
f 3400/3400/3400 3402/3402/3402 3401/3401/3401
f 3391/3391/3391 3401/3401/3401 3402/3402/3402
f 3402/3402/3402 3403/3403/3403 3391/3391/3391
f 3392/3392/3392 3391/3391/3391 3403/3403/3403
f 3403/3403/3403 3404/3404/3404 3392/3392/3392
f 3405/3405/3405 3406/3406/3406 3407/3407/3407
f 3407/3407/3407 3408/3408/3408 3405/3405/3405
f 3407/3407/3407 3409/3409/3409 3408/3408/3408
f 3410/3410/3410 3411/3411/3411 3412/3412/3412
f 3412/3412/3412 3413/3413/3413 3410/3410/3410
f 3410/3410/3410 3413/3413/3413 3414/3414/3414
f 3414/3414/3414 3415/3415/3415 3410/3410/3410
f 3415/3415/3415 3414/3414/3414 3416/3416/3416
f 3416/3416/3416 3417/3417/3417 3415/3415/3415
f 3418/3418/3418 3419/3419/3419 3420/3420/3420
f 3420/3420/3420 3421/3421/3421 3418/3418/3418
f 3422/3422/3422 3418/3418/3418 3421/3421/3421
f 3421/3421/3421 3423/3423/3423 3422/3422/3422
f 3424/3424/3424 3422/3422/3422 3423/3423/3423
f 3423/3423/3423 3425/3425/3425 3424/3424/3424
f 3426/3426/3426 3425/3425/3425 3423/3423/3423
f 3423/3423/3423 3421/3421/3421 3426/3426/3426
f 3426/3426/3426 3421/3421/3421 3427/3427/3427
f 3428/3428/3428 3427/3427/3427 3421/3421/3421
f 3421/3421/3421 3420/3420/3420 3428/3428/3428
f 3428/3428/3428 3420/3420/3420 3429/3429/3429
f 3429/3429/3429 3420/3420/3420 3419/3419/3419
f 3419/3419/3419 3430/3430/3430 3429/3429/3429
f 3429/3429/3429 3431/3431/3431 3428/3428/3428
f 3432/3432/3432 3433/3433/3433 3434/3434/3434
f 3433/3433/3433 3432/3432/3432 3435/3435/3435
f 3435/3435/3435 3436/3436/3436 3433/3433/3433
f 3436/3436/3436 3435/3435/3435 3437/3437/3437
f 3436/3436/3436 3437/3437/3437 3438/3438/3438
f 3438/3438/3438 3439/3439/3439 3436/3436/3436
f 3439/3439/3439 3438/3438/3438 3440/3440/3440
f 3440/3440/3440 3441/3441/3441 3439/3439/3439
f 3439/3439/3439 3441/3441/3441 3442/3442/3442
f 3434/3434/3434 3443/3443/3443 3432/3432/3432
f 3444/3444/3444 3433/3433/3433 3436/3436/3436
f 3444/3444/3444 3436/3436/3436 3439/3439/3439
f 3439/3439/3439 3445/3445/3445 3444/3444/3444
f 3442/3442/3442 3445/3445/3445 3439/3439/3439
f 3445/3445/3445 3442/3442/3442 3446/3446/3446
f 3446/3446/3446 3447/3447/3447 3445/3445/3445
f 3444/3444/3444 3445/3445/3445 3447/3447/3447
f 3447/3447/3447 3448/3448/3448 3444/3444/3444
f 3444/3444/3444 3448/3448/3448 3434/3434/3434
f 3434/3434/3434 3433/3433/3433 3444/3444/3444
f 3449/3449/3449 3450/3450/3450 3451/3451/3451
f 3451/3451/3451 3452/3452/3452 3449/3449/3449
f 3453/3453/3453 3454/3454/3454 3455/3455/3455
f 3455/3455/3455 3456/3456/3456 3453/3453/3453
f 3457/3457/3457 3456/3456/3456 3455/3455/3455
f 3455/3455/3455 3458/3458/3458 3457/3457/3457
f 3451/3451/3451 3457/3457/3457 3458/3458/3458
f 3458/3458/3458 3459/3459/3459 3451/3451/3451
f 3452/3452/3452 3451/3451/3451 3459/3459/3459
f 3459/3459/3459 3460/3460/3460 3452/3452/3452
f 3461/3461/3461 3452/3452/3452 3460/3460/3460
f 3460/3460/3460 3462/3462/3462 3461/3461/3461
f 3456/3456/3456 3457/3457/3457 3463/3463/3463
f 3463/3463/3463 3464/3464/3464 3456/3456/3456
f 3465/3465/3465 3466/3466/3466 3467/3467/3467
f 3467/3467/3467 3468/3468/3468 3465/3465/3465
f 3465/3465/3465 3468/3468/3468 3469/3469/3469
f 3469/3469/3469 3470/3470/3470 3465/3465/3465
f 3470/3470/3470 3469/3469/3469 3471/3471/3471
f 3471/3471/3471 3472/3472/3472 3470/3470/3470
f 3473/3473/3473 3474/3474/3474 3475/3475/3475
f 3475/3475/3475 3476/3476/3476 3473/3473/3473
f 3476/3476/3476 3475/3475/3475 3477/3477/3477
f 3477/3477/3477 3478/3478/3478 3476/3476/3476
f 3473/3473/3473 3476/3476/3476 3478/3478/3478
f 3478/3478/3478 3479/3479/3479 3473/3473/3473
f 3474/3474/3474 3473/3473/3473 3479/3479/3479
f 3479/3479/3479 3480/3480/3480 3474/3474/3474
f 3475/3475/3475 3474/3474/3474 3480/3480/3480
f 3480/3480/3480 3477/3477/3477 3475/3475/3475
f 3481/3481/3481 3482/3482/3482 3483/3483/3483
f 3484/3484/3484 3485/3485/3485 3486/3486/3486
f 3486/3486/3486 3487/3487/3487 3484/3484/3484
f 3487/3487/3487 3486/3486/3486 3488/3488/3488
f 3488/3488/3488 3489/3489/3489 3487/3487/3487
f 3490/3490/3490 3491/3491/3491 3492/3492/3492
f 3492/3492/3492 3493/3493/3493 3490/3490/3490
f 3493/3493/3493 3492/3492/3492 3494/3494/3494
f 3494/3494/3494 3495/3495/3495 3493/3493/3493
f 3495/3495/3495 3494/3494/3494 3496/3496/3496
f 3496/3496/3496 3497/3497/3497 3495/3495/3495
f 3497/3497/3497 3496/3496/3496 3498/3498/3498
f 3498/3498/3498 3499/3499/3499 3497/3497/3497
f 3499/3499/3499 3498/3498/3498 3500/3500/3500
f 3500/3500/3500 3501/3501/3501 3499/3499/3499
f 3501/3501/3501 3500/3500/3500 3491/3491/3491
f 3491/3491/3491 3490/3490/3490 3501/3501/3501
f 3502/3502/3502 3503/3503/3503 3504/3504/3504
f 3505/3505/3505 3504/3504/3504 3503/3503/3503
f 3503/3503/3503 3506/3506/3506 3505/3505/3505
f 3507/3507/3507 3505/3505/3505 3506/3506/3506
f 3506/3506/3506 3508/3508/3508 3507/3507/3507
f 3509/3509/3509 3507/3507/3507 3508/3508/3508
f 3508/3508/3508 3510/3510/3510 3509/3509/3509
f 3511/3511/3511 3509/3509/3509 3510/3510/3510
f 3510/3510/3510 3512/3512/3512 3511/3511/3511
f 3513/3513/3513 3511/3511/3511 3512/3512/3512
f 3512/3512/3512 3514/3514/3514 3513/3513/3513
f 3515/3515/3515 3513/3513/3513 3514/3514/3514
f 3514/3514/3514 3516/3516/3516 3515/3515/3515
f 3517/3517/3517 3515/3515/3515 3516/3516/3516
f 3516/3516/3516 3502/3502/3502 3517/3517/3517
f 3504/3504/3504 3517/3517/3517 3502/3502/3502
f 3518/3518/3518 3519/3519/3519 3520/3520/3520
f 3521/3521/3521 3522/3522/3522 3523/3523/3523
f 3523/3523/3523 3524/3524/3524 3521/3521/3521
f 3524/3524/3524 3523/3523/3523 3525/3525/3525
f 3525/3525/3525 3526/3526/3526 3524/3524/3524
f 3526/3526/3526 3525/3525/3525 3527/3527/3527
f 3527/3527/3527 3528/3528/3528 3526/3526/3526
f 3529/3529/3529 3530/3530/3530 3531/3531/3531
f 3531/3531/3531 3532/3532/3532 3529/3529/3529
f 3532/3532/3532 3531/3531/3531 3533/3533/3533
f 3533/3533/3533 3534/3534/3534 3532/3532/3532
f 3534/3534/3534 3533/3533/3533 3535/3535/3535
f 3535/3535/3535 3536/3536/3536 3534/3534/3534
f 3536/3536/3536 3535/3535/3535 3537/3537/3537
f 3537/3537/3537 3538/3538/3538 3536/3536/3536
f 3538/3538/3538 3537/3537/3537 3522/3522/3522
f 3522/3522/3522 3521/3521/3521 3538/3538/3538
f 3539/3539/3539 3540/3540/3540 3541/3541/3541
f 3541/3541/3541 3542/3542/3542 3539/3539/3539
f 3542/3542/3542 3541/3541/3541 3543/3543/3543
f 3544/3544/3544 3543/3543/3543 3541/3541/3541
f 3541/3541/3541 3545/3545/3545 3544/3544/3544
f 3546/3546/3546 3544/3544/3544 3545/3545/3545
f 3545/3545/3545 3541/3541/3541 3540/3540/3540
f 3543/3543/3543 3547/3547/3547 3542/3542/3542
f 3548/3548/3548 3542/3542/3542 3547/3547/3547
f 3542/3542/3542 3548/3548/3548 3549/3549/3549
f 3549/3549/3549 3539/3539/3539 3542/3542/3542
f 3550/3550/3550 3539/3539/3539 3549/3549/3549
f 3539/3539/3539 3550/3550/3550 3551/3551/3551
f 3551/3551/3551 3540/3540/3540 3539/3539/3539
f 3552/3552/3552 3540/3540/3540 3551/3551/3551
f 3540/3540/3540 3552/3552/3552 3545/3545/3545
f 3553/3553/3553 3545/3545/3545 3552/3552/3552
f 3547/3547/3547 3554/3554/3554 3548/3548/3548
f 3549/3549/3549 3555/3555/3555 3550/3550/3550
f 3551/3551/3551 3556/3556/3556 3552/3552/3552
f 3557/3557/3557 3552/3552/3552 3556/3556/3556
f 3552/3552/3552 3557/3557/3557 3553/3553/3553
f 3556/3556/3556 3558/3558/3558 3557/3557/3557
f 3545/3545/3545 3553/3553/3553 3546/3546/3546
f 3559/3559/3559 3546/3546/3546 3553/3553/3553
f 3553/3553/3553 3560/3560/3560 3559/3559/3559
f 3560/3560/3560 3553/3553/3553 3557/3557/3557
f 3557/3557/3557 3561/3561/3561 3560/3560/3560
f 3561/3561/3561 3557/3557/3557 3558/3558/3558
f 3558/3558/3558 3562/3562/3562 3561/3561/3561
f 3563/3563/3563 3564/3564/3564 3565/3565/3565
f 3566/3566/3566 3567/3567/3567 3568/3568/3568
f 3568/3568/3568 3569/3569/3569 3566/3566/3566
f 3569/3569/3569 3568/3568/3568 3570/3570/3570
f 3570/3570/3570 3571/3571/3571 3569/3569/3569
f 3566/3566/3566 3569/3569/3569 3571/3571/3571
f 3571/3571/3571 3572/3572/3572 3566/3566/3566
f 3567/3567/3567 3566/3566/3566 3572/3572/3572
f 3572/3572/3572 3573/3573/3573 3567/3567/3567
f 3568/3568/3568 3567/3567/3567 3573/3573/3573
f 3573/3573/3573 3570/3570/3570 3568/3568/3568
f 3574/3574/3574 3575/3575/3575 3576/3576/3576
f 3577/3577/3577 3578/3578/3578 3579/3579/3579
f 3579/3579/3579 3580/3580/3580 3577/3577/3577
f 3581/3581/3581 3580/3580/3580 3579/3579/3579
f 3580/3580/3580 3581/3581/3581 3582/3582/3582
f 3582/3582/3582 3577/3577/3577 3580/3580/3580
f 3577/3577/3577 3582/3582/3582 3583/3583/3583
f 3583/3583/3583 3578/3578/3578 3577/3577/3577
f 3578/3578/3578 3583/3583/3583 3584/3584/3584
f 3584/3584/3584 3579/3579/3579 3578/3578/3578
f 3579/3579/3579 3584/3584/3584 3581/3581/3581
f 3585/3585/3585 3586/3586/3586 3587/3587/3587
f 3588/3588/3588 3589/3589/3589 3590/3590/3590
f 3590/3590/3590 3591/3591/3591 3588/3588/3588
f 3592/3592/3592 3593/3593/3593 3594/3594/3594
f 3594/3594/3594 3595/3595/3595 3592/3592/3592
f 3596/3596/3596 3595/3595/3595 3594/3594/3594
f 3594/3594/3594 3597/3597/3597 3596/3596/3596
f 3596/3596/3596 3597/3597/3597 3598/3598/3598
f 3598/3598/3598 3599/3599/3599 3596/3596/3596
f 3599/3599/3599 3598/3598/3598 3600/3600/3600
f 3600/3600/3600 3601/3601/3601 3599/3599/3599
f 3602/3602/3602 3601/3601/3601 3600/3600/3600
f 3600/3600/3600 3603/3603/3603 3602/3602/3602
f 3604/3604/3604 3605/3605/3605 3606/3606/3606
f 3607/3607/3607 3608/3608/3608 3609/3609/3609
f 3609/3609/3609 3610/3610/3610 3607/3607/3607
f 3611/3611/3611 3612/3612/3612 3613/3613/3613
f 3613/3613/3613 3614/3614/3614 3611/3611/3611
f 3615/3615/3615 3614/3614/3614 3613/3613/3613
f 3613/3613/3613 3616/3616/3616 3615/3615/3615
f 3617/3617/3617 3615/3615/3615 3616/3616/3616
f 3618/3618/3618 3615/3615/3615 3617/3617/3617
f 3617/3617/3617 3619/3619/3619 3618/3618/3618
f 3620/3620/3620 3621/3621/3621 3622/3622/3622
f 3622/3622/3622 3623/3623/3623 3620/3620/3620
f 3620/3620/3620 3623/3623/3623 3624/3624/3624
f 3624/3624/3624 3625/3625/3625 3620/3620/3620
f 3626/3626/3626 3625/3625/3625 3624/3624/3624
f 3624/3624/3624 3627/3627/3627 3626/3626/3626
f 3628/3628/3628 3629/3629/3629 3630/3630/3630
f 3630/3630/3630 3631/3631/3631 3628/3628/3628
f 3632/3632/3632 3628/3628/3628 3631/3631/3631
f 3631/3631/3631 3633/3633/3633 3632/3632/3632
f 3634/3634/3634 3632/3632/3632 3633/3633/3633
f 3633/3633/3633 3635/3635/3635 3634/3634/3634
f 3636/3636/3636 3634/3634/3634 3635/3635/3635
f 3635/3635/3635 3637/3637/3637 3636/3636/3636
f 3394/3394/3394 3636/3636/3636 3637/3637/3637
f 3637/3637/3637 3395/3395/3395 3394/3394/3394
f 3638/3638/3638 3639/3639/3639 3640/3640/3640
f 3640/3640/3640 3641/3641/3641 3638/3638/3638
f 3642/3642/3642 3638/3638/3638 3641/3641/3641
f 3641/3641/3641 3643/3643/3643 3642/3642/3642
f 3644/3644/3644 3642/3642/3642 3643/3643/3643
f 3643/3643/3643 3645/3645/3645 3644/3644/3644
f 3646/3646/3646 3644/3644/3644 3645/3645/3645
f 3645/3645/3645 3647/3647/3647 3646/3646/3646
f 3646/3646/3646 3647/3647/3647 3648/3648/3648
f 3648/3648/3648 3649/3649/3649 3646/3646/3646
f 3650/3650/3650 3651/3651/3651 3652/3652/3652
f 3650/3650/3650 3653/3653/3653 3651/3651/3651
f 3650/3650/3650 3654/3654/3654 3653/3653/3653
f 3653/3653/3653 3654/3654/3654 3655/3655/3655
f 3655/3655/3655 3656/3656/3656 3653/3653/3653
f 3657/3657/3657 3653/3653/3653 3656/3656/3656
f 3657/3657/3657 3656/3656/3656 3658/3658/3658
f 3659/3659/3659 3657/3657/3657 3658/3658/3658
f 3658/3658/3658 3660/3660/3660 3659/3659/3659
f 3661/3661/3661 3659/3659/3659 3660/3660/3660
f 3660/3660/3660 3662/3662/3662 3661/3661/3661
f 3657/3657/3657 3651/3651/3651 3653/3653/3653
f 3663/3663/3663 3664/3664/3664 3665/3665/3665
f 3665/3665/3665 3666/3666/3666 3663/3663/3663
f 3667/3667/3667 3668/3668/3668 3669/3669/3669
f 3669/3669/3669 3670/3670/3670 3667/3667/3667
f 3671/3671/3671 3672/3672/3672 3673/3673/3673
f 3673/3673/3673 3674/3674/3674 3671/3671/3671
f 3675/3675/3675 3676/3676/3676 3674/3674/3674
f 3674/3674/3674 3677/3677/3677 3675/3675/3675
f 3678/3678/3678 3677/3677/3677 3674/3674/3674
f 3674/3674/3674 3679/3679/3679 3678/3678/3678
f 3679/3679/3679 3680/3680/3680 3678/3678/3678
f 3674/3674/3674 3680/3680/3680 3679/3679/3679
f 3681/3681/3681 3682/3682/3682 3683/3683/3683
f 3683/3683/3683 3684/3684/3684 3681/3681/3681
f 3681/3681/3681 3684/3684/3684 3685/3685/3685
f 3685/3685/3685 3686/3686/3686 3681/3681/3681
f 3686/3686/3686 3685/3685/3685 3687/3687/3687
f 3687/3687/3687 3688/3688/3688 3686/3686/3686
f 3689/3689/3689 3690/3690/3690 3691/3691/3691
f 3691/3691/3691 3692/3692/3692 3689/3689/3689
f 3689/3689/3689 3692/3692/3692 3693/3693/3693
f 3693/3693/3693 3694/3694/3694 3689/3689/3689
f 3693/3693/3693 3695/3695/3695 3694/3694/3694
f 3696/3696/3696 3697/3697/3697 3698/3698/3698
f 3698/3698/3698 3699/3699/3699 3696/3696/3696
f 3700/3700/3700 3696/3696/3696 3699/3699/3699
f 3699/3699/3699 3701/3701/3701 3700/3700/3700
f 3702/3702/3702 3700/3700/3700 3701/3701/3701
f 3700/3700/3700 3702/3702/3702 3703/3703/3703
f 3704/3704/3704 3705/3705/3705 3706/3706/3706
f 3706/3706/3706 3707/3707/3707 3704/3704/3704
f 3708/3708/3708 3709/3709/3709 3710/3710/3710
f 3710/3710/3710 3711/3711/3711 3708/3708/3708
f 3711/3711/3711 3710/3710/3710 3712/3712/3712
f 3713/3713/3713 3714/3714/3714 3715/3715/3715
f 3716/3716/3716 3714/3714/3714 3713/3713/3713
f 3713/3713/3713 3717/3717/3717 3716/3716/3716
f 3717/3717/3717 3718/3718/3718 3716/3716/3716
f 3716/3716/3716 3718/3718/3718 3719/3719/3719
f 3708/3708/3708 3719/3719/3719 3718/3718/3718
f 3720/3720/3720 3719/3719/3719 3708/3708/3708
f 3708/3708/3708 3711/3711/3711 3720/3720/3720
f 3720/3720/3720 3711/3711/3711 3721/3721/3721
f 3712/3712/3712 3721/3721/3721 3711/3711/3711
f 3719/3719/3719 3720/3720/3720 3722/3722/3722
f 3722/3722/3722 3720/3720/3720 3723/3723/3723
f 3721/3721/3721 3723/3723/3723 3720/3720/3720
f 3723/3723/3723 3724/3724/3724 3722/3722/3722
f 3725/3725/3725 3722/3722/3722 3724/3724/3724
f 3726/3726/3726 3722/3722/3722 3725/3725/3725
f 3722/3722/3722 3726/3726/3726 3719/3719/3719
f 3727/3727/3727 3719/3719/3719 3726/3726/3726
f 3719/3719/3719 3727/3727/3727 3716/3716/3716
f 3714/3714/3714 3716/3716/3716 3727/3727/3727
f 3724/3724/3724 3728/3728/3728 3725/3725/3725
f 3723/3723/3723 3721/3721/3721 3712/3712/3712
f 3723/3723/3723 3712/3712/3712 3729/3729/3729
f 3723/3723/3723 3729/3729/3729 3724/3724/3724
f 3724/3724/3724 3729/3729/3729 3730/3730/3730
f 3730/3730/3730 3728/3728/3728 3724/3724/3724
f 3728/3728/3728 3730/3730/3730 3731/3731/3731
f 3731/3731/3731 3732/3732/3732 3728/3728/3728
f 3728/3728/3728 3732/3732/3732 3733/3733/3733
f 3733/3733/3733 3725/3725/3725 3728/3728/3728
f 3734/3734/3734 3725/3725/3725 3733/3733/3733
f 3735/3735/3735 3736/3736/3736 3737/3737/3737
f 3737/3737/3737 3738/3738/3738 3735/3735/3735
f 3739/3739/3739 3738/3738/3738 3737/3737/3737
f 3737/3737/3737 3740/3740/3740 3739/3739/3739
f 3741/3741/3741 3739/3739/3739 3740/3740/3740
f 3740/3740/3740 3734/3734/3734 3741/3741/3741
f 3733/3733/3733 3741/3741/3741 3734/3734/3734
f 3742/3742/3742 3737/3737/3737 3743/3743/3743
f 3737/3737/3737 3742/3742/3742 3744/3744/3744
f 3744/3744/3744 3740/3740/3740 3737/3737/3737
f 3734/3734/3734 3740/3740/3740 3744/3744/3744
f 3725/3725/3725 3734/3734/3734 3726/3726/3726
f 3744/3744/3744 3726/3726/3726 3734/3734/3734
f 3726/3726/3726 3744/3744/3744 3727/3727/3727
f 3745/3745/3745 3727/3727/3727 3744/3744/3744
f 3744/3744/3744 3742/3742/3742 3745/3745/3745
f 3742/3742/3742 3746/3746/3746 3745/3745/3745
f 3747/3747/3747 3746/3746/3746 3742/3742/3742
f 3742/3742/3742 3743/3743/3743 3747/3747/3747
f 3747/3747/3747 3743/3743/3743 3736/3736/3736
f 3737/3737/3737 3736/3736/3736 3743/3743/3743
f 3735/3735/3735 3748/3748/3748 3749/3749/3749
f 3749/3749/3749 3736/3736/3736 3735/3735/3735
f 3750/3750/3750 3736/3736/3736 3749/3749/3749
f 3736/3736/3736 3750/3750/3750 3747/3747/3747
f 3751/3751/3751 3752/3752/3752 3753/3753/3753
f 3753/3753/3753 3754/3754/3754 3751/3751/3751
f 3754/3754/3754 3753/3753/3753 3755/3755/3755
f 3755/3755/3755 3749/3749/3749 3754/3754/3754
f 3749/3749/3749 3755/3755/3755 3750/3750/3750
f 3756/3756/3756 3757/3757/3757 3758/3758/3758
f 3758/3758/3758 3759/3759/3759 3756/3756/3756
f 3759/3759/3759 3758/3758/3758 3752/3752/3752
f 3752/3752/3752 3751/3751/3751 3759/3759/3759
f 3760/3760/3760 3759/3759/3759 3751/3751/3751
f 3751/3751/3751 3761/3761/3761 3760/3760/3760
f 3762/3762/3762 3761/3761/3761 3751/3751/3751
f 3751/3751/3751 3754/3754/3754 3762/3762/3762
f 3748/3748/3748 3762/3762/3762 3754/3754/3754
f 3754/3754/3754 3749/3749/3749 3748/3748/3748
f 3761/3761/3761 3763/3763/3763 3764/3764/3764
f 3764/3764/3764 3760/3760/3760 3761/3761/3761
f 3765/3765/3765 3760/3760/3760 3764/3764/3764
f 3760/3760/3760 3765/3765/3765 3766/3766/3766
f 3767/3767/3767 3768/3768/3768 3769/3769/3769
f 3767/3767/3767 3769/3769/3769 3770/3770/3770
f 3770/3770/3770 3769/3769/3769 3771/3771/3771
f 3771/3771/3771 3772/3772/3772 3770/3770/3770
f 3772/3772/3772 3771/3771/3771 3773/3773/3773
f 3773/3773/3773 3774/3774/3774 3772/3772/3772
f 3774/3774/3774 3773/3773/3773 3766/3766/3766
f 3766/3766/3766 3775/3775/3775 3774/3774/3774
f 3775/3775/3775 3766/3766/3766 3765/3765/3765
f 3765/3765/3765 3776/3776/3776 3775/3775/3775
f 3777/3777/3777 3776/3776/3776 3765/3765/3765
f 3765/3765/3765 3764/3764/3764 3777/3777/3777
f 3777/3777/3777 3764/3764/3764 3778/3778/3778
f 3766/3766/3766 3773/3773/3773 3771/3771/3771
f 3771/3771/3771 3769/3769/3769 3766/3766/3766
f 3768/3768/3768 3766/3766/3766 3769/3769/3769
f 3766/3766/3766 3768/3768/3768 3760/3760/3760
f 3768/3768/3768 3779/3779/3779 3760/3760/3760
f 3760/3760/3760 3779/3779/3779 3780/3780/3780
f 3780/3780/3780 3781/3781/3781 3760/3760/3760
f 3782/3782/3782 3783/3783/3783 3784/3784/3784
f 3785/3785/3785 3786/3786/3786 3787/3787/3787
f 3787/3787/3787 3788/3788/3788 3785/3785/3785
f 3789/3789/3789 3788/3788/3788 3787/3787/3787
f 3787/3787/3787 3790/3790/3790 3789/3789/3789
f 3791/3791/3791 3789/3789/3789 3790/3790/3790
f 3790/3790/3790 3792/3792/3792 3791/3791/3791
f 3793/3793/3793 3794/3794/3794 3795/3795/3795
f 3796/3796/3796 3797/3797/3797 3798/3798/3798
f 3798/3798/3798 3799/3799/3799 3796/3796/3796
f 3800/3800/3800 3799/3799/3799 3798/3798/3798
f 3798/3798/3798 3801/3801/3801 3800/3800/3800
f 3802/3802/3802 3800/3800/3800 3801/3801/3801
f 3801/3801/3801 3803/3803/3803 3802/3802/3802
f 3804/3804/3804 3805/3805/3805 3806/3806/3806
f 3806/3806/3806 3807/3807/3807 3804/3804/3804
f 3808/3808/3808 3804/3804/3804 3807/3807/3807
f 3807/3807/3807 3809/3809/3809 3808/3808/3808
f 3808/3808/3808 3809/3809/3809 3810/3810/3810
f 3810/3810/3810 3811/3811/3811 3808/3808/3808
f 3812/3812/3812 3813/3813/3813 3814/3814/3814
f 3814/3814/3814 3815/3815/3815 3812/3812/3812
f 3815/3815/3815 3814/3814/3814 3816/3816/3816
f 3817/3817/3817 3815/3815/3815 3816/3816/3816
f 3818/3818/3818 3819/3819/3819 3820/3820/3820
f 3820/3820/3820 3821/3821/3821 3818/3818/3818
f 3822/3822/3822 3823/3823/3823 3824/3824/3824
f 3824/3824/3824 3825/3825/3825 3822/3822/3822
f 3826/3826/3826 3827/3827/3827 3825/3825/3825
f 3825/3825/3825 3828/3828/3828 3826/3826/3826
f 3829/3829/3829 3830/3830/3830 3831/3831/3831
f 3829/3829/3829 3831/3831/3831 3832/3832/3832
f 3832/3832/3832 3831/3831/3831 3833/3833/3833
f 3834/3834/3834 3832/3832/3832 3833/3833/3833
f 3832/3832/3832 3835/3835/3835 3829/3829/3829
f 3836/3836/3836 3837/3837/3837 3838/3838/3838
f 3838/3838/3838 3839/3839/3839 3836/3836/3836
f 3840/3840/3840 3836/3836/3836 3839/3839/3839
f 3839/3839/3839 3841/3841/3841 3840/3840/3840
f 3840/3840/3840 3841/3841/3841 3842/3842/3842
f 3842/3842/3842 3843/3843/3843 3840/3840/3840
f 3844/3844/3844 3845/3845/3845 3846/3846/3846
f 3846/3846/3846 3847/3847/3847 3844/3844/3844
f 3845/3845/3845 3848/3848/3848 3849/3849/3849
f 3849/3849/3849 3850/3850/3850 3845/3845/3845
f 3851/3851/3851 3852/3852/3852 3853/3853/3853
f 3853/3853/3853 3848/3848/3848 3851/3851/3851
f 3854/3854/3854 3851/3851/3851 3848/3848/3848
f 3848/3848/3848 3855/3855/3855 3854/3854/3854
f 3856/3856/3856 3855/3855/3855 3848/3848/3848
f 3857/3857/3857 3856/3856/3856 3848/3848/3848
f 3848/3848/3848 3845/3845/3845 3857/3857/3857
f 3858/3858/3858 3857/3857/3857 3845/3845/3845
f 3858/3858/3858 3845/3845/3845 3844/3844/3844
f 3844/3844/3844 3859/3859/3859 3858/3858/3858
f 3859/3859/3859 3860/3860/3860 3861/3861/3861
f 3861/3861/3861 3858/3858/3858 3859/3859/3859
f 3858/3858/3858 3861/3861/3861 3862/3862/3862
f 3862/3862/3862 3857/3857/3857 3858/3858/3858
f 3857/3857/3857 3862/3862/3862 3863/3863/3863
f 3863/3863/3863 3864/3864/3864 3857/3857/3857
f 3857/3857/3857 3864/3864/3864 3865/3865/3865
f 3856/3856/3856 3857/3857/3857 3865/3865/3865
f 3865/3865/3865 3866/3866/3866 3856/3856/3856
f 3856/3856/3856 3866/3866/3866 3867/3867/3867
f 3856/3856/3856 3867/3867/3867 3868/3868/3868
f 3868/3868/3868 3869/3869/3869 3856/3856/3856
f 3855/3855/3855 3856/3856/3856 3869/3869/3869
f 3869/3869/3869 3870/3870/3870 3855/3855/3855
f 3854/3854/3854 3855/3855/3855 3870/3870/3870
f 3870/3870/3870 3871/3871/3871 3854/3854/3854
f 3872/3872/3872 3873/3873/3873 3874/3874/3874
f 3874/3874/3874 3875/3875/3875 3872/3872/3872
f 3872/3872/3872 3875/3875/3875 3876/3876/3876
f 3876/3876/3876 3877/3877/3877 3872/3872/3872
f 3878/3878/3878 3879/3879/3879 3880/3880/3880
f 3880/3880/3880 3881/3881/3881 3878/3878/3878
f 3882/3882/3882 3883/3883/3883 3884/3884/3884
f 3884/3884/3884 3885/3885/3885 3882/3882/3882
f 3886/3886/3886 3887/3887/3887 3888/3888/3888
f 3885/3885/3885 3888/3888/3888 3887/3887/3887
f 3887/3887/3887 3889/3889/3889 3885/3885/3885
f 3882/3882/3882 3885/3885/3885 3889/3889/3889
f 3889/3889/3889 3890/3890/3890 3882/3882/3882
f 3882/3882/3882 3890/3890/3890 3891/3891/3891
f 3891/3891/3891 3892/3892/3892 3882/3882/3882
f 3892/3892/3892 3891/3891/3891 3893/3893/3893
f 3894/3894/3894 3895/3895/3895 3896/3896/3896
f 3896/3896/3896 3888/3888/3888 3894/3894/3894
f 3888/3888/3888 3896/3896/3896 3886/3886/3886
f 3886/3886/3886 3896/3896/3896 3897/3897/3897
f 3897/3897/3897 3898/3898/3898 3886/3886/3886
f 3899/3899/3899 3898/3898/3898 3897/3897/3897
f 3897/3897/3897 3900/3900/3900 3899/3899/3899
f 3893/3893/3893 3899/3899/3899 3900/3900/3900
f 3900/3900/3900 3901/3901/3901 3893/3893/3893
f 3893/3893/3893 3901/3901/3901 3892/3892/3892
f 3902/3902/3902 3892/3892/3892 3901/3901/3901
f 3901/3901/3901 3903/3903/3903 3902/3902/3902
f 3897/3897/3897 3904/3904/3904 3905/3905/3905
f 3905/3905/3905 3900/3900/3900 3897/3897/3897
f 3906/3906/3906 3907/3907/3907 3908/3908/3908
f 3908/3908/3908 3909/3909/3909 3906/3906/3906
f 3909/3909/3909 3908/3908/3908 3910/3910/3910
f 3910/3910/3910 3911/3911/3911 3909/3909/3909
f 3912/3912/3912 3913/3913/3913 3914/3914/3914
f 3914/3914/3914 3915/3915/3915 3912/3912/3912
f 3915/3915/3915 3914/3914/3914 3916/3916/3916
f 3916/3916/3916 3917/3917/3917 3915/3915/3915
f 3917/3917/3917 3916/3916/3916 3918/3918/3918
f 3918/3918/3918 3919/3919/3919 3917/3917/3917
f 3919/3919/3919 3918/3918/3918 3920/3920/3920
f 3920/3920/3920 3921/3921/3921 3919/3919/3919
f 3922/3922/3922 3921/3921/3921 3920/3920/3920
f 3920/3920/3920 3923/3923/3923 3922/3922/3922
f 3924/3924/3924 3925/3925/3925 3926/3926/3926
f 3926/3926/3926 3927/3927/3927 3924/3924/3924
f 3924/3924/3924 3927/3927/3927 3928/3928/3928
f 3928/3928/3928 3929/3929/3929 3924/3924/3924
f 3929/3929/3929 3928/3928/3928 3930/3930/3930
f 3930/3930/3930 3931/3931/3931 3929/3929/3929
f 3932/3932/3932 3933/3933/3933 3934/3934/3934
f 3934/3934/3934 3935/3935/3935 3932/3932/3932
f 3936/3936/3936 3935/3935/3935 3934/3934/3934
f 3934/3934/3934 3937/3937/3937 3936/3936/3936
f 3936/3936/3936 3937/3937/3937 3938/3938/3938
f 3938/3938/3938 3939/3939/3939 3936/3936/3936
f 3940/3940/3940 3941/3941/3941 3942/3942/3942
f 3942/3942/3942 3943/3943/3943 3940/3940/3940
f 3943/3943/3943 3942/3942/3942 3944/3944/3944
f 3944/3944/3944 3945/3945/3945 3943/3943/3943
f 3945/3945/3945 3944/3944/3944 3946/3946/3946
f 3946/3946/3946 3947/3947/3947 3945/3945/3945
f 3947/3947/3947 3946/3946/3946 3948/3948/3948
f 3948/3948/3948 3949/3949/3949 3947/3947/3947
f 3949/3949/3949 3948/3948/3948 3950/3950/3950
f 3950/3950/3950 3951/3951/3951 3949/3949/3949
f 3951/3951/3951 3950/3950/3950 3952/3952/3952
f 3952/3952/3952 3953/3953/3953 3951/3951/3951
f 3954/3954/3954 3955/3955/3955 3956/3956/3956
f 3956/3956/3956 3957/3957/3957 3954/3954/3954
f 3957/3957/3957 3956/3956/3956 3958/3958/3958
f 3958/3958/3958 3959/3959/3959 3957/3957/3957
f 3959/3959/3959 3958/3958/3958 3960/3960/3960
f 3960/3960/3960 3961/3961/3961 3959/3959/3959
f 3961/3961/3961 3960/3960/3960 3962/3962/3962
f 3962/3962/3962 3963/3963/3963 3961/3961/3961
f 3963/3963/3963 3962/3962/3962 3941/3941/3941
f 3941/3941/3941 3940/3940/3940 3963/3963/3963
f 3964/3964/3964 3954/3954/3954 3957/3957/3957
f 3965/3965/3965 3966/3966/3966 3967/3967/3967
f 3967/3967/3967 3968/3968/3968 3965/3965/3965
f 3965/3965/3965 3968/3968/3968 3969/3969/3969
f 3969/3969/3969 3970/3970/3970 3965/3965/3965
f 3970/3970/3970 3969/3969/3969 3971/3971/3971
f 3971/3971/3971 3972/3972/3972 3970/3970/3970
f 3973/3973/3973 3974/3974/3974 3975/3975/3975
f 3975/3975/3975 3976/3976/3976 3973/3973/3973
f 3977/3977/3977 3973/3973/3973 3976/3976/3976
f 3976/3976/3976 3978/3978/3978 3977/3977/3977
f 3979/3979/3979 3980/3980/3980 3981/3981/3981
f 3981/3981/3981 3982/3982/3982 3979/3979/3979
f 3979/3979/3979 3982/3982/3982 3983/3983/3983
f 3983/3983/3983 3984/3984/3984 3979/3979/3979
f 3977/3977/3977 3984/3984/3984 3983/3983/3983
f 3983/3983/3983 3973/3973/3973 3977/3977/3977
f 3980/3980/3980 3985/3985/3985 3986/3986/3986
f 3986/3986/3986 3981/3981/3981 3980/3980/3980
f 3981/3981/3981 3986/3986/3986 3987/3987/3987
f 3987/3987/3987 3988/3988/3988 3981/3981/3981
f 3981/3981/3981 3988/3988/3988 3989/3989/3989
f 3989/3989/3989 3982/3982/3982 3981/3981/3981
f 3982/3982/3982 3989/3989/3989 3990/3990/3990
f 3990/3990/3990 3983/3983/3983 3982/3982/3982
f 3983/3983/3983 3990/3990/3990 3974/3974/3974
f 3974/3974/3974 3973/3973/3973 3983/3983/3983
f 3991/3991/3991 3992/3992/3992 3993/3993/3993
f 3992/3992/3992 3994/3994/3994 3993/3993/3993
f 3995/3995/3995 3996/3996/3996 3997/3997/3997
f 3997/3997/3997 3996/3996/3996 3998/3998/3998
f 3998/3998/3998 3996/3996/3996 3999/3999/3999
f 3999/3999/3999 3996/3996/3996 4000/4000/4000
f 4001/4001/4001 3999/3999/3999 4000/4000/4000
f 4002/4002/4002 4003/4003/4003 4004/4004/4004
f 4004/4004/4004 4005/4005/4005 4002/4002/4002
f 4002/4002/4002 4005/4005/4005 4006/4006/4006
f 4006/4006/4006 4007/4007/4007 4002/4002/4002
f 4008/4008/4008 4007/4007/4007 4006/4006/4006
f 4006/4006/4006 4009/4009/4009 4008/4008/4008
f 4009/4009/4009 4010/4010/4010 4008/4008/4008
f 4009/4009/4009 4011/4011/4011 4010/4010/4010
f 4010/4010/4010 4012/4012/4012 4008/4008/4008
f 4013/4013/4013 4014/4014/4014 4015/4015/4015
f 4015/4015/4015 4016/4016/4016 4013/4013/4013
f 4016/4016/4016 4015/4015/4015 4017/4017/4017
f 4018/4018/4018 4019/4019/4019 4017/4017/4017
f 4017/4017/4017 4020/4020/4020 4018/4018/4018
f 4020/4020/4020 4017/4017/4017 4015/4015/4015
f 4015/4015/4015 4021/4021/4021 4020/4020/4020
f 4021/4021/4021 4015/4015/4015 4014/4014/4014
f 4014/4014/4014 4022/4022/4022 4021/4021/4021
f 4017/4017/4017 4023/4023/4023 4016/4016/4016
f 4024/4024/4024 4023/4023/4023 4017/4017/4017
f 4017/4017/4017 4019/4019/4019 4024/4024/4024
f 4025/4025/4025 4024/4024/4024 4019/4019/4019
f 4019/4019/4019 4026/4026/4026 4025/4025/4025
f 4025/4025/4025 4026/4026/4026 4027/4027/4027
f 4028/4028/4028 4027/4027/4027 4026/4026/4026
f 4026/4026/4026 4029/4029/4029 4028/4028/4028
f 4029/4029/4029 4026/4026/4026 4019/4019/4019
f 4019/4019/4019 4018/4018/4018 4029/4029/4029
f 4027/4027/4027 4030/4030/4030 4025/4025/4025
f 4031/4031/4031 4032/4032/4032 4033/4033/4033
f 4033/4033/4033 4034/4034/4034 4031/4031/4031
f 4035/4035/4035 4031/4031/4031 4034/4034/4034
f 4034/4034/4034 4036/4036/4036 4035/4035/4035
f 4035/4035/4035 4036/4036/4036 4037/4037/4037
f 4037/4037/4037 4038/4038/4038 4035/4035/4035
f 4039/4039/4039 4040/4040/4040 4041/4041/4041
f 4041/4041/4041 4042/4042/4042 4039/4039/4039
f 4043/4043/4043 4042/4042/4042 4041/4041/4041
f 4041/4041/4041 4044/4044/4044 4043/4043/4043
f 4045/4045/4045 4043/4043/4043 4044/4044/4044
f 4044/4044/4044 4046/4046/4046 4045/4045/4045
f 4047/4047/4047 4045/4045/4045 4046/4046/4046
f 4046/4046/4046 4048/4048/4048 4047/4047/4047
f 4047/4047/4047 4048/4048/4048 4049/4049/4049
f 4049/4049/4049 4050/4050/4050 4047/4047/4047
f 4051/4051/4051 4050/4050/4050 4049/4049/4049
f 4049/4049/4049 4052/4052/4052 4051/4051/4051
f 4051/4051/4051 4052/4052/4052 4053/4053/4053
f 4053/4053/4053 4054/4054/4054 4051/4051/4051
f 4055/4055/4055 4054/4054/4054 4053/4053/4053
f 4053/4053/4053 4056/4056/4056 4055/4055/4055
f 4057/4057/4057 4058/4058/4058 4059/4059/4059
f 4059/4059/4059 4060/4060/4060 4057/4057/4057
f 4061/4061/4061 4062/4062/4062 4063/4063/4063
f 4063/4063/4063 4064/4064/4064 4061/4061/4061
f 4065/4065/4065 4066/4066/4066 4067/4067/4067
f 4067/4067/4067 4068/4068/4068 4065/4065/4065
f 4068/4068/4068 4067/4067/4067 4069/4069/4069
f 4069/4069/4069 4067/4067/4067 4062/4062/4062
f 4062/4062/4062 4070/4070/4070 4069/4069/4069
f 4070/4070/4070 4062/4062/4062 4061/4061/4061
f 4061/4061/4061 4071/4071/4071 4070/4070/4070
f 4072/4072/4072 4071/4071/4071 4061/4061/4061
f 4061/4061/4061 4073/4073/4073 4072/4072/4072
f 4072/4072/4072 4073/4073/4073 4074/4074/4074
f 4075/4075/4075 4074/4074/4074 4073/4073/4073
f 4073/4073/4073 4076/4076/4076 4075/4075/4075
f 4069/4069/4069 4077/4077/4077 4068/4068/4068
f 4078/4078/4078 4068/4068/4068 4077/4077/4077
f 4077/4077/4077 4079/4079/4079 4078/4078/4078
f 4078/4078/4078 4079/4079/4079 4080/4080/4080
f 4080/4080/4080 4081/4081/4081 4078/4078/4078
f 4081/4081/4081 4080/4080/4080 4082/4082/4082
f 4082/4082/4082 4074/4074/4074 4081/4081/4081
f 4074/4074/4074 4082/4082/4082 4072/4072/4072
f 4078/4078/4078 4081/4081/4081 4083/4083/4083
f 4083/4083/4083 4084/4084/4084 4078/4078/4078
f 4085/4085/4085 4086/4086/4086 4087/4087/4087
f 4087/4087/4087 4088/4088/4088 4085/4085/4085
f 4089/4089/4089 4088/4088/4088 4087/4087/4087
f 4087/4087/4087 4090/4090/4090 4089/4089/4089
f 4089/4089/4089 4090/4090/4090 4091/4091/4091
f 4092/4092/4092 4093/4093/4093 4094/4094/4094
f 4094/4094/4094 4095/4095/4095 4092/4092/4092
f 4096/4096/4096 4092/4092/4092 4095/4095/4095
f 4095/4095/4095 4097/4097/4097 4096/4096/4096
f 4098/4098/4098 4096/4096/4096 4097/4097/4097
f 4097/4097/4097 4099/4099/4099 4098/4098/4098
f 4100/4100/4100 4098/4098/4098 4099/4099/4099
f 4099/4099/4099 4101/4101/4101 4100/4100/4100
f 4102/4102/4102 4100/4100/4100 4101/4101/4101
f 4101/4101/4101 4103/4103/4103 4102/4102/4102
f 4104/4104/4104 4105/4105/4105 4106/4106/4106
f 4105/4105/4105 4107/4107/4107 4106/4106/4106
f 4108/4108/4108 4109/4109/4109 4110/4110/4110
f 4111/4111/4111 4112/4112/4112 4113/4113/4113
f 4113/4113/4113 4114/4114/4114 4111/4111/4111
f 4115/4115/4115 4116/4116/4116 4117/4117/4117
f 4117/4117/4117 4118/4118/4118 4115/4115/4115
f 4119/4119/4119 4120/4120/4120 4121/4121/4121
f 4121/4121/4121 4122/4122/4122 4119/4119/4119
f 4122/4122/4122 4121/4121/4121 4123/4123/4123
f 4123/4123/4123 4124/4124/4124 4122/4122/4122
f 4125/4125/4125 4122/4122/4122 4124/4124/4124
f 4122/4122/4122 4125/4125/4125 4126/4126/4126
f 4126/4126/4126 4127/4127/4127 4122/4122/4122
f 4128/4128/4128 4122/4122/4122 4127/4127/4127
f 4127/4127/4127 4129/4129/4129 4128/4128/4128
f 4122/4122/4122 4128/4128/4128 4119/4119/4119
f 4121/4121/4121 4120/4120/4120 4130/4130/4130
f 4131/4131/4131 4121/4121/4121 4130/4130/4130
f 4121/4121/4121 4131/4131/4131 4132/4132/4132
f 4132/4132/4132 4133/4133/4133 4121/4121/4121
f 4121/4121/4121 4133/4133/4133 4123/4123/4123
f 4130/4130/4130 4134/4134/4134 4131/4131/4131
f 4135/4135/4135 4136/4136/4136 4137/4137/4137
f 4137/4137/4137 4138/4138/4138 4135/4135/4135
f 4139/4139/4139 4138/4138/4138 4137/4137/4137
f 4135/4135/4135 4140/4140/4140 4141/4141/4141
f 4141/4141/4141 4136/4136/4136 4135/4135/4135
f 4136/4136/4136 4141/4141/4141 4142/4142/4142
f 4142/4142/4142 4143/4143/4143 4136/4136/4136
f 4136/4136/4136 4143/4143/4143 4144/4144/4144
f 4144/4144/4144 4137/4137/4137 4136/4136/4136
f 4145/4145/4145 4137/4137/4137 4144/4144/4144
f 4137/4137/4137 4145/4145/4145 4139/4139/4139
f 4146/4146/4146 4139/4139/4139 4145/4145/4145
f 4145/4145/4145 4147/4147/4147 4146/4146/4146
f 4146/4146/4146 4147/4147/4147 4148/4148/4148
f 4149/4149/4149 4148/4148/4148 4147/4147/4147
f 4147/4147/4147 4150/4150/4150 4149/4149/4149
f 4151/4151/4151 4150/4150/4150 4147/4147/4147
f 4147/4147/4147 4145/4145/4145 4151/4151/4151
f 4144/4144/4144 4151/4151/4151 4145/4145/4145
f 4148/4148/4148 4152/4152/4152 4146/4146/4146
f 4153/4153/4153 4154/4154/4154 4155/4155/4155
f 4156/4156/4156 4155/4155/4155 4154/4154/4154
f 4156/4156/4156 4154/4154/4154 4157/4157/4157
f 4158/4158/4158 4159/4159/4159 4157/4157/4157
f 4157/4157/4157 4160/4160/4160 4158/4158/4158
f 4161/4161/4161 4160/4160/4160 4157/4157/4157
f 4162/4162/4162 4161/4161/4161 4157/4157/4157
f 4163/4163/4163 4162/4162/4162 4157/4157/4157
f 4163/4163/4163 4157/4157/4157 4154/4154/4154
f 4154/4154/4154 4164/4164/4164 4163/4163/4163
f 4165/4165/4165 4164/4164/4164 4154/4154/4154
f 4154/4154/4154 4166/4166/4166 4165/4165/4165
f 4154/4154/4154 4167/4167/4167 4166/4166/4166
f 4168/4168/4168 4159/4159/4159 4153/4153/4153
f 4167/4167/4167 4154/4154/4154 4153/4153/4153
f 4153/4153/4153 4169/4169/4169 4167/4167/4167
f 4170/4170/4170 4169/4169/4169 4153/4153/4153
f 4171/4171/4171 4170/4170/4170 4153/4153/4153
f 4153/4153/4153 4172/4172/4172 4171/4171/4171
f 4172/4172/4172 4153/4153/4153 4159/4159/4159
f 4159/4159/4159 4173/4173/4173 4172/4172/4172
f 4174/4174/4174 4173/4173/4173 4159/4159/4159
f 4175/4175/4175 4174/4174/4174 4159/4159/4159
f 4159/4159/4159 4158/4158/4158 4175/4175/4175
f 4176/4176/4176 4177/4177/4177 4178/4178/4178
f 4178/4178/4178 4179/4179/4179 4176/4176/4176
f 4179/4179/4179 4178/4178/4178 4180/4180/4180
f 4180/4180/4180 4181/4181/4181 4179/4179/4179
f 4181/4181/4181 4180/4180/4180 4182/4182/4182
f 4182/4182/4182 4168/4168/4168 4181/4181/4181
f 4168/4168/4168 4182/4182/4182 4177/4177/4177
f 4177/4177/4177 4176/4176/4176 4168/4168/4168
f 4168/4168/4168 4176/4176/4176 4159/4159/4159
f 4157/4157/4157 4159/4159/4159 4176/4176/4176
f 4153/4153/4153 4183/4183/4183 4168/4168/4168
f 4181/4181/4181 4168/4168/4168 4183/4183/4183
f 4183/4183/4183 4156/4156/4156 4181/4181/4181
f 4156/4156/4156 4179/4179/4179 4181/4181/4181
f 4156/4156/4156 4157/4157/4157 4179/4179/4179
f 4176/4176/4176 4179/4179/4179 4157/4157/4157
f 4184/4184/4184 4185/4185/4185 4186/4186/4186
f 4186/4186/4186 4183/4183/4183 4184/4184/4184
f 4183/4183/4183 4186/4186/4186 4187/4187/4187
f 4187/4187/4187 4156/4156/4156 4183/4183/4183
f 4156/4156/4156 4187/4187/4187 4188/4188/4188
f 4188/4188/4188 4155/4155/4155 4156/4156/4156
f 4155/4155/4155 4188/4188/4188 4185/4185/4185
f 4185/4185/4185 4184/4184/4184 4155/4155/4155
f 4155/4155/4155 4184/4184/4184 4153/4153/4153
f 4184/4184/4184 4183/4183/4183 4153/4153/4153
f 4189/4189/4189 4190/4190/4190 4191/4191/4191
f 4191/4191/4191 4192/4192/4192 4189/4189/4189
f 4193/4193/4193 4192/4192/4192 4191/4191/4191
f 4191/4191/4191 4194/4194/4194 4193/4193/4193
f 4193/4193/4193 4194/4194/4194 4195/4195/4195
f 4195/4195/4195 4196/4196/4196 4193/4193/4193
f 4196/4196/4196 4195/4195/4195 4197/4197/4197
f 4197/4197/4197 4198/4198/4198 4196/4196/4196
f 4198/4198/4198 4197/4197/4197 4199/4199/4199
f 4199/4199/4199 4200/4200/4200 4198/4198/4198
f 4201/4201/4201 4200/4200/4200 4199/4199/4199
f 4199/4199/4199 4202/4202/4202 4201/4201/4201
f 4203/4203/4203 4201/4201/4201 4202/4202/4202
f 4202/4202/4202 4204/4204/4204 4203/4203/4203
f 4205/4205/4205 4206/4206/4206 4207/4207/4207
f 4205/4205/4205 4207/4207/4207 4208/4208/4208
f 4205/4205/4205 4208/4208/4208 4209/4209/4209
f 4210/4210/4210 4205/4205/4205 4209/4209/4209
f 4207/4207/4207 2194/2194/2194 2191/2191/2191
f 2191/2191/2191 4208/4208/4208 4207/4207/4207
f 4208/4208/4208 2191/2191/2191 2190/2190/2190
f 2190/2190/2190 4209/4209/4209 4208/4208/4208
f 2189/2189/2189 4209/4209/4209 2190/2190/2190
f 4209/4209/4209 2189/2189/2189 4210/4210/4210
f 2197/2197/2197 4210/4210/4210 2189/2189/2189
f 4210/4210/4210 2197/2197/2197 2199/2199/2199
f 2199/2199/2199 4211/4211/4211 4210/4210/4210
f 4205/4205/4205 4210/4210/4210 4211/4211/4211
f 4211/4211/4211 4212/4212/4212 4205/4205/4205
f 4206/4206/4206 4205/4205/4205 4212/4212/4212
f 4212/4212/4212 4213/4213/4213 4206/4206/4206
f 4214/4214/4214 4211/4211/4211 2199/2199/2199
f 4212/4212/4212 4211/4211/4211 4214/4214/4214
f 4214/4214/4214 4215/4215/4215 4212/4212/4212
f 4212/4212/4212 4215/4215/4215 4216/4216/4216
f 4216/4216/4216 4213/4213/4213 4212/4212/4212
f 4217/4217/4217 4213/4213/4213 4216/4216/4216
f 4213/4213/4213 4217/4217/4217 2196/2196/2196
f 2196/2196/2196 4206/4206/4206 4213/4213/4213
f 4206/4206/4206 2196/2196/2196 2194/2194/2194
f 2194/2194/2194 4207/4207/4207 4206/4206/4206
f 2212/2212/2212 2195/2195/2195 2196/2196/2196
f 2196/2196/2196 4217/4217/4217 2212/2212/2212
f 2212/2212/2212 4217/4217/4217 2210/2210/2210
f 4216/4216/4216 2210/2210/2210 4217/4217/4217
f 2210/2210/2210 4216/4216/4216 2214/2214/2214
f 4216/4216/4216 4215/4215/4215 2214/2214/2214
f 2216/2216/2216 2214/2214/2214 4215/4215/4215
f 4215/4215/4215 4214/4214/4214 2216/2216/2216
f 2216/2216/2216 4214/4214/4214 2198/2198/2198
f 2199/2199/2199 2198/2198/2198 4214/4214/4214
f 4218/4218/4218 4219/4219/4219 4220/4220/4220
f 4219/4219/4219 4221/4221/4221 4220/4220/4220
f 4219/4219/4219 4222/4222/4222 4221/4221/4221
f 4223/4223/4223 4221/4221/4221 4222/4222/4222
f 4222/4222/4222 4224/4224/4224 4223/4223/4223
f 4225/4225/4225 4223/4223/4223 4224/4224/4224
f 4224/4224/4224 4226/4226/4226 4225/4225/4225
f 4227/4227/4227 4228/4228/4228 4229/4229/4229
f 4230/4230/4230 4231/4231/4231 4232/4232/4232
f 4232/4232/4232 4233/4233/4233 4230/4230/4230
f 4234/4234/4234 4233/4233/4233 4232/4232/4232
f 4232/4232/4232 4235/4235/4235 4234/4234/4234
f 4234/4234/4234 4235/4235/4235 4236/4236/4236
f 4236/4236/4236 4237/4237/4237 4234/4234/4234
f 4237/4237/4237 4236/4236/4236 4231/4231/4231
f 4231/4231/4231 4230/4230/4230 4237/4237/4237
f 4238/4238/4238 4239/4239/4239 4240/4240/4240
f 4240/4240/4240 4241/4241/4241 4238/4238/4238
f 4242/4242/4242 4238/4238/4238 4241/4241/4241
f 4241/4241/4241 4243/4243/4243 4242/4242/4242
f 4244/4244/4244 4245/4245/4245 4246/4246/4246
f 4245/4245/4245 4247/4247/4247 4246/4246/4246
f 4247/4247/4247 4248/4248/4248 4246/4246/4246
f 4248/4248/4248 4249/4249/4249 4246/4246/4246
f 4249/4249/4249 4250/4250/4250 4246/4246/4246
f 4250/4250/4250 4244/4244/4244 4246/4246/4246
f 4251/4251/4251 4252/4252/4252 4253/4253/4253
f 4251/4251/4251 4254/4254/4254 4252/4252/4252
f 4255/4255/4255 4254/4254/4254 4251/4251/4251
f 4251/4251/4251 4256/4256/4256 4255/4255/4255
f 4257/4257/4257 4255/4255/4255 4256/4256/4256
f 4256/4256/4256 4258/4258/4258 4257/4257/4257
f 4257/4257/4257 4258/4258/4258 4259/4259/4259
f 4259/4259/4259 4260/4260/4260 4257/4257/4257
f 4261/4261/4261 4260/4260/4260 4259/4259/4259
f 4259/4259/4259 4262/4262/4262 4261/4261/4261
f 4261/4261/4261 4262/4262/4262 4263/4263/4263
f 4264/4264/4264 4265/4265/4265 4266/4266/4266
f 4266/4266/4266 4267/4267/4267 4264/4264/4264
f 4264/4264/4264 4267/4267/4267 4268/4268/4268
f 4264/4264/4264 4268/4268/4268 4269/4269/4269
f 4264/4264/4264 4269/4269/4269 4261/4261/4261
f 4270/4270/4270 4271/4271/4271 4272/4272/4272
f 4272/4272/4272 4273/4273/4273 4270/4270/4270
f 4274/4274/4274 4270/4270/4270 4273/4273/4273
f 4273/4273/4273 4275/4275/4275 4274/4274/4274
f 4274/4274/4274 4275/4275/4275 4276/4276/4276
f 4276/4276/4276 4277/4277/4277 4274/4274/4274
f 4278/4278/4278 4277/4277/4277 4276/4276/4276
f 4276/4276/4276 4279/4279/4279 4278/4278/4278
f 4278/4278/4278 4279/4279/4279 4280/4280/4280
f 4281/4281/4281 4278/4278/4278 4280/4280/4280
f 4280/4280/4280 4282/4282/4282 4281/4281/4281
f 4281/4281/4281 4282/4282/4282 4283/4283/4283
f 4271/4271/4271 4281/4281/4281 4283/4283/4283
f 4283/4283/4283 4272/4272/4272 4271/4271/4271
f 4271/4271/4271 4284/4284/4284 4285/4285/4285
f 4285/4285/4285 4281/4281/4281 4271/4271/4271
f 4281/4281/4281 4285/4285/4285 4286/4286/4286
f 4286/4286/4286 4287/4287/4287 4281/4281/4281
f 4278/4278/4278 4281/4281/4281 4287/4287/4287
f 4287/4287/4287 4288/4288/4288 4278/4278/4278
f 4288/4288/4288 4289/4289/4289 4290/4290/4290
f 4290/4290/4290 4278/4278/4278 4288/4288/4288
f 4278/4278/4278 4290/4290/4290 4291/4291/4291
f 4291/4291/4291 4277/4277/4277 4278/4278/4278
f 4277/4277/4277 4291/4291/4291 4292/4292/4292
f 4292/4292/4292 4274/4274/4274 4277/4277/4277
f 4274/4274/4274 4292/4292/4292 4293/4293/4293
f 4293/4293/4293 4270/4270/4270 4274/4274/4274
f 4270/4270/4270 4293/4293/4293 4284/4284/4284
f 4284/4284/4284 4271/4271/4271 4270/4270/4270
f 4294/4294/4294 4295/4295/4295 4296/4296/4296
f 4297/4297/4297 4294/4294/4294 4296/4296/4296
f 4297/4297/4297 4298/4298/4298 4294/4294/4294
f 4297/4297/4297 4299/4299/4299 4298/4298/4298
f 4300/4300/4300 4301/4301/4301 4302/4302/4302
f 4301/4301/4301 4303/4303/4303 4302/4302/4302
f 4303/4303/4303 4304/4304/4304 4302/4302/4302
f 4304/4304/4304 4305/4305/4305 4302/4302/4302
f 4305/4305/4305 4306/4306/4306 4302/4302/4302
f 4306/4306/4306 4300/4300/4300 4302/4302/4302
f 4307/4307/4307 4308/4308/4308 4309/4309/4309
f 4309/4309/4309 4310/4310/4310 4307/4307/4307
f 4310/4310/4310 4309/4309/4309 4311/4311/4311
f 4311/4311/4311 4312/4312/4312 4310/4310/4310
f 4312/4312/4312 4311/4311/4311 4313/4313/4313
f 4313/4313/4313 4314/4314/4314 4312/4312/4312
f 4315/4315/4315 4316/4316/4316 4317/4317/4317
f 4317/4317/4317 4318/4318/4318 4315/4315/4315
f 4319/4319/4319 4318/4318/4318 4317/4317/4317
f 4317/4317/4317 4320/4320/4320 4319/4319/4319
f 4321/4321/4321 4319/4319/4319 4320/4320/4320
f 4320/4320/4320 4322/4322/4322 4321/4321/4321
f 4323/4323/4323 4321/4321/4321 4322/4322/4322
f 4322/4322/4322 4324/4324/4324 4323/4323/4323
f 4325/4325/4325 4323/4323/4323 4324/4324/4324
f 4324/4324/4324 4326/4326/4326 4325/4325/4325
f 4327/4327/4327 4328/4328/4328 4329/4329/4329
f 4330/4330/4330 4327/4327/4327 4331/4331/4331
f 4329/4329/4329 4331/4331/4331 4327/4327/4327
f 4331/4331/4331 4329/4329/4329 4332/4332/4332
f 4331/4331/4331 4332/4332/4332 4333/4333/4333
f 4333/4333/4333 4334/4334/4334 4331/4331/4331
f 4331/4331/4331 4334/4334/4334 4335/4335/4335
f 4335/4335/4335 4336/4336/4336 4331/4331/4331
f 4336/4336/4336 4335/4335/4335 4337/4337/4337
f 4336/4336/4336 4337/4337/4337 4338/4338/4338
f 4338/4338/4338 4339/4339/4339 4336/4336/4336
f 4340/4340/4340 4336/4336/4336 4339/4339/4339
f 4339/4339/4339 4341/4341/4341 4340/4340/4340
f 4342/4342/4342 4343/4343/4343 4344/4344/4344
f 4344/4344/4344 4345/4345/4345 4342/4342/4342
f 4345/4345/4345 4340/4340/4340 4342/4342/4342
f 4345/4345/4345 4336/4336/4336 4340/4340/4340
f 4345/4345/4345 4346/4346/4346 4336/4336/4336
f 4331/4331/4331 4336/4336/4336 4346/4346/4346
f 4346/4346/4346 4330/4330/4330 4331/4331/4331
f 4330/4330/4330 4347/4347/4347 4348/4348/4348
f 4347/4347/4347 4330/4330/4330 4346/4346/4346
f 4346/4346/4346 4349/4349/4349 4347/4347/4347
f 4349/4349/4349 4346/4346/4346 4345/4345/4345
f 4345/4345/4345 4350/4350/4350 4349/4349/4349
f 4350/4350/4350 4345/4345/4345 4344/4344/4344
f 4344/4344/4344 4348/4348/4348 4350/4350/4350
f 4348/4348/4348 4344/4344/4344 4330/4330/4330
f 4330/4330/4330 4344/4344/4344 4343/4343/4343
f 4330/4330/4330 4343/4343/4343 4327/4327/4327
f 4351/4351/4351 4352/4352/4352 4353/4353/4353
f 4353/4353/4353 4354/4354/4354 4351/4351/4351
f 4354/4354/4354 4353/4353/4353 4355/4355/4355
f 4355/4355/4355 4356/4356/4356 4354/4354/4354
f 4356/4356/4356 4355/4355/4355 4357/4357/4357
f 4357/4357/4357 4358/4358/4358 4356/4356/4356
f 4358/4358/4358 4357/4357/4357 4359/4359/4359
f 4360/4360/4360 4358/4358/4358 4359/4359/4359
f 4359/4359/4359 4361/4361/4361 4360/4360/4360
f 4362/4362/4362 4363/4363/4363 4364/4364/4364
f 4364/4364/4364 4365/4365/4365 4362/4362/4362
f 4366/4366/4366 4362/4362/4362 4365/4365/4365
f 4365/4365/4365 4367/4367/4367 4366/4366/4366
f 4366/4366/4366 4367/4367/4367 4368/4368/4368
f 4368/4368/4368 4369/4369/4369 4366/4366/4366
f 4369/4369/4369 4368/4368/4368 4370/4370/4370
f 4370/4370/4370 4371/4371/4371 4369/4369/4369
f 4371/4371/4371 4370/4370/4370 4372/4372/4372
f 4372/4372/4372 4373/4373/4373 4371/4371/4371
f 4374/4374/4374 4375/4375/4375 4376/4376/4376
f 4376/4376/4376 4377/4377/4377 4374/4374/4374
f 4378/4378/4378 4377/4377/4377 4376/4376/4376
f 4376/4376/4376 4379/4379/4379 4378/4378/4378
f 4380/4380/4380 4378/4378/4378 4379/4379/4379
f 4379/4379/4379 4381/4381/4381 4380/4380/4380
f 4382/4382/4382 4380/4380/4380 4381/4381/4381
f 4381/4381/4381 4383/4383/4383 4382/4382/4382
f 4384/4384/4384 4382/4382/4382 4383/4383/4383
f 4383/4383/4383 4385/4385/4385 4384/4384/4384
f 4386/4386/4386 4387/4387/4387 4388/4388/4388
f 4389/4389/4389 4390/4390/4390 4391/4391/4391
f 4392/4392/4392 4391/4391/4391 4390/4390/4390
f 4391/4391/4391 4392/4392/4392 4393/4393/4393
f 4394/4394/4394 4393/4393/4393 4392/4392/4392
f 4393/4393/4393 4394/4394/4394 4386/4386/4386
f 4386/4386/4386 4395/4395/4395 4393/4393/4393
f 4388/4388/4388 4395/4395/4395 4386/4386/4386
f 4395/4395/4395 4388/4388/4388 4396/4396/4396
f 4396/4396/4396 4397/4397/4397 4395/4395/4395
f 4397/4397/4397 4396/4396/4396 4398/4398/4398
f 4390/4390/4390 4399/4399/4399 4392/4392/4392
f 4400/4400/4400 4392/4392/4392 4399/4399/4399
f 4392/4392/4392 4400/4400/4400 4394/4394/4394
f 4399/4399/4399 4401/4401/4401 4400/4400/4400
f 4402/4402/4402 4403/4403/4403 4404/4404/4404
f 4404/4404/4404 4389/4389/4389 4402/4402/4402
f 4391/4391/4391 4402/4402/4402 4389/4389/4389
f 4402/4402/4402 4391/4391/4391 4405/4405/4405
f 4393/4393/4393 4405/4405/4405 4391/4391/4391
f 4405/4405/4405 4393/4393/4393 4395/4395/4395
f 4395/4395/4395 4397/4397/4397 4405/4405/4405
f 4406/4406/4406 4405/4405/4405 4397/4397/4397
f 4397/4397/4397 4407/4407/4407 4406/4406/4406
f 4408/4408/4408 4406/4406/4406 4407/4407/4407
f 4406/4406/4406 4408/4408/4408 4403/4403/4403
f 4409/4409/4409 4403/4403/4403 4408/4408/4408
f 4405/4405/4405 4406/4406/4406 4402/4402/4402
f 4403/4403/4403 4402/4402/4402 4406/4406/4406
f 4398/4398/4398 4407/4407/4407 4397/4397/4397
f 4410/4410/4410 4407/4407/4407 4398/4398/4398
f 4407/4407/4407 4410/4410/4410 4408/4408/4408
f 4411/4411/4411 4408/4408/4408 4410/4410/4410
f 4408/4408/4408 4411/4411/4411 4409/4409/4409
f 4412/4412/4412 4409/4409/4409 4411/4411/4411
f 4409/4409/4409 4412/4412/4412 4413/4413/4413
f 4413/4413/4413 4414/4414/4414 4409/4409/4409
f 4403/4403/4403 4409/4409/4409 4414/4414/4414
f 4414/4414/4414 4404/4404/4404 4403/4403/4403
f 4398/4398/4398 4415/4415/4415 4410/4410/4410
f 4410/4410/4410 4415/4415/4415 4416/4416/4416
f 4416/4416/4416 4417/4417/4417 4410/4410/4410
f 4410/4410/4410 4417/4417/4417 4411/4411/4411
f 4418/4418/4418 4411/4411/4411 4417/4417/4417
f 4411/4411/4411 4418/4418/4418 4412/4412/4412
f 4417/4417/4417 4416/4416/4416 4419/4419/4419
f 4419/4419/4419 4420/4420/4420 4417/4417/4417
f 4417/4417/4417 4420/4420/4420 4418/4418/4418
f 4421/4421/4421 4422/4422/4422 4423/4423/4423
f 4423/4423/4423 4424/4424/4424 4421/4421/4421
f 4425/4425/4425 4424/4424/4424 4423/4423/4423
f 4423/4423/4423 4426/4426/4426 4425/4425/4425
f 4426/4426/4426 4423/4423/4423 4427/4427/4427
f 4427/4427/4427 4428/4428/4428 4426/4426/4426
f 4428/4428/4428 4427/4427/4427 4429/4429/4429
f 4429/4429/4429 4430/4430/4430 4428/4428/4428
f 4428/4428/4428 4430/4430/4430 4431/4431/4431
f 4431/4431/4431 4432/4432/4432 4428/4428/4428
f 4432/4432/4432 4431/4431/4431 4433/4433/4433
f 4426/4426/4426 4428/4428/4428 4432/4432/4432
f 4434/4434/4434 4435/4435/4435 4429/4429/4429
f 4429/4429/4429 4427/4427/4427 4434/4434/4434
f 4422/4422/4422 4434/4434/4434 4427/4427/4427
f 4427/4427/4427 4423/4423/4423 4422/4422/4422
f 4436/4436/4436 4437/4437/4437 4435/4435/4435
f 4435/4435/4435 4434/4434/4434 4436/4436/4436
f 4438/4438/4438 4436/4436/4436 4434/4434/4434
f 4434/4434/4434 4422/4422/4422 4438/4438/4438
f 4439/4439/4439 4438/4438/4438 4422/4422/4422
f 4422/4422/4422 4421/4421/4421 4439/4439/4439
f 4440/4440/4440 4439/4439/4439 4421/4421/4421
f 4421/4421/4421 4441/4441/4441 4440/4440/4440
f 4441/4441/4441 4421/4421/4421 4424/4424/4424
f 4424/4424/4424 4442/4442/4442 4441/4441/4441
f 4442/4442/4442 4424/4424/4424 4425/4425/4425
f 4425/4425/4425 4443/4443/4443 4442/4442/4442
f 4444/4444/4444 4440/4440/4440 4441/4441/4441
f 4441/4441/4441 4445/4445/4445 4444/4444/4444
f 4445/4445/4445 4441/4441/4441 4442/4442/4442
f 4442/4442/4442 4446/4446/4446 4445/4445/4445
f 4446/4446/4446 4442/4442/4442 4443/4443/4443
f 4443/4443/4443 4447/4447/4447 4446/4446/4446
f 4448/4448/4448 4449/4449/4449 4450/4450/4450
f 4450/4450/4450 4451/4451/4451 4448/4448/4448
f 4451/4451/4451 4450/4450/4450 4444/4444/4444
f 4444/4444/4444 4452/4452/4452 4451/4451/4451
f 4452/4452/4452 4444/4444/4444 4445/4445/4445
f 4445/4445/4445 4453/4453/4453 4452/4452/4452
f 4453/4453/4453 4445/4445/4445 4446/4446/4446
f 4446/4446/4446 4454/4454/4454 4453/4453/4453
f 4455/4455/4455 4454/4454/4454 4446/4446/4446
f 4446/4446/4446 4447/4447/4447 4455/4455/4455
f 4456/4456/4456 4457/4457/4457 4458/4458/4458
f 4458/4458/4458 4459/4459/4459 4456/4456/4456
f 4460/4460/4460 4456/4456/4456 4459/4459/4459
f 4459/4459/4459 4461/4461/4461 4460/4460/4460
f 4462/4462/4462 4460/4460/4460 4461/4461/4461
f 4461/4461/4461 4463/4463/4463 4462/4462/4462
f 4464/4464/4464 4462/4462/4462 4463/4463/4463
f 4463/4463/4463 4465/4465/4465 4464/4464/4464
f 4449/4449/4449 4464/4464/4464 4465/4465/4465
f 4465/4465/4465 4450/4450/4450 4449/4449/4449
f 4459/4459/4459 4458/4458/4458 4437/4437/4437
f 4437/4437/4437 4436/4436/4436 4459/4459/4459
f 4461/4461/4461 4459/4459/4459 4436/4436/4436
f 4436/4436/4436 4438/4438/4438 4461/4461/4461
f 4463/4463/4463 4461/4461/4461 4438/4438/4438
f 4438/4438/4438 4439/4439/4439 4463/4463/4463
f 4465/4465/4465 4463/4463/4463 4439/4439/4439
f 4439/4439/4439 4440/4440/4440 4465/4465/4465
f 4450/4450/4450 4465/4465/4465 4440/4440/4440
f 4440/4440/4440 4444/4444/4444 4450/4450/4450
f 4466/4466/4466 4467/4467/4467 4468/4468/4468
f 4469/4469/4469 4433/4433/4433 4470/4470/4470
f 4470/4470/4470 4471/4471/4471 4469/4469/4469
f 4471/4471/4471 4470/4470/4470 4472/4472/4472
f 4472/4472/4472 4473/4473/4473 4471/4471/4471
f 4473/4473/4473 4472/4472/4472 4474/4474/4474
f 4474/4474/4474 4475/4475/4475 4473/4473/4473
f 4476/4476/4476 4473/4473/4473 4475/4475/4475
f 4475/4475/4475 4477/4477/4477 4476/4476/4476
f 4478/4478/4478 4476/4476/4476 4477/4477/4477
f 4477/4477/4477 4479/4479/4479 4478/4478/4478
f 4480/4480/4480 4481/4481/4481 4482/4482/4482
f 4483/4483/4483 4482/4482/4482 4481/4481/4481
f 4482/4482/4482 4483/4483/4483 4484/4484/4484
f 4485/4485/4485 4484/4484/4484 4483/4483/4483
f 4484/4484/4484 4485/4485/4485 4476/4476/4476
f 4473/4473/4473 4476/4476/4476 4485/4485/4485
f 4485/4485/4485 4471/4471/4471 4473/4473/4473
f 4471/4471/4471 4485/4485/4485 4486/4486/4486
f 4486/4486/4486 4469/4469/4469 4471/4471/4471
f 4469/4469/4469 4486/4486/4486 4487/4487/4487
f 4488/4488/4488 4487/4487/4487 4486/4486/4486
f 4486/4486/4486 4483/4483/4483 4488/4488/4488
f 4481/4481/4481 4488/4488/4488 4483/4483/4483
f 4483/4483/4483 4486/4486/4486 4485/4485/4485
f 4455/4455/4455 4447/4447/4447 4480/4480/4480
f 4480/4480/4480 4447/4447/4447 4443/4443/4443
f 4443/4443/4443 4481/4481/4481 4480/4480/4480
f 4481/4481/4481 4443/4443/4443 4425/4425/4425
f 4425/4425/4425 4488/4488/4488 4481/4481/4481
f 4488/4488/4488 4425/4425/4425 4426/4426/4426
f 4426/4426/4426 4487/4487/4487 4488/4488/4488
f 4432/4432/4432 4487/4487/4487 4426/4426/4426
f 4487/4487/4487 4432/4432/4432 4469/4469/4469
f 4433/4433/4433 4469/4469/4469 4432/4432/4432
f 4476/4476/4476 4478/4478/4478 4484/4484/4484
f 4489/4489/4489 4484/4484/4484 4478/4478/4478
f 4484/4484/4484 4489/4489/4489 4482/4482/4482
f 4490/4490/4490 4482/4482/4482 4489/4489/4489
f 4482/4482/4482 4490/4490/4490 4480/4480/4480
f 4491/4491/4491 4480/4480/4480 4490/4490/4490
f 4480/4480/4480 4491/4491/4491 4455/4455/4455
f 4478/4478/4478 4492/4492/4492 4489/4489/4489
f 4493/4493/4493 4489/4489/4489 4492/4492/4492
f 4489/4489/4489 4493/4493/4493 4490/4490/4490
f 4494/4494/4494 4490/4490/4490 4493/4493/4493
f 4490/4490/4490 4494/4494/4494 4491/4491/4491
f 4492/4492/4492 4495/4495/4495 4493/4493/4493
f 4496/4496/4496 4493/4493/4493 4495/4495/4495
f 4493/4493/4493 4496/4496/4496 4494/4494/4494
f 4495/4495/4495 4497/4497/4497 4496/4496/4496
f 4492/4492/4492 4478/4478/4478 4479/4479/4479
f 4479/4479/4479 4498/4498/4498 4492/4492/4492
f 4495/4495/4495 4492/4492/4492 4498/4498/4498
f 4498/4498/4498 4499/4499/4499 4495/4495/4495
f 4497/4497/4497 4495/4495/4495 4499/4499/4499
f 4499/4499/4499 4500/4500/4500 4497/4497/4497
f 4501/4501/4501 4502/4502/4502 4503/4503/4503
f 4504/4504/4504 4505/4505/4505 4506/4506/4506
f 4506/4506/4506 4507/4507/4507 4504/4504/4504
f 4507/4507/4507 4506/4506/4506 4508/4508/4508
f 4508/4508/4508 4509/4509/4509 4507/4507/4507
f 4509/4509/4509 4508/4508/4508 4510/4510/4510
f 4510/4510/4510 4511/4511/4511 4509/4509/4509
f 4511/4511/4511 4510/4510/4510 4512/4512/4512
f 4512/4512/4512 4513/4513/4513 4511/4511/4511
f 4505/4505/4505 4514/4514/4514 4515/4515/4515
f 4515/4515/4515 4506/4506/4506 4505/4505/4505
f 4506/4506/4506 4515/4515/4515 4516/4516/4516
f 4516/4516/4516 4508/4508/4508 4506/4506/4506
f 4508/4508/4508 4516/4516/4516 4517/4517/4517
f 4517/4517/4517 4510/4510/4510 4508/4508/4508
f 4510/4510/4510 4517/4517/4517 4518/4518/4518
f 4518/4518/4518 4512/4512/4512 4510/4510/4510
f 4512/4512/4512 4518/4518/4518 4519/4519/4519
f 4519/4519/4519 4520/4520/4520 4512/4512/4512
f 4513/4513/4513 4512/4512/4512 4520/4520/4520
f 4520/4520/4520 4521/4521/4521 4513/4513/4513
f 4522/4522/4522 4509/4509/4509 4511/4511/4511
f 4511/4511/4511 4523/4523/4523 4522/4522/4522
f 4523/4523/4523 4511/4511/4511 4513/4513/4513
f 4513/4513/4513 4524/4524/4524 4523/4523/4523
f 4524/4524/4524 4513/4513/4513 4521/4521/4521
f 4521/4521/4521 4525/4525/4525 4524/4524/4524
f 4526/4526/4526 4527/4527/4527 4514/4514/4514
f 4514/4514/4514 4505/4505/4505 4526/4526/4526
f 4528/4528/4528 4526/4526/4526 4505/4505/4505
f 4505/4505/4505 4504/4504/4504 4528/4528/4528
f 4529/4529/4529 4528/4528/4528 4504/4504/4504
f 4504/4504/4504 4530/4530/4530 4529/4529/4529
f 4530/4530/4530 4504/4504/4504 4507/4507/4507
f 4507/4507/4507 4531/4531/4531 4530/4530/4530
f 4531/4531/4531 4507/4507/4507 4509/4509/4509
f 4509/4509/4509 4522/4522/4522 4531/4531/4531
f 4532/4532/4532 4533/4533/4533 4534/4534/4534
f 4534/4534/4534 4535/4535/4535 4532/4532/4532
f 4535/4535/4535 4534/4534/4534 4536/4536/4536
f 4536/4536/4536 4537/4537/4537 4535/4535/4535
f 4537/4537/4537 4536/4536/4536 4538/4538/4538
f 4538/4538/4538 4539/4539/4539 4537/4537/4537
f 4539/4539/4539 4538/4538/4538 4540/4540/4540
f 4540/4540/4540 4541/4541/4541 4539/4539/4539
f 4541/4541/4541 4540/4540/4540 4542/4542/4542
f 4542/4542/4542 4543/4543/4543 4541/4541/4541
f 4543/4543/4543 4542/4542/4542 4544/4544/4544
f 4544/4544/4544 4545/4545/4545 4543/4543/4543
f 4546/4546/4546 4547/4547/4547 4548/4548/4548
f 4547/4547/4547 4546/4546/4546 4549/4549/4549
f 4550/4550/4550 4549/4549/4549 4546/4546/4546
f 4549/4549/4549 4550/4550/4550 4551/4551/4551
f 4552/4552/4552 4551/4551/4551 4550/4550/4550
f 4551/4551/4551 4552/4552/4552 4553/4553/4553
f 4553/4553/4553 4554/4554/4554 4551/4551/4551
f 4555/4555/4555 4551/4551/4551 4554/4554/4554
f 4554/4554/4554 4556/4556/4556 4555/4555/4555
f 4557/4557/4557 4555/4555/4555 4556/4556/4556
f 4556/4556/4556 4558/4558/4558 4557/4557/4557
f 4555/4555/4555 4557/4557/4557 4559/4559/4559
f 4551/4551/4551 4555/4555/4555 4549/4549/4549
f 4559/4559/4559 4549/4549/4549 4555/4555/4555
f 4549/4549/4549 4559/4559/4559 4547/4547/4547
f 4560/4560/4560 4561/4561/4561 4558/4558/4558
f 4558/4558/4558 4556/4556/4556 4560/4560/4560
f 4562/4562/4562 4560/4560/4560 4556/4556/4556
f 4556/4556/4556 4554/4554/4554 4562/4562/4562
f 4563/4563/4563 4562/4562/4562 4554/4554/4554
f 4554/4554/4554 4553/4553/4553 4563/4563/4563
f 4564/4564/4564 4563/4563/4563 4553/4553/4553
f 4553/4553/4553 4565/4565/4565 4564/4564/4564
f 4565/4565/4565 4553/4553/4553 4552/4552/4552
f 4552/4552/4552 4566/4566/4566 4565/4565/4565
f 4566/4566/4566 4552/4552/4552 4567/4567/4567
f 4550/4550/4550 4567/4567/4567 4552/4552/4552
f 4567/4567/4567 4550/4550/4550 4568/4568/4568
f 4546/4546/4546 4568/4568/4568 4550/4550/4550
f 4568/4568/4568 4546/4546/4546 4569/4569/4569
f 4548/4548/4548 4569/4569/4569 4546/4546/4546
f 4569/4569/4569 4548/4548/4548 4570/4570/4570
f 4548/4548/4548 4571/4571/4571 4572/4572/4572
f 4572/4572/4572 4570/4570/4570 4548/4548/4548
f 4570/4570/4570 4572/4572/4572 4573/4573/4573
f 4573/4573/4573 4574/4574/4574 4570/4570/4570
f 4575/4575/4575 4570/4570/4570 4574/4574/4574
f 4570/4570/4570 4575/4575/4575 4569/4569/4569
f 4576/4576/4576 4569/4569/4569 4575/4575/4575
f 4569/4569/4569 4576/4576/4576 4568/4568/4568
f 4577/4577/4577 4568/4568/4568 4576/4576/4576
f 4568/4568/4568 4577/4577/4577 4567/4567/4567
f 4578/4578/4578 4567/4567/4567 4577/4577/4577
f 4567/4567/4567 4578/4578/4578 4566/4566/4566
f 4574/4574/4574 4579/4579/4579 4575/4575/4575
f 4580/4580/4580 4575/4575/4575 4579/4579/4579
f 4575/4575/4575 4580/4580/4580 4576/4576/4576
f 4581/4581/4581 4576/4576/4576 4580/4580/4580
f 4576/4576/4576 4581/4581/4581 4577/4577/4577
f 4582/4582/4582 4577/4577/4577 4581/4581/4581
f 4577/4577/4577 4582/4582/4582 4578/4578/4578
f 4579/4579/4579 4583/4583/4583 4580/4580/4580
f 4584/4584/4584 4580/4580/4580 4583/4583/4583
f 4580/4580/4580 4584/4584/4584 4581/4581/4581
f 4585/4585/4585 4581/4581/4581 4584/4584/4584
f 4581/4581/4581 4585/4585/4585 4582/4582/4582
f 4583/4583/4583 4586/4586/4586 4584/4584/4584
f 4587/4587/4587 4584/4584/4584 4586/4586/4586
f 4584/4584/4584 4587/4587/4587 4585/4585/4585
f 4586/4586/4586 4588/4588/4588 4587/4587/4587
f 4589/4589/4589 4590/4590/4590 4591/4591/4591
f 4590/4590/4590 4592/4592/4592 4591/4591/4591
f 4592/4592/4592 4593/4593/4593 4591/4591/4591
f 4593/4593/4593 4594/4594/4594 4591/4591/4591
f 4594/4594/4594 4595/4595/4595 4591/4591/4591
f 4595/4595/4595 4589/4589/4589 4591/4591/4591
f 4561/4561/4561 4596/4596/4596 4597/4597/4597
f 4597/4597/4597 4558/4558/4558 4561/4561/4561
f 4558/4558/4558 4597/4597/4597 4598/4598/4598
f 4598/4598/4598 4557/4557/4557 4558/4558/4558
f 4557/4557/4557 4598/4598/4598 4599/4599/4599
f 4599/4599/4599 4559/4559/4559 4557/4557/4557
f 4559/4559/4559 4599/4599/4599 4600/4600/4600
f 4600/4600/4600 4547/4547/4547 4559/4559/4559
f 4547/4547/4547 4600/4600/4600 4571/4571/4571
f 4571/4571/4571 4548/4548/4548 4547/4547/4547
f 4601/4601/4601 4602/4602/4602 4603/4603/4603
f 4603/4603/4603 4604/4604/4604 4601/4601/4601
f 4604/4604/4604 4603/4603/4603 4605/4605/4605
f 4605/4605/4605 4606/4606/4606 4604/4604/4604
f 4606/4606/4606 4605/4605/4605 4607/4607/4607
f 4607/4607/4607 4608/4608/4608 4606/4606/4606
f 4608/4608/4608 4607/4607/4607 4609/4609/4609
f 4609/4609/4609 4610/4610/4610 4608/4608/4608
f 4610/4610/4610 4609/4609/4609 4611/4611/4611
f 4611/4611/4611 4612/4612/4612 4610/4610/4610
f 4612/4612/4612 4611/4611/4611 4613/4613/4613
f 4613/4613/4613 4614/4614/4614 4612/4612/4612
f 4614/4614/4614 4613/4613/4613 4615/4615/4615
f 4615/4615/4615 4616/4616/4616 4614/4614/4614
f 4616/4616/4616 4615/4615/4615 4617/4617/4617
f 4617/4617/4617 4618/4618/4618 4616/4616/4616
f 4618/4618/4618 4617/4617/4617 4619/4619/4619
f 4619/4619/4619 4620/4620/4620 4618/4618/4618
f 4620/4620/4620 4619/4619/4619 4621/4621/4621
f 4621/4621/4621 4622/4622/4622 4620/4620/4620
f 4622/4622/4622 4621/4621/4621 4623/4623/4623
f 4623/4623/4623 4624/4624/4624 4622/4622/4622
f 4624/4624/4624 4623/4623/4623 4625/4625/4625
f 4625/4625/4625 4626/4626/4626 4624/4624/4624
f 4626/4626/4626 4625/4625/4625 4627/4627/4627
f 4627/4627/4627 4628/4628/4628 4626/4626/4626
f 4628/4628/4628 4627/4627/4627 4629/4629/4629
f 4629/4629/4629 4630/4630/4630 4628/4628/4628
f 4630/4630/4630 4629/4629/4629 4631/4631/4631
f 4631/4631/4631 4632/4632/4632 4630/4630/4630
f 4632/4632/4632 4631/4631/4631 4602/4602/4602
f 4602/4602/4602 4601/4601/4601 4632/4632/4632
f 4633/4633/4633 4634/4634/4634 4635/4635/4635
f 4636/4636/4636 4635/4635/4635 4634/4634/4634
f 4634/4634/4634 4637/4637/4637 4636/4636/4636
f 4638/4638/4638 4636/4636/4636 4637/4637/4637
f 4637/4637/4637 4639/4639/4639 4638/4638/4638
f 4640/4640/4640 4638/4638/4638 4639/4639/4639
f 4639/4639/4639 4641/4641/4641 4640/4640/4640
f 4642/4642/4642 4640/4640/4640 4641/4641/4641
f 4641/4641/4641 4643/4643/4643 4642/4642/4642
f 4644/4644/4644 4642/4642/4642 4643/4643/4643
f 4643/4643/4643 4645/4645/4645 4644/4644/4644
f 4646/4646/4646 4644/4644/4644 4645/4645/4645
f 4645/4645/4645 4647/4647/4647 4646/4646/4646
f 4648/4648/4648 4646/4646/4646 4647/4647/4647
f 4647/4647/4647 4649/4649/4649 4648/4648/4648
f 4650/4650/4650 4648/4648/4648 4649/4649/4649
f 4649/4649/4649 4651/4651/4651 4650/4650/4650
f 4652/4652/4652 4650/4650/4650 4651/4651/4651
f 4651/4651/4651 4653/4653/4653 4652/4652/4652
f 4654/4654/4654 4652/4652/4652 4653/4653/4653
f 4653/4653/4653 4655/4655/4655 4654/4654/4654
f 4656/4656/4656 4654/4654/4654 4655/4655/4655
f 4655/4655/4655 4657/4657/4657 4656/4656/4656
f 4658/4658/4658 4656/4656/4656 4657/4657/4657
f 4657/4657/4657 4659/4659/4659 4658/4658/4658
f 4660/4660/4660 4658/4658/4658 4659/4659/4659
f 4659/4659/4659 4661/4661/4661 4660/4660/4660
f 4662/4662/4662 4660/4660/4660 4661/4661/4661
f 4661/4661/4661 4663/4663/4663 4662/4662/4662
f 4664/4664/4664 4662/4662/4662 4663/4663/4663
f 4663/4663/4663 4633/4633/4633 4664/4664/4664
f 4635/4635/4635 4664/4664/4664 4633/4633/4633
f 4665/4665/4665 4666/4666/4666 4667/4667/4667
f 4667/4667/4667 4666/4666/4666 4668/4668/4668
f 4668/4668/4668 4666/4666/4666 4669/4669/4669
f 4669/4669/4669 4666/4666/4666 4670/4670/4670
f 4670/4670/4670 4666/4666/4666 4671/4671/4671
f 4671/4671/4671 4666/4666/4666 4672/4672/4672
f 4672/4672/4672 4666/4666/4666 4673/4673/4673
f 4673/4673/4673 4666/4666/4666 4665/4665/4665
f 4674/4674/4674 4675/4675/4675 4676/4676/4676
f 4677/4677/4677 4676/4676/4676 4675/4675/4675
f 4676/4676/4676 4677/4677/4677 4678/4678/4678
f 4678/4678/4678 4679/4679/4679 4676/4676/4676
f 4676/4676/4676 4679/4679/4679 4680/4680/4680
f 4680/4680/4680 4681/4681/4681 4676/4676/4676
f 4676/4676/4676 4681/4681/4681 4674/4674/4674
f 4682/4682/4682 4683/4683/4683 4684/4684/4684
f 4685/4685/4685 4683/4683/4683 4682/4682/4682
f 4682/4682/4682 4686/4686/4686 4685/4685/4685
f 4686/4686/4686 4687/4687/4687 4685/4685/4685
f 4687/4687/4687 4686/4686/4686 4688/4688/4688
f 4688/4688/4688 4689/4689/4689 4687/4687/4687
f 4689/4689/4689 4688/4688/4688 4690/4690/4690
f 4691/4691/4691 4689/4689/4689 4690/4690/4690
f 4692/4692/4692 4691/4691/4691 4690/4690/4690
f 4691/4691/4691 4692/4692/4692 4693/4693/4693
f 4690/4690/4690 4694/4694/4694 4692/4692/4692
f 4694/4694/4694 4690/4690/4690 4688/4688/4688
f 4688/4688/4688 4695/4695/4695 4694/4694/4694
f 4695/4695/4695 4688/4688/4688 4686/4686/4686
f 4686/4686/4686 4682/4682/4682 4695/4695/4695
f 4696/4696/4696 4689/4689/4689 4697/4697/4697
f 4697/4697/4697 4689/4689/4689 4691/4691/4691
f 4698/4698/4698 4699/4699/4699 4700/4700/4700
f 4699/4699/4699 4698/4698/4698 4693/4693/4693
f 4693/4693/4693 4701/4701/4701 4699/4699/4699
f 4701/4701/4701 4693/4693/4693 4692/4692/4692
f 4692/4692/4692 4702/4702/4702 4701/4701/4701
f 4702/4702/4702 4692/4692/4692 4694/4694/4694
f 4694/4694/4694 4703/4703/4703 4702/4702/4702
f 4703/4703/4703 4694/4694/4694 4695/4695/4695
f 4695/4695/4695 4684/4684/4684 4703/4703/4703
f 4684/4684/4684 4695/4695/4695 4682/4682/4682
f 4704/4704/4704 4700/4700/4700 4705/4705/4705
f 4706/4706/4706 4700/4700/4700 4704/4704/4704
f 4700/4700/4700 4706/4706/4706 4698/4698/4698
f 4698/4698/4698 4706/4706/4706 4707/4707/4707
f 4707/4707/4707 4706/4706/4706 4704/4704/4704
f 4704/4704/4704 4708/4708/4708 4707/4707/4707
f 4693/4693/4693 4697/4697/4697 4691/4691/4691
f 4697/4697/4697 4693/4693/4693 4698/4698/4698
f 4698/4698/4698 4696/4696/4696 4697/4697/4697
f 4707/4707/4707 4696/4696/4696 4698/4698/4698
f 4707/4707/4707 4689/4689/4689 4696/4696/4696
f 4689/4689/4689 4707/4707/4707 4708/4708/4708
f 4708/4708/4708 4687/4687/4687 4689/4689/4689
f 4708/4708/4708 4685/4685/4685 4687/4687/4687
f 4685/4685/4685 4708/4708/4708 4704/4704/4704
f 4704/4704/4704 4705/4705/4705 4685/4685/4685
f 4709/4709/4709 4710/4710/4710 4711/4711/4711
f 4711/4711/4711 4712/4712/4712 4709/4709/4709
f 4709/4709/4709 4712/4712/4712 4713/4713/4713
f 4713/4713/4713 4714/4714/4714 4709/4709/4709
f 1017/1017/1017 1036/1036/1036 1026/1026/1026
f 1036/1036/1036 1017/1017/1017 1015/1015/1015
f 1015/1015/1015 4715/4715/4715 1036/1036/1036
f 4715/4715/4715 1015/1015/1015 1014/1014/1014
f 1014/1014/1014 1053/1053/1053 4715/4715/4715
f 4715/4715/4715 1053/1053/1053 1051/1051/1051
f 1051/1051/1051 4716/4716/4716 4715/4715/4715
f 1049/1049/1049 4716/4716/4716 1051/1051/1051
f 4716/4716/4716 1049/1049/1049 1040/1040/1040
f 1040/1040/1040 1038/1038/1038 4716/4716/4716
f 4715/4715/4715 4716/4716/4716 1038/1038/1038
f 1038/1038/1038 1036/1036/1036 4715/4715/4715
f 4717/4717/4717 4718/4718/4718 4719/4719/4719
f 4720/4720/4720 4719/4719/4719 4718/4718/4718
f 4719/4719/4719 4720/4720/4720 4721/4721/4721
f 4722/4722/4722 4721/4721/4721 4720/4720/4720
f 4721/4721/4721 4722/4722/4722 4723/4723/4723
f 4724/4724/4724 4723/4723/4723 4722/4722/4722
f 4723/4723/4723 4724/4724/4724 4725/4725/4725
f 4726/4726/4726 4725/4725/4725 4724/4724/4724
f 4725/4725/4725 4726/4726/4726 4727/4727/4727
f 4728/4728/4728 4727/4727/4727 4726/4726/4726
f 4727/4727/4727 4728/4728/4728 4729/4729/4729
f 4730/4730/4730 4729/4729/4729 4728/4728/4728
f 4729/4729/4729 4730/4730/4730 4731/4731/4731
f 4732/4732/4732 4731/4731/4731 4730/4730/4730
f 4731/4731/4731 4732/4732/4732 4733/4733/4733
f 4734/4734/4734 4733/4733/4733 4732/4732/4732
f 4733/4733/4733 4734/4734/4734 4735/4735/4735
f 4736/4736/4736 4735/4735/4735 4734/4734/4734
f 4735/4735/4735 4736/4736/4736 4737/4737/4737
f 4738/4738/4738 4737/4737/4737 4736/4736/4736
f 4737/4737/4737 4738/4738/4738 4739/4739/4739
f 4740/4740/4740 4739/4739/4739 4738/4738/4738
f 4739/4739/4739 4740/4740/4740 4741/4741/4741
f 4742/4742/4742 4741/4741/4741 4740/4740/4740
f 4741/4741/4741 4742/4742/4742 4743/4743/4743
f 4744/4744/4744 4743/4743/4743 4742/4742/4742
f 4743/4743/4743 4744/4744/4744 4745/4745/4745
f 4746/4746/4746 4745/4745/4745 4744/4744/4744
f 4745/4745/4745 4746/4746/4746 4747/4747/4747
f 4748/4748/4748 4747/4747/4747 4746/4746/4746
f 4747/4747/4747 4748/4748/4748 4717/4717/4717
f 4718/4718/4718 4717/4717/4717 4748/4748/4748
f 4749/4749/4749 4750/4750/4750 4751/4751/4751
f 4751/4751/4751 4752/4752/4752 4749/4749/4749
f 4753/4753/4753 4749/4749/4749 4752/4752/4752
f 4752/4752/4752 4754/4754/4754 4753/4753/4753
f 4755/4755/4755 4753/4753/4753 4754/4754/4754
f 4754/4754/4754 4756/4756/4756 4755/4755/4755
f 4757/4757/4757 4755/4755/4755 4756/4756/4756
f 4756/4756/4756 4758/4758/4758 4757/4757/4757
f 1735/1735/1735 4757/4757/4757 4758/4758/4758
f 4758/4758/4758 1736/1736/1736 1735/1735/1735
f 4759/4759/4759 4760/4760/4760 4761/4761/4761
f 4760/4760/4760 4759/4759/4759 4762/4762/4762
f 4760/4760/4760 4762/4762/4762 4763/4763/4763
f 4763/4763/4763 4764/4764/4764 4760/4760/4760
f 4764/4764/4764 4763/4763/4763 4765/4765/4765
f 4765/4765/4765 4766/4766/4766 4764/4764/4764
f 4766/4766/4766 4765/4765/4765 4767/4767/4767
f 4767/4767/4767 4768/4768/4768 4766/4766/4766
f 4768/4768/4768 4767/4767/4767 4769/4769/4769
f 4769/4769/4769 4767/4767/4767 4770/4770/4770
f 4770/4770/4770 4767/4767/4767 4771/4771/4771
f 4772/4772/4772 4771/4771/4771 4767/4767/4767
f 4772/4772/4772 4767/4767/4767 4773/4773/4773
f 4774/4774/4774 4775/4775/4775 4776/4776/4776
f 4776/4776/4776 4777/4777/4777 4774/4774/4774
f 4778/4778/4778 4774/4774/4774 4777/4777/4777
f 4777/4777/4777 4779/4779/4779 4778/4778/4778
f 4780/4780/4780 4778/4778/4778 4779/4779/4779
f 4779/4779/4779 4781/4781/4781 4780/4780/4780
f 4775/4775/4775 4780/4780/4780 4781/4781/4781
f 4781/4781/4781 4776/4776/4776 4775/4775/4775
f 4776/4776/4776 4781/4781/4781 4779/4779/4779
f 4779/4779/4779 4777/4777/4777 4776/4776/4776
f 4782/4782/4782 4783/4783/4783 4784/4784/4784
f 4782/4782/4782 4784/4784/4784 4785/4785/4785
f 4785/4785/4785 4786/4786/4786 4782/4782/4782
f 4786/4786/4786 4785/4785/4785 4787/4787/4787
f 4787/4787/4787 4788/4788/4788 4786/4786/4786
f 4788/4788/4788 4787/4787/4787 4789/4789/4789
f 4789/4789/4789 4790/4790/4790 4788/4788/4788
f 4791/4791/4791 4790/4790/4790 4789/4789/4789
f 4789/4789/4789 4792/4792/4792 4791/4791/4791
f 4793/4793/4793 4794/4794/4794 4795/4795/4795
f 4795/4795/4795 4796/4796/4796 4793/4793/4793
f 4797/4797/4797 4793/4793/4793 4796/4796/4796
f 4796/4796/4796 4798/4798/4798 4797/4797/4797
f 4797/4797/4797 4798/4798/4798 4799/4799/4799
f 4799/4799/4799 4800/4800/4800 4797/4797/4797
f 4801/4801/4801 4802/4802/4802 4803/4803/4803
f 4802/4802/4802 4801/4801/4801 4804/4804/4804
f 4804/4804/4804 4805/4805/4805 4802/4802/4802
f 4806/4806/4806 4805/4805/4805 4804/4804/4804
f 4806/4806/4806 4804/4804/4804 4807/4807/4807
f 3745/3745/3745 4807/4807/4807 4804/4804/4804
f 4804/4804/4804 4801/4801/4801 3745/3745/3745
f 3745/3745/3745 4801/4801/4801 4803/4803/4803
f 4803/4803/4803 3714/3714/3714 3745/3745/3745
f 3714/3714/3714 4803/4803/4803 3715/3715/3715
f 4808/4808/4808 4809/4809/4809 4810/4810/4810
f 4810/4810/4810 4811/4811/4811 4808/4808/4808
f 4808/4808/4808 4811/4811/4811 4812/4812/4812
f 4812/4812/4812 4813/4813/4813 4808/4808/4808
f 4813/4813/4813 4812/4812/4812 4814/4814/4814
f 4814/4814/4814 4815/4815/4815 4813/4813/4813
f 4815/4815/4815 4814/4814/4814 4816/4816/4816
f 4816/4816/4816 4817/4817/4817 4815/4815/4815
f 4817/4817/4817 4816/4816/4816 4818/4818/4818
f 4818/4818/4818 4819/4819/4819 4817/4817/4817
f 4820/4820/4820 4821/4821/4821 4822/4822/4822
f 4822/4822/4822 4823/4823/4823 4820/4820/4820
f 4824/4824/4824 4820/4820/4820 4823/4823/4823
f 4823/4823/4823 4825/4825/4825 4824/4824/4824
f 4824/4824/4824 4825/4825/4825 4826/4826/4826
f 4826/4826/4826 4827/4827/4827 4824/4824/4824
f 4828/4828/4828 4829/4829/4829 4830/4830/4830
f 4830/4830/4830 4831/4831/4831 4828/4828/4828
f 4832/4832/4832 4828/4828/4828 4831/4831/4831
f 4831/4831/4831 4833/4833/4833 4832/4832/4832
f 4834/4834/4834 4832/4832/4832 4833/4833/4833
f 4833/4833/4833 4835/4835/4835 4834/4834/4834
f 3770/3770/3770 4836/4836/4836 3767/3767/3767
f 4837/4837/4837 4838/4838/4838 4839/4839/4839
f 4840/4840/4840 4841/4841/4841 4842/4842/4842
f 4842/4842/4842 4843/4843/4843 4840/4840/4840
f 4843/4843/4843 4844/4844/4844 4840/4840/4840
f 4844/4844/4844 4843/4843/4843 4845/4845/4845
f 4845/4845/4845 4846/4846/4846 4844/4844/4844
f 4846/4846/4846 4845/4845/4845 4847/4847/4847
f 4847/4847/4847 4848/4848/4848 4846/4846/4846
f 4848/4848/4848 4847/4847/4847 4849/4849/4849
f 4849/4849/4849 4850/4850/4850 4848/4848/4848
f 4851/4851/4851 4852/4852/4852 4853/4853/4853
f 4854/4854/4854 4855/4855/4855 4856/4856/4856
f 4856/4856/4856 4855/4855/4855 4857/4857/4857
f 4857/4857/4857 4858/4858/4858 4856/4856/4856
f 4859/4859/4859 4858/4858/4858 4857/4857/4857
f 4857/4857/4857 4860/4860/4860 4859/4859/4859
f 4861/4861/4861 4859/4859/4859 4860/4860/4860
f 4860/4860/4860 4854/4854/4854 4861/4861/4861
f 4856/4856/4856 4861/4861/4861 4854/4854/4854
f 4862/4862/4862 4863/4863/4863 4864/4864/4864
f 4865/4865/4865 4866/4866/4866 4867/4867/4867
f 4868/4868/4868 4869/4869/4869 4870/4870/4870
usemtl glass
f 4871/4871/4871 4872/4872/4872 4873/4873/4873
f 4872/4872/4872 4874/4874/4874 4875/4875/4875
f 4875/4875/4875 4873/4873/4873 4872/4872/4872
f 4875/4875/4875 4876/4876/4876 4873/4873/4873
f 4876/4876/4876 4877/4877/4877 4873/4873/4873
f 4873/4873/4873 4877/4877/4877 4871/4871/4871
f 4871/4871/4871 4877/4877/4877 4878/4878/4878
f 4879/4879/4879 4878/4878/4878 4877/4877/4877
f 4877/4877/4877 4880/4880/4880 4879/4879/4879
f 4879/4879/4879 4880/4880/4880 4881/4881/4881
f 4881/4881/4881 4880/4880/4880 4882/4882/4882
f 4877/4877/4877 4876/4876/4876 4882/4882/4882
f 4882/4882/4882 4880/4880/4880 4877/4877/4877
f 4882/4882/4882 4883/4883/4883 4881/4881/4881
f 4883/4883/4883 4884/4884/4884 4881/4881/4881
f 4883/4883/4883 4885/4885/4885 4884/4884/4884
f 4886/4886/4886 4884/4884/4884 4885/4885/4885
f 4887/4887/4887 4884/4884/4884 4886/4886/4886
f 4887/4887/4887 4881/4881/4881 4884/4884/4884
f 4888/4888/4888 4881/4881/4881 4887/4887/4887
f 4881/4881/4881 4888/4888/4888 4879/4879/4879
f 4889/4889/4889 4890/4890/4890 4891/4891/4891
f 4891/4891/4891 4890/4890/4890 4892/4892/4892
f 4892/4892/4892 4893/4893/4893 4891/4891/4891
f 4893/4893/4893 4894/4894/4894 4891/4891/4891
f 4895/4895/4895 4894/4894/4894 4893/4893/4893
f 4896/4896/4896 4894/4894/4894 4895/4895/4895
f 4895/4895/4895 4897/4897/4897 4896/4896/4896
f 4891/4891/4891 4898/4898/4898 4889/4889/4889
f 4899/4899/4899 4898/4898/4898 4891/4891/4891
f 4899/4899/4899 4891/4891/4891 4894/4894/4894
f 4894/4894/4894 4896/4896/4896 4899/4899/4899
f 4892/4892/4892 4890/4890/4890 4900/4900/4900
f 4900/4900/4900 4901/4901/4901 4892/4892/4892
f 4901/4901/4901 4900/4900/4900 4902/4902/4902
f 4901/4901/4901 4902/4902/4902 4903/4903/4903
f 4904/4904/4904 4903/4903/4903 4902/4902/4902
f 4905/4905/4905 4904/4904/4904 4902/4902/4902
f 4905/4905/4905 4902/4902/4902 4900/4900/4900
f 4906/4906/4906 4905/4905/4905 4900/4900/4900
f 4889/4889/4889 4906/4906/4906 4900/4900/4900
f 4900/4900/4900 4890/4890/4890 4889/4889/4889
f 4907/4907/4907 4908/4908/4908 4909/4909/4909
f 4909/4909/4909 4910/4910/4910 4907/4907/4907
f 4910/4910/4910 4909/4909/4909 4911/4911/4911
f 4911/4911/4911 4912/4912/4912 4910/4910/4910
f 4912/4912/4912 4911/4911/4911 4913/4913/4913
f 4913/4913/4913 4914/4914/4914 4912/4912/4912
f 4914/4914/4914 4913/4913/4913 4915/4915/4915
f 4915/4915/4915 4916/4916/4916 4914/4914/4914
f 4917/4917/4917 4916/4916/4916 4915/4915/4915
f 4915/4915/4915 4918/4918/4918 4917/4917/4917
f 4918/4918/4918 4919/4919/4919 4920/4920/4920
f 4920/4920/4920 4917/4917/4917 4918/4918/4918
f 4917/4917/4917 4920/4920/4920 4921/4921/4921
f 4921/4921/4921 4922/4922/4922 4917/4917/4917
f 4916/4916/4916 4917/4917/4917 4922/4922/4922
f 4922/4922/4922 4923/4923/4923 4916/4916/4916
f 4914/4914/4914 4916/4916/4916 4923/4923/4923
f 4923/4923/4923 4924/4924/4924 4914/4914/4914
f 4912/4912/4912 4914/4914/4914 4924/4924/4924
f 4924/4924/4924 4925/4925/4925 4912/4912/4912
f 4910/4910/4910 4912/4912/4912 4925/4925/4925
f 4925/4925/4925 4926/4926/4926 4910/4910/4910
f 4910/4910/4910 4926/4926/4926 4927/4927/4927
f 4927/4927/4927 4907/4907/4907 4910/4910/4910
f 4907/4907/4907 4927/4927/4927 4928/4928/4928
f 4928/4928/4928 4929/4929/4929 4907/4907/4907
f 4908/4908/4908 4907/4907/4907 4929/4929/4929
f 4929/4929/4929 4930/4930/4930 4908/4908/4908
f 4931/4931/4931 4932/4932/4932 4933/4933/4933
f 4933/4933/4933 4934/4934/4934 4931/4931/4931
f 4935/4935/4935 4934/4934/4934 4933/4933/4933
f 4933/4933/4933 4936/4936/4936 4935/4935/4935
f 4937/4937/4937 4935/4935/4935 4936/4936/4936
f 4936/4936/4936 4938/4938/4938 4937/4937/4937
f 4939/4939/4939 4937/4937/4937 4938/4938/4938
f 4938/4938/4938 4940/4940/4940 4939/4939/4939
f 4941/4941/4941 4939/4939/4939 4940/4940/4940
f 4940/4940/4940 4942/4942/4942 4941/4941/4941
f 4943/4943/4943 4937/4937/4937 4939/4939/4939
f 4939/4939/4939 4944/4944/4944 4943/4943/4943
f 4945/4945/4945 4944/4944/4944 4939/4939/4939
f 4939/4939/4939 4941/4941/4941 4945/4945/4945
f 4946/4946/4946 4945/4945/4945 4941/4941/4941
f 4941/4941/4941 4947/4947/4947 4946/4946/4946
f 4947/4947/4947 4941/4941/4941 4942/4942/4942
f 4942/4942/4942 4948/4948/4948 4947/4947/4947
f 4949/4949/4949 4950/4950/4950 4932/4932/4932
f 4932/4932/4932 4931/4931/4931 4949/4949/4949
f 4951/4951/4951 4949/4949/4949 4931/4931/4931
f 4931/4931/4931 4952/4952/4952 4951/4951/4951
f 4952/4952/4952 4931/4931/4931 4934/4934/4934
f 4934/4934/4934 4953/4953/4953 4952/4952/4952
f 4953/4953/4953 4934/4934/4934 4935/4935/4935
f 4935/4935/4935 4954/4954/4954 4953/4953/4953
f 4954/4954/4954 4935/4935/4935 4937/4937/4937
f 4937/4937/4937 4943/4943/4943 4954/4954/4954
usemtl tire
f 4955/4955/4955 4956/4956/4956 4957/4957/4957
f 4955/4955/4955 4958/4958/4958 4959/4959/4959
f 4955/4955/4955 4959/4959/4959 4960/4960/4960
f 4955/4955/4955 4961/4961/4961 4962/4962/4962
f 4955/4955/4955 4963/4963/4963 4964/4964/4964
f 4965/4965/4965 4966/4966/4966 4967/4967/4967
f 4965/4965/4965 4967/4967/4967 4968/4968/4968
f 4965/4965/4965 4969/4969/4969 4970/4970/4970
f 4965/4965/4965 4971/4971/4971 4972/4972/4972
f 4965/4965/4965 4973/4973/4973 4974/4974/4974
f 4975/4975/4975 4976/4976/4976 4977/4977/4977
f 4977/4977/4977 4976/4976/4976 4978/4978/4978
f 4978/4978/4978 4976/4976/4976 4979/4979/4979
f 4979/4979/4979 4976/4976/4976 4980/4980/4980
f 4980/4980/4980 4976/4976/4976 4981/4981/4981
f 4981/4981/4981 4976/4976/4976 4982/4982/4982
f 4982/4982/4982 4976/4976/4976 4983/4983/4983
f 4983/4983/4983 4976/4976/4976 4984/4984/4984
f 4984/4984/4984 4976/4976/4976 4985/4985/4985
f 4985/4985/4985 4976/4976/4976 4986/4986/4986
f 4986/4986/4986 4976/4976/4976 4987/4987/4987
f 4987/4987/4987 4976/4976/4976 4988/4988/4988
f 4988/4988/4988 4976/4976/4976 4989/4989/4989
f 4989/4989/4989 4976/4976/4976 4990/4990/4990
f 4990/4990/4990 4976/4976/4976 4991/4991/4991
f 4991/4991/4991 4976/4976/4976 4975/4975/4975
f 4992/4992/4992 4993/4993/4993 4994/4994/4994
f 4992/4992/4992 4995/4995/4995 4993/4993/4993
f 4992/4992/4992 4996/4996/4996 4997/4997/4997
f 4992/4992/4992 4998/4998/4998 4999/4999/4999
f 4992/4992/4992 5000/5000/5000 5001/5001/5001
f 5002/5002/5002 5003/5003/5003 5004/5004/5004
f 5005/5005/5005 5006/5006/5006 5007/5007/5007
f 5005/5005/5005 5007/5007/5007 5008/5008/5008
f 5005/5005/5005 5009/5009/5009 5010/5010/5010
f 5011/5011/5011 5012/5012/5012 5013/5013/5013
f 5014/5014/5014 5015/5015/5015 5016/5016/5016
f 5014/5014/5014 5016/5016/5016 5017/5017/5017
f 5014/5014/5014 5018/5018/5018 5019/5019/5019
f 5020/5020/5020 5021/5021/5021 5022/5022/5022
f 5020/5020/5020 5023/5023/5023 5024/5024/5024
f 5025/5025/5025 5026/5026/5026 5027/5027/5027
f 5028/5028/5028 5029/5029/5029 5030/5030/5030
f 5029/5029/5029 5028/5028/5028 5031/5031/5031
f 5031/5031/5031 5032/5032/5032 5029/5029/5029
f 5032/5032/5032 5031/5031/5031 5033/5033/5033
f 5033/5033/5033 5026/5026/5026 5032/5032/5032
f 5026/5026/5026 5033/5033/5033 5034/5034/5034
f 5034/5034/5034 5027/5027/5027 5026/5026/5026
f 5027/5027/5027 5034/5034/5034 5035/5035/5035
f 5032/5032/5032 5036/5036/5036 5037/5037/5037
f 5037/5037/5037 5029/5029/5029 5032/5032/5032
f 5029/5029/5029 5037/5037/5037 5038/5038/5038
f 5038/5038/5038 5030/5030/5030 5029/5029/5029
f 5030/5030/5030 5038/5038/5038 5039/5039/5039
f 5039/5039/5039 5040/5040/5040 5030/5030/5030
f 5040/5040/5040 5039/5039/5039 5041/5041/5041
f 5041/5041/5041 5042/5042/5042 5040/5040/5040
f 5042/5042/5042 5041/5041/5041 5043/5043/5043
f 5043/5043/5043 5044/5044/5044 5042/5042/5042
f 5045/5045/5045 5046/5046/5046 5047/5047/5047
f 5046/5046/5046 5045/5045/5045 5048/5048/5048
f 5048/5048/5048 5044/5044/5044 5046/5046/5046
f 5044/5044/5044 5048/5048/5048 5049/5049/5049
f 5049/5049/5049 5042/5042/5042 5044/5044/5044
f 5042/5042/5042 5049/5049/5049 5050/5050/5050
f 5050/5050/5050 5040/5040/5040 5042/5042/5042
f 5040/5040/5040 5050/5050/5050 5051/5051/5051
f 5051/5051/5051 5030/5030/5030 5040/5040/5040
f 5030/5030/5030 5051/5051/5051 5028/5028/5028
f 5052/5052/5052 5053/5053/5053 5054/5054/5054
f 5053/5053/5053 5052/5052/5052 5055/5055/5055
f 5056/5056/5056 5055/5055/5055 5052/5052/5052
f 5055/5055/5055 5056/5056/5056 5057/5057/5057
f 5058/5058/5058 5057/5057/5057 5056/5056/5056
f 5057/5057/5057 5058/5058/5058 5059/5059/5059
f 5060/5060/5060 5059/5059/5059 5058/5058/5058
f 5059/5059/5059 5060/5060/5060 5061/5061/5061
f 5047/5047/5047 5061/5061/5061 5060/5060/5060
f 5061/5061/5061 5047/5047/5047 5046/5046/5046
f 5044/5044/5044 5043/5043/5043 5062/5062/5062
f 5062/5062/5062 5046/5046/5046 5044/5044/5044
f 5046/5046/5046 5062/5062/5062 5061/5061/5061
f 5063/5063/5063 5061/5061/5061 5062/5062/5062
f 5061/5061/5061 5063/5063/5063 5059/5059/5059
f 5064/5064/5064 5059/5059/5059 5063/5063/5063
f 5059/5059/5059 5064/5064/5064 5057/5057/5057
f 5065/5065/5065 5057/5057/5057 5064/5064/5064
f 5057/5057/5057 5065/5065/5065 5055/5055/5055
f 5066/5066/5066 5055/5055/5055 5065/5065/5065
f 5067/5067/5067 5062/5062/5062 5043/5043/5043
f 5062/5062/5062 5067/5067/5067 5063/5063/5063
f 5068/5068/5068 5063/5063/5063 5067/5067/5067
f 5063/5063/5063 5068/5068/5068 5064/5064/5064
f 5069/5069/5069 5064/5064/5064 5068/5068/5068
f 5064/5064/5064 5069/5069/5069 5065/5065/5065
f 5070/5070/5070 5065/5065/5065 5069/5069/5069
f 5065/5065/5065 5070/5070/5070 5066/5066/5066
f 5071/5071/5071 5066/5066/5066 5070/5070/5070
f 5066/5066/5066 5071/5071/5071 5072/5072/5072
f 5073/5073/5073 5043/5043/5043 5041/5041/5041
f 5043/5043/5043 5073/5073/5073 5067/5067/5067
f 5074/5074/5074 5067/5067/5067 5073/5073/5073
f 5067/5067/5067 5074/5074/5074 5068/5068/5068
f 5075/5075/5075 5068/5068/5068 5074/5074/5074
f 5068/5068/5068 5075/5075/5075 5069/5069/5069
f 5076/5076/5076 5069/5069/5069 5075/5075/5075
f 5069/5069/5069 5076/5076/5076 5070/5070/5070
f 5077/5077/5077 5070/5070/5070 5076/5076/5076
f 5070/5070/5070 5077/5077/5077 5071/5071/5071
f 5078/5078/5078 5041/5041/5041 5039/5039/5039
f 5041/5041/5041 5078/5078/5078 5073/5073/5073
f 5079/5079/5079 5073/5073/5073 5078/5078/5078
f 5073/5073/5073 5079/5079/5079 5074/5074/5074
f 5080/5080/5080 5074/5074/5074 5079/5079/5079
f 5074/5074/5074 5080/5080/5080 5075/5075/5075
f 5081/5081/5081 5075/5075/5075 5080/5080/5080
f 5075/5075/5075 5081/5081/5081 5076/5076/5076
f 5082/5082/5082 5076/5076/5076 5081/5081/5081
f 5076/5076/5076 5082/5082/5082 5077/5077/5077
f 5083/5083/5083 5039/5039/5039 5038/5038/5038
f 5039/5039/5039 5083/5083/5083 5078/5078/5078
f 5084/5084/5084 5078/5078/5078 5083/5083/5083
f 5078/5078/5078 5084/5084/5084 5079/5079/5079
f 5085/5085/5085 5079/5079/5079 5084/5084/5084
f 5079/5079/5079 5085/5085/5085 5080/5080/5080
f 5086/5086/5086 5080/5080/5080 5085/5085/5085
f 5080/5080/5080 5086/5086/5086 5081/5081/5081
f 5087/5087/5087 5081/5081/5081 5086/5086/5086
f 5081/5081/5081 5087/5087/5087 5082/5082/5082
f 5088/5088/5088 5038/5038/5038 5037/5037/5037
f 5038/5038/5038 5088/5088/5088 5083/5083/5083
f 5089/5089/5089 5083/5083/5083 5088/5088/5088
f 5083/5083/5083 5089/5089/5089 5084/5084/5084
f 5090/5090/5090 5084/5084/5084 5089/5089/5089
f 5084/5084/5084 5090/5090/5090 5085/5085/5085
f 5091/5091/5091 5085/5085/5085 5090/5090/5090
f 5085/5085/5085 5091/5091/5091 5086/5086/5086
f 5092/5092/5092 5086/5086/5086 5091/5091/5091
f 5086/5086/5086 5092/5092/5092 5087/5087/5087
f 5093/5093/5093 5037/5037/5037 5036/5036/5036
f 5037/5037/5037 5093/5093/5093 5088/5088/5088
f 5094/5094/5094 5088/5088/5088 5093/5093/5093
f 5088/5088/5088 5094/5094/5094 5089/5089/5089
f 5095/5095/5095 5089/5089/5089 5094/5094/5094
f 5089/5089/5089 5095/5095/5095 5090/5090/5090
f 5096/5096/5096 5090/5090/5090 5095/5095/5095
f 5090/5090/5090 5096/5096/5096 5091/5091/5091
f 5097/5097/5097 5091/5091/5091 5096/5096/5096
f 5091/5091/5091 5097/5097/5097 5092/5092/5092
f 5095/5095/5095 5098/5098/5098 5096/5096/5096
f 5098/5098/5098 5095/5095/5095 5099/5099/5099
f 5094/5094/5094 5099/5099/5099 5095/5095/5095
f 5099/5099/5099 5094/5094/5094 5100/5100/5100
f 5093/5093/5093 5100/5100/5100 5094/5094/5094
f 5100/5100/5100 5093/5093/5093 5101/5101/5101
f 5036/5036/5036 5101/5101/5101 5093/5093/5093
f 5101/5101/5101 5036/5036/5036 5025/5025/5025
f 5026/5026/5026 5025/5025/5025 5036/5036/5036
f 5036/5036/5036 5032/5032/5032 5026/5026/5026
f 5102/5102/5102 5103/5103/5103 5104/5104/5104
f 5103/5103/5103 5102/5102/5102 5105/5105/5105
f 5106/5106/5106 5105/5105/5105 5102/5102/5102
f 5105/5105/5105 5106/5106/5106 5107/5107/5107
f 5108/5108/5108 5107/5107/5107 5106/5106/5106
f 5107/5107/5107 5108/5108/5108 5109/5109/5109
f 5097/5097/5097 5109/5109/5109 5108/5108/5108
f 5109/5109/5109 5097/5097/5097 5110/5110/5110
f 5096/5096/5096 5110/5110/5110 5097/5097/5097
f 5110/5110/5110 5096/5096/5096 5098/5098/5098
f 5108/5108/5108 5092/5092/5092 5097/5097/5097
f 5092/5092/5092 5108/5108/5108 5111/5111/5111
f 5106/5106/5106 5111/5111/5111 5108/5108/5108
f 5111/5111/5111 5106/5106/5106 5112/5112/5112
f 5102/5102/5102 5112/5112/5112 5106/5106/5106
f 5112/5112/5112 5102/5102/5102 5113/5113/5113
f 5104/5104/5104 5113/5113/5113 5102/5102/5102
f 5113/5113/5113 5104/5104/5104 5114/5114/5114
f 5115/5115/5115 5114/5114/5114 5104/5104/5104
f 5114/5114/5114 5115/5115/5115 5116/5116/5116
f 5111/5111/5111 5087/5087/5087 5092/5092/5092
f 5087/5087/5087 5111/5111/5111 5117/5117/5117
f 5112/5112/5112 5117/5117/5117 5111/5111/5111
f 5117/5117/5117 5112/5112/5112 5118/5118/5118
f 5113/5113/5113 5118/5118/5118 5112/5112/5112
f 5118/5118/5118 5113/5113/5113 5119/5119/5119
f 5114/5114/5114 5119/5119/5119 5113/5113/5113
f 5119/5119/5119 5114/5114/5114 5120/5120/5120
f 5116/5116/5116 5120/5120/5120 5114/5114/5114
f 5120/5120/5120 5116/5116/5116 5121/5121/5121
f 5117/5117/5117 5082/5082/5082 5087/5087/5087
f 5082/5082/5082 5117/5117/5117 5122/5122/5122
f 5118/5118/5118 5122/5122/5122 5117/5117/5117
f 5122/5122/5122 5118/5118/5118 5123/5123/5123
f 5119/5119/5119 5123/5123/5123 5118/5118/5118
f 5123/5123/5123 5119/5119/5119 5124/5124/5124
f 5120/5120/5120 5124/5124/5124 5119/5119/5119
f 5124/5124/5124 5120/5120/5120 5125/5125/5125
f 5121/5121/5121 5125/5125/5125 5120/5120/5120
f 5125/5125/5125 5121/5121/5121 5126/5126/5126
f 5122/5122/5122 5077/5077/5077 5082/5082/5082
f 5077/5077/5077 5122/5122/5122 5127/5127/5127
f 5123/5123/5123 5127/5127/5127 5122/5122/5122
f 5127/5127/5127 5123/5123/5123 5128/5128/5128
f 5124/5124/5124 5128/5128/5128 5123/5123/5123
f 5128/5128/5128 5124/5124/5124 5129/5129/5129
f 5125/5125/5125 5129/5129/5129 5124/5124/5124
f 5129/5129/5129 5125/5125/5125 5130/5130/5130
f 5126/5126/5126 5130/5130/5130 5125/5125/5125
f 5130/5130/5130 5126/5126/5126 5131/5131/5131
f 5127/5127/5127 5071/5071/5071 5077/5077/5077
f 5071/5071/5071 5127/5127/5127 5132/5132/5132
f 5128/5128/5128 5132/5132/5132 5127/5127/5127
f 5132/5132/5132 5128/5128/5128 5133/5133/5133
f 5129/5129/5129 5133/5133/5133 5128/5128/5128
f 5133/5133/5133 5129/5129/5129 5134/5134/5134
f 5130/5130/5130 5134/5134/5134 5129/5129/5129
f 5134/5134/5134 5130/5130/5130 5135/5135/5135
f 5135/5135/5135 5136/5136/5136 5134/5134/5134
f 5136/5136/5136 5135/5135/5135 5137/5137/5137
f 5132/5132/5132 5072/5072/5072 5071/5071/5071
f 5072/5072/5072 5132/5132/5132 5138/5138/5138
f 5133/5133/5133 5138/5138/5138 5132/5132/5132
f 5138/5138/5138 5133/5133/5133 5139/5139/5139
f 5134/5134/5134 5139/5139/5139 5133/5133/5133
f 5139/5139/5139 5134/5134/5134 5136/5136/5136
f 5055/5055/5055 5066/5066/5066 5053/5053/5053
f 5072/5072/5072 5053/5053/5053 5066/5066/5066
f 5053/5053/5053 5072/5072/5072 5140/5140/5140
f 5138/5138/5138 5140/5140/5140 5072/5072/5072
f 5140/5140/5140 5138/5138/5138 5141/5141/5141
f 5139/5139/5139 5141/5141/5141 5138/5138/5138
f 5141/5141/5141 5139/5139/5139 5142/5142/5142
f 5136/5136/5136 5142/5142/5142 5139/5139/5139
f 5142/5142/5142 5136/5136/5136 5143/5143/5143
f 5137/5137/5137 5143/5143/5143 5136/5136/5136
f 5144/5144/5144 5145/5145/5145 5146/5146/5146
f 5145/5145/5145 5144/5144/5144 5143/5143/5143
f 5147/5147/5147 5143/5143/5143 5144/5144/5144
f 5143/5143/5143 5147/5147/5147 5142/5142/5142
f 5148/5148/5148 5142/5142/5142 5147/5147/5147
f 5142/5142/5142 5148/5148/5148 5141/5141/5141
f 5149/5149/5149 5141/5141/5141 5148/5148/5148
f 5141/5141/5141 5149/5149/5149 5140/5140/5140
f 5054/5054/5054 5140/5140/5140 5149/5149/5149
f 5140/5140/5140 5054/5054/5054 5053/5053/5053
f 5150/5150/5150 5151/5151/5151 5152/5152/5152
f 5151/5151/5151 5150/5150/5150 5153/5153/5153
f 5154/5154/5154 5153/5153/5153 5150/5150/5150
f 5153/5153/5153 5154/5154/5154 5155/5155/5155
f 5156/5156/5156 5155/5155/5155 5154/5154/5154
f 5155/5155/5155 5156/5156/5156 5157/5157/5157
f 5158/5158/5158 5157/5157/5157 5156/5156/5156
f 5157/5157/5157 5158/5158/5158 5159/5159/5159
f 5146/5146/5146 5159/5159/5159 5158/5158/5158
f 5159/5159/5159 5146/5146/5146 5145/5145/5145
f 5143/5143/5143 5137/5137/5137 5145/5145/5145
f 5160/5160/5160 5145/5145/5145 5137/5137/5137
f 5145/5145/5145 5160/5160/5160 5159/5159/5159
f 5161/5161/5161 5159/5159/5159 5160/5160/5160
f 5159/5159/5159 5161/5161/5161 5157/5157/5157
f 5162/5162/5162 5157/5157/5157 5161/5161/5161
f 5157/5157/5157 5162/5162/5162 5155/5155/5155
f 5163/5163/5163 5155/5155/5155 5162/5162/5162
f 5155/5155/5155 5163/5163/5163 5153/5153/5153
f 5164/5164/5164 5153/5153/5153 5163/5163/5163
f 5153/5153/5153 5164/5164/5164 5151/5151/5151
f 5165/5165/5165 5166/5166/5166 5167/5167/5167
f 5166/5166/5166 5165/5165/5165 5168/5168/5168
f 5168/5168/5168 5169/5169/5169 5166/5166/5166
f 5169/5169/5169 5168/5168/5168 5170/5170/5170
f 5170/5170/5170 5162/5162/5162 5169/5169/5169
f 5162/5162/5162 5170/5170/5170 5163/5163/5163
f 5171/5171/5171 5163/5163/5163 5170/5170/5170
f 5163/5163/5163 5171/5171/5171 5164/5164/5164
f 5170/5170/5170 5172/5172/5172 5171/5171/5171
f 5172/5172/5172 5170/5170/5170 5168/5168/5168
f 5168/5168/5168 5173/5173/5173 5172/5172/5172
f 5173/5173/5173 5168/5168/5168 5165/5165/5165
f 5165/5165/5165 5174/5174/5174 5173/5173/5173
f 5174/5174/5174 5165/5165/5165 5175/5175/5175
f 5175/5175/5175 5176/5176/5176 5174/5174/5174
f 5176/5176/5176 5175/5175/5175 5177/5177/5177
f 5177/5177/5177 5178/5178/5178 5176/5176/5176
f 5178/5178/5178 5177/5177/5177 5179/5179/5179
f 5180/5180/5180 5116/5116/5116 5115/5115/5115
f 5116/5116/5116 5180/5180/5180 5181/5181/5181
f 5182/5182/5182 5181/5181/5181 5180/5180/5180
f 5181/5181/5181 5182/5182/5182 5183/5183/5183
f 5179/5179/5179 5183/5183/5183 5182/5182/5182
f 5183/5183/5183 5179/5179/5179 5177/5177/5177
f 5177/5177/5177 5184/5184/5184 5183/5183/5183
f 5184/5184/5184 5177/5177/5177 5175/5175/5175
f 5175/5175/5175 5167/5167/5167 5184/5184/5184
f 5167/5167/5167 5175/5175/5175 5165/5165/5165
f 5181/5181/5181 5121/5121/5121 5116/5116/5116
f 5121/5121/5121 5181/5181/5181 5185/5185/5185
f 5183/5183/5183 5185/5185/5185 5181/5181/5181
f 5185/5185/5185 5183/5183/5183 5184/5184/5184
f 5184/5184/5184 5186/5186/5186 5185/5185/5185
f 5186/5186/5186 5184/5184/5184 5167/5167/5167
f 5167/5167/5167 5187/5187/5187 5186/5186/5186
f 5187/5187/5187 5167/5167/5167 5166/5166/5166
f 5166/5166/5166 5188/5188/5188 5187/5187/5187
f 5188/5188/5188 5166/5166/5166 5169/5169/5169
f 5169/5169/5169 5161/5161/5161 5188/5188/5188
f 5161/5161/5161 5169/5169/5169 5162/5162/5162
f 5185/5185/5185 5126/5126/5126 5121/5121/5121
f 5126/5126/5126 5185/5185/5185 5186/5186/5186
f 5186/5186/5186 5131/5131/5131 5126/5126/5126
f 5131/5131/5131 5186/5186/5186 5187/5187/5187
f 5187/5187/5187 5189/5189/5189 5131/5131/5131
f 5189/5189/5189 5187/5187/5187 5188/5188/5188
f 5188/5188/5188 5160/5160/5160 5189/5189/5189
f 5160/5160/5160 5188/5188/5188 5161/5161/5161
f 5131/5131/5131 5135/5135/5135 5130/5130/5130
f 5135/5135/5135 5131/5131/5131 5189/5189/5189
f 5189/5189/5189 5137/5137/5137 5135/5135/5135
f 5137/5137/5137 5189/5189/5189 5160/5160/5160
f 5190/5190/5190 5191/5191/5191 5192/5192/5192
f 5190/5190/5190 5193/5193/5193 5194/5194/5194
f 5190/5190/5190 5195/5195/5195 5196/5196/5196
f 5197/5197/5197 5198/5198/5198 5199/5199/5199
f 5197/5197/5197 5199/5199/5199 5200/5200/5200
f 5197/5197/5197 5200/5200/5200 5201/5201/5201
f 5197/5197/5197 5201/5201/5201 5202/5202/5202
f 5197/5197/5197 5203/5203/5203 5204/5204/5204
f 5197/5197/5197 5204/5204/5204 5205/5205/5205
f 5197/5197/5197 5205/5205/5205 5206/5206/5206
f 5197/5197/5197 5206/5206/5206 5207/5207/5207
f 5208/5208/5208 5209/5209/5209 5210/5210/5210
f 5208/5208/5208 5210/5210/5210 5211/5211/5211
f 5208/5208/5208 5212/5212/5212 5213/5213/5213
f 5208/5208/5208 5213/5213/5213 5214/5214/5214
f 5208/5208/5208 5215/5215/5215 5216/5216/5216
f 5208/5208/5208 5217/5217/5217 5218/5218/5218
f 5219/5219/5219 5220/5220/5220 5221/5221/5221
f 5219/5219/5219 5221/5221/5221 5222/5222/5222
f 5219/5219/5219 5223/5223/5223 5224/5224/5224
f 5219/5219/5219 5224/5224/5224 5225/5225/5225
f 5219/5219/5219 5225/5225/5225 5226/5226/5226
f 5219/5219/5219 5226/5226/5226 5227/5227/5227
f 5219/5219/5219 5227/5227/5227 5228/5228/5228
f 5219/5219/5219 5229/5229/5229 5230/5230/5230
f 5219/5219/5219 5230/5230/5230 5231/5231/5231
f 5219/5219/5219 5231/5231/5231 5232/5232/5232
f 5219/5219/5219 5233/5233/5233 5234/5234/5234
f 5179/5179/5179 5235/5235/5235 5178/5178/5178
f 5235/5235/5235 5179/5179/5179 5236/5236/5236
f 5182/5182/5182 5236/5236/5236 5179/5179/5179
f 5236/5236/5236 5182/5182/5182 5237/5237/5237
f 5180/5180/5180 5237/5237/5237 5182/5182/5182
f 5237/5237/5237 5180/5180/5180 5238/5238/5238
f 5115/5115/5115 5238/5238/5238 5180/5180/5180
f 5238/5238/5238 5115/5115/5115 5239/5239/5239
f 5104/5104/5104 5239/5239/5239 5115/5115/5115
f 5239/5239/5239 5104/5104/5104 5103/5103/5103
f 5240/5240/5240 5241/5241/5241 5242/5242/5242
f 5241/5241/5241 5243/5243/5243 5242/5242/5242
f 5243/5243/5243 5244/5244/5244 5242/5242/5242
f 5244/5244/5244 5245/5245/5245 5242/5242/5242
f 5245/5245/5245 5246/5246/5246 5242/5242/5242
f 5246/5246/5246 5247/5247/5247 5242/5242/5242
f 5247/5247/5247 5248/5248/5248 5242/5242/5242
f 5248/5248/5248 5249/5249/5249 5242/5242/5242
f 5249/5249/5249 5250/5250/5250 5242/5242/5242
f 5250/5250/5250 5251/5251/5251 5242/5242/5242
f 5251/5251/5251 5252/5252/5252 5242/5242/5242
f 5252/5252/5252 5253/5253/5253 5242/5242/5242
f 5253/5253/5253 5254/5254/5254 5242/5242/5242
f 5254/5254/5254 5255/5255/5255 5242/5242/5242
f 5255/5255/5255 5256/5256/5256 5242/5242/5242
f 5256/5256/5256 5240/5240/5240 5242/5242/5242
f 5257/5257/5257 5258/5258/5258 5259/5259/5259
f 5260/5260/5260 5257/5257/5257 5261/5261/5261
f 5259/5259/5259 5261/5261/5261 5257/5257/5257
f 5261/5261/5261 5259/5259/5259 5262/5262/5262
f 5262/5262/5262 5263/5263/5263 5261/5261/5261
f 5264/5264/5264 5261/5261/5261 5263/5263/5263
f 5261/5261/5261 5264/5264/5264 5260/5260/5260
f 5265/5265/5265 5260/5260/5260 5264/5264/5264
f 5264/5264/5264 5266/5266/5266 5265/5265/5265
f 5267/5267/5267 5265/5265/5265 5266/5266/5266
f 5266/5266/5266 5268/5268/5268 5267/5267/5267
f 5269/5269/5269 5267/5267/5267 5268/5268/5268
f 5268/5268/5268 5270/5270/5270 5269/5269/5269
f 5271/5271/5271 5269/5269/5269 5270/5270/5270
f 5272/5272/5272 5273/5273/5273 5268/5268/5268
f 5268/5268/5268 5266/5266/5266 5272/5272/5272
f 5274/5274/5274 5272/5272/5272 5266/5266/5266
f 5266/5266/5266 5264/5264/5264 5274/5274/5274
f 5263/5263/5263 5274/5274/5274 5264/5264/5264
f 5274/5274/5274 5263/5263/5263 5275/5275/5275
f 5275/5275/5275 5276/5276/5276 5274/5274/5274
f 5276/5276/5276 5275/5275/5275 5277/5277/5277
f 5277/5277/5277 5278/5278/5278 5276/5276/5276
f 5278/5278/5278 5277/5277/5277 5279/5279/5279
f 5280/5280/5280 5281/5281/5281 5273/5273/5273
f 5273/5273/5273 5272/5272/5272 5280/5280/5280
f 5276/5276/5276 5280/5280/5280 5272/5272/5272
f 5272/5272/5272 5274/5274/5274 5276/5276/5276
f 5282/5282/5282 5283/5283/5283 5284/5284/5284
f 5284/5284/5284 5285/5285/5285 5282/5282/5282
f 5286/5286/5286 5282/5282/5282 5285/5285/5285
f 5285/5285/5285 5281/5281/5281 5286/5286/5286
f 5287/5287/5287 5286/5286/5286 5281/5281/5281
f 5281/5281/5281 5280/5280/5280 5287/5287/5287
f 5278/5278/5278 5287/5287/5287 5280/5280/5280
f 5280/5280/5280 5276/5276/5276 5278/5278/5278
f 5288/5288/5288 5289/5289/5289 5286/5286/5286
f 5286/5286/5286 5287/5287/5287 5288/5288/5288
f 5290/5290/5290 5288/5288/5288 5287/5287/5287
f 5287/5287/5287 5278/5278/5278 5290/5290/5290
f 5291/5291/5291 5292/5292/5292 5293/5293/5293
f 5293/5293/5293 5294/5294/5294 5291/5291/5291
f 5295/5295/5295 5291/5291/5291 5294/5294/5294
f 5294/5294/5294 5296/5296/5296 5295/5295/5295
f 5297/5297/5297 5295/5295/5295 5296/5296/5296
f 5296/5296/5296 5289/5289/5289 5297/5297/5297
f 5298/5298/5298 5297/5297/5297 5289/5289/5289
f 5289/5289/5289 5288/5288/5288 5298/5298/5298
f 5299/5299/5299 5298/5298/5298 5288/5288/5288
f 5288/5288/5288 5290/5290/5290 5299/5299/5299
f 5300/5300/5300 5301/5301/5301 5295/5295/5295
f 5295/5295/5295 5297/5297/5297 5300/5300/5300
f 5302/5302/5302 5300/5300/5300 5297/5297/5297
f 5297/5297/5297 5298/5298/5298 5302/5302/5302
f 5303/5303/5303 5302/5302/5302 5298/5298/5298
f 5298/5298/5298 5299/5299/5299 5303/5303/5303
f 5279/5279/5279 5290/5290/5290 5278/5278/5278
f 5290/5290/5290 5279/5279/5279 5304/5304/5304
f 5304/5304/5304 5299/5299/5299 5290/5290/5290
f 5299/5299/5299 5304/5304/5304 5305/5305/5305
f 5305/5305/5305 5303/5303/5303 5299/5299/5299
f 5303/5303/5303 5305/5305/5305 5306/5306/5306
f 5306/5306/5306 5307/5307/5307 5303/5303/5303
f 5302/5302/5302 5303/5303/5303 5307/5307/5307
f 5307/5307/5307 5308/5308/5308 5302/5302/5302
f 5300/5300/5300 5302/5302/5302 5308/5308/5308
f 5309/5309/5309 5310/5310/5310 5311/5311/5311
f 5311/5311/5311 5308/5308/5308 5309/5309/5309
f 5312/5312/5312 5309/5309/5309 5308/5308/5308
f 5308/5308/5308 5307/5307/5307 5312/5312/5312
f 5313/5313/5313 5312/5312/5312 5307/5307/5307
f 5307/5307/5307 5306/5306/5306 5313/5313/5313
f 5314/5314/5314 5313/5313/5313 5306/5306/5306
f 5306/5306/5306 5315/5315/5315 5314/5314/5314
f 5315/5315/5315 5306/5306/5306 5305/5305/5305
f 5305/5305/5305 5316/5316/5316 5315/5315/5315
f 5308/5308/5308 5311/5311/5311 5300/5300/5300
f 5301/5301/5301 5300/5300/5300 5311/5311/5311
f 5311/5311/5311 5317/5317/5317 5301/5301/5301
f 5318/5318/5318 5301/5301/5301 5317/5317/5317
f 5317/5317/5317 5319/5319/5319 5318/5318/5318
f 5320/5320/5320 5318/5318/5318 5319/5319/5319
f 5319/5319/5319 5321/5321/5321 5320/5320/5320
f 5322/5322/5322 5320/5320/5320 5321/5321/5321
f 5321/5321/5321 5323/5323/5323 5322/5322/5322
f 5324/5324/5324 5322/5322/5322 5323/5323/5323
f 5324/5324/5324 5325/5325/5325 5326/5326/5326
f 5326/5326/5326 5327/5327/5327 5324/5324/5324
f 5322/5322/5322 5324/5324/5324 5327/5327/5327
f 5327/5327/5327 5328/5328/5328 5322/5322/5322
f 5320/5320/5320 5322/5322/5322 5328/5328/5328
f 5328/5328/5328 5292/5292/5292 5320/5320/5320
f 5318/5318/5318 5320/5320/5320 5292/5292/5292
f 5292/5292/5292 5291/5291/5291 5318/5318/5318
f 5301/5301/5301 5318/5318/5318 5291/5291/5291
f 5291/5291/5291 5295/5295/5295 5301/5301/5301
f 5325/5325/5325 5329/5329/5329 5330/5330/5330
f 5330/5330/5330 5326/5326/5326 5325/5325/5325
f 5326/5326/5326 5330/5330/5330 5331/5331/5331
f 5331/5331/5331 5332/5332/5332 5326/5326/5326
f 5327/5327/5327 5326/5326/5326 5332/5332/5332
f 5332/5332/5332 5333/5333/5333 5327/5327/5327
f 5328/5328/5328 5327/5327/5327 5333/5333/5333
f 5333/5333/5333 5334/5334/5334 5328/5328/5328
f 5292/5292/5292 5328/5328/5328 5334/5334/5334
f 5334/5334/5334 5293/5293/5293 5292/5292/5292
f 5329/5329/5329 5335/5335/5335 5336/5336/5336
f 5336/5336/5336 5330/5330/5330 5329/5329/5329
f 5330/5330/5330 5336/5336/5336 5337/5337/5337
f 5337/5337/5337 5331/5331/5331 5330/5330/5330
f 5331/5331/5331 5337/5337/5337 5338/5338/5338
f 5338/5338/5338 5339/5339/5339 5331/5331/5331
f 5332/5332/5332 5331/5331/5331 5339/5339/5339
f 5339/5339/5339 5340/5340/5340 5332/5332/5332
f 5333/5333/5333 5332/5332/5332 5340/5340/5340
f 5340/5340/5340 5341/5341/5341 5333/5333/5333
f 5335/5335/5335 5342/5342/5342 5343/5343/5343
f 5343/5343/5343 5336/5336/5336 5335/5335/5335
f 5336/5336/5336 5343/5343/5343 5344/5344/5344
f 5344/5344/5344 5337/5337/5337 5336/5336/5336
f 5337/5337/5337 5344/5344/5344 5345/5345/5345
f 5345/5345/5345 5338/5338/5338 5337/5337/5337
f 5338/5338/5338 5345/5345/5345 5346/5346/5346
f 5346/5346/5346 5347/5347/5347 5338/5338/5338
f 5339/5339/5339 5338/5338/5338 5347/5347/5347
f 5347/5347/5347 5348/5348/5348 5339/5339/5339
f 5346/5346/5346 5349/5349/5349 5350/5350/5350
f 5350/5350/5350 5351/5351/5351 5346/5346/5346
f 5347/5347/5347 5346/5346/5346 5351/5351/5351
f 5351/5351/5351 5352/5352/5352 5347/5347/5347
f 5348/5348/5348 5347/5347/5347 5352/5352/5352
f 5352/5352/5352 5353/5353/5353 5348/5348/5348
f 5354/5354/5354 5348/5348/5348 5353/5353/5353
f 5353/5353/5353 5355/5355/5355 5354/5354/5354
f 5356/5356/5356 5354/5354/5354 5355/5355/5355
f 5355/5355/5355 5357/5357/5357 5356/5356/5356
f 5351/5351/5351 5350/5350/5350 5358/5358/5358
f 5358/5358/5358 5359/5359/5359 5351/5351/5351
f 5352/5352/5352 5351/5351/5351 5359/5359/5359
f 5359/5359/5359 5360/5360/5360 5352/5352/5352
f 5353/5353/5353 5352/5352/5352 5360/5360/5360
f 5360/5360/5360 5361/5361/5361 5353/5353/5353
f 5355/5355/5355 5353/5353/5353 5361/5361/5361
f 5361/5361/5361 5362/5362/5362 5355/5355/5355
f 5357/5357/5357 5355/5355/5355 5362/5362/5362
f 5362/5362/5362 5363/5363/5363 5357/5357/5357
f 5362/5362/5362 5361/5361/5361 5364/5364/5364
f 5365/5365/5365 5364/5364/5364 5361/5361/5361
f 5361/5361/5361 5360/5360/5360 5365/5365/5365
f 5366/5366/5366 5365/5365/5365 5360/5360/5360
f 5360/5360/5360 5359/5359/5359 5366/5366/5366
f 5367/5367/5367 5366/5366/5366 5359/5359/5359
f 5359/5359/5359 5358/5358/5358 5367/5367/5367
f 5368/5368/5368 5367/5367/5367 5358/5358/5358
f 5358/5358/5358 5369/5369/5369 5368/5368/5368
f 5370/5370/5370 5368/5368/5368 5369/5369/5369
f 5270/5270/5270 5371/5371/5371 5271/5271/5271
f 5372/5372/5372 5271/5271/5271 5371/5371/5371
f 5371/5371/5371 5373/5373/5373 5372/5372/5372
f 5374/5374/5374 5372/5372/5372 5373/5373/5373
f 5373/5373/5373 5375/5375/5375 5374/5374/5374
f 5376/5376/5376 5374/5374/5374 5375/5375/5375
f 5375/5375/5375 5363/5363/5363 5376/5376/5376
f 5377/5377/5377 5376/5376/5376 5363/5363/5363
f 5363/5363/5363 5362/5362/5362 5377/5377/5377
f 5364/5364/5364 5377/5377/5377 5362/5362/5362
f 5378/5378/5378 5357/5357/5357 5363/5363/5363
f 5363/5363/5363 5375/5375/5375 5378/5378/5378
f 5379/5379/5379 5378/5378/5378 5375/5375/5375
f 5375/5375/5375 5373/5373/5373 5379/5379/5379
f 5380/5380/5380 5379/5379/5379 5373/5373/5373
f 5373/5373/5373 5371/5371/5371 5380/5380/5380
f 5381/5381/5381 5380/5380/5380 5371/5371/5371
f 5371/5371/5371 5270/5270/5270 5381/5381/5381
f 5273/5273/5273 5381/5381/5381 5270/5270/5270
f 5270/5270/5270 5268/5268/5268 5273/5273/5273
f 5382/5382/5382 5356/5356/5356 5357/5357/5357
f 5357/5357/5357 5378/5378/5378 5382/5382/5382
f 5383/5383/5383 5382/5382/5382 5378/5378/5378
f 5378/5378/5378 5379/5379/5379 5383/5383/5383
f 5284/5284/5284 5383/5383/5383 5379/5379/5379
f 5379/5379/5379 5380/5380/5380 5284/5284/5284
f 5285/5285/5285 5284/5284/5284 5380/5380/5380
f 5380/5380/5380 5381/5381/5381 5285/5285/5285
f 5281/5281/5281 5285/5285/5285 5381/5381/5381
f 5381/5381/5381 5273/5273/5273 5281/5281/5281
f 5340/5340/5340 5339/5339/5339 5348/5348/5348
f 5348/5348/5348 5354/5354/5354 5340/5340/5340
f 5341/5341/5341 5340/5340/5340 5354/5354/5354
f 5354/5354/5354 5356/5356/5356 5341/5341/5341
f 5384/5384/5384 5341/5341/5341 5356/5356/5356
f 5356/5356/5356 5382/5382/5382 5384/5384/5384
f 5385/5385/5385 5384/5384/5384 5382/5382/5382
f 5382/5382/5382 5383/5383/5383 5385/5385/5385
f 5283/5283/5283 5385/5385/5385 5383/5383/5383
f 5383/5383/5383 5284/5284/5284 5283/5283/5283
f 5334/5334/5334 5333/5333/5333 5341/5341/5341
f 5341/5341/5341 5384/5384/5384 5334/5334/5334
f 5293/5293/5293 5334/5334/5334 5384/5384/5384
f 5384/5384/5384 5385/5385/5385 5293/5293/5293
f 5294/5294/5294 5293/5293/5293 5385/5385/5385
f 5385/5385/5385 5283/5283/5283 5294/5294/5294
f 5296/5296/5296 5294/5294/5294 5283/5283/5283
f 5283/5283/5283 5282/5282/5282 5296/5296/5296
f 5289/5289/5289 5296/5296/5296 5282/5282/5282
f 5282/5282/5282 5286/5286/5286 5289/5289/5289
f 5386/5386/5386 5387/5387/5387 5388/5388/5388
f 5386/5386/5386 5388/5388/5388 5389/5389/5389
f 5386/5386/5386 5389/5389/5389 5390/5390/5390
f 5386/5386/5386 5390/5390/5390 5391/5391/5391
f 5386/5386/5386 5391/5391/5391 5392/5392/5392
f 5386/5386/5386 5392/5392/5392 5393/5393/5393
f 5386/5386/5386 5393/5393/5393 5394/5394/5394
f 5386/5386/5386 5394/5394/5394 5395/5395/5395
f 5386/5386/5386 5395/5395/5395 5396/5396/5396
f 5386/5386/5386 5396/5396/5396 5397/5397/5397
f 5386/5386/5386 5397/5397/5397 5398/5398/5398
f 5386/5386/5386 5398/5398/5398 5399/5399/5399
f 5386/5386/5386 5399/5399/5399 5400/5400/5400
f 5386/5386/5386 5400/5400/5400 5401/5401/5401
f 5386/5386/5386 5401/5401/5401 5402/5402/5402
f 5386/5386/5386 5402/5402/5402 5387/5387/5387
f 5403/5403/5403 5404/5404/5404 5405/5405/5405
f 5403/5403/5403 5406/5406/5406 5407/5407/5407
f 5403/5403/5403 5408/5408/5408 5409/5409/5409
f 5410/5410/5410 5411/5411/5411 5412/5412/5412
f 5410/5410/5410 5412/5412/5412 5413/5413/5413
f 5410/5410/5410 5413/5413/5413 5414/5414/5414
f 5410/5410/5410 5414/5414/5414 5415/5415/5415
f 5410/5410/5410 5415/5415/5415 5416/5416/5416
f 5410/5410/5410 5416/5416/5416 5417/5417/5417
f 5410/5410/5410 5417/5417/5417 5418/5418/5418
f 5410/5410/5410 5418/5418/5418 5419/5419/5419
f 5410/5410/5410 5419/5419/5419 5420/5420/5420
f 5410/5410/5410 5420/5420/5420 5421/5421/5421
f 5410/5410/5410 5421/5421/5421 5422/5422/5422
f 5410/5410/5410 5422/5422/5422 5423/5423/5423
f 5410/5410/5410 5423/5423/5423 5424/5424/5424
f 5410/5410/5410 5424/5424/5424 5425/5425/5425
f 5410/5410/5410 5425/5425/5425 5426/5426/5426
f 5410/5410/5410 5426/5426/5426 5411/5411/5411
f 5427/5427/5427 5428/5428/5428 5429/5429/5429
f 5430/5430/5430 5427/5427/5427 5431/5431/5431
f 5429/5429/5429 5431/5431/5431 5427/5427/5427
f 5431/5431/5431 5429/5429/5429 5432/5432/5432
f 5433/5433/5433 5430/5430/5430 5434/5434/5434
f 5431/5431/5431 5434/5434/5434 5430/5430/5430
f 5434/5434/5434 5431/5431/5431 5435/5435/5435
f 5432/5432/5432 5435/5435/5435 5431/5431/5431
f 5435/5435/5435 5432/5432/5432 5436/5436/5436
f 5437/5437/5437 5433/5433/5433 5438/5438/5438
f 5434/5434/5434 5438/5438/5438 5433/5433/5433
f 5438/5438/5438 5434/5434/5434 5439/5439/5439
f 5435/5435/5435 5439/5439/5439 5434/5434/5434
f 5439/5439/5439 5435/5435/5435 5440/5440/5440
f 5436/5436/5436 5440/5440/5440 5435/5435/5435
f 5440/5440/5440 5436/5436/5436 5441/5441/5441
f 5442/5442/5442 5437/5437/5437 5443/5443/5443
f 5438/5438/5438 5443/5443/5443 5437/5437/5437
f 5443/5443/5443 5438/5438/5438 5444/5444/5444
f 5439/5439/5439 5444/5444/5444 5438/5438/5438
f 5444/5444/5444 5439/5439/5439 5445/5445/5445
f 5440/5440/5440 5445/5445/5445 5439/5439/5439
f 5445/5445/5445 5440/5440/5440 5446/5446/5446
f 5441/5441/5441 5446/5446/5446 5440/5440/5440
f 5446/5446/5446 5441/5441/5441 5447/5447/5447
f 5448/5448/5448 5442/5442/5442 5449/5449/5449
f 5443/5443/5443 5449/5449/5449 5442/5442/5442
f 5449/5449/5449 5443/5443/5443 5450/5450/5450
f 5444/5444/5444 5450/5450/5450 5443/5443/5443
f 5450/5450/5450 5444/5444/5444 5451/5451/5451
f 5445/5445/5445 5451/5451/5451 5444/5444/5444
f 5451/5451/5451 5445/5445/5445 5452/5452/5452
f 5446/5446/5446 5452/5452/5452 5445/5445/5445
f 5452/5452/5452 5446/5446/5446 5453/5453/5453
f 5447/5447/5447 5453/5453/5453 5446/5446/5446
f 5453/5453/5453 5447/5447/5447 5454/5454/5454
f 5455/5455/5455 5456/5456/5456 5457/5457/5457
f 5457/5457/5457 5454/5454/5454 5455/5455/5455
f 5454/5454/5454 5457/5457/5457 5453/5453/5453
f 5458/5458/5458 5453/5453/5453 5457/5457/5457
f 5453/5453/5453 5458/5458/5458 5452/5452/5452
f 5459/5459/5459 5452/5452/5452 5458/5458/5458
f 5452/5452/5452 5459/5459/5459 5451/5451/5451
f 5460/5460/5460 5451/5451/5451 5459/5459/5459
f 5451/5451/5451 5460/5460/5460 5450/5450/5450
f 5461/5461/5461 5450/5450/5450 5460/5460/5460
f 5459/5459/5459 5462/5462/5462 5460/5460/5460
f 5462/5462/5462 5459/5459/5459 5463/5463/5463
f 5458/5458/5458 5463/5463/5463 5459/5459/5459
f 5463/5463/5463 5458/5458/5458 5464/5464/5464
f 5457/5457/5457 5464/5464/5464 5458/5458/5458
f 5464/5464/5464 5457/5457/5457 5456/5456/5456
f 5456/5456/5456 5465/5465/5465 5464/5464/5464
f 5465/5465/5465 5456/5456/5456 5466/5466/5466
f 5466/5466/5466 5467/5467/5467 5465/5465/5465
f 5468/5468/5468 5465/5465/5465 5467/5467/5467
f 5469/5469/5469 5470/5470/5470 5471/5471/5471
f 5470/5470/5470 5469/5469/5469 5472/5472/5472
f 5462/5462/5462 5472/5472/5472 5469/5469/5469
f 5472/5472/5472 5462/5462/5462 5473/5473/5473
f 5463/5463/5463 5473/5473/5473 5462/5462/5462
f 5473/5473/5473 5463/5463/5463 5474/5474/5474
f 5464/5464/5464 5474/5474/5474 5463/5463/5463
f 5474/5474/5474 5464/5464/5464 5465/5465/5465
f 5465/5465/5465 5468/5468/5468 5474/5474/5474
f 5475/5475/5475 5474/5474/5474 5468/5468/5468
f 5476/5476/5476 5477/5477/5477 5478/5478/5478
f 5478/5478/5478 5479/5479/5479 5476/5476/5476
f 5480/5480/5480 5476/5476/5476 5479/5479/5479
f 5479/5479/5479 5470/5470/5470 5480/5480/5480
f 5472/5472/5472 5480/5480/5480 5470/5470/5470
f 5480/5480/5480 5472/5472/5472 5481/5481/5481
f 5473/5473/5473 5481/5481/5481 5472/5472/5472
f 5481/5481/5481 5473/5473/5473 5475/5475/5475
f 5474/5474/5474 5475/5475/5475 5473/5473/5473
f 5482/5482/5482 5483/5483/5483 5484/5484/5484
f 5484/5484/5484 5485/5485/5485 5482/5482/5482
f 5486/5486/5486 5482/5482/5482 5485/5485/5485
f 5485/5485/5485 5477/5477/5477 5486/5486/5486
f 5487/5487/5487 5486/5486/5486 5477/5477/5477
f 5477/5477/5477 5476/5476/5476 5487/5487/5487
f 5488/5488/5488 5487/5487/5487 5476/5476/5476
f 5476/5476/5476 5480/5480/5480 5488/5488/5488
f 5481/5481/5481 5488/5488/5488 5480/5480/5480
f 5488/5488/5488 5481/5481/5481 5489/5489/5489
f 5475/5475/5475 5489/5489/5489 5481/5481/5481
f 5490/5490/5490 5491/5491/5491 5492/5492/5492
f 5492/5492/5492 5493/5493/5493 5490/5490/5490
f 5494/5494/5494 5490/5490/5490 5493/5493/5493
f 5493/5493/5493 5483/5483/5483 5494/5494/5494
f 5495/5495/5495 5494/5494/5494 5483/5483/5483
f 5483/5483/5483 5482/5482/5482 5495/5495/5495
f 5496/5496/5496 5495/5495/5495 5482/5482/5482
f 5482/5482/5482 5486/5486/5486 5496/5496/5496
f 5497/5497/5497 5496/5496/5496 5486/5486/5486
f 5486/5486/5486 5487/5487/5487 5497/5497/5497
f 5498/5498/5498 5497/5497/5497 5487/5487/5487
f 5487/5487/5487 5488/5488/5488 5498/5498/5498
f 5489/5489/5489 5498/5498/5498 5488/5488/5488
f 5468/5468/5468 5499/5499/5499 5475/5475/5475
f 5489/5489/5489 5475/5475/5475 5499/5499/5499
f 5499/5499/5499 5500/5500/5500 5489/5489/5489
f 5498/5498/5498 5489/5489/5489 5500/5500/5500
f 5500/5500/5500 5501/5501/5501 5498/5498/5498
f 5497/5497/5497 5498/5498/5498 5501/5501/5501
f 5501/5501/5501 5502/5502/5502 5497/5497/5497
f 5496/5496/5496 5497/5497/5497 5502/5502/5502
f 5502/5502/5502 5503/5503/5503 5496/5496/5496
f 5495/5495/5495 5496/5496/5496 5503/5503/5503
f 5467/5467/5467 5504/5504/5504 5468/5468/5468
f 5499/5499/5499 5468/5468/5468 5504/5504/5504
f 5504/5504/5504 5505/5505/5505 5499/5499/5499
f 5500/5500/5500 5499/5499/5499 5505/5505/5505
f 5505/5505/5505 5506/5506/5506 5500/5500/5500
f 5501/5501/5501 5500/5500/5500 5506/5506/5506
f 5506/5506/5506 5507/5507/5507 5501/5501/5501
f 5502/5502/5502 5501/5501/5501 5507/5507/5507
f 5507/5507/5507 5508/5508/5508 5502/5502/5502
f 5503/5503/5503 5502/5502/5502 5508/5508/5508
f 5509/5509/5509 5510/5510/5510 5511/5511/5511
f 5511/5511/5511 5512/5512/5512 5509/5509/5509
f 5513/5513/5513 5509/5509/5509 5512/5512/5512
f 5512/5512/5512 5508/5508/5508 5513/5513/5513
f 5514/5514/5514 5513/5513/5513 5508/5508/5508
f 5508/5508/5508 5507/5507/5507 5514/5514/5514
f 5515/5515/5515 5514/5514/5514 5507/5507/5507
f 5507/5507/5507 5506/5506/5506 5515/5515/5515
f 5516/5516/5516 5515/5515/5515 5506/5506/5506
f 5506/5506/5506 5505/5505/5505 5516/5516/5516
f 5508/5508/5508 5512/5512/5512 5503/5503/5503
f 5517/5517/5517 5503/5503/5503 5512/5512/5512
f 5512/5512/5512 5511/5511/5511 5517/5517/5517
f 5518/5518/5518 5517/5517/5517 5511/5511/5511
f 5511/5511/5511 5519/5519/5519 5518/5518/5518
f 5520/5520/5520 5518/5518/5518 5519/5519/5519
f 5519/5519/5519 5521/5521/5521 5520/5520/5520
f 5522/5522/5522 5520/5520/5520 5521/5521/5521
f 5521/5521/5521 5523/5523/5523 5522/5522/5522
f 5524/5524/5524 5522/5522/5522 5523/5523/5523
f 5503/5503/5503 5517/5517/5517 5495/5495/5495
f 5494/5494/5494 5495/5495/5495 5517/5517/5517
f 5517/5517/5517 5518/5518/5518 5494/5494/5494
f 5490/5490/5490 5494/5494/5494 5518/5518/5518
f 5518/5518/5518 5520/5520/5520 5490/5490/5490
f 5491/5491/5491 5490/5490/5490 5520/5520/5520
f 5520/5520/5520 5522/5522/5522 5491/5491/5491
f 5525/5525/5525 5491/5491/5491 5522/5522/5522
f 5522/5522/5522 5524/5524/5524 5525/5525/5525
f 5526/5526/5526 5525/5525/5525 5524/5524/5524
f 5524/5524/5524 5527/5527/5527 5526/5526/5526
f 5528/5528/5528 5526/5526/5526 5527/5527/5527
f 5527/5527/5527 5529/5529/5529 5528/5528/5528
f 5523/5523/5523 5530/5530/5530 5524/5524/5524
f 5527/5527/5527 5524/5524/5524 5530/5530/5530
f 5530/5530/5530 5531/5531/5531 5527/5527/5527
f 5529/5529/5529 5527/5527/5527 5531/5531/5531
f 5531/5531/5531 5532/5532/5532 5529/5529/5529
f 5532/5532/5532 5531/5531/5531 5533/5533/5533
f 5533/5533/5533 5534/5534/5534 5532/5532/5532
f 5535/5535/5535 5536/5536/5536 5537/5537/5537
f 5536/5536/5536 5535/5535/5535 5528/5528/5528
f 5528/5528/5528 5538/5538/5538 5536/5536/5536
f 5538/5538/5538 5528/5528/5528 5529/5529/5529
f 5529/5529/5529 5539/5539/5539 5538/5538/5538
f 5539/5539/5539 5529/5529/5529 5532/5532/5532
f 5532/5532/5532 5540/5540/5540 5539/5539/5539
f 5540/5540/5540 5532/5532/5532 5534/5534/5534
f 5534/5534/5534 5541/5541/5541 5540/5540/5540
f 5526/5526/5526 5528/5528/5528 5535/5535/5535
f 5535/5535/5535 5542/5542/5542 5526/5526/5526
f 5542/5542/5542 5535/5535/5535 5543/5543/5543
f 5543/5543/5543 5544/5544/5544 5542/5542/5542
f 5544/5544/5544 5543/5543/5543 5545/5545/5545
f 5545/5545/5545 5546/5546/5546 5544/5544/5544
f 5546/5546/5546 5545/5545/5545 5547/5547/5547
f 5547/5547/5547 5548/5548/5548 5546/5546/5546
f 5548/5548/5548 5547/5547/5547 5549/5549/5549
f 5549/5549/5549 5550/5550/5550 5548/5548/5548
f 5550/5550/5550 5549/5549/5549 5551/5551/5551
f 5552/5552/5552 5551/5551/5551 5549/5549/5549
f 5549/5549/5549 5553/5553/5553 5552/5552/5552
f 5553/5553/5553 5549/5549/5549 5547/5547/5547
f 5547/5547/5547 5554/5554/5554 5553/5553/5553
f 5554/5554/5554 5547/5547/5547 5545/5545/5545
f 5545/5545/5545 5555/5555/5555 5554/5554/5554
f 5555/5555/5555 5545/5545/5545 5543/5543/5543
f 5543/5543/5543 5537/5537/5537 5555/5555/5555
f 5537/5537/5537 5543/5543/5543 5535/5535/5535
f 5556/5556/5556 5557/5557/5557 5558/5558/5558
f 5559/5559/5559 5558/5558/5558 5557/5557/5557
f 5557/5557/5557 5560/5560/5560 5559/5559/5559
f 5561/5561/5561 5559/5559/5559 5560/5560/5560
f 5560/5560/5560 5562/5562/5562 5561/5561/5561
f 5563/5563/5563 5561/5561/5561 5562/5562/5562
f 5562/5562/5562 5564/5564/5564 5563/5563/5563
f 5565/5565/5565 5563/5563/5563 5564/5564/5564
f 5564/5564/5564 5550/5550/5550 5565/5565/5565
f 5551/5551/5551 5565/5565/5565 5550/5550/5550
f 5566/5566/5566 5548/5548/5548 5550/5550/5550
f 5550/5550/5550 5564/5564/5564 5566/5566/5566
f 5567/5567/5567 5566/5566/5566 5564/5564/5564
f 5564/5564/5564 5562/5562/5562 5567/5567/5567
f 5568/5568/5568 5567/5567/5567 5562/5562/5562
f 5562/5562/5562 5560/5560/5560 5568/5568/5568
f 5569/5569/5569 5568/5568/5568 5560/5560/5560
f 5560/5560/5560 5557/5557/5557 5569/5569/5569
f 5570/5570/5570 5569/5569/5569 5557/5557/5557
f 5557/5557/5557 5556/5556/5556 5570/5570/5570
f 5571/5571/5571 5542/5542/5542 5544/5544/5544
f 5544/5544/5544 5572/5572/5572 5571/5571/5571
f 5572/5572/5572 5544/5544/5544 5546/5546/5546
f 5546/5546/5546 5573/5573/5573 5572/5572/5572
f 5573/5573/5573 5546/5546/5546 5548/5548/5548
f 5548/5548/5548 5566/5566/5566 5573/5573/5573
f 5574/5574/5574 5573/5573/5573 5566/5566/5566
f 5566/5566/5566 5567/5567/5567 5574/5574/5574
f 5575/5575/5575 5574/5574/5574 5567/5567/5567
f 5567/5567/5567 5568/5568/5568 5575/5575/5575
f 5576/5576/5576 5572/5572/5572 5573/5573/5573
f 5573/5573/5573 5574/5574/5574 5576/5576/5576
f 5577/5577/5577 5576/5576/5576 5574/5574/5574
f 5574/5574/5574 5575/5575/5575 5577/5577/5577
f 5484/5484/5484 5577/5577/5577 5575/5575/5575
f 5575/5575/5575 5578/5578/5578 5484/5484/5484
f 5485/5485/5485 5484/5484/5484 5578/5578/5578
f 5578/5578/5578 5579/5579/5579 5485/5485/5485
f 5477/5477/5477 5485/5485/5485 5579/5579/5579
f 5579/5579/5579 5478/5478/5478 5477/5477/5477
f 5578/5578/5578 5575/5575/5575 5568/5568/5568
f 5568/5568/5568 5569/5569/5569 5578/5578/5578
f 5579/5579/5579 5578/5578/5578 5569/5569/5569
f 5569/5569/5569 5570/5570/5570 5579/5579/5579
f 5478/5478/5478 5579/5579/5579 5570/5570/5570
f 5570/5570/5570 5580/5580/5580 5478/5478/5478
f 5479/5479/5479 5478/5478/5478 5580/5580/5580
f 5580/5580/5580 5581/5581/5581 5479/5479/5479
f 5470/5470/5470 5479/5479/5479 5581/5581/5581
f 5581/5581/5581 5471/5471/5471 5470/5470/5470
f 5580/5580/5580 5570/5570/5570 5556/5556/5556
f 5556/5556/5556 5582/5582/5582 5580/5580/5580
f 5581/5581/5581 5580/5580/5580 5582/5582/5582
f 5582/5582/5582 5583/5583/5583 5581/5581/5581
f 5471/5471/5471 5581/5581/5581 5583/5583/5583
f 5583/5583/5583 5584/5584/5584 5471/5471/5471
f 5461/5461/5461 5471/5471/5471 5584/5584/5584
f 5471/5471/5471 5461/5461/5461 5469/5469/5469
f 5460/5460/5460 5469/5469/5469 5461/5461/5461
f 5469/5469/5469 5460/5460/5460 5462/5462/5462
f 5450/5450/5450 5461/5461/5461 5449/5449/5449
f 5584/5584/5584 5449/5449/5449 5461/5461/5461
f 5449/5449/5449 5584/5584/5584 5448/5448/5448
f 5585/5585/5585 5448/5448/5448 5584/5584/5584
f 5584/5584/5584 5583/5583/5583 5585/5585/5585
f 5586/5586/5586 5585/5585/5585 5583/5583/5583
f 5583/5583/5583 5582/5582/5582 5586/5586/5586
f 5587/5587/5587 5586/5586/5586 5582/5582/5582
f 5582/5582/5582 5556/5556/5556 5587/5587/5587
f 5558/5558/5558 5587/5587/5587 5556/5556/5556
f 5588/5588/5588 5589/5589/5589 5590/5590/5590
f 5591/5591/5591 5590/5590/5590 5589/5589/5589
f 5589/5589/5589 5592/5592/5592 5591/5591/5591
f 5592/5592/5592 5589/5589/5589 5593/5593/5593
f 5593/5593/5593 5594/5594/5594 5592/5592/5592
f 5595/5595/5595 5596/5596/5596 5597/5597/5597
f 5596/5596/5596 5595/5595/5595 5591/5591/5591
f 5591/5591/5591 5598/5598/5598 5596/5596/5596
f 5598/5598/5598 5591/5591/5591 5592/5592/5592
f 5592/5592/5592 5599/5599/5599 5598/5598/5598
f 5599/5599/5599 5592/5592/5592 5594/5594/5594
f 5594/5594/5594 5600/5600/5600 5599/5599/5599
f 5369/5369/5369 5601/5601/5601 5370/5370/5370
f 5601/5601/5601 5369/5369/5369 5602/5602/5602
f 5602/5602/5602 5603/5603/5603 5601/5601/5601
f 5603/5603/5603 5602/5602/5602 5604/5604/5604
f 5604/5604/5604 5605/5605/5605 5603/5603/5603
f 5605/5605/5605 5604/5604/5604 5606/5606/5606
f 5606/5606/5606 5607/5607/5607 5605/5605/5605
f 5607/5607/5607 5606/5606/5606 5608/5608/5608
f 5608/5608/5608 5597/5597/5597 5607/5607/5607
f 5597/5597/5597 5608/5608/5608 5595/5595/5595
f 5609/5609/5609 5595/5595/5595 5608/5608/5608
f 5608/5608/5608 5610/5610/5610 5609/5609/5609
f 5610/5610/5610 5608/5608/5608 5606/5606/5606
f 5606/5606/5606 5611/5611/5611 5610/5610/5610
f 5611/5611/5611 5606/5606/5606 5604/5604/5604
f 5604/5604/5604 5349/5349/5349 5611/5611/5611
f 5349/5349/5349 5604/5604/5604 5602/5602/5602
f 5602/5602/5602 5350/5350/5350 5349/5349/5349
f 5350/5350/5350 5602/5602/5602 5369/5369/5369
f 5369/5369/5369 5358/5358/5358 5350/5350/5350
f 5590/5590/5590 5591/5591/5591 5595/5595/5595
f 5595/5595/5595 5609/5609/5609 5590/5590/5590
f 5342/5342/5342 5590/5590/5590 5609/5609/5609
f 5609/5609/5609 5343/5343/5343 5342/5342/5342
f 5343/5343/5343 5609/5609/5609 5610/5610/5610
f 5610/5610/5610 5344/5344/5344 5343/5343/5343
f 5344/5344/5344 5610/5610/5610 5611/5611/5611
f 5611/5611/5611 5345/5345/5345 5344/5344/5344
f 5345/5345/5345 5611/5611/5611 5349/5349/5349
f 5349/5349/5349 5346/5346/5346 5345/5345/5345
f 5323/5323/5323 5612/5612/5612 5324/5324/5324
f 5325/5325/5325 5324/5324/5324 5612/5612/5612
f 5612/5612/5612 5613/5613/5613 5325/5325/5325
f 5329/5329/5329 5325/5325/5325 5613/5613/5613
f 5613/5613/5613 5614/5614/5614 5329/5329/5329
f 5335/5335/5335 5329/5329/5329 5614/5614/5614
f 5614/5614/5614 5615/5615/5615 5335/5335/5335
f 5342/5342/5342 5335/5335/5335 5615/5615/5615
f 5615/5615/5615 5588/5588/5588 5342/5342/5342
f 5590/5590/5590 5342/5342/5342 5588/5588/5588
f 5616/5616/5616 5593/5593/5593 5589/5589/5589
f 5589/5589/5589 5588/5588/5588 5616/5616/5616
f 5617/5617/5617 5616/5616/5616 5588/5588/5588
f 5588/5588/5588 5615/5615/5615 5617/5617/5617
f 5618/5618/5618 5617/5617/5617 5615/5615/5615
f 5615/5615/5615 5614/5614/5614 5618/5618/5618
f 5619/5619/5619 5618/5618/5618 5614/5614/5614
f 5614/5614/5614 5613/5613/5613 5619/5619/5619
f 5620/5620/5620 5619/5619/5619 5613/5613/5613
f 5613/5613/5613 5612/5612/5612 5620/5620/5620
f 5621/5621/5621 5620/5620/5620 5612/5612/5612
f 5612/5612/5612 5323/5323/5323 5621/5621/5621
f 5622/5622/5622 5621/5621/5621 5323/5323/5323
f 5323/5323/5323 5321/5321/5321 5622/5622/5622
f 5623/5623/5623 5622/5622/5622 5321/5321/5321
f 5321/5321/5321 5319/5319/5319 5623/5623/5623
f 5624/5624/5624 5623/5623/5623 5319/5319/5319
f 5319/5319/5319 5317/5317/5317 5624/5624/5624
f 5310/5310/5310 5624/5624/5624 5317/5317/5317
f 5317/5317/5317 5311/5311/5311 5310/5310/5310
f 5625/5625/5625 5626/5626/5626 5627/5627/5627
f 5627/5627/5627 5626/5626/5626 5628/5628/5628
f 5628/5628/5628 5626/5626/5626 5629/5629/5629
f 5629/5629/5629 5626/5626/5626 5630/5630/5630
f 5630/5630/5630 5626/5626/5626 5631/5631/5631
f 5631/5631/5631 5626/5626/5626 5632/5632/5632
f 5632/5632/5632 5626/5626/5626 5633/5633/5633
f 5633/5633/5633 5626/5626/5626 5634/5634/5634
f 5634/5634/5634 5626/5626/5626 5635/5635/5635
f 5635/5635/5635 5626/5626/5626 5636/5636/5636
f 5636/5636/5636 5626/5626/5626 5637/5637/5637
f 5637/5637/5637 5626/5626/5626 5638/5638/5638
f 5638/5638/5638 5626/5626/5626 5639/5639/5639
f 5639/5639/5639 5626/5626/5626 5640/5640/5640
f 5640/5640/5640 5626/5626/5626 5641/5641/5641
f 5641/5641/5641 5626/5626/5626 5625/5625/5625
f 5316/5316/5316 5305/5305/5305 5304/5304/5304
f 5304/5304/5304 5642/5642/5642 5316/5316/5316
f 5642/5642/5642 5304/5304/5304 5279/5279/5279
f 5279/5279/5279 5643/5643/5643 5642/5642/5642
f 5643/5643/5643 5279/5279/5279 5277/5277/5277
f 5277/5277/5277 5644/5644/5644 5643/5643/5643
f 5644/5644/5644 5277/5277/5277 5275/5275/5275
f 5275/5275/5275 5645/5645/5645 5644/5644/5644
f 5645/5645/5645 5275/5275/5275 5263/5263/5263
f 5263/5263/5263 5262/5262/5262 5645/5645/5645
f 5646/5646/5646 5647/5647/5647 5648/5648/5648
f 5646/5646/5646 5648/5648/5648 5649/5649/5649
f 5646/5646/5646 5649/5649/5649 5650/5650/5650
f 5646/5646/5646 5650/5650/5650 5651/5651/5651
f 5646/5646/5646 5651/5651/5651 5652/5652/5652
f 5646/5646/5646 5652/5652/5652 5653/5653/5653
f 5646/5646/5646 5653/5653/5653 5654/5654/5654
f 5646/5646/5646 5654/5654/5654 5655/5655/5655
f 5646/5646/5646 5655/5655/5655 5656/5656/5656
f 5646/5646/5646 5656/5656/5656 5657/5657/5657
f 5646/5646/5646 5657/5657/5657 5658/5658/5658
f 5646/5646/5646 5658/5658/5658 5659/5659/5659
f 5646/5646/5646 5659/5659/5659 5660/5660/5660
f 5646/5646/5646 5660/5660/5660 5661/5661/5661
f 5646/5646/5646 5661/5661/5661 5662/5662/5662
f 5646/5646/5646 5662/5662/5662 5647/5647/5647
f 5663/5663/5663 5664/5664/5664 5665/5665/5665
f 5664/5664/5664 5666/5666/5666 5665/5665/5665
f 5666/5666/5666 5667/5667/5667 5665/5665/5665
f 5667/5667/5667 5668/5668/5668 5665/5665/5665
f 5668/5668/5668 5669/5669/5669 5665/5665/5665
f 5669/5669/5669 5670/5670/5670 5665/5665/5665
f 5670/5670/5670 5671/5671/5671 5665/5665/5665
f 5671/5671/5671 5672/5672/5672 5665/5665/5665
f 5672/5672/5672 5673/5673/5673 5665/5665/5665
f 5673/5673/5673 5674/5674/5674 5665/5665/5665
f 5674/5674/5674 5675/5675/5675 5665/5665/5665
f 5675/5675/5675 5676/5676/5676 5665/5665/5665
f 5676/5676/5676 5677/5677/5677 5665/5665/5665
f 5677/5677/5677 5678/5678/5678 5665/5665/5665
f 5678/5678/5678 5679/5679/5679 5665/5665/5665
f 5679/5679/5679 5663/5663/5663 5665/5665/5665
f 5525/5525/5525 5526/5526/5526 5542/5542/5542
f 5542/5542/5542 5571/5571/5571 5525/5525/5525
f 5491/5491/5491 5525/5525/5525 5571/5571/5571
f 5571/5571/5571 5492/5492/5492 5491/5491/5491
f 5492/5492/5492 5571/5571/5571 5572/5572/5572
f 5572/5572/5572 5576/5576/5576 5492/5492/5492
f 5493/5493/5493 5492/5492/5492 5576/5576/5576
f 5576/5576/5576 5577/5577/5577 5493/5493/5493
f 5483/5483/5483 5493/5493/5493 5577/5577/5577
f 5577/5577/5577 5484/5484/5484 5483/5483/5483
f 5680/5680/5680 5681/5681/5681 5682/5682/5682
f 5682/5682/5682 5683/5683/5683 5680/5680/5680
f 5684/5684/5684 5680/5680/5680 5683/5683/5683
f 5683/5683/5683 5685/5685/5685 5684/5684/5684
f 5686/5686/5686 5684/5684/5684 5685/5685/5685
f 5685/5685/5685 5687/5687/5687 5686/5686/5686
f 5688/5688/5688 5689/5689/5689 5690/5690/5690
f 5690/5690/5690 5691/5691/5691 5688/5688/5688
f 5682/5682/5682 5688/5688/5688 5691/5691/5691
f 5691/5691/5691 5692/5692/5692 5682/5682/5682
f 5683/5683/5683 5682/5682/5682 5692/5692/5692
f 5692/5692/5692 5693/5693/5693 5683/5683/5683
f 5685/5685/5685 5683/5683/5683 5693/5693/5693
f 5693/5693/5693 5694/5694/5694 5685/5685/5685
f 5687/5687/5687 5685/5685/5685 5694/5694/5694
f 5694/5694/5694 5695/5695/5695 5687/5687/5687
f 5696/5696/5696 5697/5697/5697 5695/5695/5695
f 5695/5695/5695 5694/5694/5694 5696/5696/5696
f 5698/5698/5698 5696/5696/5696 5694/5694/5694
f 5694/5694/5694 5693/5693/5693 5698/5698/5698
f 5699/5699/5699 5698/5698/5698 5693/5693/5693
f 5693/5693/5693 5692/5692/5692 5699/5699/5699
f 5700/5700/5700 5699/5699/5699 5692/5692/5692
f 5692/5692/5692 5691/5691/5691 5700/5700/5700
f 5701/5701/5701 5700/5700/5700 5691/5691/5691
f 5691/5691/5691 5690/5690/5690 5701/5701/5701
f 5702/5702/5702 5701/5701/5701 5690/5690/5690
f 5690/5690/5690 5703/5703/5703 5702/5702/5702
f 5704/5704/5704 5702/5702/5702 5703/5703/5703
f 5703/5703/5703 5705/5705/5705 5704/5704/5704
f 5705/5705/5705 5703/5703/5703 5706/5706/5706
f 5706/5706/5706 5707/5707/5707 5705/5705/5705
f 5707/5707/5707 5706/5706/5706 5708/5708/5708
f 5708/5708/5708 5709/5709/5709 5707/5707/5707
f 5709/5709/5709 5708/5708/5708 5710/5710/5710
f 5710/5710/5710 5711/5711/5711 5709/5709/5709
f 5712/5712/5712 5713/5713/5713 5714/5714/5714
f 5714/5714/5714 5715/5715/5715 5712/5712/5712
f 5715/5715/5715 5714/5714/5714 5710/5710/5710
f 5710/5710/5710 5716/5716/5716 5715/5715/5715
f 5716/5716/5716 5710/5710/5710 5708/5708/5708
f 5708/5708/5708 5717/5717/5717 5716/5716/5716
f 5717/5717/5717 5708/5708/5708 5706/5706/5706
f 5706/5706/5706 5689/5689/5689 5717/5717/5717
f 5689/5689/5689 5706/5706/5706 5703/5703/5703
f 5703/5703/5703 5690/5690/5690 5689/5689/5689
f 5718/5718/5718 5712/5712/5712 5715/5715/5715
f 5715/5715/5715 5719/5719/5719 5718/5718/5718
f 5719/5719/5719 5715/5715/5715 5716/5716/5716
f 5716/5716/5716 5720/5720/5720 5719/5719/5719
f 5720/5720/5720 5716/5716/5716 5717/5717/5717
f 5717/5717/5717 5721/5721/5721 5720/5720/5720
f 5721/5721/5721 5717/5717/5717 5689/5689/5689
f 5689/5689/5689 5688/5688/5688 5721/5721/5721
f 5681/5681/5681 5721/5721/5721 5688/5688/5688
f 5688/5688/5688 5682/5682/5682 5681/5681/5681
f 5722/5722/5722 5718/5718/5718 5719/5719/5719
f 5719/5719/5719 5723/5723/5723 5722/5722/5722
f 5723/5723/5723 5719/5719/5719 5720/5720/5720
f 5720/5720/5720 5724/5724/5724 5723/5723/5723
f 5724/5724/5724 5720/5720/5720 5721/5721/5721
f 5721/5721/5721 5681/5681/5681 5724/5724/5724
f 5725/5725/5725 5724/5724/5724 5681/5681/5681
f 5681/5681/5681 5680/5680/5680 5725/5725/5725
f 5726/5726/5726 5725/5725/5725 5680/5680/5680
f 5680/5680/5680 5684/5684/5684 5726/5726/5726
f 5727/5727/5727 5726/5726/5726 5684/5684/5684
f 5684/5684/5684 5686/5686/5686 5727/5727/5727
f 5728/5728/5728 5722/5722/5722 5723/5723/5723
f 5723/5723/5723 5729/5729/5729 5728/5728/5728
f 5729/5729/5729 5723/5723/5723 5724/5724/5724
f 5724/5724/5724 5725/5725/5725 5729/5729/5729
f 5730/5730/5730 5729/5729/5729 5725/5725/5725
f 5725/5725/5725 5726/5726/5726 5730/5730/5730
f 5731/5731/5731 5730/5730/5730 5726/5726/5726
f 5726/5726/5726 5727/5727/5727 5731/5731/5731
f 5732/5732/5732 5728/5728/5728 5729/5729/5729
f 5729/5729/5729 5730/5730/5730 5732/5732/5732
f 5733/5733/5733 5732/5732/5732 5730/5730/5730
f 5730/5730/5730 5731/5731/5731 5733/5733/5733
f 5734/5734/5734 5735/5735/5735 5736/5736/5736
f 5736/5736/5736 5737/5737/5737 5734/5734/5734
f 5737/5737/5737 5736/5736/5736 5738/5738/5738
f 5738/5738/5738 5739/5739/5739 5737/5737/5737
f 5739/5739/5739 5738/5738/5738 5740/5740/5740
f 5740/5740/5740 5741/5741/5741 5739/5739/5739
f 5741/5741/5741 5740/5740/5740 5742/5742/5742
f 5742/5742/5742 5743/5743/5743 5741/5741/5741
f 5743/5743/5743 5742/5742/5742 5732/5732/5732
f 5732/5732/5732 5733/5733/5733 5743/5743/5743
f 5735/5735/5735 5744/5744/5744 5745/5745/5745
f 5745/5745/5745 5736/5736/5736 5735/5735/5735
f 5736/5736/5736 5745/5745/5745 5746/5746/5746
f 5746/5746/5746 5738/5738/5738 5736/5736/5736
f 5738/5738/5738 5746/5746/5746 5747/5747/5747
f 5747/5747/5747 5740/5740/5740 5738/5738/5738
f 5740/5740/5740 5747/5747/5747 5748/5748/5748
f 5748/5748/5748 5742/5742/5742 5740/5740/5740
f 5742/5742/5742 5748/5748/5748 5728/5728/5728
f 5728/5728/5728 5732/5732/5732 5742/5742/5742
f 5744/5744/5744 5749/5749/5749 5750/5750/5750
f 5750/5750/5750 5745/5745/5745 5744/5744/5744
f 5745/5745/5745 5750/5750/5750 5751/5751/5751
f 5751/5751/5751 5746/5746/5746 5745/5745/5745
f 5746/5746/5746 5751/5751/5751 5752/5752/5752
f 5752/5752/5752 5747/5747/5747 5746/5746/5746
f 5747/5747/5747 5752/5752/5752 5753/5753/5753
f 5753/5753/5753 5748/5748/5748 5747/5747/5747
f 5748/5748/5748 5753/5753/5753 5722/5722/5722
f 5722/5722/5722 5728/5728/5728 5748/5748/5748
f 5749/5749/5749 5754/5754/5754 5755/5755/5755
f 5755/5755/5755 5750/5750/5750 5749/5749/5749
f 5750/5750/5750 5755/5755/5755 5756/5756/5756
f 5756/5756/5756 5751/5751/5751 5750/5750/5750
f 5751/5751/5751 5756/5756/5756 5757/5757/5757
f 5757/5757/5757 5752/5752/5752 5751/5751/5751
f 5752/5752/5752 5757/5757/5757 5758/5758/5758
f 5758/5758/5758 5753/5753/5753 5752/5752/5752
f 5753/5753/5753 5758/5758/5758 5718/5718/5718
f 5718/5718/5718 5722/5722/5722 5753/5753/5753
f 5754/5754/5754 5759/5759/5759 5760/5760/5760
f 5760/5760/5760 5755/5755/5755 5754/5754/5754
f 5755/5755/5755 5760/5760/5760 5761/5761/5761
f 5761/5761/5761 5756/5756/5756 5755/5755/5755
f 5756/5756/5756 5761/5761/5761 5762/5762/5762
f 5762/5762/5762 5757/5757/5757 5756/5756/5756
f 5757/5757/5757 5762/5762/5762 5763/5763/5763
f 5763/5763/5763 5758/5758/5758 5757/5757/5757
f 5758/5758/5758 5763/5763/5763 5712/5712/5712
f 5712/5712/5712 5718/5718/5718 5758/5758/5758
f 5759/5759/5759 5764/5764/5764 5765/5765/5765
f 5765/5765/5765 5760/5760/5760 5759/5759/5759
f 5760/5760/5760 5765/5765/5765 5766/5766/5766
f 5766/5766/5766 5761/5761/5761 5760/5760/5760
f 5761/5761/5761 5766/5766/5766 5767/5767/5767
f 5767/5767/5767 5762/5762/5762 5761/5761/5761
f 5762/5762/5762 5767/5767/5767 5768/5768/5768
f 5768/5768/5768 5763/5763/5763 5762/5762/5762
f 5763/5763/5763 5768/5768/5768 5713/5713/5713
f 5713/5713/5713 5712/5712/5712 5763/5763/5763
f 5711/5711/5711 5710/5710/5710 5714/5714/5714
f 5714/5714/5714 5769/5769/5769 5711/5711/5711
f 5769/5769/5769 5714/5714/5714 5713/5713/5713
f 5713/5713/5713 5770/5770/5770 5769/5769/5769
f 5770/5770/5770 5713/5713/5713 5768/5768/5768
f 5768/5768/5768 5771/5771/5771 5770/5770/5770
f 5771/5771/5771 5768/5768/5768 5767/5767/5767
f 5767/5767/5767 5772/5772/5772 5771/5771/5771
f 5772/5772/5772 5767/5767/5767 5766/5766/5766
f 5766/5766/5766 5773/5773/5773 5772/5772/5772
f 5774/5774/5774 5775/5775/5775 5776/5776/5776
f 5776/5776/5776 5777/5777/5777 5774/5774/5774
f 5777/5777/5777 5776/5776/5776 5778/5778/5778
f 5778/5778/5778 5773/5773/5773 5777/5777/5777
f 5773/5773/5773 5778/5778/5778 5779/5779/5779
f 5779/5779/5779 5772/5772/5772 5773/5773/5773
f 5772/5772/5772 5779/5779/5779 5780/5780/5780
f 5780/5780/5780 5771/5771/5771 5772/5772/5772
f 5771/5771/5771 5780/5780/5780 5781/5781/5781
f 5781/5781/5781 5770/5770/5770 5771/5771/5771
f 5778/5778/5778 5782/5782/5782 5783/5783/5783
f 5783/5783/5783 5779/5779/5779 5778/5778/5778
f 5779/5779/5779 5783/5783/5783 5784/5784/5784
f 5784/5784/5784 5780/5780/5780 5779/5779/5779
f 5780/5780/5780 5784/5784/5784 5785/5785/5785
f 5785/5785/5785 5781/5781/5781 5780/5780/5780
f 5781/5781/5781 5785/5785/5785 5786/5786/5786
f 5786/5786/5786 5787/5787/5787 5781/5781/5781
f 5787/5787/5787 5786/5786/5786 5788/5788/5788
f 5788/5788/5788 5789/5789/5789 5787/5787/5787
f 5770/5770/5770 5781/5781/5781 5787/5787/5787
f 5787/5787/5787 5769/5769/5769 5770/5770/5770
f 5769/5769/5769 5787/5787/5787 5789/5789/5789
f 5789/5789/5789 5711/5711/5711 5769/5769/5769
f 5711/5711/5711 5789/5789/5789 5790/5790/5790
f 5790/5790/5790 5709/5709/5709 5711/5711/5711
f 5709/5709/5709 5790/5790/5790 5791/5791/5791
f 5791/5791/5791 5707/5707/5707 5709/5709/5709
f 5707/5707/5707 5791/5791/5791 5792/5792/5792
f 5792/5792/5792 5705/5705/5705 5707/5707/5707
f 5705/5705/5705 5792/5792/5792 5793/5793/5793
f 5793/5793/5793 5704/5704/5704 5705/5705/5705
f 5789/5789/5789 5788/5788/5788 5794/5794/5794
f 5794/5794/5794 5790/5790/5790 5789/5789/5789
f 5790/5790/5790 5794/5794/5794 5795/5795/5795
f 5795/5795/5795 5791/5791/5791 5790/5790/5790
f 5791/5791/5791 5795/5795/5795 5796/5796/5796
f 5796/5796/5796 5792/5792/5792 5791/5791/5791
f 5792/5792/5792 5796/5796/5796 5797/5797/5797
f 5797/5797/5797 5793/5793/5793 5792/5792/5792
f 5798/5798/5798 5799/5799/5799 5800/5800/5800
f 5798/5798/5798 5800/5800/5800 5801/5801/5801
f 5798/5798/5798 5801/5801/5801 5802/5802/5802
f 5798/5798/5798 5802/5802/5802 5803/5803/5803
f 5798/5798/5798 5803/5803/5803 5804/5804/5804
f 5798/5798/5798 5804/5804/5804 5805/5805/5805
f 5798/5798/5798 5805/5805/5805 5806/5806/5806
f 5798/5798/5798 5806/5806/5806 5807/5807/5807
f 5798/5798/5798 5807/5807/5807 5808/5808/5808
f 5798/5798/5798 5808/5808/5808 5809/5809/5809
f 5798/5798/5798 5809/5809/5809 5810/5810/5810
f 5798/5798/5798 5810/5810/5810 5811/5811/5811
f 5798/5798/5798 5811/5811/5811 5812/5812/5812
f 5798/5798/5798 5812/5812/5812 5813/5813/5813
f 5798/5798/5798 5813/5813/5813 5814/5814/5814
f 5798/5798/5798 5814/5814/5814 5799/5799/5799
f 5815/5815/5815 5816/5816/5816 5817/5817/5817
f 5817/5817/5817 5818/5818/5818 5815/5815/5815
f 5819/5819/5819 5815/5815/5815 5818/5818/5818
f 5818/5818/5818 5820/5820/5820 5819/5819/5819
f 5820/5820/5820 5818/5818/5818 5821/5821/5821
f 5821/5821/5821 5822/5822/5822 5820/5820/5820
f 5822/5822/5822 5821/5821/5821 5823/5823/5823
f 5823/5823/5823 5824/5824/5824 5822/5822/5822
f 5824/5824/5824 5823/5823/5823 5775/5775/5775
f 5775/5775/5775 5774/5774/5774 5824/5824/5824
f 5818/5818/5818 5817/5817/5817 5825/5825/5825
f 5825/5825/5825 5821/5821/5821 5818/5818/5818
f 5821/5821/5821 5825/5825/5825 5826/5826/5826
f 5826/5826/5826 5823/5823/5823 5821/5821/5821
f 5823/5823/5823 5826/5826/5826 5827/5827/5827
f 5827/5827/5827 5775/5775/5775 5823/5823/5823
f 5775/5775/5775 5827/5827/5827 5828/5828/5828
f 5828/5828/5828 5776/5776/5776 5775/5775/5775
f 5776/5776/5776 5828/5828/5828 5782/5782/5782
f 5782/5782/5782 5778/5778/5778 5776/5776/5776
f 5773/5773/5773 5766/5766/5766 5765/5765/5765
f 5765/5765/5765 5777/5777/5777 5773/5773/5773
f 5777/5777/5777 5765/5765/5765 5764/5764/5764
f 5764/5764/5764 5774/5774/5774 5777/5777/5777
f 5774/5774/5774 5764/5764/5764 5829/5829/5829
f 5829/5829/5829 5824/5824/5824 5774/5774/5774
f 5824/5824/5824 5829/5829/5829 5830/5830/5830
f 5830/5830/5830 5822/5822/5822 5824/5824/5824
f 5822/5822/5822 5830/5830/5830 5831/5831/5831
f 5831/5831/5831 5820/5820/5820 5822/5822/5822
f 5832/5832/5832 5833/5833/5833 5834/5834/5834
f 5834/5834/5834 5835/5835/5835 5832/5832/5832
f 5835/5835/5835 5834/5834/5834 5831/5831/5831
f 5831/5831/5831 5836/5836/5836 5835/5835/5835
f 5836/5836/5836 5831/5831/5831 5830/5830/5830
f 5830/5830/5830 5837/5837/5837 5836/5836/5836
f 5837/5837/5837 5830/5830/5830 5829/5829/5829
f 5829/5829/5829 5838/5838/5838 5837/5837/5837
f 5838/5838/5838 5829/5829/5829 5764/5764/5764
f 5764/5764/5764 5759/5759/5759 5838/5838/5838
f 5839/5839/5839 5832/5832/5832 5835/5835/5835
f 5835/5835/5835 5840/5840/5840 5839/5839/5839
f 5840/5840/5840 5835/5835/5835 5836/5836/5836
f 5836/5836/5836 5841/5841/5841 5840/5840/5840
f 5841/5841/5841 5836/5836/5836 5837/5837/5837
f 5837/5837/5837 5842/5842/5842 5841/5841/5841
f 5842/5842/5842 5837/5837/5837 5838/5838/5838
f 5838/5838/5838 5843/5843/5843 5842/5842/5842
f 5843/5843/5843 5838/5838/5838 5759/5759/5759
f 5759/5759/5759 5754/5754/5754 5843/5843/5843
f 5844/5844/5844 5839/5839/5839 5840/5840/5840
f 5840/5840/5840 5845/5845/5845 5844/5844/5844
f 5845/5845/5845 5840/5840/5840 5841/5841/5841
f 5841/5841/5841 5846/5846/5846 5845/5845/5845
f 5846/5846/5846 5841/5841/5841 5842/5842/5842
f 5842/5842/5842 5847/5847/5847 5846/5846/5846
f 5847/5847/5847 5842/5842/5842 5843/5843/5843
f 5843/5843/5843 5848/5848/5848 5847/5847/5847
f 5848/5848/5848 5843/5843/5843 5754/5754/5754
f 5754/5754/5754 5749/5749/5749 5848/5848/5848
f 5849/5849/5849 5844/5844/5844 5845/5845/5845
f 5845/5845/5845 5850/5850/5850 5849/5849/5849
f 5850/5850/5850 5845/5845/5845 5846/5846/5846
f 5846/5846/5846 5851/5851/5851 5850/5850/5850
f 5851/5851/5851 5846/5846/5846 5847/5847/5847
f 5847/5847/5847 5852/5852/5852 5851/5851/5851
f 5852/5852/5852 5847/5847/5847 5848/5848/5848
f 5848/5848/5848 5853/5853/5853 5852/5852/5852
f 5853/5853/5853 5848/5848/5848 5749/5749/5749
f 5749/5749/5749 5744/5744/5744 5853/5853/5853
f 5854/5854/5854 5849/5849/5849 5850/5850/5850
f 5850/5850/5850 5855/5855/5855 5854/5854/5854
f 5855/5855/5855 5850/5850/5850 5851/5851/5851
f 5851/5851/5851 5856/5856/5856 5855/5855/5855
f 5856/5856/5856 5851/5851/5851 5852/5852/5852
f 5852/5852/5852 5857/5857/5857 5856/5856/5856
f 5857/5857/5857 5852/5852/5852 5853/5853/5853
f 5853/5853/5853 5858/5858/5858 5857/5857/5857
f 5858/5858/5858 5853/5853/5853 5744/5744/5744
f 5744/5744/5744 5735/5735/5735 5858/5858/5858
f 5859/5859/5859 5854/5854/5854 5855/5855/5855
f 5855/5855/5855 5860/5860/5860 5859/5859/5859
f 5860/5860/5860 5855/5855/5855 5856/5856/5856
f 5856/5856/5856 5861/5861/5861 5860/5860/5860
f 5861/5861/5861 5856/5856/5856 5857/5857/5857
f 5857/5857/5857 5862/5862/5862 5861/5861/5861
f 5862/5862/5862 5857/5857/5857 5858/5858/5858
f 5858/5858/5858 5863/5863/5863 5862/5862/5862
f 5863/5863/5863 5858/5858/5858 5735/5735/5735
f 5735/5735/5735 5734/5734/5734 5863/5863/5863
f 5820/5820/5820 5831/5831/5831 5834/5834/5834
f 5834/5834/5834 5819/5819/5819 5820/5820/5820
f 5819/5819/5819 5834/5834/5834 5833/5833/5833
f 5833/5833/5833 5864/5864/5864 5819/5819/5819
f 5815/5815/5815 5819/5819/5819 5864/5864/5864
f 5864/5864/5864 5865/5865/5865 5815/5815/5815
f 5816/5816/5816 5815/5815/5815 5865/5865/5865
f 5865/5865/5865 5866/5866/5866 5816/5816/5816
f 5867/5867/5867 5516/5516/5516 5505/5505/5505
f 5505/5505/5505 5504/5504/5504 5867/5867/5867
f 5868/5868/5868 5867/5867/5867 5504/5504/5504
f 5504/5504/5504 5467/5467/5467 5868/5868/5868
f 5869/5869/5869 5868/5868/5868 5467/5467/5467
f 5467/5467/5467 5466/5466/5466 5869/5869/5869
f 5870/5870/5870 5869/5869/5869 5466/5466/5466
f 5466/5466/5466 5871/5871/5871 5870/5870/5870
f 5871/5871/5871 5466/5466/5466 5456/5456/5456
f 5456/5456/5456 5455/5455/5455 5871/5871/5871
f 5872/5872/5872 5533/5533/5533 5531/5531/5531
f 5531/5531/5531 5530/5530/5530 5872/5872/5872
f 5873/5873/5873 5872/5872/5872 5530/5530/5530
f 5530/5530/5530 5523/5523/5523 5873/5873/5873
f 5874/5874/5874 5873/5873/5873 5523/5523/5523
f 5523/5523/5523 5521/5521/5521 5874/5874/5874
f 5875/5875/5875 5874/5874/5874 5521/5521/5521
f 5521/5521/5521 5519/5519/5519 5875/5875/5875
f 5510/5510/5510 5875/5875/5875 5519/5519/5519
f 5519/5519/5519 5511/5511/5511 5510/5510/5510
